,cluster ID,size,mirai_ratio,Port17132,Port17130,Port17140,Port17128,Port17138,Port17136,Port17134,Port17142,Port80,Port8080,Port23,Port2323,Port81,Port1023,Port5555,Port52869,Port8443,Port49152,Port7574,Port37215,Port54594,Port34218,Port34220,Port33962,Port33968,Port34224,Port34228,Port33960,Port33964,Port34216,Port33970,Port34226,Port33972,Port50401,Port34222,Port34230,Port33966,Port33974,Port445,Port0,Port22,Port8291,Port8728,Port1433,Port8000,Port8081,Port5353,Port2004,Port11211,Port6881,Port443,Port8082,Port4000,Port5060,Port8083,Port8088,Port6379,Port9527,Port30301,Port7001,Port9200,Port7002,Port1027,Port1900,Port3389,Port5900,Port21,Port6380,Port88,Port35,Port8181,Port5000,Port389,Port56880,Port5001,Port137,Port8008,Port7547,Port49153,Port4444,Port139,Port2222,Port8001,Port3544,Port8888,Port5984,Port2480,Port53,Port1883,Port873,Port631,Port9000,Port50070,Port161,Port4786,Port60001,Port8090,Port27017,Port85,Port12866,Port3443,Port111,Port83,Port82,Port548,Port5061,Port995,Port5901,Port554,Port10001,Port9943,Port143,Port3000,Port9080,Port10000,Port17,Port135,Port587,Port993,Port9999
0,0.0,540.0,0.0,1.0,1.0,0.0,1.0,1.0,1.0,0.4703703703703704,0.40740740740740744,0.0,0.0,0.0,0.0,0.0,0.0,0.0,0.0,0.0,0.0,0.0,0.0,0.001851851851851852,0.061111111111111116,0.03333333333333333,0.03333333333333333,0.014814814814814815,0.03333333333333333,0.031481481481481485,0.02962962962962963,0.024074074074074074,0.037037037037037035,0.0,0.03888888888888889,0.012962962962962964,0.0,0.011111111111111112,0.02777777777777778,0.022222222222222223,0.014814814814814815,0.0,0.001851851851851852,0.0,0.0,0.0,0.0,0.0,0.0,0.0,0.0,0.0,0.0,0.0,0.0,0.0,0.0,0.0,0.0,0.0,0.0,0.0,0.0,0.0,0.0,0.0,0.0,0.0,0.0,0.0,0.0,0.0,0.0,0.0,0.0,0.0,0.0,0.0,0.0,0.0,0.0,0.0,0.0,0.0,0.0,0.0,0.0,0.0,0.0,0.0,0.0,0.0,0.0,0.0,0.0,0.0,0.0,0.0,0.0,0.0,0.0,0.0,0.0,0.0,0.0,0.0,0.0,0.0,0.0,0.0,0.0,0.0,0.0,0.0,0.0,0.0,0.0,0.0,0.0,0.0,0.0,0.0,0.0
1,1.0,1527.0,0.0,0.0006548788474132286,0.0006548788474132286,0.0026195153896529143,0.0,0.0006548788474132286,0.0006548788474132286,0.0006548788474132286,0.0,1.0,0.9967256057629339,1.0,0.991486574983628,0.9580877537655534,1.0,0.945645055664702,1.0,1.0,0.9502292075965947,1.0,1.0,0.0,0.0,0.0,0.0,0.0,0.0,0.0,0.0,0.0,0.0,0.0,0.0,0.0,0.0,0.0,0.0,0.0,0.0,0.0,0.001964636542239686,0.0,0.0,0.0,0.0,0.0026195153896529143,0.001964636542239686,0.001964636542239686,0.0,0.0026195153896529143,0.0013097576948264572,0.0,0.0006548788474132286,0.001964636542239686,0.003929273084479372,0.0013097576948264572,0.0,0.0,0.0,0.0032743942370661427,0.0,0.0,0.0,0.0,0.0,0.0,0.0,0.0,0.0,0.0,0.0,0.0,0.0,0.0,0.0,0.0,0.0,0.0,0.0,0.0,0.0,0.0,0.0,0.0,0.0,0.0,0.0,0.0,0.0,0.0,0.0,0.0,0.0,0.0,0.0,0.0,0.0,0.0,0.0,0.0,0.0,0.0,0.0,0.0,0.0,0.0,0.0,0.0,0.0,0.0,0.0,0.0,0.0,0.0,0.0,0.0,0.0,0.0,0.0,0.0,0.0
2,2.0,581.0,0.0,1.0,0.0,0.6695352839931153,0.270223752151463,1.0,1.0,0.10671256454388985,0.09982788296041309,0.0,0.0,0.0,0.0,0.0,0.0,0.0,0.0,0.0,0.0,0.0,0.0,0.0,0.0189328743545611,0.03270223752151463,0.025817555938037865,0.010327022375215147,0.02925989672977625,0.022375215146299483,0.020654044750430294,0.017211703958691912,0.03614457831325301,0.008605851979345956,0.025817555938037865,0.012048192771084338,0.0,0.017211703958691912,0.0068846815834767644,0.0034423407917383822,0.017211703958691912,0.0017211703958691911,0.0068846815834767644,0.0,0.0,0.0,0.0,0.0,0.0,0.0,0.0,0.0,0.0,0.0,0.0,0.0,0.0,0.0,0.0,0.0,0.0,0.0,0.0,0.0,0.0,0.0,0.0,0.0017211703958691911,0.0,0.0,0.0,0.0,0.0,0.0,0.0,0.0,0.0,0.0,0.0,0.0,0.0,0.0017211703958691911,0.0,0.0,0.0,0.0,0.0,0.0,0.0,0.0,0.0,0.0,0.0,0.0,0.0,0.0,0.0,0.0,0.0,0.0,0.0,0.0,0.0,0.0,0.0,0.0,0.0,0.0,0.0,0.0,0.0,0.0,0.0,0.0,0.0,0.0,0.0,0.0,0.0,0.0,0.0,0.0,0.0
3,3.0,308.0,0.0,1.0,1.0,1.0,1.0,1.0,1.0,1.0,1.0,0.0,0.0,0.0,0.0,0.0,0.0,0.0,0.0,0.0,0.0,0.0,0.0,0.0,0.9837662337662338,0.9772727272727273,0.9675324675324676,0.9480519480519481,0.9837662337662338,0.9577922077922079,0.9740259740259741,0.9448051948051949,0.9415584415584416,0.9512987012987013,0.9383116883116883,0.9805194805194806,0.0,1.0,0.8376623376623377,0.827922077922078,0.8474025974025975,0.006493506493506494,0.0,0.003246753246753247,0.003246753246753247,0.003246753246753247,0.0,0.0,0.0,0.0,0.0,0.0,0.0,0.0,0.0,0.0,0.0,0.0,0.0,0.0,0.0,0.0,0.0,0.0,0.0,0.0,0.0,0.0,0.0,0.0,0.0,0.0,0.0,0.0,0.0,0.0,0.0,0.0,0.0,0.0,0.0,0.0,0.0,0.0,0.0,0.0,0.0,0.0,0.0,0.0,0.0,0.0,0.0,0.0,0.0,0.0,0.0,0.0,0.0,0.0,0.0,0.0,0.0,0.0,0.0,0.0,0.0,0.0,0.0,0.0,0.0,0.0,0.0,0.0,0.0,0.0,0.0,0.0,0.0,0.0,0.0,0.0,0.0
4,4.0,374.0,0.0,0.9999999999999999,0.9999999999999999,0.0,0.0,0.3529411764705882,0.9999999999999999,0.1443850267379679,0.0,0.0,0.0,0.0,0.0,0.0,0.0,0.0,0.0,0.0,0.0,0.0,0.0,0.0053475935828877,0.026737967914438502,0.0213903743315508,0.02406417112299465,0.026737967914438502,0.0106951871657754,0.0160427807486631,0.0213903743315508,0.013368983957219251,0.0106951871657754,0.0160427807486631,0.013368983957219251,0.0106951871657754,0.0,0.0053475935828877,0.0160427807486631,0.0106951871657754,0.0053475935828877,0.0,0.0,0.0,0.0,0.0,0.0,0.0,0.0,0.0,0.0,0.0,0.0,0.0,0.0,0.0,0.0,0.0,0.0,0.0,0.0,0.0,0.0,0.0,0.0,0.0,0.0,0.0,0.0,0.0,0.0,0.0,0.0,0.0,0.0,0.0,0.0,0.0,0.0,0.0,0.0,0.0,0.0,0.0,0.0,0.0,0.0,0.0,0.0,0.0,0.0,0.0,0.0,0.0,0.0,0.0,0.0,0.0,0.0,0.0,0.0,0.0,0.0,0.0,0.0,0.0,0.0,0.00267379679144385,0.0,0.0,0.0,0.0,0.0,0.0,0.0,0.0,0.0,0.0,0.0,0.0,0.0,0.0,0.0
5,5.0,7189.0,0.0005564056196967589,0.0013910140492418973,0.0013910140492418973,0.0008346084295451383,0.0011128112393935178,0.00041730421477256916,0.0008346084295451383,0.00041730421477256916,0.0006955070246209487,0.9490888857977465,1.0,1.0,0.0,0.0006955070246209487,0.0008346084295451383,0.0023647238837112253,0.0006955070246209487,0.0012519126443177075,0.0006955070246209487,0.0005564056196967589,0.0008346084295451383,0.013631937682570594,0.0,0.0,0.0,0.0,0.0,0.0,0.0,0.00013910140492418973,0.0,0.00013910140492418973,0.0,0.00013910140492418973,0.0008346084295451383,0.0,0.00013910140492418973,0.0,0.0,0.008485185700375573,0.0005564056196967589,0.0005564056196967589,0.00013910140492418973,0.00027820280984837946,0.0,0.00013910140492418973,0.0005564056196967589,0.00041730421477256916,0.0,0.0,0.0,0.00027820280984837946,0.0,0.0,0.0,0.00013910140492418973,0.00013910140492418973,0.0,0.0,0.0,0.0,0.0,0.0,0.0,0.0,0.0,0.0005564056196967589,0.0,0.0,0.0,0.0,0.00013910140492418973,0.0,0.0,0.0,0.0,0.00013910140492418973,0.0,0.00013910140492418973,0.0,0.0,0.0,0.0,0.0,0.0,0.0,0.0023647238837112253,0.002503825288635415,0.0,0.0,0.0,0.0,0.0,0.0,0.00013910140492418973,0.0,0.00013910140492418973,0.00013910140492418973,0.0,0.0,0.0,0.0,0.00013910140492418973,0.0,0.0,0.0,0.0,0.0,0.0,0.0,0.0,0.0,0.0,0.00013910140492418973,0.0,0.0,0.00013910140492418973,0.0,0.0,0.0,0.0
6,6.0,1661.0,0.0,1.0,0.9331727874774233,1.0,1.0,1.0,1.0,1.0,0.7712221553281156,0.0,0.0,0.0,0.0,0.0,0.0,0.0006020469596628537,0.0,0.0,0.0,0.0,0.0,0.0,0.09030704394942805,0.11378687537627935,0.0,0.0,0.0,0.0,0.0,0.0,0.0,0.07043949428055388,0.0,0.0,0.0,0.0,0.04575556893437688,0.044551475015051176,0.048163756773028296,0.0012040939193257074,0.006020469596628537,0.0,0.0,0.0,0.0,0.0,0.0,0.0,0.0,0.0,0.0,0.0006020469596628537,0.0,0.0,0.0,0.0,0.0,0.0,0.0,0.0,0.0,0.0,0.0,0.0,0.0,0.0,0.0,0.0,0.0,0.0,0.0,0.0,0.0,0.0,0.0,0.0,0.0006020469596628537,0.0,0.0,0.0,0.0,0.0,0.0,0.0,0.0006020469596628537,0.0,0.0,0.0,0.0,0.0,0.0,0.0,0.0,0.0,0.0,0.0,0.0,0.0,0.0,0.0,0.0,0.0,0.0,0.0,0.0,0.0,0.0,0.0,0.0,0.0,0.0,0.0,0.0,0.0,0.0,0.0,0.0,0.0,0.0,0.0,0.0
7,7.0,730.0,0.0,0.0,0.0,0.5027397260273972,0.0,0.0,0.0,1.0,0.28493150684931506,0.0,0.0,0.0027397260273972603,0.0,0.0,0.0,0.0013698630136986301,0.0,0.0,0.0,0.0,0.0,0.0273972602739726,0.01780821917808219,0.026027397260273973,0.021917808219178082,0.026027397260273973,0.026027397260273973,0.012328767123287671,0.026027397260273973,0.015068493150684932,0.019178082191780823,0.026027397260273973,0.02054794520547945,0.012328767123287671,0.0,0.0027397260273972603,0.010958904109589041,0.009589041095890411,0.0136986301369863,0.015068493150684932,0.0013698630136986301,0.0,0.0,0.0,0.005479452054794521,0.0,0.0,0.0,0.0,0.0,0.0,0.0,0.0,0.0,0.0,0.0,0.0,0.0,0.0,0.0,0.0,0.0,0.0,0.0,0.0,0.0,0.0,0.0,0.0,0.0,0.0,0.0,0.0,0.0,0.0,0.0,0.0,0.0,0.0,0.0,0.0,0.0,0.0,0.0,0.0,0.0,0.0,0.0,0.0,0.0,0.0,0.0,0.0,0.0,0.0,0.0,0.0,0.0,0.0,0.0,0.0013698630136986301,0.0,0.0,0.0,0.0,0.0,0.0,0.0,0.0,0.0,0.0,0.0,0.0,0.0,0.0,0.0,0.0,0.0,0.0,0.0,0.0
8,8.0,81.0,0.0,1.0,1.0,1.0,1.0,1.0,1.0,0.9876543209876543,0.9876543209876543,0.0,0.0,0.0,0.0,0.0,0.0,0.0,0.0,0.0,0.0,0.0,0.0,0.0,0.12345679012345678,0.8024691358024691,0.07407407407407407,0.5679012345679012,0.4074074074074074,0.14814814814814814,0.024691358024691357,0.9135802469135802,0.9135802469135802,0.37037037037037035,0.04938271604938271,0.48148148148148145,0.0,0.3333333333333333,0.18518518518518517,0.1111111111111111,0.1111111111111111,0.0,0.0,0.0,0.0,0.0,0.0,0.0,0.0,0.0,0.0,0.0,0.0,0.0,0.0,0.0,0.0,0.0,0.0,0.0,0.0,0.0,0.0,0.0,0.0,0.0,0.0,0.0,0.0,0.0,0.0,0.0,0.0,0.0,0.0,0.0,0.0,0.0,0.0,0.0,0.0,0.0,0.0,0.0,0.0,0.0,0.0,0.0,0.0,0.0,0.0,0.0,0.0,0.0,0.0,0.0,0.0,0.0,0.0,0.0,0.0,0.0,0.0,0.0,0.0,0.0,0.0,0.0,0.0,0.0,0.0,0.0,0.0,0.0,0.0,0.0,0.0,0.0,0.0,0.0,0.0,0.0,0.0
9,9.0,115.0,0.09565217391304348,0.0,0.0,0.0,0.0,0.0,0.0,0.0,0.0,1.0,0.4051724137931034,0.8793103448275862,1.0,0.06034482758620689,0.09482758620689655,0.25,0.14655172413793102,0.05172413793103448,0.25,0.12068965517241378,0.04310344827586207,0.0,0.0,0.0,0.0,0.0,0.0,0.0,0.0,0.0,0.0,0.0,0.0,0.0,0.0,0.0,0.0,0.0,0.0,0.0,0.017241379310344827,0.0,0.0,0.0,0.0,0.017241379310344827,0.008620689655172414,0.0,0.0,0.008620689655172414,0.0,0.008620689655172414,0.008620689655172414,0.0,0.008620689655172414,0.0,0.017241379310344827,0.0,0.0,0.008620689655172414,0.0,0.0,0.0,0.008620689655172414,0.0,0.0,0.0,0.0,0.0,0.0,0.0,0.0,0.0,0.0,0.0,0.0,0.0,0.0,0.0,0.0,0.0,0.0,0.0,0.0,0.0,0.0,0.0,0.0,0.0,0.0,0.0,0.0,0.0,0.0,0.0,0.0,0.0,0.0,0.0,0.0,0.0,0.0,0.0,0.0,0.0,0.0,0.0,0.0,0.0,0.0,0.0,0.0,0.0,0.0,0.0,0.0,0.0,0.0,0.0,0.0,0.0
10,10.0,112.0,0.0,0.9821428571428571,0.9821428571428571,0.9732142857142857,0.9910714285714285,1.0,0.9732142857142857,0.9732142857142857,0.875,0.0,0.0,0.0,0.0,0.0,0.0,0.0,0.0,0.0,0.0,0.0,0.0,0.0,0.10714285714285714,0.05357142857142857,1.0,0.17857142857142855,0.30357142857142855,0.17857142857142855,0.33928571428571425,1.0,0.17857142857142855,0.17857142857142855,0.08035714285714285,0.08928571428571427,0.0,0.07142857142857142,0.08035714285714285,0.0625,0.11607142857142856,0.0,0.0,0.0,0.0,0.0,0.0,0.0,0.0,0.0,0.0,0.0,0.0,0.0,0.0,0.0,0.0,0.0,0.0,0.0,0.0,0.0,0.0,0.0,0.0,0.0,0.0,0.0,0.0,0.0,0.0,0.0,0.0,0.0,0.0,0.0,0.0,0.0,0.0,0.0,0.0,0.0,0.0,0.0,0.0,0.0,0.0,0.0,0.0,0.0,0.0,0.0,0.0,0.0,0.0,0.0,0.0,0.0,0.0,0.0,0.0,0.0,0.0,0.0,0.0,0.0,0.0,0.0,0.0,0.0,0.0,0.0,0.0,0.0,0.0,0.0,0.0,0.0,0.0,0.0,0.0,0.0,0.0
11,11.0,428.0,0.0,0.983644859813084,0.9626168224299064,0.9859813084112149,0.9789719626168224,0.9532710280373831,0.9719626168224298,0.9999999999999999,0.8995327102803737,0.002336448598130841,0.002336448598130841,0.002336448598130841,0.0,0.0,0.0,0.002336448598130841,0.0,0.0,0.0,0.0,0.0,0.004672897196261682,0.11214953271028036,0.10514018691588785,0.08878504672897196,0.9999999999999999,0.0,0.14485981308411214,0.12149532710280372,0.0,0.10046728971962617,0.0630841121495327,0.0,0.10514018691588785,0.0,0.0,0.11214953271028036,0.06074766355140186,0.07009345794392523,0.0,0.002336448598130841,0.0,0.0,0.0,0.0,0.0,0.0,0.0,0.0,0.0,0.0,0.002336448598130841,0.0,0.0,0.0,0.0,0.0,0.0,0.0,0.0,0.0,0.0,0.0,0.0,0.0,0.0,0.0,0.0,0.0,0.0,0.0,0.0,0.0,0.0,0.0,0.0,0.002336448598130841,0.0,0.0,0.0,0.0,0.0,0.0,0.0,0.0,0.0,0.0,0.0,0.0,0.0,0.0,0.0,0.0,0.0,0.0,0.0,0.0,0.0,0.0,0.0,0.0,0.0,0.0,0.0,0.0,0.0,0.0,0.0,0.0,0.0,0.0,0.0,0.0,0.0,0.0,0.0,0.0,0.0,0.0,0.0,0.0
12,12.0,851.0,0.0011750881316098707,0.0011750881316098707,0.0011750881316098707,0.0011750881316098707,0.0,0.0,0.0011750881316098707,0.0,0.0023501762632197414,0.0011750881316098707,0.007050528789659224,0.9917743830787309,0.014101057579318448,1.0,0.004700352526439483,0.004700352526439483,0.0011750881316098707,0.004700352526439483,0.003525264394829612,0.005875440658049354,0.0,0.007050528789659224,0.0,0.0,0.0,0.0,0.0,0.0,0.0,0.0,0.0,0.0,0.0,0.0,0.004700352526439483,0.0,0.0,0.0,0.0,0.005875440658049354,0.0,0.0,0.0,0.0,0.0,0.0,0.0,0.025851938895417155,0.0,0.0,0.0,0.0,0.0,0.0,0.0,0.0,0.0,0.0,0.0,0.0,0.0,0.0,0.0,0.0,0.0,0.0,0.0,0.0,0.0,0.0,0.0,0.0,0.0,0.0,0.0,0.0,0.0,0.0,0.0,0.0,0.0,0.0,0.0,0.0,0.0,0.0,0.0,0.0,0.0,0.0,0.0,0.0011750881316098707,0.0,0.0,0.0,0.0,0.0,0.0,0.0,0.0011750881316098707,0.0,0.0,0.0,0.0,0.0,0.0,0.0,0.0,0.0,0.0,0.0,0.0,0.0,0.0,0.0,0.0,0.0,0.0,0.0,0.0,0.0
13,13.0,7204.0,0.000694058856191005,0.0,0.0,0.0,0.0,0.05038867295946697,0.0,0.0,0.0,0.0,0.0,0.0,0.0,0.0,0.000555247084952804,0.002359800111049417,0.000694058856191005,0.0,0.0,0.000138811771238201,0.00041643531371460306,0.014852859522487508,0.005413659078289839,0.0,0.0052748473070516385,0.005691282620766241,0.0016657412548584122,0.00402554136590783,0.0043031649083842315,0.005691282620766241,0.0,0.0036091060521932262,0.005413659078289839,0.0020821765685730153,0.00041643531371460306,0.00277623542476402,0.0019433647973348142,0.0019433647973348142,0.00138811771238201,0.023875624652970575,0.0,0.0036091060521932262,0.000277623542476402,0.0,0.0,0.0029150471960022214,0.0009716823986674071,0.0018045530260966131,0.00041643531371460306,0.000694058856191005,0.0018045530260966131,0.0,0.000555247084952804,0.00041643531371460306,0.000277623542476402,0.00041643531371460306,0.00041643531371460306,0.0008328706274292061,0.0008328706274292061,0.00041643531371460306,0.000694058856191005,0.000694058856191005,0.00041643531371460306,0.000555247084952804,0.00041643531371460306,0.004719600222098834,0.005136035535813438,0.0052748473070516385,0.0008328706274292061,0.000277623542476402,0.0,0.0008328706274292061,0.0,0.00041643531371460306,0.0,0.000138811771238201,0.003192670738478623,0.000277623542476402,0.000138811771238201,0.0,0.000138811771238201,0.004441976679622432,0.0036091060521932262,0.0026374236535258192,0.007079400333148252,0.0008328706274292061,0.000138811771238201,0.000277623542476402,0.0008328706274292061,0.000138811771238201,0.00041643531371460306,0.000555247084952804,0.000555247084952804,0.000138811771238201,0.00041643531371460306,0.000277623542476402,0.0,0.000138811771238201,0.000277623542476402,0.00041643531371460306,0.007079400333148252,0.0019433647973348142,0.000277623542476402,0.000138811771238201,0.0,0.0,0.0016657412548584122,0.0,0.000277623542476402,0.000694058856191005,0.000555247084952804,0.0008328706274292061,0.000138811771238201,0.0,0.0,0.000555247084952804,0.00041643531371460306,0.00041643531371460306,0.0,0.000138811771238201,0.000138811771238201
14,14.0,66.0,0.24242424242424243,0.0,0.015151515151515152,0.0,0.030303030303030304,0.0,0.0,0.0,0.0,1.0,0.9545454545454546,0.9090909090909092,0.9848484848484849,0.0,0.0,0.0,0.0,0.0,0.0,0.0,0.0,0.0,0.0,0.0,0.0,0.0,0.0,0.0,0.0,0.0,0.0,0.0,0.0,0.0,0.0,0.0,0.0,0.0,0.0,0.0,0.0,0.0,0.0,0.0,0.0,0.0,0.0,0.0,0.015151515151515152,0.0,0.0,0.0,0.0,0.0,0.0,0.0,0.0,0.0,1.0,0.0,0.0,0.0,0.0,0.0,0.0,0.0,0.0,0.0,0.0,0.0,0.0,0.0,0.0,0.0,0.0,0.0,0.0,0.0,0.0,0.0,0.0,0.0,0.0,0.0,0.015151515151515152,0.0,0.0,0.0,0.0,0.0,0.0,0.0,0.0,0.0,0.0,0.0,0.0,0.015151515151515152,0.0,0.0,0.0,0.0,0.0,0.0,0.0,0.0,0.0,0.0,0.015151515151515152,0.0,0.0,0.015151515151515152,0.0,0.0,0.0,0.0,0.0,0.0,0.0,0.0,0.0
15,15.0,369.0,0.0,1.0,0.37669376693766937,1.0,1.0,0.0,0.0,0.0,0.0,0.0,0.0,0.0,0.0,0.0,0.0,0.0,0.0,0.0,0.0,0.0,0.0,0.0027100271002710027,0.013550135501355014,0.02710027100271003,0.02168021680216802,0.024390243902439025,0.01084010840108401,0.024390243902439025,0.01084010840108401,0.016260162601626015,0.01084010840108401,0.013550135501355014,0.01084010840108401,0.018970189701897018,0.0,0.01084010840108401,0.0027100271002710027,0.016260162601626015,0.018970189701897018,0.0027100271002710027,0.005420054200542005,0.0,0.0,0.0,0.0027100271002710027,0.0,0.0,0.0,0.0,0.0,0.0,0.0,0.0,0.0,0.0,0.0,0.0,0.0,0.0,0.0,0.0,0.0,0.0,0.0,0.0,0.0,0.0,0.0,0.0,0.0,0.0,0.0,0.0,0.0,0.0,0.0,0.0,0.0,0.0,0.0,0.0,0.0,0.0,0.0,0.0,0.0,0.0,0.0,0.0,0.0,0.0,0.0,0.0,0.0,0.0,0.0,0.0,0.0,0.0,0.0,0.0,0.0,0.0,0.0,0.0,0.0,0.0,0.0,0.0,0.0,0.0,0.0,0.0,0.0,0.0,0.0,0.0,0.0,0.0,0.0,0.0
16,16.0,77.0,0.0,1.0,1.0,0.9868421052631579,1.0,1.0,1.0,1.0,1.0,0.0,0.0,0.0,0.0,0.0,0.0,0.0,0.0,0.0,0.0,0.0,0.0,0.0,0.5526315789473684,0.5789473684210527,0.7894736842105263,0.07894736842105263,0.48684210526315785,0.5526315789473684,0.7368421052631579,0.7236842105263157,0.14473684210526316,0.6184210526315789,0.25,0.19736842105263158,0.0,0.7894736842105263,0.10526315789473684,0.894736842105263,0.10526315789473684,0.0,0.0,0.0,0.0,0.0,0.0,0.0,0.0,0.0,0.0,0.0,0.0,0.0,0.0,0.0,0.0,0.0,0.0,0.0,0.0,0.0,0.0,0.0,0.0,0.0,0.0,0.0,0.0,0.0,0.0,0.0,0.0,0.0,0.0,0.0,0.0,0.0,0.0,0.0,0.0,0.0,0.0,0.0,0.0,0.0,0.0,0.0,0.0,0.0,0.0,0.0,0.0,0.0,0.0,0.0,0.0,0.0,0.0,0.0,0.0,0.0,0.0,0.0,0.0,0.0,0.0,0.0,0.0,0.0,0.0,0.0,0.0,0.0,0.0,0.0,0.0,0.0,0.0,0.0,0.0,0.0,0.0
17,17.0,285.0,0.0,0.6701754385964912,1.0,0.6175438596491228,0.0,1.0,1.0,0.0,1.0,0.0,0.0035087719298245615,0.0,0.0,0.0,0.0,0.0,0.0,0.0,0.0,0.0,0.0,0.0035087719298245615,0.03508771929824561,0.028070175438596492,0.031578947368421054,0.010526315789473684,0.0035087719298245615,0.028070175438596492,0.031578947368421054,0.017543859649122806,0.03859649122807018,0.052631578947368425,0.021052631578947368,0.03859649122807018,0.0,0.014035087719298246,0.017543859649122806,0.014035087719298246,0.02456140350877193,0.0,0.0,0.0,0.0,0.0,0.0,0.0,0.0,0.0,0.0,0.0,0.0,0.0,0.0,0.0,0.0,0.0,0.0,0.0,0.0,0.0,0.0,0.0,0.0,0.0,0.0,0.0,0.0,0.0,0.0,0.0,0.0,0.0,0.0,0.0,0.0,0.0,0.0,0.0,0.0,0.0,0.0,0.0,0.0,0.0,0.0,0.0,0.0,0.0,0.0,0.0,0.0,0.0,0.0,0.0,0.0,0.0,0.0,0.0,0.0,0.0,0.0,0.0,0.0,0.0,0.0,0.0,0.0,0.0,0.0,0.0,0.0,0.0,0.0,0.0,0.0,0.0,0.0,0.0,0.0,0.0,0.0
18,18.0,446.0,0.0,0.1905829596412556,0.0,0.0,1.0,0.0,0.0,0.0,1.0,0.0,0.0,0.0,0.0,0.0,0.0,0.0,0.0,0.0,0.0,0.0,0.0,0.004484304932735426,0.013452914798206279,0.002242152466367713,0.006726457399103139,0.006726457399103139,0.011210762331838564,0.008968609865470852,0.013452914798206279,0.008968609865470852,0.006726457399103139,0.002242152466367713,0.008968609865470852,0.013452914798206279,0.0,0.004484304932735426,0.006726457399103139,0.004484304932735426,0.0,0.0,0.004484304932735426,0.0,0.0,0.0,0.0,0.0,0.0,0.0,0.0,0.0,0.0,0.0,0.0,0.0,0.0,0.0,0.0,0.0,0.0,0.0,0.0,0.0,0.0,0.0,0.0,0.0,0.0,0.0,0.0,0.0,0.0,0.0,0.0,0.0,0.0,0.0,0.0,0.0,0.0,0.0,0.0,0.0,0.0,0.0,0.0,0.0,0.0,0.0,0.0,0.0,0.0,0.0,0.0,0.0,0.0,0.0,0.0,0.0,0.0,0.0,0.0,0.0,0.0,0.0,0.0,0.0,0.0,0.0,0.0,0.0,0.0,0.0,0.0,0.0,0.0,0.0,0.0,0.0,0.0,0.0,0.0
19,19.0,54.0,0.0,0.0,0.0,0.0,0.0,0.0,0.0,0.0,0.0,0.7037037037037037,0.9444444444444444,0.6481481481481481,0.6666666666666666,0.5,0.42592592592592593,0.18518518518518517,0.18518518518518517,0.1111111111111111,0.05555555555555555,0.1111111111111111,0.12962962962962962,0.0,0.0,0.0,0.0,0.0,0.0,0.0,0.0,0.0,0.0,0.0,0.0,0.0,0.0,0.0,0.0,0.0,0.0,0.0,0.9259259259259258,0.0,0.0,0.0,0.0,0.9259259259259258,0.9629629629629629,0.9444444444444444,0.0,0.9629629629629629,0.9259259259259258,0.0,0.9259259259259258,0.9629629629629629,0.9629629629629629,0.9629629629629629,0.0,0.0,0.0,0.9814814814814814,0.0,0.0,0.0,0.8518518518518519,0.7407407407407407,0.0,0.0,0.0,0.0,0.0,0.0,0.0,0.0,0.0,0.0,0.0,0.0,0.0,0.0,0.0,0.0,0.0,0.0,0.0,0.0,0.0,0.0,0.0,0.0,0.0,0.0,0.0,0.0,0.0,0.0,0.0,0.0,0.0,0.0,0.0,0.0,0.0,0.0,0.0,0.0,0.0,0.0,0.0,0.0,0.0,0.0,0.0,0.0,0.0,0.0,0.0,0.0,0.0,0.0,0.0,0.0
20,20.0,24.0,0.0,0.125,0.20833333333333331,0.08333333333333333,0.041666666666666664,0.08333333333333333,0.041666666666666664,0.08333333333333333,0.125,0.08333333333333333,0.0,0.0,0.0,0.0,0.0,0.0,0.0,0.0,0.0,0.0,0.0,0.0,0.0,0.0,0.041666666666666664,0.0,0.0,0.041666666666666664,0.0,0.041666666666666664,0.0,0.0,0.0,0.0,0.0,0.041666666666666664,0.08333333333333333,0.041666666666666664,0.041666666666666664,0.0,0.0,0.8333333333333333,0.0,0.0,0.9166666666666666,0.0,0.0,0.0,0.0,0.0,0.0,0.0,0.0,0.0,0.0,0.0,1.0,0.9583333333333333,0.0,0.0,0.041666666666666664,0.08333333333333333,0.0,0.0,0.0,0.0,0.0,0.0,0.041666666666666664,0.0,0.0,0.0,0.0,0.0,0.0,0.0,0.0,0.0,0.0,0.0,0.0,0.0,0.0,0.0,0.0,0.0,0.0,0.0,0.0,0.0,0.0,0.0,0.0,0.0,0.0,0.0,0.0,0.0,0.0,0.0,0.0,0.0,0.0,0.0,0.0,0.0,0.0,0.0,0.0,0.0,0.0,0.0,0.0,0.0,0.0,0.0,0.0,0.0,0.0,0.0,0.0
21,21.0,100.0,0.0,1.0,0.98,0.98,0.9500000000000001,0.98,0.98,0.88,0.9400000000000001,0.0,0.0,0.0,0.0,0.0,0.0,0.0,0.0,0.0,0.0,0.0,0.0,0.0,1.0,0.2,0.1,0.19,0.1,0.17,0.13,0.15,0.0,1.0,0.18,0.09,0.0,0.09,0.0,0.01,0.05,0.01,0.0,0.0,0.0,0.0,0.0,0.0,0.0,0.0,0.0,0.0,0.0,0.0,0.0,0.0,0.0,0.0,0.0,0.0,0.0,0.0,0.0,0.0,0.0,0.0,0.0,0.0,0.0,0.0,0.0,0.0,0.0,0.0,0.0,0.0,0.0,0.0,0.0,0.0,0.0,0.0,0.0,0.0,0.0,0.0,0.0,0.0,0.0,0.0,0.0,0.0,0.0,0.0,0.0,0.0,0.0,0.0,0.0,0.0,0.0,0.0,0.0,0.0,0.0,0.0,0.0,0.0,0.0,0.0,0.0,0.0,0.0,0.0,0.0,0.0,0.0,0.0,0.0,0.0,0.0,0.0,0.0
22,22.0,344.0,0.0,1.0,0.0,0.0,0.0,0.0,0.0,0.0,1.0,0.0,0.0,0.0,0.0,0.0,0.0,0.0,0.0,0.0,0.0,0.0,0.0,0.0029069767441860465,0.0,0.011627906976744186,0.0029069767441860465,0.00872093023255814,0.005813953488372093,0.005813953488372093,0.00872093023255814,0.00872093023255814,0.005813953488372093,0.011627906976744186,0.0,0.00872093023255814,0.0,0.0029069767441860465,0.0,0.0,0.0,0.0,0.0029069767441860465,0.0,0.0,0.0,0.0,0.0,0.0,0.0,0.0,0.0,0.0,0.0,0.0,0.0,0.0,0.0,0.0,0.0,0.0,0.0,0.0,0.0,0.0,0.0,0.0,0.0,0.0,0.0,0.0,0.0,0.0,0.0,0.0,0.0,0.0,0.0,0.0,0.0,0.0,0.0,0.0,0.0,0.0,0.0,0.0,0.0,0.0,0.0,0.0,0.0,0.0,0.0,0.0,0.0,0.0,0.0,0.0,0.0,0.0,0.0,0.0,0.0,0.0,0.0,0.0,0.0,0.0,0.0,0.0,0.0,0.0,0.0,0.0,0.0,0.0,0.0,0.0,0.0,0.0,0.0,0.0
23,23.0,826.0,0.0,0.0,0.0,1.0,1.0,0.21186440677966104,0.0,0.0,0.0,0.0,0.0,0.0012106537530266344,0.0,0.0,0.0,0.0012106537530266344,0.0,0.0,0.0,0.0,0.0,0.004842615012106538,0.013317191283292978,0.00847457627118644,0.006053268765133173,0.01089588377723971,0.014527845036319613,0.007263922518159807,0.01089588377723971,0.007263922518159807,0.0,0.014527845036319613,0.014527845036319613,0.006053268765133173,0.0012106537530266344,0.006053268765133173,0.009685230024213076,0.004842615012106538,0.007263922518159807,0.0012106537530266344,0.0,0.0,0.0,0.0,0.0012106537530266344,0.0,0.0,0.0,0.0,0.0,0.0,0.0,0.0,0.0,0.0,0.0,0.0,0.0,0.0,0.0,0.0,0.0,0.0,0.0,0.0,0.0,0.0,0.0012106537530266344,0.0,0.0,0.0,0.0,0.0,0.0,0.0,0.0,0.0012106537530266344,0.0,0.0,0.0,0.0,0.0,0.0,0.0,0.0,0.0,0.0,0.0,0.0,0.0,0.0,0.0,0.0,0.0,0.0,0.0,0.0,0.0,0.0,0.0,0.0,0.0,0.0,0.0,0.0,0.0,0.0,0.0,0.0,0.0,0.0,0.0,0.0,0.0,0.0,0.0,0.0,0.0,0.0,0.0,0.0
24,24.0,143.0,0.0,0.965034965034965,1.0,0.9790209790209791,0.9790209790209791,1.0,0.972027972027972,0.9020979020979021,0.8951048951048951,0.0,0.0,0.0,0.0,0.0,0.0,0.0,0.0,0.0,0.0,0.0,0.0,0.0,0.16783216783216784,0.0,1.0,0.18181818181818182,0.08391608391608392,0.16783216783216784,0.13286713286713286,0.14685314685314685,0.15384615384615385,0.14685314685314685,1.0,0.17482517482517482,0.0,0.1048951048951049,0.08391608391608392,0.07692307692307693,0.11888111888111888,0.0,0.0,0.0,0.0,0.0,0.0,0.0,0.0,0.0,0.0,0.0,0.0,0.0,0.0,0.0,0.0,0.0,0.0,0.0,0.0,0.0,0.0,0.0,0.0,0.0,0.0,0.0,0.0,0.0,0.0,0.0,0.0,0.0,0.0,0.0,0.0,0.0,0.0,0.0,0.0,0.0,0.0,0.0,0.0,0.0,0.0,0.0,0.0,0.0,0.0,0.0,0.0,0.0,0.0,0.0,0.0,0.0,0.0,0.0,0.0,0.0,0.006993006993006993,0.0,0.0,0.0,0.0,0.0,0.0,0.0,0.0,0.0,0.0,0.0,0.0,0.0,0.0,0.0,0.0,0.0,0.0,0.0,0.0
25,25.0,127.0,0.0,0.0,0.0,0.0,0.0,0.0,0.0,0.0,0.0,0.968503937007874,0.9291338582677166,0.8267716535433071,0.952755905511811,0.6456692913385826,0.8503937007874016,0.3228346456692913,0.968503937007874,0.984251968503937,0.0,0.4409448818897638,0.6850393700787402,0.0,0.0,0.0,0.0,0.0,0.0,0.0,0.0,0.0,0.0,0.0,0.0,0.0,0.0,0.0,0.0,0.0,0.0,0.0,0.0,0.0,0.0,0.0,0.0,0.0,0.0,0.0,0.0,0.0,0.0,0.0,0.0,0.007874015748031496,0.0,0.0,0.0,0.0,0.0,0.0,0.0,0.0,0.0,0.0,0.0,0.0,0.0,0.007874015748031496,0.0,0.0,0.0,0.0,0.0,0.0,0.0,0.0,0.0,0.0,0.0,0.0,0.0,0.0,0.0,0.0,0.0,0.0,0.0,0.0,0.0,0.0,0.0,0.0,0.0,0.0,0.0,0.0,0.0,0.0,0.0,0.0,0.0,0.0,0.0,0.0,0.0,0.0,0.0,0.0,0.0,0.0,0.0,0.0,0.0,0.0,0.0,0.0,0.0,0.0,0.0,0.0,0.0
26,26.0,271.0,0.0,1.0,0.2988929889298893,0.0,1.0,0.0,0.25830258302583026,1.0,0.17712177121771217,0.0,0.0,0.0,0.0,0.0,0.0,0.0,0.0,0.0,0.0,0.0,0.0,0.01107011070110701,0.02214022140221402,0.047970479704797044,0.02952029520295203,0.03690036900369004,0.014760147601476014,0.007380073800738007,0.01845018450184502,0.02214022140221402,0.02214022140221402,0.033210332103321034,0.01845018450184502,0.007380073800738007,0.0,0.0036900369003690036,0.02214022140221402,0.01107011070110701,0.007380073800738007,0.0036900369003690036,0.01107011070110701,0.0,0.0,0.0,0.0036900369003690036,0.0,0.0,0.0,0.0,0.0,0.0,0.0,0.0,0.0,0.0,0.0,0.0,0.0,0.0,0.0,0.0,0.0,0.0,0.0,0.0,0.0,0.0,0.0,0.0,0.0,0.0,0.0,0.0,0.0,0.0,0.0,0.0,0.0,0.0,0.0036900369003690036,0.0,0.0,0.0,0.0,0.0,0.0,0.0,0.0,0.0,0.0,0.0,0.0,0.0,0.0,0.0,0.0,0.0,0.0,0.0,0.0,0.0,0.0,0.0,0.0,0.0,0.0,0.0,0.0,0.0,0.0,0.0,0.0,0.0,0.0,0.0,0.0,0.0,0.0,0.0,0.0,0.0
27,27.0,46.0,0.7608695652173914,0.0,0.0,0.0,0.0,0.0,0.0,0.0,0.0,0.8043478260869565,0.7391304347826086,0.043478260869565216,0.10869565217391304,0.9130434782608695,0.0,0.0,0.0,0.0,0.0,0.0,0.0,0.0,0.0,0.0,0.0,0.0,0.0,0.0,0.0,0.0,0.0,0.0,0.0,0.0,0.021739130434782608,0.0,0.0,0.0,0.0,0.0,0.0,0.0,0.0,0.021739130434782608,0.0,0.7608695652173912,0.2391304347826087,0.0,0.0,0.0,0.0,0.021739130434782608,0.19565217391304346,0.0,0.0,0.043478260869565216,0.0,0.0,0.0,0.0,0.0,0.021739130434782608,0.0,0.0,0.0,0.021739130434782608,0.0,0.0,0.0,0.9782608695652174,0.0,0.15217391304347827,0.06521739130434782,0.0,0.0,0.021739130434782608,0.0,0.021739130434782608,0.0,0.0,0.0,0.0,0.0,0.043478260869565216,0.0,0.06521739130434782,0.021739130434782608,0.0,0.043478260869565216,0.0,0.0,0.0,0.13043478260869565,0.0,0.0,0.0,0.2608695652173913,0.0,0.0,0.30434782608695654,0.0,0.0,0.0,0.19565217391304346,0.15217391304347827,0.0,0.0,0.0,0.0,0.0,0.043478260869565216,0.0,0.0,0.0,0.043478260869565216,0.021739130434782608,0.0,0.0,0.0,0.0,0.0
28,28.0,371.0,0.0,0.8247978436657682,0.8355795148247979,1.0,1.0,0.0,0.7978436657681941,1.0,0.0,0.0,0.0,0.0,0.0,0.0,0.0,0.0,0.0,0.0,0.0,0.0,0.0,0.005390835579514825,0.04851752021563342,0.05390835579514825,0.05390835579514825,0.03773584905660378,0.04851752021563342,0.05660377358490566,0.0431266846361186,0.05121293800539084,0.03773584905660378,0.01078167115902965,0.04851752021563342,0.013477088948787063,0.0026954177897574125,0.01886792452830189,0.016172506738544475,0.016172506738544475,0.01886792452830189,0.0026954177897574125,0.005390835579514825,0.0,0.0,0.0,0.005390835579514825,0.0,0.0,0.0,0.0,0.0,0.0,0.0,0.0,0.0,0.0,0.0,0.0,0.0,0.0,0.0,0.0,0.0,0.0,0.0,0.0,0.0,0.0,0.0,0.0,0.0,0.0,0.0,0.0,0.0,0.0,0.0,0.0,0.0,0.0,0.0,0.0,0.0,0.0,0.0,0.0,0.0,0.0,0.0,0.0,0.0,0.0,0.0,0.0,0.0,0.0,0.0,0.0,0.0,0.0,0.0,0.0,0.0,0.0,0.0,0.0,0.0,0.0,0.0,0.0,0.0,0.0,0.0,0.0,0.0,0.0,0.0,0.0,0.0,0.0,0.0,0.0
29,29.0,252.0,0.0,0.0,0.0,1.0,0.0,1.0,1.0,0.1984126984126984,0.0,0.0,0.0,0.0,0.0,0.0,0.0,0.0,0.0,0.0,0.0,0.0,0.0,0.0,0.023809523809523808,0.027777777777777776,0.023809523809523808,0.011904761904761904,0.03968253968253968,0.015873015873015872,0.007936507936507936,0.003968253968253968,0.007936507936507936,0.011904761904761904,0.011904761904761904,0.007936507936507936,0.0,0.007936507936507936,0.0,0.011904761904761904,0.023809523809523808,0.0,0.007936507936507936,0.0,0.0,0.0,0.0,0.0,0.0,0.0,0.0,0.0,0.0,0.0,0.0,0.0,0.0,0.0,0.0,0.0,0.0,0.0,0.0,0.0,0.0,0.0,0.0,0.0,0.0,0.0,0.0,0.0,0.0,0.0,0.0,0.0,0.0,0.0,0.0,0.0,0.0,0.0,0.0,0.0,0.0,0.0,0.0,0.0,0.0,0.0,0.0,0.0,0.0,0.0,0.0,0.0,0.0,0.0,0.0,0.0,0.0,0.0,0.0,0.0,0.0,0.0,0.0,0.0,0.0,0.0,0.0,0.0,0.0,0.0,0.0,0.0,0.0,0.0,0.0,0.0,0.0,0.0,0.0
30,30.0,226.0,0.0,1.0,0.0,1.0,0.0,1.0,0.0,0.0,0.0,0.004424778761061947,0.0,0.0,0.0,0.0,0.0,0.0,0.0,0.0,0.0,0.0,0.0,0.008849557522123894,0.0,0.008849557522123894,0.02654867256637168,0.008849557522123894,0.017699115044247787,0.004424778761061947,0.0,0.017699115044247787,0.017699115044247787,0.004424778761061947,0.01327433628318584,0.01327433628318584,0.0,0.008849557522123894,0.01327433628318584,0.008849557522123894,0.004424778761061947,0.008849557522123894,0.004424778761061947,0.0,0.0,0.0,0.0,0.0,0.0,0.0,0.0,0.0,0.0,0.0,0.0,0.0,0.0,0.0,0.0,0.0,0.0,0.0,0.0,0.0,0.0,0.0,0.0,0.0,0.0,0.0,0.0,0.0,0.0,0.0,0.0,0.0,0.0,0.0,0.0,0.0,0.0,0.004424778761061947,0.0,0.0,0.0,0.0,0.0,0.0,0.0,0.0,0.0,0.0,0.0,0.0,0.0,0.0,0.0,0.0,0.0,0.0,0.0,0.0,0.0,0.0,0.0,0.0,0.0,0.0,0.0,0.0,0.0,0.0,0.0,0.0,0.0,0.0,0.0,0.0,0.0,0.0,0.0,0.0,0.0
31,31.0,78.0,0.0,1.0,0.9868421052631579,1.0,1.0,1.0,1.0,1.0,1.0,0.0,0.0,0.0,0.0,0.0,0.0,0.0,0.0,0.0,0.0,0.0,0.0,0.0,0.6973684210526315,0.6578947368421052,0.8157894736842105,0.7105263157894737,0.2894736842105263,0.8684210526315789,0.25,0.5,0.881578947368421,0.5789473684210527,0.763157894736842,0.8684210526315789,0.0,0.25,0.17105263157894735,0.15789473684210525,0.894736842105263,0.0,0.039473684210526314,0.0,0.0,0.0,0.0,0.0,0.0,0.0,0.0,0.0,0.0,0.0,0.0,0.0,0.0,0.0,0.0,0.0,0.0,0.0,0.0,0.0,0.0,0.0,0.0,0.0,0.0,0.0,0.0,0.0,0.0,0.0,0.0,0.0,0.0,0.0,0.0,0.0,0.0,0.0,0.0,0.0,0.0,0.0,0.0,0.0,0.0,0.0,0.0,0.0,0.0,0.0,0.0,0.0,0.0,0.0,0.0,0.0,0.0,0.0,0.0,0.0,0.0,0.0,0.0,0.0,0.0,0.0,0.0,0.0,0.0,0.0,0.0,0.0,0.0,0.0,0.0,0.0,0.0,0.0,0.0
32,32.0,592.0,0.0,0.0,0.16722972972972974,0.14527027027027029,0.0,1.0,0.0,1.0,0.10304054054054054,0.0,0.0,0.0,0.0,0.0,0.0,0.0,0.0,0.0,0.0,0.0,0.0,0.006756756756756757,0.008445945945945946,0.006756756756756757,0.008445945945945946,0.013513513513513514,0.011824324324324325,0.005067567567567568,0.005067567567567568,0.011824324324324325,0.016891891891891893,0.006756756756756757,0.016891891891891893,0.0,0.0,0.005067567567567568,0.005067567567567568,0.005067567567567568,0.0033783783783783786,0.0,0.0033783783783783786,0.0,0.0,0.0,0.0016891891891891893,0.0,0.0,0.0,0.0,0.0,0.0,0.0,0.0,0.0,0.0,0.0,0.0,0.0,0.0,0.0,0.0,0.0,0.0,0.0,0.0,0.0,0.0,0.0,0.0,0.0,0.0,0.0,0.0,0.0,0.0,0.0,0.0,0.0,0.0,0.0,0.0,0.0,0.0,0.0,0.0,0.0,0.0,0.0,0.0,0.0,0.0,0.0,0.0,0.0,0.0,0.0,0.0,0.0,0.0,0.0,0.0,0.0,0.0,0.0,0.0,0.0,0.0,0.0,0.0,0.0,0.0,0.0,0.0,0.0,0.0,0.0,0.0,0.0,0.0,0.0,0.0
33,33.0,742.0,0.0,0.0,0.0,1.0,0.0,0.0,1.0,0.0,0.11725067385444744,0.0,0.0,0.0,0.0,0.0,0.0,0.0,0.0,0.0,0.0,0.0,0.0,0.0013477088948787063,0.0026954177897574125,0.006738544474393531,0.012129380053908356,0.009433962264150945,0.005390835579514825,0.009433962264150945,0.005390835579514825,0.013477088948787063,0.006738544474393531,0.01078167115902965,0.005390835579514825,0.0026954177897574125,0.0,0.0026954177897574125,0.008086253369272238,0.005390835579514825,0.009433962264150945,0.0026954177897574125,0.0,0.0,0.0,0.0,0.0,0.0,0.0,0.0,0.0,0.0,0.0,0.0,0.0,0.0,0.0,0.0,0.0,0.0,0.0,0.0,0.0,0.0,0.0,0.0,0.0,0.0,0.0,0.0,0.0,0.0,0.0,0.0,0.0,0.0,0.0,0.0,0.0,0.0,0.0,0.0,0.0,0.0,0.0,0.0,0.0,0.0,0.0,0.0,0.0,0.0,0.0,0.0,0.0,0.0,0.0,0.0,0.0,0.0,0.0,0.0,0.0,0.0,0.0,0.0,0.0,0.0,0.0,0.0,0.0,0.0,0.0,0.0,0.0,0.0,0.0,0.0,0.0,0.0,0.0,0.0,0.0
34,34.0,105.0,0.0,0.9905660377358491,0.9622641509433962,0.9716981132075472,1.0,1.0,0.9905660377358491,0.9811320754716981,0.9716981132075472,0.0,0.0,0.0,0.0,0.0,0.0,0.0,0.0,0.0,0.0,0.0,0.0,0.0,0.12264150943396226,0.3584905660377358,0.1320754716981132,0.14150943396226415,0.11320754716981132,0.16037735849056603,0.21698113207547168,1.0,0.05660377358490566,0.16037735849056603,0.018867924528301886,1.0,0.0,0.20754716981132074,0.12264150943396226,0.16037735849056603,0.1509433962264151,0.009433962264150943,0.0,0.0,0.0,0.0,0.0,0.0,0.0,0.0,0.0,0.0,0.0,0.0,0.0,0.0,0.0,0.0,0.0,0.0,0.0,0.0,0.0,0.0,0.0,0.0,0.0,0.0,0.0,0.0,0.0,0.0,0.0,0.0,0.0,0.0,0.0,0.0,0.0,0.0,0.0,0.0,0.0,0.0,0.0,0.0,0.0,0.0,0.0,0.0,0.0,0.0,0.0,0.0,0.0,0.0,0.0,0.0,0.0,0.0,0.0,0.0,0.0,0.0,0.0,0.0,0.0,0.0,0.0,0.0,0.0,0.0,0.0,0.0,0.0,0.0,0.0,0.0,0.0,0.0,0.0,0.0,0.0
35,35.0,519.0,0.0,0.630057803468208,0.0,0.0,1.0,0.6242774566473989,1.0,0.0,0.0,0.0,0.0,0.0,0.0,0.0,0.0,0.0,0.0,0.0,0.0,0.0,0.0,0.005780346820809248,0.017341040462427744,0.025048169556840076,0.02697495183044316,0.01348747591522158,0.011560693641618497,0.019267822736030827,0.02119460500963391,0.009633911368015413,0.023121387283236993,0.011560693641618497,0.023121387283236993,0.015414258188824663,0.0019267822736030828,0.017341040462427744,0.007707129094412331,0.0019267822736030828,0.011560693641618497,0.0038535645472061657,0.0019267822736030828,0.0,0.0,0.0,0.0,0.0,0.0,0.0,0.0,0.0,0.0,0.0,0.0,0.0,0.0,0.0,0.0,0.0,0.0,0.0,0.0,0.0,0.0,0.0,0.0,0.0,0.0,0.0,0.0,0.0,0.0,0.0,0.0,0.0,0.0,0.0,0.0,0.0,0.0,0.0,0.0,0.0,0.0,0.0,0.0,0.0,0.0,0.0,0.0,0.0,0.0,0.0,0.0,0.0,0.0,0.0,0.0,0.0,0.0,0.0,0.0,0.0,0.0,0.0,0.0,0.0,0.0,0.0,0.0,0.0,0.0,0.0,0.0,0.0,0.0,0.0,0.0,0.0,0.0,0.0,0.0
36,36.0,2323.0,0.0,0.002582866982350409,0.0008609556607834697,0.003013344812742144,0.004735256134309083,0.0017219113215669393,0.0012914334911752045,0.0017219113215669393,0.00043047783039173483,0.0,0.0,0.00043047783039173483,0.0,0.0,0.0,0.0,0.0,0.0,0.0,0.0,0.0,0.9995695221696083,0.00043047783039173483,0.00043047783039173483,0.0,0.0,0.00043047783039173483,0.00043047783039173483,0.0,0.0,0.00043047783039173483,0.00043047783039173483,0.0,0.0,1.0,0.0,0.0,0.0,0.00043047783039173483,0.005165733964700818,0.0008609556607834697,0.0,0.0,0.0,0.0,0.0,0.0,0.0,0.0,0.0,0.0,0.0,0.0,0.0,0.0,0.0,0.0,0.0,0.0,0.0,0.0,0.0,0.0,0.0,0.0,0.0,0.0,0.0,0.0,0.0,0.0,0.0,0.0,0.0,0.00043047783039173483,0.0,0.0,0.0,0.0,0.0,0.0,0.0,0.0,0.0,0.0,0.0,0.0,0.0,0.0,0.0,0.0,0.0,0.0,0.0,0.0,0.0,0.0,0.0,0.0,0.0,0.0,0.0,0.0,0.0,0.0,0.0,0.0,0.0,0.0,0.0,0.0,0.0,0.0,0.0,0.0,0.0,0.0,0.0,0.0,0.0,0.0
37,37.0,1139.0,0.9280070237050044,0.0,0.0,0.0,0.0,0.0,0.0,0.0,0.0,0.0,0.0,0.9868305531167691,1.0,0.0,0.014925373134328358,0.010535557506584723,0.014047410008779631,0.007901668129938543,0.01141352063213345,0.00877963125548727,0.006145741878841089,0.000877963125548727,0.0,0.0,0.0,0.0,0.0,0.0,0.0,0.0,0.000877963125548727,0.0,0.0,0.0,0.0,0.0,0.0,0.0,0.0,0.000877963125548727,0.001755926251097454,0.000877963125548727,0.0,0.0,0.0,0.0,0.0,0.000877963125548727,0.0,0.0,0.0,0.000877963125548727,0.000877963125548727,0.000877963125548727,0.0,0.0,0.0,0.0,0.000877963125548727,0.0,0.0,0.0,0.0,0.000877963125548727,0.000877963125548727,0.0,0.0,0.0,0.0,0.0,0.0,0.0,0.0,0.0,0.0,0.000877963125548727,0.0,0.0,0.0,0.0,0.0,0.0,0.0,0.0,0.0,0.0,0.0,0.0,0.0,0.0,0.0,0.0,0.0,0.0,0.0,0.0,0.0,0.0,0.0,0.0,0.0,0.0,0.0,0.0,0.0,0.0,0.0,0.0,0.0,0.0,0.0,0.0,0.0,0.0,0.0,0.0,0.0,0.0,0.0,0.0,0.0
38,38.0,869.0,0.0,0.0,0.2186421173762946,0.0,0.0,1.0,1.0,0.0,0.0,0.0,0.0,0.0,0.0,0.0,0.0,0.0,0.0,0.0,0.0,0.0,0.0,0.0,0.010356731875719217,0.00805523590333717,0.0034522439585730723,0.00805523590333717,0.012658227848101266,0.010356731875719217,0.006904487917146145,0.01611047180667434,0.011507479861910242,0.00805523590333717,0.012658227848101266,0.006904487917146145,0.0,0.0034522439585730723,0.0034522439585730723,0.005753739930955121,0.004602991944764097,0.0023014959723820483,0.005753739930955121,0.0,0.0,0.0,0.0011507479861910242,0.0,0.0,0.0,0.0,0.0,0.0,0.0,0.0,0.0,0.0,0.0,0.0,0.0,0.0,0.0,0.0,0.0,0.0,0.0,0.0,0.0,0.0,0.0,0.0,0.0,0.0,0.0,0.0,0.0,0.0,0.0,0.0,0.0,0.0,0.0,0.0,0.0,0.0,0.0,0.0,0.0,0.0,0.0,0.0,0.0,0.0,0.0,0.0,0.0,0.0,0.0,0.0,0.0,0.0,0.0,0.0,0.0,0.0,0.0,0.0,0.0,0.0,0.0,0.0,0.0,0.0,0.0,0.0,0.0,0.0,0.0,0.0,0.0,0.0,0.0,0.0
39,39.0,251.0,0.0,0.9760956175298805,0.9681274900398407,0.9840637450199203,0.9721115537848606,0.9601593625498008,0.9760956175298805,0.8127490039840637,1.0,0.0,0.0,0.0,0.0,0.0,0.0,0.0,0.0,0.0,0.0,0.0,0.0,0.0,0.11155378486055777,0.099601593625498,0.0,0.0,0.00398406374501992,0.0,0.0,0.0,0.00796812749003984,0.06772908366533864,0.0,1.0,0.0,0.02390438247011952,0.05976095617529881,0.06772908366533864,0.03585657370517928,0.0,0.00398406374501992,0.0,0.0,0.0,0.0,0.0,0.0,0.0,0.0,0.0,0.0,0.0,0.0,0.0,0.0,0.0,0.0,0.0,0.0,0.0,0.0,0.0,0.0,0.0,0.0,0.0,0.0,0.0,0.0,0.0,0.0,0.0,0.0,0.0,0.0,0.0,0.0,0.0,0.0,0.0,0.0,0.0,0.0,0.0,0.0,0.0,0.0,0.0,0.0,0.0,0.0,0.0,0.0,0.0,0.0,0.0,0.0,0.0,0.0,0.0,0.0,0.0,0.0,0.0,0.0,0.0,0.0,0.0,0.0,0.0,0.0,0.0,0.0,0.0,0.0,0.0,0.0,0.0,0.0,0.0,0.0
40,40.0,256.0,0.0,0.0,1.0,0.0,1.0,0.0,1.0,0.23046875,0.0,0.0,0.0,0.0,0.0,0.0,0.0,0.0,0.0,0.0,0.0,0.0,0.0,0.0,0.01171875,0.0078125,0.02734375,0.01171875,0.02734375,0.015625,0.0234375,0.015625,0.03515625,0.01953125,0.015625,0.00390625,0.0,0.00390625,0.00390625,0.015625,0.00390625,0.0,0.0,0.0,0.0,0.0,0.0,0.0,0.0,0.0,0.0,0.0,0.0,0.0,0.0,0.0,0.0,0.0,0.0,0.0,0.0,0.0,0.0,0.0,0.0,0.0,0.0,0.00390625,0.0,0.0,0.0,0.0,0.0,0.0,0.0,0.0,0.0,0.0,0.0,0.0,0.0,0.0,0.0,0.0,0.0,0.0,0.0,0.00390625,0.0,0.0,0.0,0.0,0.0,0.0,0.0,0.0,0.0,0.0,0.0,0.0,0.0,0.0,0.00390625,0.0,0.0,0.0,0.0,0.0,0.0,0.0,0.0,0.0,0.0,0.0,0.0,0.0,0.0,0.0,0.0,0.0,0.0,0.0,0.0
41,41.0,886.0,0.0,0.0,0.9999999999999999,0.0,0.9999999999999999,0.28329571106094803,0.0,0.07562076749435666,0.0,0.0,0.0,0.0,0.0,0.0,0.0,0.0,0.0,0.0,0.0,0.0,0.0,0.002257336343115124,0.010158013544018058,0.010158013544018058,0.00564334085778781,0.010158013544018058,0.015801354401805866,0.013544018058690745,0.009029345372460496,0.009029345372460496,0.012415349887133182,0.014672686230248306,0.007900677200902933,0.007900677200902933,0.0,0.010158013544018058,0.00564334085778781,0.007900677200902933,0.003386004514672686,0.002257336343115124,0.001128668171557562,0.0,0.0,0.0,0.0,0.0,0.0,0.0,0.0,0.0,0.0,0.0,0.0,0.0,0.0,0.0,0.0,0.0,0.0,0.0,0.0,0.0,0.0,0.0,0.0,0.001128668171557562,0.0,0.0,0.0,0.0,0.0,0.0,0.0,0.0,0.0,0.0,0.0,0.0,0.0,0.0,0.0,0.0,0.0,0.0,0.0,0.0,0.0,0.0,0.0,0.0,0.0,0.0,0.0,0.0,0.0,0.0,0.0,0.0,0.0,0.0,0.001128668171557562,0.0,0.0,0.0,0.0,0.0,0.0,0.0,0.0,0.0,0.0,0.0,0.0,0.0,0.0,0.0,0.0,0.0,0.0,0.0,0.0
42,42.0,528.0,0.0,0.001893939393939394,0.001893939393939394,0.003787878787878788,0.003787878787878788,0.003787878787878788,0.0,0.001893939393939394,0.001893939393939394,0.020833333333333336,0.01893939393939394,0.01893939393939394,0.0,0.0,0.0,0.0,0.0,0.0,0.0,0.0,0.0,0.08143939393939394,0.001893939393939394,0.0,0.0,0.0,0.0,0.0,0.0,0.0,0.0,0.0,0.0,0.0,0.0,0.0,0.0,0.001893939393939394,0.0,0.0946969696969697,0.001893939393939394,0.9640151515151515,0.9715909090909092,0.9848484848484849,0.001893939393939394,0.0,0.0,0.0,0.0,0.0,0.0,0.0,0.0,0.0,0.0,0.0,0.0,0.0,0.0,0.0,0.0,0.0,0.0,0.0,0.0,0.0,0.0,0.001893939393939394,0.0,0.0,0.0,0.0,0.0,0.0,0.0,0.0,0.0,0.0,0.0,0.0,0.0,0.0,0.0,0.0,0.0,0.0,0.0,0.0,0.0,0.0,0.0,0.0,0.0,0.0,0.0,0.0,0.0,0.0,0.0,0.0,0.0,0.0,0.0,0.0,0.0,0.0,0.0,0.0,0.0,0.0,0.0,0.0,0.0,0.0,0.0,0.0,0.0,0.0,0.0,0.0,0.0
43,43.0,741.0,0.0,1.0,0.0,0.0,0.0,1.0,0.0,0.0,0.0,0.0,0.0,0.0,0.0,0.0,0.0,0.0,0.0,0.0,0.0,0.0,0.0,0.001349527665317139,0.010796221322537112,0.010796221322537112,0.009446693657219972,0.0067476383265856945,0.005398110661268556,0.001349527665317139,0.012145748987854251,0.0067476383265856945,0.008097165991902834,0.012145748987854251,0.001349527665317139,0.004048582995951417,0.0,0.0067476383265856945,0.004048582995951417,0.001349527665317139,0.004048582995951417,0.001349527665317139,0.005398110661268556,0.0,0.0,0.0,0.0,0.0,0.0,0.0,0.0,0.0,0.0,0.0,0.0,0.0,0.0,0.0,0.0,0.0,0.0,0.0,0.0,0.0,0.0,0.0,0.0,0.002699055330634278,0.0,0.0,0.0,0.0,0.0,0.0,0.0,0.0,0.0,0.0,0.001349527665317139,0.0,0.0,0.0,0.0,0.0,0.0,0.0,0.0,0.0,0.0,0.0,0.0,0.0,0.0,0.0,0.0,0.0,0.0,0.0,0.0,0.0,0.0,0.0,0.0,0.0,0.0,0.0,0.0,0.0,0.0,0.0,0.0,0.0,0.0,0.0,0.0,0.0,0.0,0.0,0.0,0.0,0.0,0.0,0.0
44,44.0,159.0,0.0,0.9559748427672956,0.8742138364779874,0.9433962264150944,0.9433962264150944,0.9182389937106918,0.9056603773584906,0.0,0.8490566037735849,0.0,0.0,0.006289308176100629,0.0,0.0,0.0,0.006289308176100629,0.0,0.0,0.0,0.0,0.0,0.0,0.04402515723270441,0.06289308176100629,0.04402515723270441,0.06289308176100629,0.08176100628930819,0.08176100628930819,0.06918238993710692,1.0,0.031446540880503145,0.06918238993710692,0.04402515723270441,0.025157232704402517,0.0,0.050314465408805034,0.01886792452830189,0.031446540880503145,0.006289308176100629,0.0,0.012578616352201259,0.0,0.0,0.0,0.0,0.0,0.0,0.0,0.0,0.0,0.0,0.0,0.0,0.0,0.0,0.0,0.0,0.0,0.0,0.0,0.0,0.0,0.0,0.0,0.0,0.0,0.0,0.0,0.0,0.0,0.0,0.0,0.0,0.0,0.0,0.0,0.0,0.0,0.0,0.0,0.0,0.0,0.0,0.0,0.0,0.0,0.0,0.0,0.0,0.0,0.0,0.0,0.0,0.0,0.0,0.0,0.0,0.0,0.0,0.0,0.0,0.0,0.0,0.0,0.0,0.0,0.0,0.0,0.0,0.0,0.0,0.0,0.0,0.0,0.0,0.0,0.0,0.0,0.0,0.0,0.0
45,45.0,188.0,0.0,1.0,1.0,0.35638297872340424,0.0,0.0,0.0,0.18085106382978722,1.0,0.0,0.0,0.0,0.0,0.0,0.0,0.0,0.0,0.0,0.0,0.0,0.0,0.0,0.02127659574468085,0.005319148936170213,0.031914893617021274,0.026595744680851064,0.005319148936170213,0.026595744680851064,0.015957446808510637,0.010638297872340425,0.005319148936170213,0.015957446808510637,0.026595744680851064,0.02127659574468085,0.0,0.0,0.010638297872340425,0.02127659574468085,0.005319148936170213,0.0,0.010638297872340425,0.0,0.0,0.0,0.0,0.0,0.0,0.0,0.0,0.0,0.0,0.0,0.0,0.0,0.0,0.0,0.0,0.0,0.0,0.0,0.0,0.0,0.0,0.0,0.0,0.0,0.0,0.0,0.0,0.0,0.0,0.0,0.0,0.0,0.0,0.0,0.005319148936170213,0.0,0.0,0.0,0.0,0.0,0.0,0.0,0.0,0.0,0.0,0.0,0.0,0.0,0.0,0.0,0.0,0.0,0.0,0.0,0.0,0.0,0.0,0.0,0.0,0.0,0.0,0.0,0.0,0.0,0.0,0.0,0.0,0.0,0.0,0.0,0.0,0.0,0.0,0.0,0.0,0.0,0.0,0.0,0.0
46,46.0,387.0,0.0,0.9598997493734336,0.9874686716791979,0.9799498746867168,0.9849624060150375,0.9573934837092731,0.9674185463659147,0.8822055137844611,0.9047619047619047,0.0,0.0,0.0,0.0,0.0,0.0,0.002506265664160401,0.0,0.0,0.0,0.0,0.0,0.0,0.09774436090225563,0.0,1.0,0.0,0.047619047619047616,0.13533834586466165,0.10526315789473684,0.0,0.06766917293233082,0.07769423558897243,0.0,0.09022556390977443,0.0,0.0,0.06265664160401002,0.06265664160401002,0.07268170426065163,0.002506265664160401,0.0,0.0,0.0,0.0,0.002506265664160401,0.0,0.0,0.0,0.0,0.0,0.0,0.0,0.0,0.0,0.0,0.0,0.0,0.0,0.0,0.0,0.0,0.0,0.0,0.0,0.0,0.0,0.0,0.0,0.0,0.0,0.0,0.0,0.0,0.0,0.0,0.0,0.0,0.0,0.0,0.0,0.0,0.0,0.0,0.0,0.002506265664160401,0.0,0.0,0.0,0.0,0.0,0.0,0.0,0.0,0.0,0.0,0.0,0.0,0.0,0.0,0.0,0.0,0.0,0.0,0.0,0.0,0.0,0.0,0.0,0.0,0.0,0.0,0.0,0.0,0.0,0.0,0.0,0.0,0.0,0.0,0.0,0.0
47,47.0,208.0,0.0,0.0,1.0,0.3894230769230769,0.0,0.0,1.0,0.25961538461538464,1.0,0.0,0.0,0.0,0.0,0.0,0.0,0.004807692307692308,0.0,0.0,0.0,0.0,0.0,0.0,0.009615384615384616,0.019230769230769232,0.004807692307692308,0.014423076923076924,0.02403846153846154,0.02403846153846154,0.02403846153846154,0.014423076923076924,0.014423076923076924,0.028846153846153848,0.04326923076923077,0.009615384615384616,0.0,0.009615384615384616,0.004807692307692308,0.0,0.004807692307692308,0.0,0.004807692307692308,0.0,0.0,0.0,0.004807692307692308,0.0,0.0,0.0,0.0,0.0,0.0,0.0,0.0,0.0,0.0,0.0,0.0,0.0,0.0,0.0,0.0,0.0,0.0,0.0,0.0,0.0,0.0,0.0,0.0,0.0,0.0,0.0,0.0,0.0,0.0,0.0,0.0,0.0,0.0,0.0,0.0,0.0,0.0,0.0,0.0,0.0,0.0,0.0,0.0,0.0,0.0,0.0,0.0,0.0,0.0,0.0,0.0,0.0,0.0,0.0,0.0,0.0,0.0,0.0,0.0,0.0,0.0,0.0,0.0,0.0,0.0,0.0,0.0,0.0,0.0,0.0,0.0,0.0,0.0,0.0,0.0
48,48.0,271.0,0.0,0.0,0.0,0.0,0.0,0.0,0.0,0.0,0.0,0.992619926199262,0.8856088560885609,0.007380073800738007,0.0,0.0036900369003690036,0.0,0.0036900369003690036,0.0,0.0,0.0,0.0,0.0,0.0036900369003690036,0.0,0.0,0.0,0.0,0.0,0.0,0.0,0.0,0.0,0.0,0.0,0.0,0.0,0.0,0.0,0.0,0.0,0.0,0.0,0.0,0.0,0.0,0.0,0.0,0.0,0.0,1.0,0.0,0.0,0.0,0.0,0.0,0.0,0.0,0.0,0.0,0.0,0.0,0.0,0.0,0.0,0.0,0.0,0.0,0.0,0.0,0.0,0.0,0.0,0.0,0.0,0.0,0.0,0.0,0.0,0.0,0.0,0.0,0.0,0.0,0.0,0.0,0.0,0.0,0.0036900369003690036,0.0036900369003690036,0.0,0.0,0.0,0.0,0.0,0.0,0.0,0.0,0.0,0.0,0.0,0.0,0.0,0.0,0.0,0.0,0.0,0.0,0.0,0.0,0.0,0.0,0.0,0.0,0.0,0.0,0.0,0.0,0.0,0.0,0.0,0.0,0.0
49,49.0,181.0,0.0,1.0,0.0,1.0,0.0,0.0,0.30939226519337015,0.1602209944751381,1.0,0.0,0.0,0.0,0.0,0.0,0.0,0.0,0.0,0.0,0.0,0.0,0.0,0.0,0.016574585635359115,0.03867403314917127,0.022099447513812154,0.011049723756906077,0.027624309392265192,0.03314917127071823,0.022099447513812154,0.022099447513812154,0.0055248618784530384,0.011049723756906077,0.011049723756906077,0.011049723756906077,0.0,0.0055248618784530384,0.0055248618784530384,0.0,0.016574585635359115,0.0055248618784530384,0.0,0.0,0.0,0.0,0.0,0.0,0.0,0.0,0.0,0.0,0.0,0.0,0.0,0.0,0.0,0.0,0.0,0.0,0.0,0.0,0.0,0.0,0.0,0.0,0.0,0.0055248618784530384,0.0,0.0055248618784530384,0.0,0.0,0.0,0.0,0.0,0.0,0.0,0.0,0.0055248618784530384,0.0,0.0,0.0,0.0,0.0,0.0,0.0,0.0,0.0,0.0,0.0,0.0,0.0,0.0,0.0,0.0,0.0,0.0,0.0,0.0,0.0,0.0,0.0,0.0,0.0,0.0,0.0,0.0,0.0,0.0,0.0,0.0,0.0,0.0,0.0,0.0,0.0,0.0,0.0,0.0,0.0,0.0,0.0,0.0
50,50.0,394.0,0.0,0.995,0.9775,0.98,0.985,0.9500000000000001,0.9675,0.8875000000000001,0.925,0.0,0.0,0.0,0.0,0.0,0.0,0.0,0.0,0.0,0.0,0.0,0.0,0.0025,0.16,0.1375,0.0175,0.09,1.0,0.0,0.1,0.0,0.0,0.06,0.0775,0.0925,0.0,0.0,0.0575,0.06,0.07,0.0,0.0025,0.0,0.0,0.0,0.0,0.0,0.0,0.0,0.0,0.0,0.0,0.0,0.0,0.0,0.0,0.0,0.0,0.0,0.0,0.0,0.0,0.0,0.0,0.0,0.0,0.0025,0.0,0.0,0.0,0.0,0.0,0.0,0.0,0.0,0.0,0.0,0.0025,0.0,0.0,0.0,0.0,0.0,0.0,0.0,0.0025,0.0,0.0,0.0,0.0,0.0,0.0,0.0,0.0,0.0,0.0,0.0,0.0,0.0,0.0,0.0,0.0,0.0,0.0,0.0,0.0,0.0,0.0,0.0,0.0,0.0,0.0,0.0,0.0,0.0,0.0,0.0,0.0,0.0,0.0,0.0,0.0
51,51.0,485.0,0.0,0.8144329896907216,1.0,1.0,1.0,0.0,0.7608247422680413,0.43711340206185567,1.0,0.0,0.002061855670103093,0.0,0.0,0.0,0.0,0.0,0.0,0.0,0.0,0.0,0.0,0.002061855670103093,0.04536082474226804,0.04742268041237113,0.03505154639175258,0.006185567010309279,0.030927835051546393,0.032989690721649485,0.032989690721649485,0.0,0.01443298969072165,0.030927835051546393,0.01443298969072165,0.02268041237113402,0.0,0.010309278350515464,0.03917525773195876,0.03505154639175258,0.020618556701030927,0.0,0.004123711340206186,0.0,0.0,0.0,0.004123711340206186,0.0,0.0,0.0,0.0,0.0,0.0,0.0,0.0,0.0,0.0,0.0,0.0,0.0,0.0,0.0,0.0,0.0,0.0,0.0,0.0,0.0,0.0,0.0,0.0,0.0,0.0,0.0,0.0,0.0,0.0,0.0,0.0,0.0,0.0,0.0,0.0,0.002061855670103093,0.0,0.0,0.002061855670103093,0.0,0.0,0.0,0.0,0.0,0.0,0.0,0.0,0.0,0.0,0.0,0.0,0.0,0.0,0.0,0.0,0.0,0.0,0.0,0.0,0.0,0.0,0.0,0.0,0.0,0.0,0.0,0.0,0.0,0.0,0.0,0.0,0.0,0.0,0.0,0.0
52,52.0,90.0,0.0,1.0,1.0,1.0,0.9780219780219781,0.989010989010989,0.989010989010989,0.9560439560439561,1.0,0.0,0.0,0.0,0.0,0.0,0.0,0.0,0.0,0.0,0.0,0.0,0.0,0.01098901098901099,0.26373626373626374,0.15384615384615385,0.19780219780219782,0.18681318681318682,0.08791208791208792,0.2197802197802198,0.1098901098901099,0.16483516483516486,0.06593406593406594,0.9010989010989011,0.09890109890109891,0.09890109890109891,0.0,0.13186813186813187,1.0,0.19780219780219782,0.09890109890109891,0.0,0.0,0.0,0.0,0.0,0.0,0.0,0.0,0.0,0.0,0.0,0.0,0.0,0.0,0.0,0.0,0.0,0.0,0.0,0.0,0.0,0.0,0.0,0.0,0.0,0.0,0.0,0.0,0.0,0.0,0.0,0.0,0.0,0.0,0.0,0.0,0.0,0.0,0.0,0.0,0.0,0.0,0.0,0.0,0.0,0.0,0.0,0.0,0.0,0.0,0.0,0.0,0.0,0.0,0.0,0.0,0.0,0.0,0.0,0.0,0.0,0.0,0.0,0.0,0.0,0.0,0.0,0.0,0.0,0.0,0.0,0.0,0.0,0.0,0.0,0.0,0.0,0.0,0.0,0.0,0.0,0.0
53,53.0,889.0,0.0,0.0,0.0011248593925759281,0.0033745781777277844,0.0011248593925759281,0.0,0.0,0.0,0.0011248593925759281,0.9988751406074242,0.9988751406074242,0.0,0.9977502812148482,0.9415073115860518,0.9943757030371204,0.9336332958380203,1.0,1.0,0.9448818897637796,1.0,1.0,0.011248593925759281,0.0,0.0,0.0,0.0,0.0,0.0,0.0,0.0,0.0,0.0,0.0,0.0,0.0,0.0,0.0,0.0,0.0,0.006749156355455569,0.0033745781777277844,0.0,0.0,0.0,0.0,0.0011248593925759281,0.0022497187851518562,0.0,0.0,0.0,0.0011248593925759281,0.0,0.0011248593925759281,0.0,0.0,0.0033745781777277844,0.0,0.0,0.0,0.0011248593925759281,0.0,0.0,0.0,0.0033745781777277844,0.0022497187851518562,0.0,0.0,0.0,0.0,0.0,0.0,0.0,0.0,0.0,0.0,0.0,0.0,0.0,0.0,0.0,0.0,0.0,0.0,0.0,0.0,0.0,0.0,0.0,0.0,0.0,0.0,0.0,0.0,0.0,0.0,0.0,0.0,0.0,0.0,0.0,0.0,0.0,0.0,0.0,0.0,0.0,0.0,0.0,0.0,0.0,0.0,0.0,0.0,0.0,0.0,0.0,0.0,0.0,0.0,0.0,0.0
54,54.0,375.0,0.0,0.8586666666666667,0.0,0.48,1.0,1.0,0.6426666666666666,1.0,0.0,0.0,0.0,0.0,0.0,0.0,0.0,0.0,0.0,0.0,0.0,0.0,0.0,0.0026666666666666666,0.029333333333333333,0.042666666666666665,0.016,0.026666666666666665,0.016,0.03733333333333333,0.050666666666666665,0.03733333333333333,0.024,0.005333333333333333,0.03733333333333333,0.005333333333333333,0.0,0.008,0.026666666666666665,0.010666666666666666,0.026666666666666665,0.0,0.005333333333333333,0.0,0.0,0.0,0.0,0.0,0.0,0.0,0.0,0.0,0.0,0.0,0.0,0.0,0.0,0.0,0.0,0.0,0.0,0.0,0.0,0.0,0.0,0.0,0.0,0.0,0.0,0.0,0.0,0.0,0.0,0.0,0.0,0.0,0.0,0.0,0.0,0.0,0.0,0.0,0.0,0.0,0.0,0.0,0.0,0.0,0.0,0.0,0.0,0.0,0.0,0.0,0.0,0.0,0.0,0.0,0.0,0.0,0.0,0.0,0.0,0.0,0.0,0.0,0.0,0.0,0.0,0.0,0.0,0.0,0.0,0.0,0.0,0.0,0.0,0.0,0.0,0.0,0.0,0.0,0.0
55,55.0,234.0,0.0,0.0,0.0,0.0,0.0,0.0,0.0,0.0,1.0,0.0,0.0,0.0,0.0,0.0,0.0,0.004273504273504274,0.0,0.0,0.0,0.0,0.0,0.07692307692307693,0.05128205128205129,0.047008547008547015,0.07264957264957266,0.05128205128205129,0.042735042735042736,0.03418803418803419,0.03418803418803419,0.047008547008547015,0.05128205128205129,0.05555555555555556,0.06410256410256411,0.03418803418803419,0.0,0.021367521367521368,0.012820512820512822,0.012820512820512822,0.03418803418803419,0.025641025641025644,0.004273504273504274,0.0,0.0,0.0,0.012820512820512822,0.0,0.0,0.004273504273504274,0.0,0.0,0.0,0.0,0.0,0.0,0.0,0.0,0.0,0.0,0.0,0.0,0.0,0.0,0.0,0.0,0.0,0.0,0.004273504273504274,0.004273504273504274,0.0,0.0,0.0,0.0,0.0,0.0,0.0,0.0,0.004273504273504274,0.0,0.0,0.0,0.0,0.0,0.0,0.0,0.004273504273504274,0.0,0.0,0.0,0.0,0.0,0.0,0.0,0.0,0.0,0.0,0.0,0.0,0.0,0.0,0.0,0.0,0.0,0.0,0.0,0.0,0.0,0.0,0.0,0.0,0.0,0.0,0.0,0.0,0.0,0.0,0.0,0.0,0.0,0.0,0.0,0.0
56,56.0,78.0,0.0,0.0,0.0,0.0,0.0,0.0,0.0,0.0,0.0,0.9240506329113924,0.7848101265822784,0.8227848101265822,1.0,0.0379746835443038,0.9746835443037974,0.31645569620253167,0.0,0.3670886075949367,0.34177215189873417,0.9367088607594937,0.620253164556962,0.0,0.0,0.0,0.0,0.0,0.0,0.0,0.0,0.0,0.0,0.0,0.0,0.0,0.0,0.0,0.0,0.0,0.0,0.0,0.0,0.0,0.0,0.0,0.0,0.0,0.0,0.0,0.0,0.0,0.0,0.0,0.0,0.0,0.0,0.0,0.0,0.0,0.0,0.0,0.0,0.0,0.0,0.0,0.0,0.0,0.0,0.0,0.0,0.0,0.0,0.0,0.0,0.0,0.0,0.0,0.0,0.0,0.0,0.0,0.0,0.0,0.0,0.0,0.0,0.0,0.0,0.0,0.0,0.0,0.0,0.0,0.0,0.0,0.0,0.0,0.0,0.0,0.0,0.0,0.0,0.0,0.0,0.0,0.0,0.0,0.0,0.0,0.0,0.0,0.0,0.0,0.0,0.0,0.0,0.0,0.0,0.0,0.0,0.0,0.0
57,57.0,422.0,0.0,0.0,1.0,0.0,0.0,0.0,0.0,0.0,0.0,0.0,0.0,0.002369668246445498,0.0,0.0,0.0,0.004739336492890996,0.0,0.0,0.0,0.0,0.0,0.07582938388625593,0.06635071090047394,0.0,0.04502369668246446,0.05450236966824645,0.03554502369668247,0.04976303317535545,0.04502369668246446,0.047393364928909956,0.047393364928909956,0.04976303317535545,0.04265402843601896,0.028436018957345974,0.0,0.014218009478672987,0.011848341232227489,0.018957345971563982,0.018957345971563982,0.04265402843601896,0.04265402843601896,0.0,0.0,0.0,0.016587677725118485,0.0,0.0,0.0,0.0,0.0,0.0,0.0,0.0,0.0,0.0,0.0,0.0,0.0,0.0,0.0,0.0,0.0,0.0,0.0,0.0,0.0,0.0,0.002369668246445498,0.0,0.0,0.0,0.0,0.0,0.0,0.0,0.0,0.002369668246445498,0.0,0.0,0.0,0.0,0.0,0.0,0.0,0.0,0.0,0.0,0.0,0.0,0.0,0.0,0.0,0.0,0.0,0.0,0.0,0.0,0.0,0.0,0.0,0.002369668246445498,0.0,0.0,0.0,0.0,0.0,0.0,0.0,0.0,0.0,0.0,0.0,0.0,0.0,0.0,0.0,0.0,0.0,0.0,0.0,0.0
58,58.0,109.0,0.0,0.0,0.0,0.0,0.0,0.0,0.0,0.0,0.0,0.9449541284403671,0.871559633027523,0.8073394495412844,0.9724770642201835,0.871559633027523,0.8623853211009175,0.3761467889908257,0.1926605504587156,0.09174311926605505,0.3486238532110092,0.06422018348623854,0.14678899082568808,0.009174311926605505,0.0,0.0,0.0,0.0,0.0,0.0,0.0,0.0,0.0,0.0,0.0,0.0,0.0,0.0,0.0,0.0,0.0,0.0,0.0,0.0,0.0,0.0,0.0,0.0,0.0,0.0,0.0,0.0,0.0,0.0,0.0,0.0,0.0,0.0,0.0,0.0,0.0,0.0,0.0,0.0,0.0,0.0,0.0,0.0,0.0,0.0,0.0,0.0,0.0,0.0,0.0,0.0,0.0,0.0,0.0,0.0,0.0,0.0,0.0,0.0,0.0,0.0,0.0,0.0,0.0,0.0,0.0,0.0,0.0,0.0,0.0,0.0,0.0,0.0,0.0,0.0,0.0,0.0,0.0,0.0,0.0,0.0,0.0,0.0,0.0,0.0,0.0,0.0,0.0,0.0,0.0,0.0,0.0,0.0,0.0,0.0,0.0,0.0,0.0
59,59.0,146.0,0.0,0.9863013698630136,0.9794520547945205,0.958904109589041,1.0,0.9794520547945205,1.0,0.9246575342465753,0.9520547945205479,0.0,0.0,0.0,0.0,0.0,0.0,0.0,0.0,0.0,0.0,0.0,0.0,0.0,0.14383561643835616,0.1095890410958904,0.273972602739726,0.1506849315068493,0.11643835616438356,0.3698630136986301,0.0958904109589041,0.1232876712328767,1.0,1.0,0.2602739726027397,0.0958904109589041,0.0,0.07534246575342465,0.06164383561643835,0.07534246575342465,0.10273972602739725,0.0,0.0136986301369863,0.0,0.0,0.0,0.0,0.0,0.0,0.0,0.0,0.0,0.0,0.0,0.0,0.0,0.0,0.0,0.0,0.0,0.0,0.0,0.0,0.0,0.0,0.0,0.0,0.0,0.0,0.0,0.0,0.0,0.0,0.0,0.0,0.0,0.0,0.0,0.0,0.0,0.0,0.0,0.0,0.0,0.0,0.0,0.0,0.0,0.0,0.0,0.0,0.0,0.0,0.0,0.0,0.0,0.0,0.0,0.0,0.0,0.0,0.0,0.0,0.0,0.0,0.0,0.0,0.0,0.0,0.0,0.0,0.0,0.0,0.0,0.0,0.0,0.0,0.0,0.0,0.0,0.0,0.0,0.0
60,60.0,298.0,0.0,0.0,0.2348993288590604,1.0,0.16778523489932887,1.0,0.24161073825503354,0.06375838926174497,1.0,0.0,0.0,0.0,0.0,0.0,0.0,0.0,0.0,0.0,0.0,0.0,0.0,0.003355704697986577,0.020134228187919462,0.006711409395973154,0.016778523489932886,0.013422818791946308,0.003355704697986577,0.020134228187919462,0.030201342281879193,0.026845637583892617,0.020134228187919462,0.013422818791946308,0.020134228187919462,0.013422818791946308,0.0,0.010067114093959731,0.013422818791946308,0.006711409395973154,0.02348993288590604,0.0,0.0,0.0,0.0,0.0,0.0,0.0,0.0,0.0,0.0,0.0,0.0,0.0,0.0,0.0,0.0,0.0,0.0,0.0,0.0,0.0,0.0,0.0,0.0,0.0,0.0,0.0,0.0,0.0,0.0,0.0,0.0,0.0,0.0,0.0,0.0,0.0,0.0,0.0,0.0,0.0,0.0,0.0,0.0,0.0,0.0,0.0,0.0,0.0,0.0,0.0,0.0,0.0,0.0,0.0,0.0,0.0,0.0,0.0,0.0,0.0,0.0,0.0,0.0,0.0,0.0,0.0,0.0,0.0,0.0,0.0,0.0,0.0,0.0,0.0,0.0,0.0,0.0,0.0,0.0,0.0,0.0
61,61.0,832.0,0.006009615384615385,0.001201923076923077,0.0,0.001201923076923077,0.0,0.002403846153846154,0.0,0.0,0.0,0.953125,1.0,0.0,0.009615384615384616,0.00841346153846154,0.002403846153846154,0.009615384615384616,0.009615384615384616,0.00841346153846154,0.006009615384615385,0.007211538461538462,0.001201923076923077,0.03966346153846154,0.0,0.0,0.0,0.0,0.0,0.0,0.0,0.0,0.0,0.0,0.0,0.0,0.001201923076923077,0.0,0.0,0.0,0.0,0.00841346153846154,0.001201923076923077,0.001201923076923077,0.001201923076923077,0.002403846153846154,0.001201923076923077,0.001201923076923077,0.002403846153846154,0.001201923076923077,0.0,0.003605769230769231,0.001201923076923077,0.0,0.001201923076923077,0.0,0.001201923076923077,0.0,0.002403846153846154,0.002403846153846154,0.0,0.002403846153846154,0.002403846153846154,0.001201923076923077,0.003605769230769231,0.001201923076923077,0.0,0.002403846153846154,0.004807692307692308,0.0,0.001201923076923077,0.0,0.0,0.0,0.0,0.0,0.0,0.0,0.0,0.0,0.001201923076923077,0.0,0.0,0.0,0.0,0.0,0.0,0.0,0.0,0.001201923076923077,0.001201923076923077,0.0,0.0,0.0,0.0,0.0,0.0,0.0,0.0,0.0,0.0,0.0,0.0,0.0,0.0,0.0,0.0,0.0,0.0,0.0,0.0,0.0,0.0,0.0,0.001201923076923077,0.0,0.0,0.0,0.0,0.001201923076923077,0.002403846153846154,0.0,0.001201923076923077
62,62.0,366.0,0.0,0.0,0.0,1.0,0.0,0.0,0.0,0.0,1.0,0.0,0.0,0.0,0.0,0.0,0.0,0.00273224043715847,0.00273224043715847,0.0,0.0,0.0,0.0,0.0,0.00819672131147541,0.00546448087431694,0.01092896174863388,0.01366120218579235,0.01092896174863388,0.00546448087431694,0.0,0.01092896174863388,0.00273224043715847,0.00819672131147541,0.01366120218579235,0.0,0.0,0.01366120218579235,0.01092896174863388,0.00546448087431694,0.00273224043715847,0.00273224043715847,0.00273224043715847,0.0,0.0,0.0,0.0,0.0,0.0,0.0,0.0,0.0,0.0,0.0,0.0,0.0,0.0,0.0,0.0,0.0,0.0,0.0,0.0,0.0,0.0,0.0,0.0,0.0,0.0,0.0,0.0,0.0,0.0,0.0,0.0,0.0,0.0,0.0,0.0,0.0,0.0,0.0,0.0,0.0,0.0,0.0,0.0,0.0,0.0,0.0,0.0,0.0,0.0,0.0,0.0,0.0,0.0,0.0,0.0,0.0,0.0,0.0,0.0,0.0,0.0,0.0,0.0,0.0,0.0,0.0,0.0,0.0,0.0,0.0,0.0,0.0,0.0,0.0,0.0,0.0,0.0,0.0,0.0
63,63.0,117.0,0.0,0.0,0.0,0.0,0.0,0.0,0.0,0.0,0.0,0.9059829059829061,0.9401709401709403,0.0,0.0,0.0,0.0,0.0,0.0,0.0,0.0,0.0,0.0,0.0,0.0,0.0,0.0,0.0,0.0,0.0,0.0,0.0,0.0,0.0,0.0,0.0,0.0,0.0,0.0,0.0,0.0,0.0,0.0,0.0,0.0,0.0,0.8974358974358976,0.0,0.0,0.0,0.0,0.0,0.0,0.0,0.0,0.0,0.0,0.0,0.9572649572649574,0.9230769230769231,0.0,0.0,0.982905982905983,0.9059829059829061,0.9914529914529916,0.0,0.0,0.0,0.0,0.0,0.9572649572649574,0.0,0.0,0.0,0.0,0.0,0.0,0.0,0.0,0.0,0.0,0.0,0.0,0.0,0.0,0.0,0.0,0.0,0.0,0.0,0.0,0.0,0.0,0.0,0.0,0.0,0.0,0.0,0.0,0.0,0.0,0.0,0.0,0.0,0.0,0.0,0.0,0.0,0.0,0.0,0.0,0.0,0.0,0.0,0.0,0.0,0.0,0.0,0.0,0.0,0.0,0.0,0.0
64,64.0,369.0,0.0,0.986449864498645,0.981029810298103,0.967479674796748,0.981029810298103,0.975609756097561,0.967479674796748,0.8943089430894309,0.8997289972899729,0.0,0.0,0.0,0.0,0.0,0.0,0.0,0.0,0.0,0.0,0.0,0.0,0.0,0.06504065040650406,0.08130081300813008,0.0,0.0,0.005420054200542005,0.11382113821138211,1.0,0.0948509485094851,0.10298102981029811,0.05962059620596206,0.0,0.0,0.0,0.0,0.05962059620596206,0.07859078590785908,0.056910569105691054,0.0027100271002710027,0.005420054200542005,0.0,0.0,0.0,0.0,0.0,0.0,0.0,0.0,0.0,0.0,0.0,0.0,0.0,0.0,0.0,0.0,0.0,0.0,0.0,0.0,0.0,0.0,0.0,0.0,0.0,0.0,0.0,0.0,0.0,0.0,0.0,0.0,0.0,0.0,0.0,0.0,0.0,0.0,0.0,0.0,0.0,0.0,0.0,0.0,0.0,0.0,0.0,0.0,0.0,0.0,0.0,0.0,0.0,0.0,0.0,0.0,0.0,0.0,0.0,0.0,0.0,0.0,0.0,0.0,0.0,0.0,0.0,0.0,0.0,0.0,0.0,0.0,0.0,0.0,0.0,0.0,0.0,0.0,0.0,0.0
65,65.0,106.0,0.0,0.9811320754716981,0.9716981132075472,0.9622641509433962,1.0,0.9811320754716981,0.9811320754716981,0.9433962264150944,0.8773584905660377,0.0,0.0,0.0,0.0,0.0,0.0,0.0,0.0,0.0,0.0,0.0,0.0,0.0,1.0,0.1320754716981132,0.1981132075471698,0.25471698113207547,0.11320754716981132,0.08490566037735849,0.21698113207547168,0.12264150943396226,0.1509433962264151,0.1792452830188679,0.330188679245283,0.16981132075471697,0.0,0.07547169811320754,0.1320754716981132,1.0,0.05660377358490566,0.0,0.009433962264150943,0.0,0.0,0.0,0.0,0.0,0.0,0.0,0.0,0.0,0.0,0.0,0.0,0.0,0.0,0.0,0.0,0.0,0.0,0.0,0.0,0.0,0.0,0.0,0.0,0.0,0.0,0.0,0.0,0.0,0.0,0.0,0.0,0.0,0.0,0.0,0.0,0.0,0.0,0.0,0.0,0.0,0.0,0.0,0.0,0.0,0.0,0.0,0.0,0.0,0.0,0.0,0.0,0.0,0.0,0.0,0.0,0.0,0.0,0.0,0.0,0.0,0.0,0.0,0.0,0.0,0.0,0.0,0.0,0.0,0.0,0.0,0.0,0.0,0.0,0.0,0.0,0.0,0.0,0.0,0.0
66,66.0,142.0,0.0,1.0,0.9859154929577465,0.9859154929577465,0.9859154929577465,0.9929577464788732,0.9929577464788732,1.0,0.9084507042253521,0.0,0.0,0.0,0.0,0.0,0.0,0.007042253521126761,0.0,0.0,0.0,0.0,0.0,0.0,0.20422535211267606,0.18309859154929578,0.02112676056338028,0.2535211267605634,0.35211267605633806,0.26760563380281693,0.15492957746478875,1.0,0.2112676056338028,0.2112676056338028,1.0,0.2323943661971831,0.0,0.06338028169014084,0.13380281690140847,0.11971830985915494,0.1971830985915493,0.0,0.0,0.0,0.0,0.0,0.007042253521126761,0.0,0.0,0.0,0.0,0.0,0.0,0.0,0.0,0.0,0.0,0.0,0.0,0.0,0.0,0.0,0.0,0.0,0.0,0.0,0.0,0.0,0.0,0.0,0.0,0.0,0.0,0.0,0.0,0.0,0.0,0.0,0.0,0.0,0.0,0.0,0.0,0.0,0.0,0.0,0.0,0.0,0.0,0.0,0.0,0.0,0.0,0.0,0.0,0.0,0.0,0.0,0.0,0.0,0.0,0.0,0.0,0.0,0.0,0.0,0.0,0.0,0.0,0.0,0.0,0.0,0.0,0.0,0.0,0.0,0.0,0.0,0.0,0.0,0.0,0.0,0.0
67,67.0,92.0,0.0,1.0,1.0,1.0,1.0,1.0,1.0,1.0,1.0,0.0,0.0,0.0,0.0,0.0,0.0,0.0,0.0,0.0,0.0,0.0,0.0,0.010638297872340425,0.6914893617021276,0.5957446808510638,0.851063829787234,0.9042553191489362,0.7872340425531915,0.5212765957446809,0.2127659574468085,0.40425531914893614,0.4574468085106383,0.8404255319148936,0.23404255319148937,0.8936170212765957,0.0,0.6382978723404256,0.1595744680851064,0.0425531914893617,0.10638297872340426,0.0,0.02127659574468085,0.0,0.0,0.0,0.0,0.0,0.0,0.0,0.0,0.0,0.0,0.0,0.0,0.0,0.0,0.0,0.0,0.0,0.0,0.0,0.0,0.0,0.0,0.0,0.0,0.0,0.0,0.0,0.0,0.0,0.0,0.0,0.0,0.0,0.0,0.0,0.010638297872340425,0.0,0.0,0.0,0.0,0.0,0.0,0.0,0.0,0.0,0.0,0.0,0.0,0.0,0.0,0.0,0.0,0.0,0.0,0.0,0.0,0.0,0.0,0.0,0.010638297872340425,0.0,0.0,0.0,0.0,0.0,0.0,0.0,0.0,0.0,0.0,0.0,0.0,0.0,0.0,0.0,0.0,0.0,0.0,0.0,0.0
68,68.0,140.0,0.0,0.0,1.0,1.0,0.0,1.0,1.0,0.0,0.0,0.0,0.0,0.0,0.0,0.0,0.0,0.0,0.0,0.0,0.0,0.0,0.0,0.0,0.02857142857142857,0.03571428571428571,0.0,0.02142857142857143,0.02142857142857143,0.02142857142857143,0.049999999999999996,0.014285714285714285,0.02142857142857143,0.03571428571428571,0.02142857142857143,0.03571428571428571,0.0,0.0,0.02142857142857143,0.007142857142857143,0.0,0.0,0.0,0.0,0.0,0.0,0.007142857142857143,0.0,0.0,0.0,0.0,0.0,0.0,0.007142857142857143,0.0,0.0,0.0,0.0,0.0,0.0,0.0,0.0,0.0,0.0,0.0,0.0,0.0,0.0,0.0,0.0,0.0,0.0,0.0,0.0,0.0,0.0,0.0,0.0,0.0,0.0,0.0,0.0,0.0,0.0,0.0,0.0,0.0,0.0,0.0,0.0,0.0,0.0,0.0,0.0,0.0,0.0,0.0,0.0,0.0,0.0,0.0,0.0,0.0,0.0,0.0,0.0,0.0,0.0,0.0,0.0,0.0,0.0,0.0,0.0,0.0,0.0,0.0,0.0,0.0,0.0,0.0,0.0,0.0
69,69.0,175.0,0.0,1.0,0.0,0.0,0.0,0.30857142857142855,1.0,0.16,1.0,0.0,0.0,0.0,0.0,0.0,0.0,0.0,0.0,0.0,0.0,0.0,0.0,0.005714285714285714,0.0,0.017142857142857144,0.02857142857142857,0.011428571428571429,0.005714285714285714,0.011428571428571429,0.03428571428571429,0.011428571428571429,0.005714285714285714,0.017142857142857144,0.011428571428571429,0.005714285714285714,0.0,0.011428571428571429,0.011428571428571429,0.005714285714285714,0.017142857142857144,0.0,0.011428571428571429,0.0,0.0,0.0,0.0,0.0,0.0,0.0,0.0,0.0,0.0,0.0,0.0,0.0,0.0,0.0,0.0,0.0,0.0,0.0,0.0,0.0,0.0,0.0,0.0,0.0,0.0,0.0,0.0,0.0,0.0,0.0,0.0,0.0,0.0,0.0,0.0,0.0,0.0,0.0,0.0,0.0,0.0,0.0,0.0,0.0,0.0,0.0,0.0,0.0,0.0,0.0,0.0,0.0,0.0,0.0,0.0,0.0,0.0,0.0,0.0,0.0,0.0,0.0,0.0,0.0,0.0,0.0,0.0,0.0,0.0,0.0,0.0,0.0,0.0,0.0,0.0,0.0,0.0,0.0,0.0
70,70.0,104.0,0.0,0.0,0.0,0.0,0.0,0.0,0.0,0.0,0.0,0.9903846153846154,0.9711538461538463,0.0,0.9903846153846154,0.875,0.9038461538461539,0.7596153846153847,0.8461538461538463,0.0,0.8846153846153847,0.7788461538461539,0.875,0.0,0.0,0.0,0.0,0.0,0.0,0.0,0.0,0.0,0.0,0.0,0.0,0.0,0.0,0.0,0.0,0.0,0.0,0.0,0.0,0.0,0.0,0.0,0.0,0.0,0.0,0.0,0.0,0.0,0.0,0.0,0.0,0.0,0.0,0.0,0.0,0.0,0.0,0.0,0.0,0.0,0.0,0.0,0.0,0.0,0.0,0.0,0.0,0.0,0.0,0.0,0.0,0.0,0.0,0.0,0.0,0.0,0.0,0.0,0.0,0.0,0.0,0.0,0.0,0.0,0.0,0.0,0.0,0.0,0.0,0.0,0.0,0.0,0.0,0.0,0.0,0.0,0.0,0.0,0.0,0.0,0.0,0.0,0.0,0.0,0.0,0.0,0.0,0.0,0.0,0.0,0.0,0.0,0.0,0.0,0.0,0.0,0.0,0.0,0.0
71,71.0,1198.0,0.0,0.1652754590984975,1.0,1.0,0.0,0.1978297161936561,0.0,0.0667779632721202,0.0,0.0,0.00333889816360601,0.00333889816360601,0.0,0.0,0.0,0.0008347245409015025,0.0,0.0,0.0,0.0,0.0,0.004173622704507512,0.01001669449081803,0.008347245409015025,0.0,0.010851419031719533,0.007512520868113523,0.014190317195325543,0.008347245409015025,0.009181969949916527,0.009181969949916527,0.010851419031719533,0.005843071786310518,0.007512520868113523,0.0008347245409015025,0.011686143572621035,0.005008347245409015,0.009181969949916527,0.00667779632721202,0.0008347245409015025,0.0025041736227045075,0.0,0.0,0.0,0.0008347245409015025,0.0,0.0,0.0,0.0,0.0,0.0,0.0,0.0,0.0,0.0,0.0,0.0,0.0,0.0,0.0,0.0,0.0,0.0,0.0,0.0,0.0008347245409015025,0.0008347245409015025,0.0008347245409015025,0.0,0.0,0.0,0.0,0.0,0.0,0.0,0.0,0.0,0.0008347245409015025,0.0,0.0,0.0,0.0,0.0,0.0,0.0008347245409015025,0.0,0.0,0.0,0.0008347245409015025,0.0,0.0,0.0,0.0,0.0,0.0,0.0,0.0,0.0,0.0,0.0,0.0,0.0008347245409015025,0.0,0.0,0.0,0.0,0.0,0.0,0.0,0.0008347245409015025,0.0,0.0,0.0,0.0,0.0,0.0,0.0,0.0,0.0008347245409015025,0.0,0.0
72,72.0,652.0,0.0,0.0,0.0,0.0,0.9662576687116564,1.0,0.0,0.0,0.0,0.0,0.0,0.0,0.0,0.0,0.0,0.0,0.0,0.0,0.0,0.0,0.0,0.004601226993865031,0.006134969325153374,0.004601226993865031,0.0,0.004601226993865031,0.04141104294478528,0.009202453987730062,0.004601226993865031,0.010736196319018405,0.0,0.0015337423312883436,0.003067484662576687,0.0,0.0,0.003067484662576687,0.003067484662576687,0.006134969325153374,0.003067484662576687,0.0015337423312883436,0.006134969325153374,0.0,0.0,0.0,0.0,0.0,0.0,0.0,0.0,0.0,0.0,0.0,0.0,0.0,0.0,0.0,0.0,0.0,0.0,0.0,0.0,0.0,0.0,0.0,0.0,0.0,0.0,0.0,0.0,0.0,0.0,0.0,0.0,0.0,0.0,0.0,0.0,0.0,0.0,0.0,0.0,0.0,0.0,0.0,0.0,0.0,0.0,0.0,0.0,0.0,0.0,0.0,0.0,0.0,0.0,0.0,0.0,0.0,0.0,0.0,0.0015337423312883436,0.0,0.0,0.0,0.0,0.0,0.0,0.0,0.0,0.0,0.0,0.0,0.0,0.0,0.0,0.0,0.0,0.0,0.0,0.0,0.0
73,73.0,362.0,0.0,0.0,0.0,0.0,0.0,0.0,1.0,0.0,1.0,0.0,0.0,0.0,0.0,0.0,0.0,0.0,0.0,0.0,0.0,0.0,0.0,0.0027624309392265192,0.0055248618784530384,0.011049723756906077,0.0055248618784530384,0.0,0.008287292817679558,0.019337016574585635,0.011049723756906077,0.011049723756906077,0.0055248618784530384,0.0055248618784530384,0.0055248618784530384,0.008287292817679558,0.0,0.0027624309392265192,0.008287292817679558,0.0027624309392265192,0.0027624309392265192,0.0027624309392265192,0.008287292817679558,0.0,0.0,0.0,0.0,0.0,0.0,0.0,0.0,0.0,0.0,0.0,0.0,0.0,0.0,0.0,0.0,0.0,0.0,0.0,0.0,0.0,0.0,0.0,0.0,0.0,0.0,0.0,0.0,0.0,0.0,0.0,0.0,0.0,0.0,0.0,0.0,0.0,0.0,0.0,0.0,0.0,0.0,0.0,0.0,0.0,0.0,0.0,0.0,0.0,0.0,0.0,0.0,0.0,0.0,0.0,0.0,0.0,0.0,0.0,0.0,0.0,0.0,0.0,0.0,0.0,0.0,0.0,0.0,0.0,0.0,0.0,0.0,0.0,0.0,0.0,0.0,0.0,0.0,0.0,0.0
74,74.0,339.0,0.0,1.0,0.6194690265486725,1.0,0.5899705014749262,1.0,0.0,0.0,1.0,0.0,0.0,0.0,0.0,0.0,0.0,0.0029498525073746312,0.0,0.0,0.0,0.0,0.0,0.0,0.038348082595870206,0.038348082595870206,0.02654867256637168,0.0,0.0,0.038348082595870206,0.02654867256637168,0.029498525073746312,0.04129793510324484,0.0471976401179941,0.04129793510324484,0.032448377581120944,0.0,0.029498525073746312,0.017699115044247787,0.0,0.017699115044247787,0.0029498525073746312,0.0058997050147492625,0.0,0.0,0.0,0.0,0.0,0.0,0.0,0.0,0.0,0.0,0.0,0.0,0.0,0.0,0.0,0.0,0.0,0.0,0.0,0.0,0.0,0.0,0.0,0.0,0.0,0.0,0.0,0.0,0.0,0.0,0.0,0.0,0.0,0.0,0.0,0.0,0.0,0.0,0.0,0.0,0.0,0.0,0.0,0.0,0.0,0.0,0.0,0.0,0.0,0.0,0.0,0.0,0.0,0.0,0.0,0.0,0.0,0.0,0.0,0.0,0.0,0.0,0.0,0.0,0.0,0.0,0.0,0.0,0.0,0.0,0.0,0.0,0.0,0.0,0.0,0.0,0.0,0.0,0.0,0.0
75,75.0,144.0,0.0,0.6180555555555555,0.0,0.6388888888888888,0.0,1.0,1.0,1.0,1.0,0.0,0.0,0.0,0.0,0.0,0.0,0.0,0.0,0.0,0.0,0.0,0.0,0.0,0.034722222222222224,0.06944444444444445,0.020833333333333332,0.020833333333333332,0.020833333333333332,0.048611111111111105,0.027777777777777776,0.006944444444444444,0.05555555555555555,0.027777777777777776,0.0625,0.041666666666666664,0.0,0.013888888888888888,0.020833333333333332,0.034722222222222224,0.020833333333333332,0.0,0.006944444444444444,0.0,0.0,0.0,0.006944444444444444,0.0,0.0,0.0,0.0,0.0,0.0,0.0,0.0,0.0,0.0,0.0,0.0,0.0,0.0,0.0,0.0,0.0,0.0,0.0,0.0,0.0,0.0,0.0,0.0,0.0,0.0,0.0,0.0,0.0,0.0,0.0,0.0,0.0,0.0,0.0,0.0,0.0,0.0,0.0,0.0,0.0,0.0,0.0,0.0,0.0,0.0,0.0,0.0,0.0,0.0,0.0,0.0,0.0,0.0,0.0,0.0,0.0,0.0,0.0,0.0,0.0,0.0,0.0,0.0,0.0,0.0,0.0,0.0,0.0,0.0,0.0,0.0,0.0,0.0,0.0,0.0
76,76.0,623.0,0.20224719101123595,0.0,0.0,0.0,0.0,0.0016051364365971107,0.0,0.0,0.0016051364365971107,0.695024077046549,0.0,0.8731942215088282,0.0,0.011235955056179775,0.016051364365971106,0.03691813804173355,0.07062600321027288,0.012841091492776886,0.011235955056179775,0.019261637239165328,0.019261637239165328,0.10754414125200643,0.0,0.0,0.0,0.0,0.0,0.0,0.0,0.0,0.0,0.0,0.0,0.0,0.0,0.0,0.0,0.0,0.0,0.07865168539325842,0.0016051364365971107,0.012841091492776886,0.0016051364365971107,0.006420545746388443,0.006420545746388443,0.0016051364365971107,0.0032102728731942215,0.0032102728731942215,0.0,0.0,0.0016051364365971107,0.004815409309791332,0.0,0.0,0.006420545746388443,0.0,0.0,0.0,0.0,0.0,0.0,0.0,0.0,0.0016051364365971107,0.0,0.009630818619582664,0.02086677367576244,0.006420545746388443,0.0,0.0016051364365971107,0.0,0.0,0.0,0.0,0.0,0.0,0.0,0.0,0.0,0.0,0.0,0.004815409309791332,0.004815409309791332,0.0,0.0,0.0,0.0,0.0032102728731942215,0.0,0.0,0.0,0.0,0.0,0.0,0.008025682182985553,0.0,0.008025682182985553,0.0,0.0,0.0,0.0,0.0016051364365971107,0.0,0.0,0.0,0.0,0.0,0.0,0.0016051364365971107,0.0,0.0,0.0,0.0,0.0,0.0,0.0,0.0,0.0,0.0,0.0,0.0
77,77.0,370.0,0.0,0.0,1.0,0.0,0.0,0.0,0.0,0.12702702702702703,1.0,0.0,0.0,0.0,0.0,0.0,0.0,0.0,0.0,0.0,0.0,0.0,0.0,0.005405405405405406,0.008108108108108109,0.010810810810810811,0.010810810810810811,0.008108108108108109,0.002702702702702703,0.013513513513513514,0.016216216216216217,0.008108108108108109,0.0,0.005405405405405406,0.013513513513513514,0.002702702702702703,0.0,0.002702702702702703,0.0,0.0,0.008108108108108109,0.0,0.0,0.0,0.0,0.0,0.0,0.0,0.0,0.0,0.0,0.0,0.0,0.0,0.002702702702702703,0.0,0.0,0.0,0.0,0.0,0.0,0.0,0.0,0.0,0.0,0.0,0.0,0.0,0.0,0.0,0.0,0.0,0.0,0.0,0.0,0.0,0.0,0.0,0.0,0.0,0.0,0.0,0.0,0.0,0.0,0.0,0.0,0.0,0.0,0.0,0.0,0.0,0.0,0.0,0.0,0.0,0.0,0.0,0.0,0.0,0.0,0.0,0.002702702702702703,0.0,0.0,0.0,0.0,0.0,0.0,0.0,0.0,0.0,0.0,0.0,0.0,0.0,0.0,0.0,0.0,0.0,0.0,0.0,0.0
78,78.0,4.0,0.0,0.0,0.0,0.0,0.0,0.0,0.0,0.0,0.0,1.0,1.0,0.0,0.0,1.0,0.0,0.0,0.0,0.0,0.0,0.0,0.0,0.0,0.0,0.0,0.0,0.0,0.0,0.0,0.0,0.0,0.0,0.0,0.0,0.0,0.0,0.0,0.0,0.0,0.0,0.0,0.0,0.0,0.0,0.0,1.0,0.0,1.0,0.0,0.0,0.0,0.0,0.0,0.0,0.0,0.0,0.0,1.0,0.0,0.0,0.0,1.0,0.0,0.0,0.0,0.0,0.0,0.0,0.0,0.0,1.0,0.0,0.0,0.0,0.0,0.0,0.0,0.0,0.0,0.0,0.0,0.0,0.0,0.0,0.0,0.0,1.0,0.0,0.0,0.0,0.0,0.0,0.0,0.0,0.0,0.0,0.0,0.0,1.0,0.0,0.0,0.0,0.0,0.0,0.0,0.0,0.0,0.0,0.0,0.0,0.0,0.0,0.0,0.0,0.0,0.0,0.0,0.0,0.5,0.0,0.0,1.0
79,79.0,779.0,0.0,0.9999999999999999,0.0,0.0,0.0,0.0,0.9999999999999999,0.12066752246469832,0.0,0.0,0.0,0.0,0.0,0.0,0.0,0.0,0.0,0.0,0.0,0.0,0.0,0.0012836970474967907,0.008985879332477534,0.014120667522464696,0.008985879332477534,0.011553273427471117,0.008985879332477534,0.011553273427471117,0.006418485237483953,0.012836970474967907,0.008985879332477534,0.012836970474967907,0.008985879332477534,0.008985879332477534,0.0,0.005134788189987163,0.007702182284980744,0.003851091142490372,0.007702182284980744,0.0012836970474967907,0.0025673940949935813,0.0,0.0,0.0,0.0012836970474967907,0.0,0.0,0.0,0.0,0.0,0.0,0.0,0.0,0.0,0.0,0.0,0.0,0.0,0.0,0.0,0.0,0.0,0.0,0.0,0.0,0.0,0.0,0.0012836970474967907,0.0,0.0,0.0,0.0,0.0,0.0,0.0,0.0,0.0,0.0,0.0,0.0,0.0,0.0,0.0,0.0,0.0,0.0,0.0,0.0,0.0,0.0,0.0,0.0,0.0,0.0,0.0,0.0,0.0,0.0,0.0,0.0,0.0,0.0,0.0,0.0,0.0,0.0,0.0,0.0,0.0,0.0,0.0,0.0,0.0,0.0,0.0,0.0,0.0,0.0,0.0,0.0,0.0
80,80.0,121.0,0.0,0.0,0.0,0.0,0.008264462809917356,0.0,0.0,0.008264462809917356,0.0,0.9834710743801653,0.9917355371900827,0.4793388429752066,0.0,0.9421487603305785,0.0,0.8512396694214877,0.9338842975206612,0.8760330578512396,0.8347107438016529,0.8099173553719008,0.8925619834710744,0.0,0.0,0.0,0.0,0.0,0.0,0.0,0.0,0.0,0.0,0.0,0.0,0.0,0.0,0.0,0.0,0.0,0.0,0.0,0.0,0.0,0.0,0.0,0.0,0.0,0.01652892561983471,0.008264462809917356,0.0,0.008264462809917356,0.0,0.0,0.0,0.008264462809917356,0.0,0.01652892561983471,0.008264462809917356,0.0,0.0,0.0,0.0,0.0,0.0,0.0,0.008264462809917356,0.0,0.0,0.0,0.0,0.0,0.0,0.0,0.0,0.0,0.0,0.0,0.0,0.0,0.008264462809917356,0.0,0.0,0.0,0.0,0.0,0.0,0.0,0.0,0.0,0.0,0.0,0.0,0.0,0.0,0.0,0.0,0.0,0.0,0.0,0.0,0.0,0.0,0.0,0.0,0.0,0.0,0.0,0.0,0.0,0.0,0.0,0.0,0.0,0.0,0.0,0.0,0.0,0.0,0.0,0.0,0.0,0.0
81,81.0,153.0,0.0,0.9934640522875817,1.0,0.9673202614379085,0.9738562091503268,0.9934640522875817,0.9803921568627452,0.9281045751633987,0.9673202614379085,0.0,0.0,0.0,0.0,0.0,0.0,0.0,0.0,0.0,0.0,0.0,0.0,0.0,0.24836601307189543,0.17647058823529413,0.16993464052287582,0.1503267973856209,0.23529411764705882,0.17647058823529413,1.0,0.0,0.16339869281045752,0.18300653594771243,0.058823529411764705,1.0,0.0,0.06535947712418301,0.11764705882352941,0.11764705882352941,0.11764705882352941,0.0,0.013071895424836602,0.006535947712418301,0.0,0.0,0.013071895424836602,0.0,0.0,0.0,0.0,0.0,0.0,0.0,0.0,0.0,0.0,0.0,0.006535947712418301,0.006535947712418301,0.0,0.0,0.0,0.0,0.0,0.0,0.0,0.0,0.0,0.0,0.0,0.0,0.0,0.0,0.0,0.0,0.0,0.0,0.0,0.0,0.0,0.0,0.0,0.0,0.0,0.0,0.0,0.0,0.0,0.0,0.0,0.0,0.0,0.0,0.0,0.0,0.0,0.0,0.0,0.0,0.0,0.0,0.0,0.0,0.0,0.0,0.0,0.0,0.0,0.0,0.0,0.0,0.0,0.0,0.0,0.0,0.0,0.0,0.0,0.0,0.0,0.0,0.0
82,82.0,181.0,0.0,0.0,0.0,0.0,0.0,0.0,0.0,0.0,0.0,0.9779005524861878,0.9558011049723757,1.0,0.9723756906077348,0.8895027624309392,0.9613259668508287,0.8784530386740331,0.8563535911602209,0.0,0.8287292817679558,0.7955801104972375,0.8674033149171271,0.0,0.0,0.0,0.0,0.0,0.0,0.0,0.0,0.0,0.0,0.0,0.0,0.0,0.0,0.0,0.0,0.0,0.0,0.0055248618784530384,0.0,0.0,0.0,0.0,0.0,0.0,0.0,0.0,0.0,0.0,0.0,0.0,0.0,0.0,0.0,0.0,0.0,0.0,0.0,0.0,0.0,0.0,0.0,0.0,0.0,0.0,0.0,0.0,0.0,0.0,0.0,0.0,0.0,0.0,0.0,0.0,0.0,0.0,0.0,0.0,0.0,0.0,0.0,0.0,0.0,0.0,0.0,0.0,0.0,0.0,0.0,0.0,0.0,0.0,0.0,0.0,0.0,0.0,0.0,0.0,0.0,0.0,0.0,0.0,0.0,0.0,0.0,0.0,0.0,0.0,0.0,0.0,0.0,0.0,0.0,0.0,0.0,0.0,0.0,0.0,0.0
83,83.0,358.0,0.0,0.958100558659218,0.9720670391061453,0.9664804469273743,0.9804469273743017,0.9608938547486033,0.9664804469273743,0.9357541899441341,0.8854748603351955,0.0,0.0,0.0,0.0,0.0,0.0,0.0,0.0,0.0,0.0,0.0,0.0,0.002793296089385475,0.10614525139664804,0.0558659217877095,0.0,0.008379888268156424,0.15363128491620112,0.0,0.00558659217877095,0.0782122905027933,1.0,0.0,0.0782122905027933,0.08100558659217877,0.0,0.0,0.04189944134078213,0.0670391061452514,0.0558659217877095,0.002793296089385475,0.008379888268156424,0.0,0.0,0.0,0.0,0.0,0.0,0.0,0.0,0.0,0.0,0.0,0.0,0.0,0.0,0.0,0.0,0.0,0.0,0.0,0.0,0.0,0.0,0.0,0.0,0.0,0.0,0.0,0.0,0.0,0.0,0.0,0.0,0.0,0.0,0.0,0.0,0.0,0.0,0.0,0.0,0.0,0.0,0.0,0.0,0.0,0.0,0.0,0.0,0.0,0.0,0.0,0.0,0.0,0.0,0.0,0.0,0.0,0.0,0.0,0.0,0.0,0.0,0.0,0.0,0.0,0.0,0.0,0.0,0.0,0.0,0.0,0.0,0.0,0.0,0.0,0.0,0.0,0.0,0.0,0.0
84,84.0,913.0,0.0,1.0,0.23877327491785322,0.0,1.0,0.0,0.0,0.0,0.0,0.0,0.0,0.0,0.0,0.0,0.0,0.0,0.0,0.0,0.0,0.0,0.0,0.004381161007667032,0.01095290251916758,0.012048192771084338,0.00985761226725082,0.007667031763417305,0.00985761226725082,0.007667031763417305,0.007667031763417305,0.012048192771084338,0.013143483023001095,0.008762322015334063,0.01095290251916758,0.01533406352683461,0.0,0.0032858707557502738,0.004381161007667032,0.004381161007667032,0.0032858707557502738,0.001095290251916758,0.00547645125958379,0.0,0.0,0.0,0.001095290251916758,0.0,0.0,0.0,0.0,0.0,0.0,0.0,0.0,0.0,0.0,0.0,0.0,0.0,0.0,0.0,0.0,0.0,0.0,0.0,0.0,0.0,0.0,0.0,0.0,0.0,0.0,0.0,0.0,0.0,0.0,0.0,0.0,0.0,0.0,0.0,0.0,0.0,0.0,0.0,0.0,0.0,0.0,0.0,0.0,0.0,0.0,0.0,0.0,0.0,0.0,0.0,0.0,0.0,0.0,0.0,0.0,0.0,0.0,0.0,0.0,0.0,0.0,0.0,0.0,0.0,0.0,0.0,0.0,0.0,0.0,0.0,0.0,0.0,0.0,0.0,0.0
85,85.0,47.0,0.0,0.0,0.0,0.0,0.0,0.0,0.0,0.0,0.0,1.0,1.0,0.9787234042553191,1.0,1.0,1.0,1.0,0.9787234042553191,1.0,1.0,0.0,1.0,0.0,0.0,0.0,0.0,0.0,0.0,0.0,0.0,0.0,0.0,0.0,0.0,0.0,0.0,0.0,0.0,0.0,0.0,0.9787234042553191,1.0,1.0,1.0,0.0,1.0,1.0,0.9787234042553191,1.0,0.0,1.0,1.0,1.0,0.9787234042553191,1.0,0.9787234042553191,1.0,1.0,1.0,0.9787234042553191,0.0,1.0,1.0,1.0,0.02127659574468085,0.0,1.0,1.0,0.9787234042553191,0.0,1.0,1.0,0.9787234042553191,1.0,1.0,0.0,1.0,0.9787234042553191,1.0,1.0,1.0,1.0,0.9787234042553191,1.0,1.0,0.0,1.0,1.0,0.9787234042553191,1.0,1.0,1.0,1.0,1.0,0.9787234042553191,1.0,1.0,1.0,1.0,1.0,1.0,0.0,0.9787234042553191,1.0,1.0,1.0,0.9787234042553191,1.0,1.0,1.0,1.0,1.0,1.0,1.0,1.0,1.0,1.0,1.0,0.9787234042553191,1.0,1.0,1.0
86,86.0,3.0,0.0,0.0,0.0,0.0,0.0,0.0,0.0,0.0,0.0,0.0,1.0,0.0,0.0,0.0,0.0,0.0,0.0,0.0,0.0,0.0,0.0,0.0,0.0,0.0,0.0,0.0,0.0,0.0,0.0,0.0,0.0,0.0,0.0,0.0,0.0,0.0,0.0,0.0,0.0,0.0,0.0,0.0,0.0,0.0,0.0,0.0,1.0,0.0,0.0,0.0,0.0,0.0,0.0,0.0,0.0,0.0,1.0,0.0,0.0,0.0,0.0,0.0,0.0,0.0,0.0,0.0,0.0,0.0,0.0,0.6666666666666666,0.0,0.0,0.0,0.0,0.0,0.0,0.0,0.0,0.0,0.0,0.0,0.0,0.0,0.0,0.0,1.0,0.0,0.0,0.0,0.0,0.0,0.0,0.0,0.0,0.0,0.0,0.0,1.0,0.0,0.0,0.0,0.0,0.0,0.0,0.0,0.0,0.0,0.0,0.0,0.0,0.0,0.0,0.0,0.0,0.0,0.0,0.0,0.0,0.0,0.0,0.3333333333333333
87,87.0,121.0,0.0,0.9173553719008265,0.9338842975206612,0.9173553719008265,1.0,0.9917355371900827,0.9256198347107438,0.6033057851239669,0.0,0.0,0.0,0.0,0.0,0.0,0.0,0.0,0.0,0.0,0.0,0.0,0.0,0.008264462809917356,0.09917355371900827,0.06611570247933884,0.04132231404958678,0.03305785123966942,0.008264462809917356,0.06611570247933884,0.09917355371900827,0.12396694214876033,0.09090909090909091,1.0,0.06611570247933884,0.024793388429752067,0.008264462809917356,0.05785123966942149,0.03305785123966942,0.008264462809917356,0.01652892561983471,0.0,0.0,0.0,0.0,0.0,0.0,0.0,0.0,0.0,0.0,0.0,0.0,0.0,0.0,0.0,0.0,0.0,0.0,0.0,0.0,0.0,0.0,0.0,0.0,0.0,0.0,0.0,0.0,0.0,0.0,0.0,0.0,0.0,0.0,0.0,0.0,0.0,0.0,0.0,0.0,0.0,0.0,0.0,0.0,0.0,0.0,0.0,0.0,0.0,0.0,0.0,0.0,0.0,0.0,0.0,0.0,0.0,0.0,0.0,0.0,0.0,0.0,0.0,0.0,0.0,0.0,0.0,0.0,0.0,0.0,0.0,0.0,0.0,0.0,0.0,0.0,0.0,0.0,0.0,0.0,0.0,0.0
88,88.0,122.0,0.0,0.0,0.0,0.00819672131147541,0.0,0.0,0.0,0.0,0.0,1.0,1.0,0.6475409836065574,0.9426229508196722,0.9180327868852459,0.8934426229508197,0.9262295081967213,0.9098360655737705,0.8770491803278689,0.9262295081967213,0.9016393442622951,0.9508196721311476,0.0,0.0,0.0,0.0,0.0,0.0,0.0,0.0,0.0,0.0,0.0,0.0,0.0,0.0,0.0,0.0,0.0,0.0,0.0,0.9836065573770493,0.0,0.0,0.0,0.0,0.9918032786885247,1.0,0.9918032786885247,0.0,0.9754098360655739,0.9836065573770493,0.0,0.9836065573770493,0.9918032786885247,0.9918032786885247,0.9754098360655739,0.0,0.0,0.0,0.9836065573770493,0.0,0.0,0.0,0.8114754098360656,0.6967213114754098,0.0,0.0,0.0,0.0,0.0,0.0,0.0,0.0,0.0,0.0,0.0,0.0,0.0,0.0,0.0,0.0,0.0,0.0,0.0,0.0,0.0,0.0,0.0,0.0,0.0,0.0,0.0,0.0,0.0,0.0,0.0,0.0,0.0,0.0,0.0,0.0,0.0,0.0,0.0,0.0,0.0,0.0,0.0,0.0,0.0,0.0,0.0,0.0,0.0,0.0,0.0,0.0,0.0,0.0,0.0,0.0
89,89.0,253.0,0.0,0.0,0.0,0.9999999999999999,0.9999999999999999,0.9999999999999999,0.9999999999999999,0.225296442687747,0.24901185770750986,0.0,0.0,0.0,0.0,0.0,0.0,0.0,0.0,0.0,0.0,0.0,0.0,0.003952569169960474,0.01976284584980237,0.03162055335968379,0.043478260869565216,0.04743083003952569,0.03162055335968379,0.035573122529644265,0.01976284584980237,0.02766798418972332,0.01976284584980237,0.04743083003952569,0.023715415019762844,0.02766798418972332,0.0,0.015810276679841896,0.007905138339920948,0.011857707509881422,0.007905138339920948,0.0,0.0,0.0,0.0,0.0,0.0,0.0,0.0,0.0,0.0,0.0,0.0,0.0,0.0,0.0,0.0,0.0,0.0,0.0,0.0,0.0,0.0,0.0,0.0,0.0,0.0,0.0,0.0,0.0,0.0,0.0,0.0,0.0,0.0,0.0,0.0,0.0,0.0,0.0,0.0,0.0,0.0,0.0,0.0,0.0,0.0,0.0,0.0,0.0,0.0,0.0,0.0,0.0,0.0,0.0,0.0,0.0,0.0,0.0,0.0,0.0,0.0,0.0,0.0,0.0,0.0,0.0,0.0,0.0,0.0,0.0,0.0,0.0,0.0,0.0,0.0,0.0,0.0,0.0,0.0,0.0,0.0
90,90.0,102.0,0.00980392156862745,0.0,0.0,0.0,0.0,0.0,0.0,0.0,0.0,0.8217821782178218,0.7920792079207921,0.504950495049505,0.7326732673267327,0.26732673267326734,0.09900990099009901,0.44554455445544555,0.33663366336633666,0.18811881188118812,0.18811881188118812,0.3069306930693069,0.9900990099009901,0.019801980198019802,0.0,0.0,0.0,0.0,0.0,0.0,0.0,0.0,0.0,0.0,0.0,0.0,0.0,0.0,0.0,0.0,0.0,0.0,0.0,0.009900990099009901,0.0,0.0,0.0,0.009900990099009901,0.0,0.0,0.0,0.0,0.0,0.0,0.009900990099009901,0.0,0.0,0.009900990099009901,0.0,0.0,0.0,0.009900990099009901,0.0,0.0,0.0,0.0,0.0,0.0,0.0,0.0,0.0,0.0,0.0,0.0,0.0,0.0,0.0,0.0,0.0,0.0,0.0,0.0,0.0,0.0,0.0,0.0,0.0,0.0,0.0,0.0,0.0,0.0,0.0,0.0,0.0,0.0,0.0,0.0,0.0,0.0,0.0,0.0,0.0,0.0,0.0,0.0,0.0,0.0,0.0,0.0,0.0,0.0,0.0,0.0,0.0,0.0,0.0,0.0,0.0,0.0,0.0,0.0,0.0
91,91.0,314.0,0.0,0.8471337579617835,0.7229299363057325,0.694267515923567,1.0,1.0,0.0,1.0,1.0,0.0,0.0,0.0,0.0,0.0,0.0,0.0,0.0,0.0,0.0,0.0,0.0,0.0,0.03503184713375796,0.0445859872611465,0.01592356687898089,0.038216560509554146,0.012738853503184714,0.03184713375796178,0.03184713375796178,0.028662420382165606,0.019108280254777073,0.050955414012738856,0.02229299363057325,0.019108280254777073,0.0,0.028662420382165606,0.03184713375796178,0.019108280254777073,0.02229299363057325,0.0031847133757961785,0.006369426751592357,0.0,0.0,0.0,0.0,0.0,0.0,0.0,0.0,0.0,0.0,0.0,0.0,0.0,0.0,0.0,0.0,0.0,0.0,0.0,0.0,0.0,0.0,0.0,0.0,0.0,0.0,0.0,0.0,0.0,0.0,0.0,0.0,0.0,0.0,0.0,0.0,0.0,0.0,0.0,0.0,0.0,0.0,0.0,0.0,0.0,0.0,0.0,0.0,0.0,0.0,0.0,0.0,0.0,0.0,0.0,0.0,0.0,0.0,0.0,0.0,0.0,0.0,0.0,0.0,0.0,0.0,0.0,0.0,0.0,0.0,0.0,0.0,0.0,0.0,0.0,0.0,0.0,0.0,0.0,0.0
92,92.0,142.0,0.0,0.795774647887324,0.7464788732394366,1.0,0.0,0.823943661971831,0.0,1.0,1.0,0.0,0.0,0.0,0.0,0.0,0.0,0.0,0.0,0.0,0.0,0.0,0.0,0.007042253521126761,0.07042253521126761,0.035211267605633804,0.056338028169014086,0.028169014084507043,0.06338028169014084,0.04929577464788733,0.04225352112676056,0.04225352112676056,0.007042253521126761,0.028169014084507043,0.056338028169014086,0.04929577464788733,0.0,0.02112676056338028,0.007042253521126761,0.028169014084507043,0.02112676056338028,0.0,0.007042253521126761,0.0,0.0,0.0,0.0,0.0,0.0,0.0,0.0,0.0,0.0,0.0,0.0,0.0,0.0,0.0,0.0,0.0,0.0,0.0,0.0,0.0,0.0,0.0,0.0,0.007042253521126761,0.0,0.0,0.0,0.0,0.0,0.0,0.0,0.0,0.0,0.0,0.0,0.0,0.0,0.0,0.0,0.0,0.0,0.0,0.0,0.0,0.0,0.0,0.0,0.0,0.0,0.0,0.0,0.0,0.0,0.0,0.0,0.0,0.0,0.0,0.0,0.0,0.0,0.0,0.0,0.0,0.0,0.0,0.0,0.0,0.0,0.0,0.0,0.0,0.0,0.0,0.0,0.0,0.0,0.0,0.0
93,93.0,466.0,0.0,0.0,0.0,0.0,0.0,0.0,1.0,0.0,0.0,0.006437768240343348,0.002145922746781116,0.002145922746781116,0.0,0.0,0.0,0.006437768240343348,0.0,0.0,0.0,0.0,0.0,0.06652360515021459,0.047210300429184546,0.04935622317596566,0.045064377682403435,0.05150214592274678,0.0536480686695279,0.05150214592274678,0.04291845493562232,0.030042918454935622,0.032188841201716736,0.047210300429184546,0.0536480686695279,0.0407725321888412,0.0,0.027896995708154508,0.019313304721030045,0.017167381974248927,0.019313304721030045,0.03862660944206009,0.0,0.0,0.0,0.0,0.006437768240343348,0.0,0.0,0.0,0.0,0.0,0.0,0.0,0.0,0.0,0.0,0.0,0.0,0.0,0.0,0.0,0.0,0.0,0.0,0.0,0.0,0.004291845493562232,0.0,0.004291845493562232,0.0,0.0,0.0,0.0,0.0,0.0,0.002145922746781116,0.0,0.006437768240343348,0.0,0.0,0.0,0.0,0.0,0.0,0.0,0.0,0.0,0.0,0.0,0.0,0.0,0.0,0.0,0.0,0.0,0.0,0.0,0.0,0.0,0.0,0.0,0.002145922746781116,0.0,0.0,0.0,0.0,0.0,0.0,0.0,0.0,0.0,0.0,0.0,0.0,0.0,0.0,0.0,0.0,0.0,0.0,0.0,0.0
94,94.0,75.0,0.0,1.0,1.0,1.0,1.0,1.0,1.0,0.9864864864864865,1.0,0.0,0.0,0.0,0.0,0.0,0.0,0.0,0.0,0.0,0.0,0.0,0.0,0.0,0.8378378378378379,0.44594594594594594,0.945945945945946,0.1891891891891892,0.32432432432432434,0.17567567567567569,0.20270270270270271,0.7162162162162162,0.41891891891891897,0.8918918918918919,0.7162162162162162,0.7837837837837838,0.0,0.3783783783783784,0.6891891891891893,0.2567567567567568,0.2567567567567568,0.0,0.013513513513513514,0.0,0.0,0.0,0.0,0.0,0.0,0.0,0.0,0.0,0.0,0.0,0.0,0.0,0.0,0.0,0.0,0.0,0.0,0.0,0.0,0.0,0.0,0.0,0.0,0.0,0.0,0.0,0.0,0.0,0.0,0.0,0.0,0.0,0.0,0.0,0.0,0.0,0.0,0.0,0.0,0.0,0.0,0.0,0.0,0.0,0.0,0.0,0.0,0.0,0.0,0.0,0.0,0.0,0.0,0.0,0.0,0.0,0.0,0.0,0.0,0.0,0.0,0.0,0.0,0.0,0.0,0.0,0.0,0.0,0.0,0.0,0.0,0.0,0.0,0.0,0.0,0.0,0.0,0.0,0.0
95,95.0,198.0,0.0,1.0,0.0,0.7070707070707072,0.984848484848485,1.0,1.0,0.0,1.0,0.0,0.0,0.0,0.0,0.0,0.0,0.0,0.0,0.0,0.0,0.0,0.0,0.0,0.030303030303030304,0.03535353535353536,0.03535353535353536,0.025252525252525256,0.04040404040404041,0.08080808080808081,0.05050505050505051,0.010101010101010102,0.10606060606060606,0.015151515151515152,0.030303030303030304,0.045454545454545456,0.0,0.015151515151515152,0.03535353535353536,0.0,0.015151515151515152,0.0,0.0,0.0,0.0,0.0,0.005050505050505051,0.0,0.0,0.0,0.0,0.0,0.0,0.0,0.0,0.0,0.0,0.0,0.0,0.0,0.0,0.0,0.0,0.0,0.0,0.0,0.0,0.0,0.0,0.0,0.0,0.0,0.0,0.0,0.0,0.0,0.0,0.0,0.0,0.0,0.0,0.0,0.0,0.0,0.0,0.0,0.0,0.0,0.0,0.0,0.0,0.0,0.0,0.0,0.0,0.0,0.0,0.0,0.0,0.0,0.0,0.0,0.0,0.0,0.0,0.0,0.0,0.0,0.0,0.0,0.0,0.0,0.0,0.0,0.0,0.0,0.0,0.0,0.0,0.0,0.0,0.0,0.0
96,96.0,770.0,0.0,1.0,1.0,0.0,0.0,0.0,0.0,0.10779220779220779,0.0,0.0,0.0,0.0,0.0,0.0,0.0,0.0,0.0,0.0,0.0,0.0,0.0,0.0012987012987012987,0.006493506493506494,0.01038961038961039,0.00909090909090909,0.012987012987012988,0.005194805194805195,0.003896103896103896,0.015584415584415584,0.01038961038961039,0.0,0.00909090909090909,0.00909090909090909,0.007792207792207792,0.0,0.006493506493506494,0.003896103896103896,0.007792207792207792,0.005194805194805195,0.0012987012987012987,0.0012987012987012987,0.0,0.0,0.0,0.0012987012987012987,0.0,0.0,0.0,0.0,0.0,0.0,0.0,0.0,0.0,0.0,0.0,0.0,0.0,0.0,0.0,0.0,0.0,0.0,0.0,0.0,0.0012987012987012987,0.0,0.0,0.0,0.0,0.0,0.0,0.0,0.0,0.0,0.0,0.0,0.0,0.0,0.0,0.0,0.0,0.0,0.0,0.0,0.0,0.0,0.0,0.0,0.0,0.0,0.0,0.0,0.0,0.0,0.0,0.0,0.0,0.0,0.0,0.0,0.0,0.0,0.0,0.0,0.0,0.0,0.0,0.0,0.0,0.0,0.0,0.0,0.0,0.0,0.0,0.0,0.0,0.0,0.0,0.0
97,97.0,805.0,0.0,0.0,0.0,0.0,1.0,0.0,1.0,0.13664596273291926,0.0,0.0,0.0,0.0,0.0,0.0,0.0,0.0,0.0,0.0,0.0,0.0,0.0,0.002484472049689441,0.011180124223602485,0.009937888198757764,0.0012422360248447205,0.009937888198757764,0.013664596273291927,0.006211180124223603,0.006211180124223603,0.007453416149068323,0.011180124223602485,0.008695652173913044,0.006211180124223603,0.011180124223602485,0.0,0.0037267080745341614,0.0037267080745341614,0.007453416149068323,0.008695652173913044,0.0012422360248447205,0.0,0.0,0.0,0.0,0.002484472049689441,0.0,0.0,0.0,0.0,0.0,0.0,0.0,0.0,0.0,0.0,0.0,0.0,0.0,0.0,0.0,0.0,0.0,0.0,0.0,0.0,0.0012422360248447205,0.0,0.0,0.0,0.0,0.0,0.0,0.0,0.0,0.0,0.0,0.0,0.0,0.0,0.0,0.0,0.0,0.0,0.0,0.0,0.0,0.0,0.0,0.0,0.0,0.0,0.0,0.0,0.0,0.0,0.0,0.0,0.0,0.0,0.0,0.0,0.0,0.0,0.0,0.0,0.0,0.0,0.0,0.0,0.0,0.0,0.0,0.0,0.0,0.0,0.0,0.0,0.0,0.0,0.0,0.0
98,98.0,98.0,0.0,0.0,0.0,0.0,0.0,0.01020408163265306,0.0,0.0,0.0,0.0,0.0,0.0,0.0,0.0,0.0,0.0,0.0,0.0,0.0,0.0,0.0,0.9591836734693877,0.0,0.0,0.0,0.0,0.0,0.0,0.0,0.0,0.0,0.0,0.0,0.0,0.0,0.0,0.0,0.0,0.0,0.030612244897959183,0.0,0.0,0.0,0.0,0.0,0.0,0.0,0.0,0.0,0.0,0.0,0.0,0.0,0.0,0.0,0.0,0.0,0.0,0.0,0.0,0.0,0.0,0.0,0.0,0.0,0.0,0.0,0.0,0.0,0.0,0.0,0.0,0.0,0.0,0.9999999999999999,0.0,0.0,0.0,0.0,0.0,0.0,0.0,0.0,0.0,0.0,0.0,0.0,0.0,0.0,0.0,0.0,0.0,0.0,0.0,0.0,0.0,0.0,0.0,0.0,0.0,0.0,0.0,0.0,0.0,0.0,0.0,0.0,0.0,0.0,0.0,0.0,0.0,0.0,0.0,0.0,0.0,0.0,0.0,0.0,0.0,0.0
99,99.0,231.0,0.0,0.8744588744588745,0.0,0.4588744588744589,1.0,0.0,1.0,0.45021645021645024,1.0,0.0,0.0,0.0,0.0,0.0,0.0,0.004329004329004329,0.0,0.0,0.0,0.0,0.0,0.012987012987012988,0.030303030303030304,0.017316017316017316,0.030303030303030304,0.06493506493506493,0.03896103896103896,0.03896103896103896,0.03896103896103896,0.03463203463203463,0.017316017316017316,0.017316017316017316,0.025974025974025976,0.021645021645021644,0.0,0.004329004329004329,0.03463203463203463,0.004329004329004329,0.012987012987012988,0.0,0.008658008658008658,0.0,0.0,0.0,0.0,0.0,0.0,0.0,0.0,0.0,0.0,0.0,0.0,0.0,0.0,0.0,0.0,0.0,0.0,0.0,0.0,0.0,0.0,0.0,0.0,0.0,0.0,0.0,0.0,0.0,0.0,0.0,0.0,0.0,0.0,0.0,0.0,0.0,0.0,0.0,0.0,0.0,0.0,0.0,0.0,0.0,0.0,0.0,0.0,0.0,0.0,0.0,0.0,0.0,0.0,0.0,0.0,0.0,0.0,0.0,0.0,0.0,0.0,0.0,0.0,0.0,0.0,0.0,0.0,0.0,0.0,0.0,0.0,0.0,0.0,0.0,0.0,0.0,0.0,0.0,0.0
100,100.0,664.0,0.0,0.0,1.0,0.0,0.0,1.0,0.0,0.0,0.0,0.0,0.0,0.0,0.0,0.0,0.0,0.0,0.0,0.0,0.0,0.0,0.0,0.0030120481927710845,0.009036144578313254,0.0,0.007530120481927711,0.006024096385542169,0.0030120481927710845,0.006024096385542169,0.006024096385542169,0.007530120481927711,0.004518072289156627,0.010542168674698796,0.009036144578313254,0.010542168674698796,0.0,0.0015060240963855422,0.009036144578313254,0.0015060240963855422,0.004518072289156627,0.0015060240963855422,0.004518072289156627,0.0,0.0,0.0,0.0015060240963855422,0.0,0.0,0.0,0.0,0.0,0.0,0.0,0.0,0.0,0.0,0.0,0.0,0.0,0.0,0.0,0.0,0.0,0.0,0.0015060240963855422,0.0,0.0,0.0,0.0,0.0,0.0,0.0,0.0,0.0,0.0,0.0,0.0,0.0,0.0,0.0,0.0,0.0,0.0,0.0,0.0,0.0,0.0,0.0,0.0,0.0,0.0,0.0,0.0,0.0,0.0,0.0,0.0,0.0,0.0,0.0,0.0,0.0,0.0,0.0,0.0,0.0,0.0,0.0,0.0,0.0,0.0,0.0,0.0,0.0,0.0,0.0,0.0,0.0,0.0,0.0,0.0,0.0
101,101.0,367.0,0.0,1.0,0.0,0.33787465940054495,1.0,1.0,0.0,0.0,0.18528610354223432,0.0,0.0,0.0,0.0,0.0,0.0,0.0,0.0,0.0,0.0,0.0,0.0,0.0,0.008174386920980926,0.021798365122615803,0.013623978201634877,0.010899182561307902,0.01907356948228883,0.024523160762942777,0.021798365122615803,0.010899182561307902,0.01634877384196185,0.008174386920980926,0.02997275204359673,0.01634877384196185,0.0,0.008174386920980926,0.008174386920980926,0.005449591280653951,0.005449591280653951,0.005449591280653951,0.0027247956403269754,0.0,0.0,0.0,0.0027247956403269754,0.0,0.0,0.0,0.0,0.0,0.0,0.0,0.0,0.0,0.0,0.0,0.0,0.0,0.0,0.0,0.0,0.0,0.0,0.0,0.0,0.0,0.0,0.0,0.0,0.0,0.0,0.0,0.0,0.0,0.0,0.0,0.0,0.0,0.0,0.0,0.0,0.0,0.0,0.0,0.0,0.0,0.0,0.0,0.0,0.0,0.0,0.0,0.0,0.0,0.0,0.0,0.0,0.0,0.0,0.0,0.0,0.0,0.0,0.0,0.0,0.0,0.0,0.0,0.0,0.0,0.0,0.0,0.0,0.0,0.0,0.0,0.0,0.0,0.0,0.0,0.0
102,102.0,133.0,0.0,0.0,0.0,0.0,0.0,0.015037593984962405,0.007518796992481203,0.0,0.0,0.015037593984962405,0.0,0.0,0.007518796992481203,0.0,0.0,0.022556390977443608,0.0,0.0,0.0,0.0,0.0,0.03759398496240601,0.0,0.0,0.0,0.0,0.0,0.0,0.0,0.0,0.0,0.0,0.0,0.0,0.0,0.0,0.0,0.0,0.0,0.7969924812030075,0.0,0.007518796992481203,0.0,0.0,1.0,0.0,0.0,0.0,0.0,0.0,0.0,0.007518796992481203,0.0,0.0,0.0,0.0,0.0,0.007518796992481203,0.0,0.0,0.007518796992481203,0.007518796992481203,0.0,0.0,0.0,0.015037593984962405,0.015037593984962405,0.0,0.007518796992481203,0.0,0.0,0.0,0.007518796992481203,0.0,0.0,0.0,0.0,0.0,0.0,0.0,0.0,0.0,0.0,0.0,0.0,0.0,0.0,0.0,0.0,0.0,0.0,0.0,0.0,0.0,0.0,0.0,0.0,0.0,0.0,0.0,0.0,0.0,0.015037593984962405,0.0,0.0,0.0,0.0,0.0,0.0,0.0,0.0,0.0,0.0,0.0,0.0,0.0,0.0,0.007518796992481203,0.007518796992481203,0.0,0.0
103,103.0,142.0,0.007042253521126761,0.0,0.0,0.0,0.0,0.0,0.0,0.0,0.0,0.823943661971831,0.20422535211267606,0.0,0.007042253521126761,0.0,0.0,0.007042253521126761,0.0,0.0,0.0,0.0,0.0,0.0,0.0,0.0,0.0,0.0,0.0,0.0,0.0,0.0,0.0,0.0,0.0,0.0,0.0,0.0,0.0,0.0,0.0,0.0,0.02112676056338028,0.056338028169014086,0.014084507042253521,0.0,0.0,0.007042253521126761,0.007042253521126761,0.0,0.0,0.007042253521126761,0.0,1.0,0.0,0.0,0.0,0.007042253521126761,0.0,0.007042253521126761,0.0,0.0,0.0,0.0,0.0,0.0,0.007042253521126761,0.0,0.0,0.014084507042253521,0.0,0.0,0.0,0.0,0.007042253521126761,0.0,0.0,0.0,0.0,0.0,0.014084507042253521,0.0,0.0,0.0,0.0,0.0,0.0,0.0,0.0,0.0,0.007042253521126761,0.0,0.007042253521126761,0.007042253521126761,0.0,0.0,0.0,0.0,0.0,0.007042253521126761,0.014084507042253521,0.007042253521126761,0.0,0.0,0.0,0.0,0.007042253521126761,0.0,0.0,0.0,0.0,0.0,0.007042253521126761,0.0,0.0,0.0,0.0,0.007042253521126761,0.0,0.0,0.0,0.0,0.0
104,104.0,156.0,0.0,1.0,0.9871794871794871,0.9743589743589743,0.9871794871794871,0.9807692307692307,0.9871794871794871,0.9551282051282051,0.9615384615384615,0.0,0.0,0.0,0.0,0.0,0.0,0.0,0.0,0.0,0.0,0.0,0.0,0.01282051282051282,0.1858974358974359,0.1923076923076923,0.03205128205128205,0.6153846153846154,0.1987179487179487,0.08333333333333333,0.5641025641025641,0.04487179487179487,0.12179487179487179,0.1282051282051282,1.0,0.16025641025641024,0.0,0.07692307692307693,0.07051282051282051,0.05128205128205128,0.10256410256410256,0.0,0.019230769230769232,0.0,0.0,0.0,0.00641025641025641,0.0,0.0,0.0,0.0,0.0,0.0,0.0,0.0,0.0,0.0,0.0,0.0,0.0,0.0,0.0,0.0,0.0,0.0,0.0,0.0,0.0,0.0,0.0,0.0,0.0,0.0,0.0,0.0,0.0,0.0,0.0,0.0,0.0,0.0,0.0,0.0,0.0,0.0,0.0,0.0,0.0,0.0,0.0,0.0,0.0,0.0,0.0,0.0,0.0,0.0,0.0,0.0,0.0,0.0,0.0,0.0,0.0,0.0,0.0,0.0,0.0,0.0,0.0,0.0,0.0,0.0,0.0,0.0,0.0,0.0,0.0,0.0,0.0,0.0,0.0,0.0
105,105.0,752.0,0.0,1.0,1.0,1.0,1.0,1.0,1.0,0.0,0.5199468085106382,0.0,0.0,0.0,0.0,0.0,0.0,0.0013297872340425532,0.0,0.0,0.0,0.0,0.0,0.0,0.07446808510638298,0.07313829787234043,0.027925531914893616,0.0,0.02526595744680851,0.026595744680851064,0.031914893617021274,0.0,0.014627659574468085,0.030585106382978722,0.02526595744680851,0.0,0.0,0.011968085106382979,0.031914893617021274,0.03723404255319149,0.03723404255319149,0.0013297872340425532,0.006648936170212766,0.0,0.0,0.0,0.0,0.0013297872340425532,0.0,0.0,0.0,0.0,0.0,0.0,0.0,0.0,0.0,0.0,0.0,0.0,0.0,0.0,0.0,0.0,0.0,0.0,0.0,0.0,0.0,0.0,0.0,0.0,0.0,0.0,0.0,0.0,0.0,0.0,0.0,0.0,0.0,0.0,0.0,0.0,0.0,0.0013297872340425532,0.0,0.0,0.0,0.0,0.0,0.0,0.0,0.0,0.0,0.0,0.0,0.0,0.0,0.0,0.0,0.0,0.0,0.0,0.0,0.0,0.0,0.0,0.0,0.0,0.0,0.0,0.0,0.0,0.0,0.0,0.0,0.0,0.0,0.0,0.0,0.0,0.0
106,106.0,353.0,0.0,0.0113314447592068,0.0056657223796034,0.014164305949008499,0.0028328611898017,0.014164305949008499,0.0169971671388102,0.0,0.0113314447592068,0.0,0.0056657223796034,0.0028328611898017,0.0,0.0,0.0,0.0056657223796034,0.0,0.0,0.0,0.0,0.0,1.0,0.0,0.0,0.0028328611898017,0.0,0.0,0.0,0.0,0.0,0.0028328611898017,0.0,0.0,0.0,0.0056657223796034,0.0,0.0,0.0,0.0,1.0,0.0056657223796034,0.0,0.0,0.0,0.0,0.0,0.0,0.0,0.0,0.0,0.0,0.0,0.0,0.0,0.0,0.0,0.0,0.0,0.0,0.0,0.0,0.0,0.0,0.0,0.0,0.0,0.0056657223796034,0.0028328611898017,0.0,0.0,0.0,0.0,0.0,0.0,0.0,0.0,0.0,0.0,0.0,0.0,0.0,0.0,0.0,0.0,0.0,0.0,0.0,0.0,0.0,0.0,0.0,0.0,0.0,0.0,0.0,0.0,0.0,0.0,0.0,0.0,0.0,0.0,0.0,0.0,0.0,0.0,0.0,0.0,0.0,0.0,0.0,0.0,0.0,0.0,0.0,0.0,0.0,0.0,0.0,0.0,0.0
107,107.0,390.0,0.0,1.0,0.0,0.0,0.0,0.0,0.0,0.0,0.0,0.0,0.0,0.0,0.0,0.0,0.0,0.0,0.0,0.0,0.0,0.0,0.0,0.09743589743589744,0.038461538461538464,0.05641025641025641,0.04358974358974359,0.035897435897435895,0.041025641025641026,0.06153846153846154,0.04358974358974359,0.05384615384615385,0.0,0.041025641025641026,0.03076923076923077,0.035897435897435895,0.0,0.023076923076923078,0.03333333333333333,0.01282051282051282,0.03076923076923077,0.038461538461538464,0.0,0.0,0.0,0.0,0.015384615384615385,0.0,0.0,0.002564102564102564,0.0,0.0,0.0,0.0,0.0,0.0,0.0,0.0,0.0,0.0,0.0,0.0,0.0,0.0,0.0,0.0,0.0,0.0,0.005128205128205128,0.002564102564102564,0.0,0.0,0.0,0.0,0.0,0.0,0.0,0.0,0.0,0.0,0.0,0.0,0.0,0.0,0.0,0.0,0.0,0.0,0.0,0.0,0.0,0.0,0.0,0.0,0.0,0.0,0.0,0.0,0.0,0.0,0.0,0.0,0.002564102564102564,0.0,0.0,0.0,0.0,0.0,0.0,0.0,0.0,0.0,0.0,0.0,0.0,0.0,0.0,0.0,0.0,0.0,0.0,0.0,0.0
108,108.0,60.0,0.0,0.0,0.5,0.08333333333333333,0.0,0.48333333333333334,0.016666666666666666,0.0,0.0,0.0,0.0,0.0,0.0,0.0,0.0,0.0,0.0,0.0,0.0,0.0,0.0,0.03333333333333333,0.0,1.0,0.016666666666666666,0.03333333333333333,0.016666666666666666,0.016666666666666666,0.03333333333333333,0.03333333333333333,0.0,0.0,0.03333333333333333,0.03333333333333333,0.0,0.0,0.0,0.03333333333333333,0.0,0.0,0.016666666666666666,0.0,0.0,0.0,0.0,0.0,0.0,0.0,0.0,0.0,0.0,0.0,0.0,0.0,0.0,0.0,0.0,0.0,0.0,0.0,0.0,0.0,0.0,0.0,0.0,0.0,0.0,0.0,0.0,0.0,0.0,0.0,0.0,0.0,0.0,0.0,0.0,0.0,0.0,0.0,0.0,0.0,0.0,0.0,0.0,0.0,0.0,0.0,0.0,0.0,0.0,0.0,0.0,0.0,0.0,0.0,0.0,0.0,0.0,0.0,0.0,0.0,0.0,0.0,0.0,0.0,0.0,0.0,0.0,0.0,0.0,0.0,0.0,0.0,0.0,0.0,0.0,0.0,0.0,0.0,0.0
109,109.0,255.0,0.0,0.0,0.0,0.0,0.6352941176470588,0.6431372549019607,1.0,0.07058823529411765,1.0,0.0,0.0,0.0,0.0,0.0,0.0,0.0,0.0,0.0,0.0,0.0,0.0,0.0,0.0196078431372549,0.00784313725490196,0.00784313725490196,0.011764705882352941,0.0196078431372549,0.023529411764705882,0.00784313725490196,0.027450980392156862,0.01568627450980392,0.011764705882352941,0.01568627450980392,0.00392156862745098,0.0,0.00392156862745098,0.0,0.011764705882352941,0.011764705882352941,0.0,0.0,0.0,0.0,0.0,0.0,0.0,0.0,0.0,0.0,0.0,0.0,0.0,0.0,0.0,0.0,0.0,0.0,0.0,0.0,0.0,0.0,0.0,0.0,0.0,0.0,0.00392156862745098,0.0,0.0,0.0,0.0,0.0,0.0,0.0,0.0,0.0,0.0,0.0,0.0,0.0,0.0,0.0,0.0,0.0,0.0,0.0,0.0,0.0,0.0,0.0,0.0,0.0,0.0,0.0,0.0,0.0,0.0,0.0,0.0,0.0,0.0,0.0,0.0,0.0,0.0,0.0,0.0,0.0,0.0,0.0,0.0,0.0,0.0,0.0,0.0,0.0,0.0,0.0,0.0,0.0,0.0,0.0
110,110.0,352.0,0.0,0.9829545454545455,0.9772727272727273,0.96875,0.9573863636363636,0.9801136363636364,0.9630681818181819,0.8977272727272727,0.9261363636363636,0.0,0.0,0.0,0.0,0.0,0.0,0.0,0.0,0.0,0.0,0.0,0.0,0.0,0.08522727272727273,0.16477272727272727,0.0,0.0,0.0,1.0,0.0,0.0,0.0,0.08238636363636363,0.18181818181818182,0.14488636363636365,0.0,0.036931818181818184,0.07954545454545454,0.07954545454545454,0.05397727272727273,0.0,0.008522727272727272,0.0,0.0,0.0,0.0,0.0,0.0,0.0,0.0,0.0,0.0,0.0,0.0,0.0,0.0,0.0,0.0,0.0,0.0,0.0,0.0,0.0,0.0,0.0,0.0,0.0,0.0,0.0,0.0,0.0,0.0,0.0,0.0,0.0,0.0,0.0,0.0,0.0,0.0,0.0,0.0,0.0,0.0,0.0,0.002840909090909091,0.0,0.0,0.0,0.0,0.0,0.0,0.0,0.0,0.0,0.0,0.0,0.0,0.0,0.0,0.0,0.0,0.0,0.0,0.0,0.0,0.0,0.0,0.0,0.0,0.0,0.0,0.0,0.0,0.0,0.0,0.0,0.0,0.0,0.0,0.0,0.0
111,111.0,202.0,0.0,1.0,0.6386138613861386,1.0,0.0,0.0,1.0,1.0,0.4108910891089109,0.0,0.0,0.0,0.0,0.0,0.0,0.0,0.0,0.0,0.0,0.0,0.0,0.0049504950495049506,0.034653465346534656,0.0594059405940594,0.019801980198019802,0.024752475247524754,0.0297029702970297,0.039603960396039604,0.034653465346534656,0.04950495049504951,0.034653465346534656,0.04455445544554455,0.024752475247524754,0.009900990099009901,0.0,0.034653465346534656,0.009900990099009901,0.019801980198019802,0.009900990099009901,0.0,0.0049504950495049506,0.0,0.0,0.0,0.0049504950495049506,0.0,0.0,0.0,0.0,0.0,0.0,0.0,0.0,0.0,0.0,0.0,0.0,0.0,0.0,0.0,0.0,0.0,0.0,0.0,0.0,0.0,0.0,0.0,0.0,0.0,0.0,0.0,0.0,0.0,0.0,0.0,0.0,0.0,0.0,0.0,0.0,0.0,0.0,0.0,0.0,0.0,0.0,0.0,0.0,0.0,0.0,0.0,0.0,0.0,0.0,0.0,0.0,0.0,0.0,0.0,0.0,0.0,0.0,0.0,0.0,0.0,0.0,0.0,0.0,0.0,0.0,0.0,0.0,0.0,0.0,0.0,0.0,0.0,0.0,0.0,0.0
112,112.0,192.0,0.0,0.0,0.0,0.0,0.0,0.0,0.0,0.0,0.0,1.0,0.9947916666666666,0.578125,1.0,0.9114583333333333,0.9895833333333333,0.8385416666666666,0.9322916666666666,1.0,0.9739583333333333,0.0,0.90625,0.0,0.0,0.0,0.0,0.0,0.0,0.0,0.0,0.0,0.0,0.0,0.0,0.0,0.0,0.0,0.0,0.0,0.0,0.0,0.0,0.0,0.0,0.0,0.0,0.0,0.0,0.0,0.0,0.0,0.0,0.0,0.0,0.0,0.0,0.0,0.0,0.0,0.0,0.0,0.0,0.0,0.0,0.0,0.0,0.0,0.0,0.0,0.0,0.0,0.0,0.0,0.0,0.0,0.0,0.0,0.0,0.0,0.0,0.0,0.0,0.0,0.0,0.0,0.0,0.0,0.0,0.0,0.0,0.0,0.0,0.0,0.0,0.0,0.0,0.0,0.0,0.0,0.0,0.0,0.0,0.0,0.0,0.0,0.0,0.0,0.0,0.0,0.0,0.0,0.0,0.0,0.0,0.0,0.0,0.0,0.0,0.0,0.0,0.0,0.0
113,113.0,67.0,0.0,1.0,1.0,0.9855072463768116,1.0,1.0,1.0,0.9855072463768116,1.0,0.0,0.0,0.0,0.0,0.0,0.0,0.0,0.0,0.0,0.0,0.0,0.0,0.0,0.37681159420289856,0.0,0.6086956521739131,0.7681159420289855,0.855072463768116,0.6086956521739131,0.782608695652174,0.5072463768115942,0.9565217391304348,0.8260869565217391,0.855072463768116,0.6956521739130435,0.0,0.43478260869565216,0.42028985507246375,0.9710144927536232,0.34782608695652173,0.0,0.0,0.0,0.0,0.0,0.0,0.0,0.0,0.0,0.0,0.0,0.0,0.0,0.0,0.0,0.0,0.0,0.0,0.0,0.0,0.0,0.0,0.0,0.0,0.0,0.0,0.0,0.0,0.0,0.0,0.0,0.0,0.0,0.0,0.0,0.0,0.0,0.0,0.0,0.0,0.0,0.0,0.0,0.0,0.0,0.0,0.0,0.0,0.0,0.0,0.0,0.0,0.0,0.0,0.0,0.0,0.0,0.0,0.0,0.0,0.0,0.014492753623188406,0.0,0.0,0.0,0.0,0.0,0.0,0.0,0.0,0.0,0.0,0.0,0.0,0.0,0.0,0.0,0.0,0.0,0.0,0.0,0.0
114,114.0,74.0,0.0,1.0,1.0,1.0,1.0,1.0,0.986111111111111,1.0,1.0,0.0,0.0,0.0,0.0,0.0,0.0,0.0,0.0,0.0,0.0,0.0,0.0,0.0,0.6805555555555555,0.8055555555555555,0.7222222222222222,0.861111111111111,0.6666666666666666,0.986111111111111,0.6527777777777778,0.7638888888888888,0.06944444444444445,0.8055555555555555,0.9166666666666666,0.15277777777777776,0.0,0.2361111111111111,0.20833333333333331,0.7083333333333333,0.40277777777777773,0.0,0.0,0.0,0.0,0.0,0.0,0.0,0.0,0.0,0.0,0.0,0.0,0.0,0.0,0.0,0.0,0.0,0.0,0.0,0.0,0.0,0.0,0.0,0.0,0.0,0.0,0.0,0.0,0.0,0.0,0.0,0.0,0.0,0.0,0.0,0.0,0.0,0.0,0.0,0.0,0.0,0.0,0.0,0.0,0.0,0.0,0.0,0.0,0.0,0.0,0.0,0.0,0.0,0.0,0.0,0.0,0.0,0.0,0.0,0.0,0.0,0.0,0.0,0.0,0.0,0.0,0.0,0.0,0.0,0.0,0.0,0.0,0.0,0.0,0.0,0.0,0.0,0.0,0.0,0.0,0.0,0.0
115,115.0,242.0,0.0,0.0,1.0,0.5330578512396694,1.0,1.0,1.0,0.18181818181818182,1.0,0.004132231404958678,0.004132231404958678,0.004132231404958678,0.0,0.0,0.0,0.0,0.0,0.0,0.0,0.0,0.0,0.0,0.049586776859504134,0.049586776859504134,0.05371900826446281,0.008264462809917356,0.02066115702479339,0.05371900826446281,0.04132231404958678,0.01652892561983471,0.03305785123966942,0.01652892561983471,0.028925619834710745,0.05371900826446281,0.0,0.04132231404958678,0.01652892561983471,0.01652892561983471,0.03305785123966942,0.004132231404958678,0.004132231404958678,0.0,0.0,0.0,0.0,0.0,0.0,0.0,0.0,0.0,0.0,0.004132231404958678,0.0,0.0,0.0,0.0,0.0,0.0,0.0,0.0,0.0,0.0,0.0,0.0,0.0,0.004132231404958678,0.0,0.0,0.0,0.0,0.0,0.0,0.0,0.0,0.0,0.0,0.0,0.0,0.0,0.0,0.0,0.0,0.0,0.0,0.0,0.0,0.0,0.0,0.0,0.0,0.0,0.0,0.0,0.0,0.0,0.0,0.0,0.0,0.0,0.0,0.0,0.0,0.004132231404958678,0.0,0.0,0.0,0.0,0.0,0.0,0.0,0.0,0.0,0.004132231404958678,0.0,0.0,0.0,0.0,0.0,0.0,0.004132231404958678,0.0
116,116.0,83.0,0.0,0.7590361445783133,0.9397590361445783,0.8795180722891567,0.9397590361445783,1.0,0.8313253012048193,0.0,0.0,0.0,0.0,0.0,0.0,0.0,0.0,0.012048192771084338,0.0,0.0,0.0,0.0,0.0,0.0,0.03614457831325302,0.07228915662650603,0.0963855421686747,1.0,0.03614457831325302,0.024096385542168676,0.07228915662650603,0.10843373493975904,0.08433734939759037,0.060240963855421686,0.060240963855421686,0.04819277108433735,0.0,0.024096385542168676,0.04819277108433735,0.012048192771084338,0.012048192771084338,0.012048192771084338,0.0,0.0,0.0,0.0,0.012048192771084338,0.0,0.0,0.0,0.0,0.0,0.0,0.0,0.0,0.0,0.0,0.0,0.0,0.0,0.0,0.0,0.0,0.0,0.0,0.0,0.0,0.012048192771084338,0.0,0.0,0.0,0.0,0.0,0.0,0.0,0.0,0.0,0.0,0.0,0.0,0.0,0.0,0.0,0.0,0.0,0.0,0.0,0.0,0.0,0.0,0.0,0.0,0.0,0.0,0.0,0.0,0.0,0.0,0.0,0.0,0.0,0.0,0.012048192771084338,0.0,0.0,0.0,0.0,0.0,0.0,0.0,0.0,0.0,0.0,0.0,0.0,0.0,0.0,0.0,0.0,0.0,0.0,0.0,0.0
117,117.0,382.0,0.0,0.0,0.0,0.0,1.0,0.0,0.0,0.0,0.0,0.0,0.0,0.005235602094240838,0.0,0.0,0.0,0.007853403141361258,0.0,0.0,0.0,0.0,0.0,0.07068062827225131,0.07591623036649216,0.03926701570680628,0.0,0.03926701570680628,0.03141361256544503,0.07329842931937174,0.07068062827225131,0.0549738219895288,0.0,0.04712041884816754,0.02617801047120419,0.06544502617801047,0.0,0.02356020942408377,0.020942408376963352,0.015706806282722516,0.020942408376963352,0.03141361256544503,0.0,0.0,0.0,0.0,0.010471204188481676,0.0,0.0,0.0,0.0,0.0,0.0,0.0,0.0,0.0,0.0,0.0,0.0,0.0,0.0,0.0,0.0,0.0,0.0,0.0,0.0,0.0,0.0,0.0,0.0,0.0,0.0,0.0,0.0,0.0,0.0,0.0,0.007853403141361258,0.0,0.0,0.0,0.0,0.0,0.0,0.0,0.002617801047120419,0.0,0.0,0.0,0.0,0.0,0.0,0.0,0.0,0.0,0.0,0.0,0.0,0.0,0.0,0.0,0.002617801047120419,0.0,0.0,0.0,0.0,0.0,0.0,0.0,0.0,0.0,0.0,0.0,0.0,0.0,0.0,0.0,0.0,0.0,0.0,0.0,0.0
118,118.0,542.0,0.0,0.0,1.0,0.6236162361623616,1.0,1.0,0.8911439114391143,0.5092250922509225,0.0,0.0,0.0,0.0,0.0,0.0,0.0,0.0,0.0,0.0,0.0,0.0,0.0,0.0018450184501845018,0.055350553505535055,0.023985239852398522,0.025830258302583026,0.03136531365313653,0.02952029520295203,0.038745387453874534,0.03690036900369004,0.03690036900369004,0.03136531365313653,0.005535055350553505,0.03136531365313653,0.016605166051660517,0.0,0.016605166051660517,0.02029520295202952,0.02029520295202952,0.016605166051660517,0.0036900369003690036,0.0018450184501845018,0.0,0.0,0.0,0.0018450184501845018,0.0,0.0,0.0,0.0,0.0,0.0,0.0,0.0,0.0,0.0,0.0,0.0,0.0,0.0,0.0,0.0,0.0,0.0,0.0,0.0,0.0018450184501845018,0.0,0.0,0.0,0.0,0.0,0.0,0.0,0.0,0.0,0.0,0.0,0.0,0.0,0.0,0.0,0.0,0.0,0.0,0.0,0.0,0.0,0.0,0.0,0.0,0.0,0.0,0.0,0.0,0.0,0.0,0.0,0.0,0.0,0.0,0.0,0.0,0.0,0.0,0.0,0.0,0.0,0.0,0.0,0.0,0.0,0.0,0.0,0.0,0.0,0.0,0.0,0.0,0.0,0.0,0.0
119,119.0,97.0,0.0,0.010309278350515464,0.0,0.0,0.0,0.0,0.0,0.0,0.0,0.8350515463917526,0.9175257731958762,0.7628865979381443,0.9381443298969072,0.1134020618556701,0.8350515463917526,0.0,1.0,0.21649484536082475,0.7319587628865979,0.6597938144329897,0.31958762886597936,0.010309278350515464,0.0,0.0,0.0,0.0,0.0,0.0,0.0,0.0,0.0,0.0,0.0,0.0,0.0,0.0,0.0,0.0,0.0,0.0,0.0,0.0,0.0,0.0,0.0,0.0,0.0,0.0,0.0,0.0,0.0,0.0,0.0,0.0,0.0,0.0,0.0,0.0,0.0,0.0,0.0,0.0,0.0,0.0,0.0,0.0,0.0,0.0,0.0,0.0,0.0,0.0,0.0,0.0,0.0,0.0,0.0,0.0,0.0,0.0,0.0,0.0,0.0,0.0,0.0,0.0,0.0,0.0,0.0,0.0,0.0,0.0,0.0,0.0,0.0,0.0,0.0,0.0,0.0,0.0,0.0,0.0,0.0,0.0,0.0,0.0,0.0,0.0,0.0,0.0,0.0,0.0,0.0,0.0,0.0,0.0,0.0,0.0,0.0,0.0,0.0
120,120.0,478.0,0.0,0.0,0.9999999999999999,0.9999999999999999,0.9999999999999999,0.23430962343096232,0.0,0.17573221757322174,0.20083682008368198,0.0,0.0020920502092050207,0.0,0.0,0.0,0.0,0.0,0.0,0.0,0.0,0.0,0.0,0.0020920502092050207,0.02719665271966527,0.023012552301255228,0.02719665271966527,0.014644351464435145,0.016736401673640166,0.025104602510460247,0.016736401673640166,0.012552301255230124,0.018828451882845185,0.018828451882845185,0.02719665271966527,0.016736401673640166,0.0,0.008368200836820083,0.016736401673640166,0.012552301255230124,0.008368200836820083,0.0,0.0,0.0,0.0,0.0,0.0020920502092050207,0.0,0.0,0.0,0.0,0.0,0.0,0.0,0.0,0.0,0.0,0.0,0.0,0.0,0.0,0.0,0.0,0.0,0.0,0.0,0.0,0.0,0.0,0.0,0.0,0.0,0.0,0.0,0.0,0.0,0.0,0.0,0.0,0.0,0.0,0.0,0.0,0.0,0.0,0.0,0.0,0.0020920502092050207,0.0,0.0,0.0041841004184100415,0.0,0.0,0.0,0.0,0.0,0.0,0.0,0.0,0.0,0.0,0.0,0.0,0.0,0.0,0.0,0.0,0.0,0.0,0.0041841004184100415,0.0,0.0,0.0,0.0,0.0,0.0,0.0,0.0,0.0,0.0,0.0020920502092050207,0.0020920502092050207,0.0
121,121.0,43.0,0.0,0.9069767441860465,0.0,0.9534883720930233,0.9534883720930233,0.7209302325581395,0.7906976744186046,0.3953488372093023,0.627906976744186,0.0,0.0,0.0,0.0,0.0,0.0,0.0,0.0,0.0,0.0,0.0,0.0,0.0,0.023255813953488372,0.0,0.0,0.046511627906976744,0.023255813953488372,0.023255813953488372,0.06976744186046512,0.046511627906976744,0.046511627906976744,0.046511627906976744,0.023255813953488372,0.046511627906976744,0.0,0.0,0.0,1.0,0.023255813953488372,0.0,0.0,0.0,0.0,0.0,0.0,0.0,0.0,0.0,0.0,0.0,0.0,0.0,0.0,0.0,0.0,0.0,0.0,0.0,0.0,0.0,0.0,0.0,0.0,0.0,0.0,0.0,0.0,0.0,0.0,0.0,0.0,0.0,0.0,0.0,0.0,0.0,0.0,0.0,0.0,0.0,0.0,0.0,0.0,0.0,0.0,0.0,0.0,0.0,0.0,0.0,0.0,0.0,0.0,0.0,0.0,0.0,0.0,0.0,0.0,0.0,0.0,0.0,0.0,0.0,0.0,0.0,0.0,0.0,0.0,0.0,0.0,0.0,0.0,0.0,0.0,0.0,0.0,0.0,0.0,0.0,0.0
122,122.0,111.0,0.0,1.0,1.0,1.0,1.0,1.0,1.0,1.0,1.0,0.0,0.0,0.0,0.0,0.0,0.0,0.0,0.0,0.0,0.0,0.0,0.0,0.0,0.9189189189189189,0.954954954954955,0.9009009009009009,0.8738738738738738,0.9009009009009009,0.7657657657657657,0.9189189189189189,0.9099099099099099,0.9369369369369369,0.8288288288288288,0.8558558558558559,0.8738738738738738,0.0,0.0,0.7837837837837838,0.7297297297297297,0.7027027027027027,0.0,0.0,0.0,0.0,0.0,0.0,0.0,0.0,0.0,0.0,0.0,0.0,0.0,0.0,0.0,0.0,0.0,0.0,0.0,0.0,0.0,0.0,0.0,0.0,0.0,0.0,0.0,0.0,0.0,0.0,0.0,0.0,0.0,0.0,0.0,0.0,0.0,0.0,0.0,0.0,0.0,0.0,0.0,0.0,0.0,0.009009009009009009,0.0,0.0,0.0,0.0,0.0,0.0,0.0,0.0,0.0,0.0,0.0,0.0,0.0,0.0,0.0,0.0,0.0,0.0,0.0,0.0,0.0,0.0,0.0,0.0,0.0,0.0,0.0,0.0,0.0,0.0,0.0,0.0,0.0,0.0,0.0,0.0
123,123.0,289.0,0.0,0.9930795847750865,0.972318339100346,0.9688581314878894,0.9584775086505191,0.9792387543252595,0.9653979238754326,0.8892733564013842,0.9031141868512111,0.0,0.0,0.0,0.0,0.0,0.0,0.0034602076124567475,0.0,0.0,0.0,0.0,0.0,0.0,0.11764705882352941,0.1522491349480969,0.0,0.0,0.020761245674740483,0.0,0.0,0.0,0.010380622837370242,0.0726643598615917,1.0,0.20415224913494812,0.0,0.020761245674740483,0.05536332179930796,0.04844290657439446,0.07612456747404844,0.0,0.006920415224913495,0.0,0.0,0.0,0.0,0.0,0.0,0.0,0.0,0.0,0.0,0.0,0.0,0.0,0.0,0.0,0.0,0.0,0.0,0.0,0.0,0.0,0.0,0.0,0.0,0.0,0.0,0.0,0.0,0.0,0.0,0.0,0.0,0.0,0.0,0.0,0.0,0.0,0.0,0.0,0.0,0.0,0.0,0.0,0.0034602076124567475,0.0,0.0,0.0,0.0,0.0,0.0,0.0,0.0,0.0,0.0,0.0,0.0,0.0,0.0,0.0,0.0,0.0,0.0,0.0,0.0,0.0,0.0,0.0,0.0,0.0,0.0,0.0,0.0,0.0,0.0,0.0,0.0,0.0,0.0,0.0,0.0
124,124.0,87.0,0.0,0.9655172413793103,0.3103448275862069,0.04597701149425287,0.9770114942528736,0.9425287356321839,0.9885057471264368,0.8735632183908046,0.9770114942528736,0.0,0.0,0.0,0.0,0.0,0.0,0.0,0.0,0.0,0.0,0.0,0.0,0.0,0.04597701149425287,0.10344827586206896,0.04597701149425287,0.034482758620689655,0.05747126436781609,0.06896551724137931,0.05747126436781609,0.04597701149425287,0.034482758620689655,0.5402298850574713,0.05747126436781609,0.05747126436781609,0.0,0.022988505747126436,0.0,0.022988505747126436,0.034482758620689655,0.0,0.0,0.0,0.0,0.0,0.0,0.0,0.0,0.0,0.0,0.0,0.0,0.0,0.0,0.0,0.0,0.0,0.0,0.0,0.0,0.0,0.0,0.0,0.0,0.0,0.0,0.0,0.0,0.0,0.0,0.0,0.0,0.0,0.0,0.0,0.0,0.0,0.0,0.0,0.0,0.0,0.0,0.0,0.0,0.0,0.0,0.0,0.0,0.0,0.0,0.0,0.0,0.0,0.0,0.0,0.0,0.0,0.0,0.0,0.0,0.0,0.0,0.0,0.0,0.0,0.0,0.0,0.0,0.0,0.0,0.0,0.0,0.0,0.0,0.0,0.0,0.0,0.0,0.0,0.0,0.0,0.0
125,125.0,37.0,0.0,0.08108108108108109,0.5405405405405406,1.0,0.0,0.13513513513513514,0.05405405405405406,0.13513513513513514,0.0,0.0,0.0,0.0,0.0,0.0,0.0,0.0,0.0,0.0,0.0,0.0,0.0,0.0,0.05405405405405406,0.05405405405405406,1.0,0.02702702702702703,0.0,0.02702702702702703,0.0,0.02702702702702703,0.0,0.0,0.0,0.08108108108108109,0.0,0.0,0.0,0.0,0.02702702702702703,0.0,0.0,0.0,0.0,0.0,0.0,0.0,0.0,0.0,0.0,0.0,0.0,0.0,0.0,0.0,0.0,0.0,0.0,0.0,0.0,0.0,0.0,0.0,0.0,0.0,0.0,0.0,0.0,0.0,0.0,0.0,0.0,0.0,0.0,0.0,0.0,0.0,0.0,0.0,0.0,0.0,0.0,0.0,0.0,0.0,0.0,0.0,0.0,0.0,0.0,0.0,0.0,0.0,0.0,0.0,0.0,0.0,0.0,0.0,0.0,0.0,0.0,0.0,0.0,0.0,0.0,0.0,0.0,0.0,0.0,0.0,0.0,0.0,0.0,0.0,0.0,0.0,0.0,0.0,0.0,0.0,0.0
126,126.0,646.0,0.0,0.018575851393188854,0.0015479876160990713,0.018575851393188854,0.02476780185758514,0.029411764705882356,0.018575851393188854,0.013931888544891642,0.009287925696594427,0.013931888544891642,0.0030959752321981426,0.0030959752321981426,0.0,0.0,0.0,0.02321981424148607,0.0015479876160990713,0.0,0.0,0.0,0.0,0.03869969040247678,0.0,0.0015479876160990713,0.0015479876160990713,0.0015479876160990713,0.0030959752321981426,0.0,0.0015479876160990713,0.0046439628482972135,0.0,0.0,0.0030959752321981426,0.0,0.0,0.0,0.0,0.0,0.0030959752321981426,0.05727554179566564,1.0,0.0046439628482972135,0.0,0.0,0.03869969040247678,0.006191950464396285,0.0,0.0,0.0,0.0,0.0,0.006191950464396285,0.0,0.0,0.0,0.0,0.0,0.0,0.0,0.0,0.0,0.0,0.0,0.0030959752321981426,0.0030959752321981426,0.007739938080495357,0.0,0.0046439628482972135,0.0,0.0,0.0,0.0,0.0,0.0,0.0015479876160990713,0.0,0.0,0.0,0.0,0.0030959752321981426,0.0,0.0030959752321981426,0.0,0.01238390092879257,0.018575851393188854,0.0,0.0,0.0,0.0015479876160990713,0.0,0.0,0.0,0.0,0.0,0.0,0.0,0.0,0.0015479876160990713,0.0,0.0,0.0,0.0015479876160990713,0.0,0.0,0.0,0.0,0.0,0.0,0.0,0.0,0.0,0.0,0.0,0.0,0.0,0.0015479876160990713,0.0030959752321981426,0.0030959752321981426,0.0,0.0,0.0
127,127.0,9.0,0.0,0.0,0.0,0.0,0.0,0.0,0.0,0.0,0.0,0.7777777777777777,0.6666666666666666,0.0,0.5555555555555556,0.6666666666666666,0.0,0.0,0.5555555555555556,0.5555555555555556,0.0,0.0,0.0,0.0,0.0,0.0,0.0,0.0,0.0,0.0,0.0,0.0,0.0,0.0,0.0,0.0,0.0,0.0,0.0,0.0,0.0,0.5555555555555556,0.7777777777777777,0.8888888888888888,0.0,0.0,0.0,0.2222222222222222,0.5555555555555556,0.6666666666666666,0.0,0.4444444444444444,0.0,0.6666666666666666,0.4444444444444444,0.0,0.0,0.0,0.4444444444444444,0.2222222222222222,0.0,0.0,0.0,0.0,0.0,0.0,0.5555555555555556,0.2222222222222222,0.1111111111111111,0.4444444444444444,0.0,0.3333333333333333,0.0,0.0,0.7777777777777777,0.3333333333333333,0.0,0.6666666666666666,0.0,0.2222222222222222,0.4444444444444444,0.0,0.0,0.4444444444444444,0.3333333333333333,0.0,0.0,0.7777777777777777,0.4444444444444444,0.0,0.5555555555555556,0.0,0.4444444444444444,0.0,0.7777777777777777,0.0,0.6666666666666666,0.3333333333333333,0.0,0.2222222222222222,0.4444444444444444,0.0,0.0,0.3333333333333333,0.4444444444444444,0.3333333333333333,0.4444444444444444,0.0,0.3333333333333333,0.5555555555555556,0.4444444444444444,0.2222222222222222,0.0,0.0,0.4444444444444444,0.6666666666666666,0.5555555555555556,0.0,0.0,0.5555555555555556,0.2222222222222222,0.4444444444444444,0.0
128,128.0,269.0,0.0,1.0,1.0,0.0,0.0,1.0,0.0,0.1821561338289963,0.0,0.0,0.0037174721189591076,0.0037174721189591076,0.0,0.0,0.0,0.0037174721189591076,0.0,0.0,0.0,0.0,0.0,0.011152416356877323,0.01486988847583643,0.0037174721189591076,0.011152416356877323,0.018587360594795536,0.01486988847583643,0.011152416356877323,0.022304832713754646,0.018587360594795536,0.022304832713754646,0.018587360594795536,0.007434944237918215,0.01486988847583643,0.0,0.0037174721189591076,0.011152416356877323,0.007434944237918215,0.0037174721189591076,0.0,0.0,0.0,0.0,0.0,0.0,0.0,0.0,0.0,0.0,0.0,0.0,0.0,0.0,0.0,0.0,0.0,0.0,0.0,0.0,0.0,0.0,0.0,0.0,0.0,0.0,0.0,0.0,0.0,0.0,0.0,0.0,0.0,0.0,0.0,0.0,0.0,0.0,0.0,0.0,0.0,0.0,0.0,0.0,0.0,0.0037174721189591076,0.0,0.0,0.0,0.0,0.0,0.0,0.0,0.0,0.0,0.0,0.0,0.0,0.0,0.0,0.0,0.0,0.0,0.0,0.0,0.0,0.0,0.0,0.0,0.0,0.0,0.0,0.0,0.0,0.0,0.0,0.0,0.0,0.0,0.0,0.0,0.0
129,129.0,913.0,0.0,0.0,1.0,0.19934282584884994,0.0,0.0,1.0,0.11281489594742607,0.0,0.0,0.0,0.0,0.0,0.0,0.0,0.0,0.0,0.0,0.0,0.0,0.0,0.004381161007667032,0.007667031763417305,0.01095290251916758,0.0065717415115005475,0.0065717415115005475,0.01095290251916758,0.002190580503833516,0.01095290251916758,0.014238773274917852,0.00547645125958379,0.00547645125958379,0.013143483023001095,0.007667031763417305,0.0,0.002190580503833516,0.0065717415115005475,0.002190580503833516,0.004381161007667032,0.0032858707557502738,0.001095290251916758,0.001095290251916758,0.0,0.0,0.0,0.0,0.0,0.0,0.0,0.0,0.0,0.0,0.0,0.0,0.0,0.0,0.0,0.0,0.0,0.0,0.0,0.0,0.0,0.0,0.0,0.001095290251916758,0.0,0.0,0.0,0.0,0.0,0.0,0.0,0.0,0.0,0.0,0.0,0.0,0.0,0.0,0.0,0.0,0.0,0.0,0.001095290251916758,0.0,0.0,0.0,0.0,0.0,0.0,0.0,0.0,0.0,0.0,0.0,0.0,0.0,0.0,0.0,0.001095290251916758,0.0,0.0,0.0,0.0,0.0,0.0,0.0,0.0,0.0,0.0,0.0,0.0,0.0,0.0,0.0,0.0,0.0,0.0,0.0,0.0
130,130.0,33.0,0.0,0.8787878787878788,0.5454545454545454,1.0,0.0,0.4545454545454546,0.8787878787878788,0.06060606060606061,0.18181818181818182,0.0,0.0,0.0,0.0,0.0,0.0,0.0,0.0,0.0,0.0,0.0,0.0,0.0,0.0,0.030303030303030304,0.030303030303030304,0.0,0.06060606060606061,0.0,0.09090909090909091,0.0,0.0,0.0,0.06060606060606061,1.0,0.0,0.0,0.0,0.0,0.0,0.0,0.0,0.0,0.0,0.0,0.0,0.0,0.0,0.0,0.0,0.0,0.0,0.0,0.0,0.0,0.0,0.0,0.0,0.0,0.0,0.0,0.0,0.0,0.0,0.0,0.0,0.0,0.0,0.0,0.0,0.0,0.0,0.0,0.0,0.0,0.0,0.0,0.0,0.0,0.0,0.0,0.0,0.0,0.0,0.0,0.0,0.0,0.0,0.0,0.0,0.0,0.0,0.0,0.0,0.0,0.0,0.0,0.0,0.0,0.0,0.0,0.0,0.0,0.0,0.0,0.0,0.0,0.0,0.0,0.0,0.0,0.0,0.0,0.0,0.0,0.0,0.0,0.0,0.0,0.0,0.0,0.0
131,131.0,89.0,0.0,0.0,0.0,0.0,0.0,0.0,0.0,0.0,0.0,0.875,0.8977272727272727,0.6931818181818182,0.75,0.8409090909090909,0.17045454545454547,0.10227272727272728,0.23863636363636365,0.8863636363636364,0.5,0.7840909090909091,0.11363636363636365,0.0,0.0,0.0,0.0,0.0,0.0,0.0,0.0,0.0,0.0,0.0,0.0,0.0,0.0,0.0,0.0,0.0,0.0,0.011363636363636364,0.0,0.0,0.0,0.0,0.0,0.011363636363636364,0.0,0.0,0.0,0.011363636363636364,0.011363636363636364,0.0,0.0,0.0,0.011363636363636364,0.0,0.0,0.0,0.0,0.011363636363636364,0.0,0.0,0.0,0.0,0.0,0.0,0.0,0.0,0.0,0.0,0.0,0.0,0.0,0.0,0.0,0.0,0.0,0.0,0.0,0.0,0.0,0.0,0.0,0.0,0.0,0.0,0.0,0.0,0.0,0.0,0.0,0.0,0.0,0.0,0.0,0.0,0.0,0.0,0.0,0.0,0.0,0.0,0.0,0.0,0.0,0.0,0.0,0.0,0.0,0.0,0.0,0.0,0.0,0.0,0.0,0.0,0.0,0.0,0.0,0.0,0.0
132,132.0,185.0,0.0,1.0,1.0,1.0,1.0,0.0,1.0,0.0,0.0,0.0,0.0,0.0,0.0,0.0,0.0,0.0,0.0,0.0,0.0,0.0,0.0,0.010810810810810811,0.03783783783783784,0.03783783783783784,0.043243243243243246,0.032432432432432434,0.07027027027027027,0.043243243243243246,0.043243243243243246,0.04864864864864865,0.07567567567567568,0.021621621621621623,0.016216216216216217,0.021621621621621623,0.0,0.02702702702702703,0.016216216216216217,0.021621621621621623,0.032432432432432434,0.005405405405405406,0.010810810810810811,0.0,0.0,0.0,0.0,0.0,0.0,0.0,0.0,0.0,0.0,0.0,0.0,0.0,0.0,0.0,0.0,0.0,0.0,0.0,0.0,0.0,0.0,0.0,0.0,0.0,0.0,0.0,0.0,0.0,0.0,0.0,0.0,0.0,0.0,0.0,0.0,0.0,0.0,0.0,0.0,0.0,0.0,0.0,0.0,0.0,0.0,0.0,0.0,0.0,0.0,0.0,0.0,0.0,0.0,0.0,0.0,0.0,0.0,0.0,0.0,0.0,0.0,0.0,0.0,0.0,0.0,0.0,0.0,0.0,0.0,0.0,0.0,0.0,0.0,0.0,0.0,0.0,0.0,0.0,0.0
133,133.0,66.0,0.0,1.0,0.9848484848484849,0.9848484848484849,1.0,1.0,1.0,0.9848484848484849,0.9848484848484849,0.0,0.0,0.0,0.0,0.0,0.0,0.015151515151515152,0.0,0.0,0.0,0.0,0.0,0.0,0.18181818181818182,0.12121212121212122,0.09090909090909091,0.3787878787878788,0.25757575757575757,0.5,0.8333333333333334,0.48484848484848486,0.3939393939393939,0.5,0.8787878787878788,0.9393939393939394,0.0,0.9090909090909092,0.30303030303030304,0.06060606060606061,0.13636363636363635,0.0,0.0,0.0,0.0,0.0,0.0,0.0,0.0,0.0,0.0,0.0,0.0,0.0,0.0,0.0,0.0,0.0,0.0,0.0,0.0,0.0,0.0,0.0,0.0,0.0,0.0,0.0,0.0,0.0,0.0,0.0,0.0,0.0,0.0,0.0,0.0,0.0,0.0,0.0,0.0,0.0,0.0,0.0,0.0,0.0,0.0,0.0,0.0,0.0,0.0,0.0,0.0,0.0,0.0,0.0,0.0,0.0,0.0,0.0,0.0,0.0,0.0,0.0,0.0,0.0,0.0,0.0,0.0,0.0,0.0,0.0,0.0,0.0,0.0,0.0,0.0,0.0,0.0,0.0,0.0,0.0,0.0
134,134.0,65.0,0.0,1.0,1.0,1.0,1.0,0.9846153846153847,1.0,1.0,1.0,0.0,0.0,0.015384615384615385,0.0,0.0,0.0,0.0,0.0,0.0,0.0,0.0,0.0,0.0,0.9538461538461539,0.8923076923076924,0.16923076923076924,0.5692307692307692,0.7384615384615385,0.3384615384615385,0.6307692307692307,0.4,0.6923076923076923,0.6923076923076923,0.4153846153846154,0.23076923076923078,0.0,0.8307692307692308,0.5384615384615385,0.23076923076923078,0.8153846153846154,0.015384615384615385,0.0,0.0,0.0,0.0,0.0,0.0,0.0,0.0,0.0,0.0,0.0,0.0,0.0,0.0,0.0,0.0,0.0,0.0,0.0,0.0,0.0,0.0,0.0,0.0,0.0,0.0,0.0,0.0,0.0,0.0,0.0,0.0,0.0,0.0,0.0,0.0,0.0,0.0,0.0,0.0,0.0,0.0,0.0,0.0,0.0,0.0,0.0,0.0,0.0,0.0,0.0,0.0,0.0,0.0,0.0,0.0,0.0,0.0,0.0,0.0,0.0,0.0,0.0,0.0,0.0,0.0,0.0,0.0,0.0,0.0,0.0,0.0,0.0,0.0,0.0,0.0,0.0,0.0,0.0,0.0,0.0
135,135.0,82.0,0.0,1.0,1.0,1.0,1.0,1.0,1.0,0.9878048780487805,1.0,0.0,0.0,0.0,0.0,0.0,0.0,0.0,0.0,0.0,0.0,0.0,0.0,0.0,0.07317073170731708,0.8780487804878049,0.2804878048780488,0.5731707317073171,0.7926829268292683,0.43902439024390244,0.8170731707317074,0.6585365853658537,0.8292682926829269,0.8658536585365854,0.8048780487804879,0.8048780487804879,0.0,0.07317073170731708,0.1951219512195122,0.24390243902439024,0.14634146341463417,0.0,0.024390243902439025,0.0,0.0,0.0,0.0,0.0,0.0,0.0,0.0,0.0,0.0,0.0,0.0,0.0,0.0,0.0,0.0,0.0,0.0,0.0,0.0,0.0,0.0,0.0,0.0,0.0,0.0,0.0,0.0,0.0,0.0,0.0,0.0,0.0,0.0,0.0,0.0,0.0,0.0,0.0,0.0,0.0,0.0,0.0,0.012195121951219513,0.0,0.0,0.0,0.0,0.0,0.0,0.0,0.0,0.0,0.0,0.0,0.0,0.0,0.0,0.0,0.0,0.0,0.0,0.0,0.0,0.0,0.0,0.0,0.0,0.0,0.0,0.0,0.0,0.0,0.0,0.0,0.0,0.0,0.0,0.0,0.0
136,136.0,163.0,0.0,0.9263803680981595,0.8466257668711656,0.9509202453987731,0.9693251533742332,0.9325153374233129,0.8527607361963191,0.7607361963190185,0.0,0.0,0.0,0.0,0.0,0.0,0.0,0.0,0.0,0.0,0.0,0.0,0.0,0.0,0.06134969325153374,0.07975460122699386,0.07975460122699386,0.08588957055214724,0.09202453987730061,0.09815950920245399,0.03067484662576687,0.04294478527607362,0.05521472392638037,0.05521472392638037,0.06134969325153374,1.0,0.0,0.05521472392638037,0.03067484662576687,0.0,0.018404907975460124,0.006134969325153374,0.006134969325153374,0.0,0.0,0.0,0.0,0.0,0.0,0.0,0.0,0.0,0.0,0.0,0.0,0.0,0.0,0.0,0.0,0.0,0.0,0.0,0.0,0.0,0.0,0.0,0.0,0.0,0.0,0.0,0.0,0.0,0.0,0.0,0.0,0.0,0.0,0.0,0.0,0.0,0.0,0.0,0.0,0.0,0.0,0.0,0.0,0.0,0.0,0.0,0.0,0.0,0.0,0.0,0.0,0.0,0.0,0.0,0.0,0.0,0.0,0.0,0.0,0.0,0.0,0.0,0.0,0.0,0.0,0.0,0.0,0.0,0.0,0.0,0.0,0.0,0.0,0.0,0.0,0.0,0.0,0.0,0.0
137,137.0,311.0,0.0,1.0,1.0,0.0,1.0,0.0,1.0,0.3440514469453376,0.3504823151125402,0.0,0.0,0.0,0.0,0.0,0.0,0.0,0.0,0.0,0.0,0.0,0.0,0.0,0.02572347266881029,0.03215434083601286,0.03215434083601286,0.03536977491961415,0.01929260450160772,0.03858520900321544,0.03215434083601286,0.03215434083601286,0.03215434083601286,0.022508038585209004,0.022508038585209004,0.04180064308681672,0.0,0.028938906752411574,0.003215434083601286,0.01607717041800643,0.00964630225080386,0.003215434083601286,0.0,0.0,0.0,0.0,0.003215434083601286,0.0,0.0,0.0,0.0,0.0,0.0,0.0,0.0,0.0,0.0,0.0,0.0,0.0,0.0,0.0,0.0,0.0,0.0,0.0,0.0,0.003215434083601286,0.0,0.0,0.0,0.0,0.0,0.0,0.0,0.0,0.0,0.0,0.0,0.0,0.0,0.0,0.0,0.0,0.0,0.0,0.0,0.0,0.0,0.0,0.0,0.0,0.0,0.0,0.0,0.0,0.0,0.0,0.0,0.0,0.0,0.0,0.0,0.0,0.0,0.0,0.0,0.0,0.0,0.0,0.0,0.0,0.0,0.0,0.0,0.0,0.0,0.0,0.0,0.0,0.0,0.0,0.0
138,138.0,136.0,0.0,0.0,1.0,1.0,0.0,1.0,0.5294117647058824,1.0,0.0,0.0,0.0,0.0,0.0,0.0,0.0,0.0,0.0,0.0,0.0,0.0,0.0,0.007352941176470588,0.022058823529411763,0.014705882352941176,0.0661764705882353,0.029411764705882353,0.022058823529411763,0.03676470588235294,0.044117647058823525,0.022058823529411763,0.051470588235294115,0.007352941176470588,0.007352941176470588,0.0,0.0,0.014705882352941176,0.007352941176470588,0.007352941176470588,0.014705882352941176,0.0,0.007352941176470588,0.007352941176470588,0.007352941176470588,0.007352941176470588,0.0,0.0,0.0,0.0,0.0,0.0,0.0,0.0,0.0,0.0,0.0,0.0,0.0,0.0,0.0,0.0,0.0,0.0,0.0,0.0,0.0,0.0,0.0,0.0,0.0,0.0,0.0,0.0,0.0,0.0,0.0,0.0,0.0,0.0,0.0,0.0,0.0,0.0,0.0,0.0,0.007352941176470588,0.0,0.0,0.0,0.0,0.0,0.0,0.0,0.0,0.0,0.0,0.0,0.0,0.0,0.0,0.0,0.0,0.0,0.0,0.0,0.0,0.0,0.0,0.0,0.0,0.0,0.0,0.0,0.0,0.0,0.0,0.0,0.0,0.0,0.0,0.0,0.0
139,139.0,53.0,0.0,0.03773584905660377,0.16981132075471697,0.9245283018867925,1.0,0.8679245283018867,0.16981132075471697,0.9433962264150944,0.9056603773584906,0.0,0.0,0.0,0.0,0.0,0.0,0.0,0.0,0.0,0.0,0.0,0.0,0.018867924528301886,0.03773584905660377,0.03773584905660377,0.5660377358490566,0.05660377358490566,0.09433962264150943,0.03773584905660377,0.0,0.07547169811320754,0.05660377358490566,0.0,0.05660377358490566,0.09433962264150943,0.0,0.05660377358490566,0.05660377358490566,0.0,0.03773584905660377,0.0,0.0,0.0,0.0,0.0,0.0,0.0,0.0,0.0,0.0,0.0,0.0,0.0,0.0,0.0,0.0,0.0,0.0,0.0,0.0,0.0,0.0,0.0,0.0,0.0,0.0,0.0,0.0,0.0,0.0,0.0,0.0,0.0,0.0,0.0,0.0,0.0,0.0,0.0,0.0,0.0,0.0,0.0,0.0,0.0,0.0,0.0,0.0,0.0,0.0,0.0,0.0,0.0,0.0,0.0,0.0,0.0,0.0,0.0,0.0,0.0,0.0,0.0,0.0,0.0,0.0,0.0,0.0,0.0,0.0,0.0,0.0,0.0,0.0,0.0,0.0,0.0,0.0,0.0,0.0,0.0,0.0
140,140.0,88.0,0.0,1.0,0.0,0.0,0.0,1.0,0.0,0.0,1.0,0.0,0.0,0.0,0.0,0.0,0.0,0.0,0.0,0.0,0.0,0.0,0.0,0.0,0.045454545454545456,0.011363636363636364,0.0,0.05681818181818182,0.03409090909090909,0.022727272727272728,0.0,0.0,0.0,0.011363636363636364,0.0,0.03409090909090909,0.0,0.022727272727272728,0.011363636363636364,0.0,0.0,0.0,0.0,0.0,0.0,0.0,0.0,0.0,0.0,0.0,0.0,0.0,0.0,0.0,0.0,0.0,0.0,0.0,0.0,0.0,0.0,0.0,0.0,0.0,0.0,0.0,0.0,0.0,0.0,0.0,0.0,0.0,0.0,0.0,0.0,0.0,0.0,0.0,0.0,0.0,0.0,0.0,0.0,0.0,0.0,0.0,0.0,0.0,0.0,0.0,0.0,0.0,0.0,0.0,0.0,0.0,0.0,0.0,0.0,0.0,0.0,0.0,0.0,0.0,0.0,0.0,0.0,0.0,0.0,0.0,0.0,0.0,0.0,0.0,0.0,0.0,0.0,0.0,0.0,0.0,0.0,0.0,0.0
141,141.0,259.0,0.0,1.0,0.0,0.25868725868725867,0.0,1.0,0.23166023166023167,1.0,0.10424710424710425,0.0,0.0,0.0,0.0,0.0,0.0,0.0,0.0,0.0,0.0,0.0,0.0,0.0,0.011583011583011584,0.015444015444015444,0.003861003861003861,0.02702702702702703,0.007722007722007722,0.019305019305019305,0.019305019305019305,0.015444015444015444,0.02702702702702703,0.019305019305019305,0.015444015444015444,0.003861003861003861,0.0,0.02702702702702703,0.011583011583011584,0.015444015444015444,0.003861003861003861,0.0,0.0,0.0,0.0,0.0,0.0,0.0,0.0,0.0,0.0,0.0,0.0,0.0,0.0,0.0,0.0,0.0,0.0,0.0,0.0,0.0,0.0,0.0,0.0,0.0,0.0,0.0,0.0,0.0,0.0,0.0,0.0,0.0,0.0,0.0,0.0,0.0,0.0,0.0,0.0,0.0,0.0,0.0,0.0,0.0,0.0,0.0,0.0,0.0,0.0,0.0,0.0,0.0,0.0,0.0,0.0,0.0,0.0,0.0,0.0,0.0,0.0,0.0,0.0,0.0,0.0,0.0,0.0,0.0,0.0,0.0,0.0,0.0,0.0,0.0,0.0,0.0,0.0,0.0,0.0,0.0,0.0
142,142.0,182.0,0.0,0.01098901098901099,0.01098901098901099,0.0,0.01098901098901099,0.005494505494505495,0.01098901098901099,0.005494505494505495,0.0,0.9945054945054946,0.989010989010989,1.0,1.0,0.9120879120879122,0.0,0.9560439560439561,0.9450549450549451,0.9725274725274726,0.9560439560439561,0.9450549450549451,0.9835164835164836,0.0,0.0,0.0,0.0,0.0,0.0,0.005494505494505495,0.0,0.0,0.0,0.0,0.0,0.0,0.0,0.0,0.0,0.0,0.0,0.0,0.0,0.0,0.0,0.0,0.0,0.01098901098901099,0.016483516483516484,0.01098901098901099,0.0,0.01098901098901099,0.005494505494505495,0.0,0.005494505494505495,0.02197802197802198,0.0,0.005494505494505495,0.0,0.0,0.0,0.005494505494505495,0.0,0.0,0.0,0.005494505494505495,0.0,0.0,0.0,0.0,0.0,0.0,0.0,0.0,0.0,0.0,0.0,0.0,0.0,0.0,0.0,0.0,0.0,0.0,0.0,0.0,0.0,0.0,0.0,0.0,0.0,0.0,0.0,0.0,0.0,0.0,0.0,0.0,0.0,0.0,0.0,0.0,0.0,0.0,0.0,0.0,0.0,0.0,0.0,0.0,0.0,0.0,0.0,0.0,0.0,0.0,0.0,0.0,0.0,0.0,0.0,0.0,0.0
143,143.0,94.0,0.0,1.0,0.968421052631579,0.9894736842105263,1.0,1.0,0.9894736842105263,1.0,0.9894736842105263,0.0,0.0,0.0,0.0,0.0,0.0,0.0,0.0,0.0,0.0,0.0,0.0,0.0,0.37894736842105264,0.7052631578947368,0.3368421052631579,0.5368421052631579,0.06315789473684211,0.7789473684210526,0.9578947368421052,0.6947368421052631,0.6105263157894737,0.06315789473684211,0.17894736842105263,0.07368421052631578,0.0,0.3157894736842105,0.12631578947368421,0.09473684210526316,0.22105263157894736,0.0,0.0,0.0,0.0,0.0,0.0,0.0,0.0,0.0,0.0,0.0,0.0,0.0,0.0,0.0,0.0,0.0,0.0,0.0,0.0,0.0,0.0,0.0,0.0,0.0,0.0,0.0,0.0,0.0,0.0,0.0,0.0,0.0,0.0,0.0,0.0,0.0,0.0,0.0,0.0,0.0,0.0,0.0,0.0,0.0,0.0,0.0,0.0,0.0,0.0,0.0,0.0,0.0,0.0,0.0,0.0,0.0,0.0,0.0,0.0,0.0,0.0,0.0,0.0,0.0,0.0,0.0,0.0,0.0,0.0,0.0,0.0,0.0,0.0,0.0,0.0,0.0,0.0,0.0,0.0,0.0,0.0
144,144.0,874.0,0.0,1.0,0.0,1.0,0.0,0.0,0.21052631578947367,0.0,0.0,0.0,0.0,0.0011441647597254005,0.0,0.0,0.0,0.0011441647597254005,0.0,0.0,0.0,0.0,0.0,0.002288329519450801,0.006864988558352403,0.013729977116704806,0.004576659038901602,0.005720823798627002,0.012585812356979404,0.013729977116704806,0.011441647597254004,0.011441647597254004,0.002288329519450801,0.005720823798627002,0.004576659038901602,0.004576659038901602,0.0,0.008009153318077803,0.0034324942791762016,0.008009153318077803,0.006864988558352403,0.0011441647597254005,0.002288329519450801,0.0,0.0,0.0,0.0,0.0,0.0,0.0,0.0,0.0,0.0,0.0,0.0,0.0,0.0,0.0,0.0,0.0011441647597254005,0.0,0.0,0.0,0.0,0.0,0.0,0.0,0.0034324942791762016,0.0,0.0,0.0,0.0,0.0,0.0,0.0,0.0,0.0,0.0,0.0,0.0,0.0,0.0,0.0,0.0,0.0,0.0,0.0,0.0,0.0,0.0,0.0,0.0,0.0,0.0,0.0,0.0,0.0,0.0,0.0,0.0,0.0,0.0,0.0,0.0,0.0,0.0,0.0,0.0,0.0,0.0,0.0,0.0,0.0,0.0,0.0,0.0,0.0,0.0,0.0,0.0,0.0,0.0,0.0
145,145.0,157.0,0.0,1.0,0.4394904458598726,1.0,0.0,0.0,0.0,1.0,0.0,0.0,0.0,0.0,0.0,0.0,0.0,0.0,0.0,0.0,0.0,0.0,0.0,0.006369426751592357,0.03184713375796178,0.025477707006369428,0.012738853503184714,0.025477707006369428,0.012738853503184714,0.019108280254777073,0.019108280254777073,0.038216560509554146,0.006369426751592357,0.006369426751592357,0.03184713375796178,0.012738853503184714,0.0,0.006369426751592357,0.025477707006369428,0.012738853503184714,0.025477707006369428,0.0,0.0,0.0,0.0,0.0,0.0,0.0,0.0,0.0,0.0,0.0,0.0,0.0,0.0,0.0,0.0,0.0,0.0,0.0,0.0,0.0,0.0,0.0,0.0,0.0,0.0,0.0,0.0,0.0,0.0,0.0,0.0,0.0,0.0,0.0,0.0,0.0,0.0,0.0,0.0,0.0,0.0,0.0,0.0,0.0,0.0,0.0,0.0,0.0,0.0,0.0,0.0,0.0,0.0,0.0,0.0,0.0,0.0,0.0,0.0,0.0,0.0,0.0,0.0,0.0,0.0,0.0,0.0,0.0,0.0,0.0,0.0,0.0,0.0,0.0,0.0,0.0,0.0,0.0,0.0,0.0,0.0
146,146.0,277.0,0.0,0.3140794223826715,0.0,1.0,1.0,0.0,0.21299638989169675,0.1624548736462094,1.0,0.0,0.0,0.0,0.0,0.0,0.0,0.0,0.0,0.0,0.0,0.0,0.0,0.0036101083032490976,0.036101083032490974,0.018050541516245487,0.010830324909747294,0.025270758122743684,0.021660649819494587,0.036101083032490974,0.036101083032490974,0.018050541516245487,0.018050541516245487,0.010830324909747294,0.018050541516245487,0.021660649819494587,0.0,0.01444043321299639,0.010830324909747294,0.0036101083032490976,0.021660649819494587,0.0036101083032490976,0.010830324909747294,0.0,0.0,0.0,0.0036101083032490976,0.0,0.0,0.0,0.0,0.0,0.0,0.0,0.0,0.0,0.0,0.0,0.0,0.0,0.0,0.0,0.0,0.0,0.0,0.0,0.0,0.0,0.0,0.0,0.0,0.0,0.0,0.0,0.0,0.0,0.0,0.0,0.0,0.0,0.0,0.0,0.0,0.0,0.0,0.0,0.0,0.0,0.0,0.0,0.0,0.0,0.0,0.0,0.0,0.0,0.0,0.0,0.0,0.0,0.0,0.0,0.0,0.0,0.0,0.0,0.0,0.0,0.0,0.0,0.0,0.0,0.0,0.0,0.0,0.0,0.0,0.0,0.0,0.0,0.0,0.0,0.0
147,147.0,467.0,0.0,0.0,1.0,0.0,0.2334047109207709,0.0,0.0,1.0,0.0,0.0,0.0,0.0,0.0,0.0,0.0,0.0,0.0,0.0,0.0,0.0,0.0,0.0021413276231263384,0.01284796573875803,0.0,0.01284796573875803,0.008565310492505354,0.006423982869379015,0.008565310492505354,0.0021413276231263384,0.01284796573875803,0.004282655246252677,0.008565310492505354,0.008565310492505354,0.004282655246252677,0.0,0.008565310492505354,0.008565310492505354,0.010706638115631693,0.004282655246252677,0.0021413276231263384,0.0,0.0,0.0,0.0,0.0,0.0,0.0,0.0,0.0,0.0,0.0,0.0,0.0,0.0,0.0,0.0,0.0,0.0,0.0,0.0,0.0,0.0,0.0,0.0,0.0,0.0,0.0,0.0,0.0,0.0,0.0,0.0,0.0,0.0,0.0,0.0,0.0,0.0,0.0,0.0,0.0,0.0,0.0,0.0,0.0,0.0,0.0,0.0,0.0,0.0,0.0,0.0,0.0,0.0,0.0,0.0,0.0,0.0,0.0,0.0,0.0,0.0,0.0,0.0,0.0,0.0,0.0,0.0021413276231263384,0.0,0.0,0.0,0.0,0.0,0.0,0.0,0.0,0.0,0.0,0.0,0.0,0.0
148,148.0,122.0,0.4426229508196721,0.0,0.0,0.0,0.0,0.0,0.0,0.0,0.0,0.0,0.8524590163934427,0.6475409836065574,0.9754098360655739,0.04098360655737705,0.05737704918032787,0.07377049180327869,0.04918032786885246,0.00819672131147541,0.04098360655737705,0.02459016393442623,0.00819672131147541,0.0,0.0,0.0,0.0,0.0,0.0,0.0,0.0,0.0,0.0,0.0,0.0,0.0,0.0,0.0,0.0,0.0,0.0,0.00819672131147541,0.0,0.0,0.0,0.0,0.0,0.0,0.0,0.0,0.0,0.0,0.0,0.0,0.0,0.0,0.0,0.0,0.00819672131147541,0.0,0.5819672131147541,0.0,0.0,0.0,0.0,0.0,0.0,0.0,0.0,0.0,0.0,0.0,0.0,0.0,0.0,0.0,0.0,0.0,0.0,0.0,0.00819672131147541,0.0,0.0,0.0,0.0,0.0,0.0,0.0,0.0,0.0,0.0,0.0,0.0,0.0,0.0,0.0,0.0,0.0,0.0,0.0,0.0,0.0,0.0,0.0,0.0,0.0,0.0,0.0,0.0,0.0,0.0,0.0,0.0,0.0,0.0,0.0,0.0,0.0,0.0,0.0,0.0,0.0,0.0
149,149.0,315.0,0.0,0.9840764331210191,0.964968152866242,0.9554140127388535,0.9777070063694268,0.964968152866242,0.9713375796178344,1.0,0.8630573248407644,0.0031847133757961785,0.0031847133757961785,0.0031847133757961785,0.0,0.0,0.0,0.0,0.0,0.0,0.0,0.0,0.0,0.0,0.09872611464968153,0.1178343949044586,0.0,0.15923566878980894,0.09235668789808918,0.12420382165605096,0.01592356687898089,1.0,0.0,0.09235668789808918,0.0,0.0,0.0,0.0,0.089171974522293,0.04140127388535032,0.0732484076433121,0.0,0.0031847133757961785,0.0,0.0,0.0,0.006369426751592357,0.0,0.0,0.0,0.0,0.0,0.0,0.0031847133757961785,0.0,0.0,0.0,0.0,0.0,0.0,0.0,0.0,0.0,0.0,0.0,0.0,0.0,0.0,0.0,0.0,0.0,0.0,0.0,0.0,0.0,0.0,0.0,0.0,0.0,0.0,0.0,0.0,0.0,0.0,0.0,0.0,0.0,0.0,0.0,0.0,0.0,0.0,0.0,0.0,0.0,0.0,0.0,0.0,0.0,0.0,0.0,0.0,0.0,0.0,0.0,0.0,0.0,0.0,0.0,0.0,0.0,0.0,0.0,0.0,0.0,0.0,0.0,0.0,0.0,0.0,0.0,0.0,0.0
150,150.0,126.0,0.0,0.0,1.0,1.0,0.0,0.0,0.0,0.15873015873015872,1.0,0.0,0.0,0.0,0.0,0.0,0.0,0.0,0.0,0.0,0.0,0.0,0.0,0.0,0.007936507936507936,0.023809523809523808,0.007936507936507936,0.031746031746031744,0.007936507936507936,0.007936507936507936,0.007936507936507936,0.031746031746031744,0.0,0.023809523809523808,0.015873015873015872,0.015873015873015872,0.0,0.0,0.015873015873015872,0.0,0.015873015873015872,0.0,0.007936507936507936,0.0,0.0,0.0,0.0,0.0,0.0,0.0,0.0,0.0,0.0,0.0,0.0,0.0,0.0,0.0,0.0,0.0,0.0,0.0,0.0,0.0,0.0,0.0,0.0,0.0,0.0,0.0,0.0,0.0,0.0,0.0,0.0,0.0,0.0,0.0,0.0,0.0,0.0,0.0,0.0,0.0,0.0,0.0,0.0,0.0,0.0,0.0,0.0,0.0,0.0,0.0,0.0,0.0,0.0,0.0,0.0,0.0,0.0,0.0,0.0,0.0,0.0,0.0,0.0,0.0,0.0,0.0,0.0,0.0,0.0,0.0,0.0,0.0,0.0,0.0,0.0,0.0,0.0,0.0,0.0
151,151.0,109.0,0.0,0.9908256880733946,0.9816513761467891,0.9816513761467891,0.963302752293578,0.9816513761467891,0.9816513761467891,1.0,0.9449541284403671,0.0,0.0,0.0,0.0,0.0,0.0,0.0,0.0,0.0,0.0,0.0,0.0,0.0,0.24770642201834864,0.2018348623853211,0.2018348623853211,0.30275229357798167,1.0,0.23853211009174313,0.1559633027522936,0.045871559633027525,0.22018348623853212,0.1834862385321101,0.29357798165137616,0.1559633027522936,0.0,1.0,0.11009174311926606,0.11009174311926606,0.08256880733944955,0.0,0.009174311926605505,0.0,0.0,0.0,0.0,0.0,0.0,0.0,0.0,0.0,0.0,0.0,0.0,0.0,0.0,0.0,0.0,0.0,0.0,0.0,0.0,0.0,0.0,0.0,0.0,0.0,0.0,0.0,0.0,0.0,0.0,0.0,0.0,0.0,0.0,0.0,0.0,0.0,0.0,0.0,0.0,0.0,0.0,0.0,0.0,0.0,0.0,0.0,0.0,0.0,0.0,0.0,0.0,0.0,0.0,0.0,0.0,0.0,0.0,0.0,0.0,0.0,0.0,0.0,0.0,0.0,0.0,0.0,0.0,0.0,0.0,0.0,0.0,0.0,0.0,0.0,0.0,0.0,0.0,0.0,0.0
152,152.0,73.0,0.0,1.0,1.0,0.9863013698630136,1.0,0.9863013698630136,1.0,0.9863013698630136,1.0,0.0,0.0,0.0,0.0,0.0,0.0,0.0,0.0,0.0,0.0,0.0,0.0,0.0,0.8356164383561644,0.0136986301369863,0.6027397260273972,0.6986301369863013,0.6164383561643836,0.9041095890410958,0.8493150684931506,0.684931506849315,0.7671232876712328,0.7123287671232876,0.7534246575342465,0.5753424657534246,0.0,0.1232876712328767,0.8082191780821917,0.0136986301369863,0.2465753424657534,0.0,0.0,0.0,0.0,0.0,0.0,0.0,0.0,0.0,0.0,0.0,0.0,0.0,0.0,0.0,0.0,0.0,0.0,0.0,0.0,0.0,0.0,0.0,0.0,0.0,0.0,0.0,0.0,0.0,0.0,0.0,0.0,0.0,0.0,0.0,0.0,0.0,0.0,0.0,0.0,0.0,0.0,0.0,0.0,0.0,0.0,0.0,0.0,0.0,0.0,0.0,0.0,0.0,0.0,0.0,0.0,0.0,0.0,0.0,0.0,0.0,0.0,0.0,0.0,0.0,0.0,0.0,0.0,0.0,0.0,0.0,0.0,0.0,0.0,0.0,0.0,0.0,0.0,0.0,0.0,0.0,0.0
153,153.0,274.0,0.0,0.0,0.20072992700729927,1.0,0.32116788321167883,0.0,1.0,1.0,0.19343065693430656,0.0,0.0,0.0,0.0,0.0,0.0,0.0,0.0,0.0,0.0,0.0,0.0,0.0,0.01824817518248175,0.014598540145985401,0.010948905109489052,0.01824817518248175,0.01824817518248175,0.021897810218978103,0.010948905109489052,0.025547445255474453,0.01824817518248175,0.014598540145985401,0.014598540145985401,0.029197080291970802,0.0,0.0072992700729927005,0.01824817518248175,0.010948905109489052,0.0,0.0036496350364963502,0.0,0.0,0.0,0.0,0.0,0.0,0.0,0.0,0.0,0.0,0.0,0.0,0.0,0.0,0.0,0.0,0.0,0.0,0.0,0.0,0.0,0.0,0.0,0.0,0.0,0.0,0.0,0.0,0.0,0.0,0.0,0.0,0.0,0.0,0.0,0.0,0.0,0.0,0.0,0.0,0.0,0.0,0.0,0.0,0.0,0.0,0.0,0.0,0.0,0.0,0.0,0.0,0.0,0.0,0.0,0.0,0.0,0.0,0.0,0.0,0.0,0.0,0.0,0.0,0.0,0.0,0.0,0.0,0.0,0.0,0.0,0.0,0.0,0.0,0.0,0.0,0.0,0.0,0.0,0.0,0.0
154,154.0,266.0,0.0,0.19172932330827067,1.0,0.0,1.0,0.0,0.2969924812030075,0.22932330827067668,1.0,0.0,0.0,0.0,0.0,0.0,0.0,0.0,0.0,0.0,0.0,0.0,0.0,0.0,0.015037593984962405,0.03007518796992481,0.007518796992481203,0.03007518796992481,0.007518796992481203,0.007518796992481203,0.018796992481203006,0.02631578947368421,0.015037593984962405,0.015037593984962405,0.015037593984962405,0.018796992481203006,0.0,0.011278195488721804,0.011278195488721804,0.011278195488721804,0.011278195488721804,0.0,0.0037593984962406013,0.0,0.0,0.0,0.0,0.0,0.0,0.0,0.0,0.0,0.0,0.0,0.0,0.0,0.0,0.0,0.0,0.0,0.0,0.0,0.0,0.0,0.0,0.0,0.0,0.0,0.0,0.0,0.0,0.0,0.0,0.0,0.0,0.0,0.0,0.0,0.0,0.0,0.0,0.0,0.0,0.0,0.0,0.0,0.0,0.0,0.0,0.0,0.0,0.0,0.0,0.0,0.0,0.0,0.0,0.0,0.0,0.0,0.0,0.0,0.0,0.0,0.0,0.0,0.0,0.0,0.0,0.0,0.0,0.0,0.0037593984962406013,0.0,0.0,0.0,0.0,0.0,0.0,0.0,0.0,0.0,0.0
155,155.0,665.0,0.0,0.0,0.0,1.0,0.0,1.0,0.0,0.0,0.0,0.0,0.0,0.0015037593984962407,0.0,0.0,0.0,0.0015037593984962407,0.0,0.0,0.0,0.0,0.0,0.0015037593984962407,0.0075187969924812035,0.0075187969924812035,0.009022556390977444,0.0030075187969924814,0.010526315789473686,0.010526315789473686,0.0030075187969924814,0.0075187969924812035,0.012030075187969926,0.009022556390977444,0.009022556390977444,0.0075187969924812035,0.0,0.004511278195488722,0.0030075187969924814,0.004511278195488722,0.004511278195488722,0.0030075187969924814,0.0015037593984962407,0.0,0.0,0.0,0.0015037593984962407,0.0,0.0,0.0,0.0,0.0,0.0,0.0,0.0,0.0,0.0,0.0,0.0,0.0,0.0,0.0,0.0,0.0,0.0,0.0,0.0,0.0,0.0,0.0,0.0,0.0,0.0,0.0,0.0,0.0,0.0,0.0,0.0,0.0,0.0,0.0,0.0,0.0,0.0,0.0,0.0,0.0,0.0,0.0,0.0,0.0,0.0,0.0,0.0,0.0,0.0,0.0,0.0,0.0,0.0,0.0,0.0,0.0,0.0,0.0,0.0,0.0,0.0,0.0,0.0,0.0,0.0,0.0,0.0,0.0,0.0,0.0,0.0,0.0,0.0,0.0,0.0
156,156.0,300.0,0.0,0.8166666666666668,1.0,0.5566666666666668,0.0,1.0,1.0,1.0,0.0,0.0,0.0,0.0,0.0,0.0,0.0,0.0,0.0,0.0,0.0,0.0,0.0,0.0,0.03333333333333333,0.02,0.03333333333333333,0.03333333333333333,0.03333333333333333,0.030000000000000002,0.05333333333333334,0.04666666666666667,0.05666666666666667,0.023333333333333334,0.03333333333333333,0.030000000000000002,0.0,0.01,0.02666666666666667,0.030000000000000002,0.023333333333333334,0.0033333333333333335,0.006666666666666667,0.0,0.0,0.0,0.0033333333333333335,0.0,0.0,0.0,0.0,0.0,0.0,0.0,0.0,0.0,0.0,0.0,0.0,0.0,0.0,0.0,0.0,0.0,0.0,0.0,0.0,0.0,0.0,0.0,0.0,0.0,0.0,0.0,0.0,0.0,0.0,0.0,0.0,0.0,0.0,0.0,0.0,0.0,0.0,0.0,0.0,0.0,0.0,0.0,0.0,0.0,0.0,0.0,0.0,0.0,0.0,0.0,0.0,0.0,0.0,0.0,0.0,0.0,0.0,0.0,0.0,0.0,0.0,0.0,0.0,0.0,0.0,0.0,0.0,0.0,0.0,0.0,0.0,0.0,0.0,0.0,0.0
157,157.0,113.0,0.0,0.9791666666666666,1.0,0.96875,0.9895833333333333,0.9895833333333333,1.0,0.96875,0.9375,0.0,0.0,0.0,0.010416666666666666,0.0,0.0,0.0,0.0,0.0,0.0,0.0,0.0,0.010416666666666666,0.125,0.5104166666666666,0.9166666666666666,0.4270833333333333,0.96875,0.041666666666666664,0.3958333333333333,0.05208333333333333,0.11458333333333333,0.44791666666666663,0.11458333333333333,0.10416666666666666,0.0,0.020833333333333332,0.125,0.2708333333333333,0.11458333333333333,0.0,0.010416666666666666,0.0,0.0,0.0,0.010416666666666666,0.0,0.0,0.0,0.0,0.0,0.0,0.0,0.0,0.0,0.0,0.0,0.0,0.0,0.0,0.0,0.0,0.0,0.0,0.010416666666666666,0.010416666666666666,0.0,0.0,0.0,0.0,0.0,0.0,0.0,0.0,0.0,0.0,0.0,0.0,0.0,0.0,0.0,0.0,0.0,0.0,0.0,0.0,0.0,0.0,0.0,0.0,0.0,0.0,0.0,0.0,0.0,0.0,0.0,0.0,0.0,0.0,0.0,0.0,0.0,0.0,0.0,0.0,0.0,0.0,0.0,0.0,0.0,0.0,0.0,0.0,0.0,0.0,0.0,0.0,0.0,0.0,0.0,0.0
158,158.0,369.0,0.0,1.0,0.0,0.0,0.0,0.0,0.0,1.0,0.15718157181571815,0.0,0.0,0.0,0.0,0.0,0.0,0.0,0.0,0.0,0.0,0.0,0.0,0.0,0.005420054200542005,0.008130081300813007,0.005420054200542005,0.005420054200542005,0.005420054200542005,0.008130081300813007,0.005420054200542005,0.005420054200542005,0.0027100271002710027,0.01084010840108401,0.008130081300813007,0.005420054200542005,0.0,0.0027100271002710027,0.0,0.0027100271002710027,0.0027100271002710027,0.0,0.0027100271002710027,0.0,0.0,0.0,0.0,0.0,0.0,0.0027100271002710027,0.0,0.0,0.0,0.0,0.0,0.0,0.0,0.0,0.0,0.0,0.0,0.0,0.0,0.0,0.0,0.0,0.0,0.0,0.0,0.0,0.0,0.0,0.0,0.0,0.0,0.0,0.0,0.0,0.0,0.0,0.0,0.0,0.0,0.0,0.0,0.0,0.0,0.0,0.0,0.0,0.0,0.0,0.0,0.0,0.0,0.0,0.0,0.0,0.0,0.0,0.0,0.0,0.0,0.0,0.0,0.0,0.0,0.0,0.0,0.0,0.0,0.0,0.0,0.0,0.0,0.0,0.0,0.0,0.0,0.0,0.0,0.0,0.0
159,159.0,130.0,0.0,1.0,0.9923076923076923,0.9615384615384616,0.9923076923076923,0.9846153846153847,0.9846153846153847,0.9615384615384616,0.9153846153846155,0.0,0.0,0.0,0.0,0.0,0.0,0.0,0.0,0.0,0.0,0.0,0.0,0.0,0.16153846153846155,1.0,1.0,0.24615384615384617,0.0,0.2230769230769231,0.09230769230769231,0.1076923076923077,0.12307692307692308,0.08461538461538462,0.30000000000000004,0.14615384615384616,0.0,0.18461538461538463,0.14615384615384616,0.14615384615384616,0.13846153846153847,0.0,0.007692307692307693,0.0,0.0,0.0,0.0,0.0,0.0,0.0,0.0,0.0,0.0,0.0,0.0,0.0,0.0,0.0,0.0,0.0,0.0,0.0,0.0,0.0,0.0,0.0,0.0,0.0,0.0,0.0,0.0,0.0,0.0,0.0,0.0,0.0,0.0,0.0,0.0,0.0,0.0,0.0,0.0,0.0,0.0,0.0,0.0,0.0,0.0,0.0,0.0,0.0,0.0,0.0,0.0,0.0,0.0,0.0,0.0,0.0,0.0,0.0,0.0,0.0,0.0,0.0,0.0,0.0,0.0,0.0,0.0,0.0,0.0,0.0,0.0,0.0,0.0,0.0,0.0,0.0,0.0,0.0,0.0
160,160.0,137.0,0.0,0.9854014598540146,0.9781021897810218,0.9781021897810218,0.9854014598540146,1.0,0.9854014598540146,0.9562043795620437,0.9124087591240876,0.0,0.0,0.0,0.0,0.0,0.0,0.0,0.0,0.0,0.0,0.0,0.0,0.0,0.2773722627737226,0.18248175182481752,0.15328467153284672,0.20437956204379562,1.0,1.0,0.11678832116788321,0.10218978102189781,0.0,0.1386861313868613,0.1897810218978102,0.145985401459854,0.0,0.0,0.072992700729927,0.0948905109489051,0.072992700729927,0.0,0.0,0.0,0.0,0.0,0.0072992700729927005,0.0,0.0,0.0,0.0,0.0,0.0,0.0,0.0,0.0,0.0,0.0,0.0,0.0,0.0,0.0,0.0,0.0,0.0,0.0,0.0,0.0,0.0,0.0,0.0,0.0,0.0,0.0,0.0,0.0,0.0,0.0,0.0,0.0,0.0,0.0,0.0,0.0,0.0,0.0,0.0,0.0,0.0,0.0,0.0,0.0,0.0,0.0,0.0,0.0,0.0,0.0,0.0,0.0,0.0,0.0,0.0,0.0,0.0,0.0,0.0,0.0,0.0,0.0,0.0,0.0,0.0,0.0,0.0,0.0,0.0,0.0,0.0,0.0,0.0,0.0,0.0
161,161.0,45.0,0.0,0.0,0.17777777777777778,0.13333333333333333,1.0,0.08888888888888889,0.08888888888888889,0.044444444444444446,0.022222222222222223,0.0,0.0,0.0,0.0,0.0,0.0,0.0,0.0,0.0,0.0,0.0,0.0,0.0,0.0,0.0,1.0,0.022222222222222223,0.0,0.0,0.0,0.0,0.022222222222222223,0.044444444444444446,0.0,0.0,0.0,0.022222222222222223,0.0,0.0,0.0,0.0,0.0,0.0,0.0,0.0,0.0,0.0,0.0,0.0,0.0,0.0,0.0,0.0,0.0,0.0,0.0,0.0,0.0,0.0,0.0,0.0,0.0,0.0,0.0,0.0,0.0,0.0,0.0,0.0,0.0,0.0,0.0,0.0,0.0,0.0,0.0,0.0,0.0,0.0,0.0,0.0,0.0,0.0,0.0,0.0,0.0,0.0,0.0,0.0,0.0,0.0,0.0,0.0,0.0,0.0,0.0,0.0,0.0,0.0,0.0,0.0,0.0,0.0,0.0,0.0,0.0,0.0,0.0,0.0,0.0,0.0,0.0,0.0,0.0,0.0,0.0,0.0,0.0,0.0,0.0,0.0,0.0
162,162.0,96.0,0.0,0.0,0.0,0.0,0.0,0.0,0.0,0.0,0.0,0.7916666666666666,0.8854166666666666,0.8854166666666666,0.9166666666666666,0.0625,0.8020833333333333,0.4375,0.13541666666666666,0.9375,0.59375,0.020833333333333332,0.32291666666666663,0.0,0.0,0.0,0.0,0.0,0.0,0.0,0.0,0.0,0.0,0.0,0.0,0.0,0.0,0.0,0.0,0.0,0.0,0.0,0.010416666666666666,0.0,0.0,0.0,0.0,0.0,0.0,0.0,0.0,0.0,0.010416666666666666,0.0,0.0,0.010416666666666666,0.0,0.0,0.0,0.0,0.0,0.0,0.0,0.0,0.0,0.0,0.010416666666666666,0.0,0.0,0.0,0.0,0.0,0.0,0.0,0.0,0.0,0.0,0.0,0.0,0.0,0.0,0.0,0.0,0.0,0.0,0.0,0.0,0.0,0.0,0.0,0.0,0.0,0.0,0.0,0.0,0.0,0.0,0.0,0.0,0.0,0.0,0.0,0.0,0.0,0.0,0.0,0.0,0.0,0.0,0.0,0.0,0.0,0.0,0.0,0.0,0.0,0.0,0.0,0.0,0.0,0.0,0.0,0.0
163,163.0,97.0,0.0,0.0,0.0,0.0,0.0,0.0,0.0,0.0,0.0,0.9278350515463918,0.9381443298969072,0.8247422680412371,0.8865979381443299,0.0,0.8144329896907216,1.0,0.8556701030927835,0.6907216494845361,0.7319587628865979,0.6907216494845361,0.0,0.0,0.0,0.0,0.0,0.0,0.0,0.0,0.0,0.0,0.0,0.0,0.0,0.0,0.0,0.0,0.0,0.0,0.0,0.0,0.0,0.0,0.0,0.0,0.0,0.0,0.0,0.0,0.0,0.0,0.0,0.0,0.0,0.0,0.0,0.0,0.0,0.0,0.010309278350515464,0.0,0.0,0.0,0.0,0.0,0.0,0.0,0.0,0.0,0.0,0.0,0.0,0.0,0.0,0.0,0.0,0.0,0.0,0.0,0.0,0.0,0.0,0.0,0.0,0.0,0.0,0.0,0.0,0.0,0.0,0.0,0.0,0.0,0.0,0.0,0.0,0.0,0.0,0.0,0.0,0.0,0.0,0.0,0.0,0.0,0.0,0.0,0.0,0.0,0.0,0.0,0.0,0.0,0.0,0.0,0.0,0.0,0.0,0.0,0.0,0.0,0.0
164,164.0,101.0,0.0,0.9900990099009901,1.0,0.9900990099009901,1.0,1.0,1.0,1.0,1.0,0.0,0.0,0.0,0.0,0.0,0.0,0.0,0.0,0.0,0.0,0.0,0.0,0.0,0.9207920792079208,0.34653465346534656,0.5148514851485149,0.38613861386138615,0.8118811881188119,0.5247524752475248,0.1188118811881188,0.2079207920792079,0.9405940594059407,0.10891089108910891,0.2871287128712871,0.594059405940594,0.0,0.04950495049504951,0.22772277227722773,0.44554455445544555,0.07920792079207921,0.0,0.0,0.0,0.0,0.0,0.0,0.0,0.0,0.0,0.0,0.0,0.0,0.0,0.0,0.0,0.0,0.0,0.0,0.0,0.0,0.0,0.0,0.0,0.0,0.0,0.0,0.0,0.0,0.0,0.0,0.0,0.0,0.0,0.0,0.0,0.0,0.0,0.0,0.0,0.0,0.0,0.0,0.0,0.0,0.0,0.0,0.0,0.0,0.0,0.0,0.0,0.0,0.0,0.0,0.0,0.0,0.0,0.0,0.0,0.0,0.0,0.0,0.0,0.0,0.0,0.0,0.0,0.0,0.0,0.0,0.0,0.0,0.0,0.0,0.0,0.0,0.0,0.0,0.0,0.0,0.0,0.0
165,165.0,493.0,0.0,0.0,0.0,0.0,1.0,0.21095334685598377,0.0,1.0,0.10953346855983773,0.0,0.0,0.0,0.0,0.0,0.0,0.0,0.0,0.0,0.0,0.0,0.0,0.002028397565922921,0.006085192697768763,0.010141987829614604,0.004056795131845842,0.012170385395537525,0.008113590263691683,0.010141987829614604,0.012170385395537525,0.008113590263691683,0.018255578093306288,0.010141987829614604,0.006085192697768763,0.006085192697768763,0.0,0.004056795131845842,0.004056795131845842,0.008113590263691683,0.004056795131845842,0.004056795131845842,0.0,0.0,0.0,0.0,0.002028397565922921,0.0,0.0,0.0,0.0,0.0,0.0,0.0,0.0,0.0,0.0,0.0,0.0,0.0,0.0,0.0,0.0,0.0,0.0,0.0,0.0,0.0,0.0,0.0,0.0,0.0,0.0,0.0,0.0,0.0,0.0,0.0,0.0,0.0,0.0,0.0,0.0,0.0,0.0,0.0,0.0,0.0,0.0,0.0,0.0,0.0,0.0,0.0,0.0,0.0,0.0,0.0,0.0,0.0,0.0,0.0,0.0,0.0,0.0,0.0,0.0,0.0,0.0,0.0,0.0,0.0,0.0,0.0,0.0,0.0,0.0,0.0,0.0,0.0,0.0,0.0,0.0
166,166.0,496.0,0.0,0.0,0.0,0.0,0.0,0.1975806451612903,1.0,1.0,0.08669354838709677,0.0,0.0,0.0,0.0,0.0,0.0,0.0,0.0,0.0,0.0,0.0,0.0,0.0,0.020161290322580645,0.010080645161290322,0.008064516129032258,0.006048387096774193,0.016129032258064516,0.006048387096774193,0.004032258064516129,0.008064516129032258,0.012096774193548387,0.008064516129032258,0.006048387096774193,0.010080645161290322,0.0,0.010080645161290322,0.004032258064516129,0.008064516129032258,0.008064516129032258,0.004032258064516129,0.004032258064516129,0.0,0.0,0.0,0.0,0.0,0.0,0.0,0.0,0.0,0.0,0.0,0.0,0.0,0.0,0.0,0.0,0.0,0.0,0.0,0.0,0.0,0.0,0.0,0.0,0.0020161290322580645,0.0,0.0,0.0,0.0,0.0,0.0,0.0,0.0,0.0,0.0,0.0,0.0,0.0,0.0,0.0,0.0,0.0,0.0,0.0,0.0,0.0,0.0,0.0,0.0,0.0,0.0,0.0,0.0,0.0,0.0,0.0,0.0,0.0,0.0,0.0,0.0,0.0,0.0,0.0,0.0,0.0,0.0,0.0,0.0,0.0,0.0,0.0,0.0,0.0,0.0,0.0,0.0,0.0,0.0,0.0
167,167.0,197.0,0.0,0.25888324873096447,0.0,0.9999999999999999,0.9999999999999999,0.2842639593908629,0.0,0.9999999999999999,0.0,0.0,0.005076142131979695,0.0,0.0,0.0,0.0,0.005076142131979695,0.0,0.0,0.0,0.0,0.0,0.0,0.02030456852791878,0.02030456852791878,0.025380710659898477,0.025380710659898477,0.02030456852791878,0.015228426395939085,0.01015228426395939,0.025380710659898477,0.005076142131979695,0.025380710659898477,0.02030456852791878,0.015228426395939085,0.0,0.005076142131979695,0.015228426395939085,0.01015228426395939,0.005076142131979695,0.0,0.01015228426395939,0.0,0.0,0.0,0.0,0.0,0.0,0.0,0.0,0.0,0.0,0.0,0.0,0.0,0.0,0.0,0.0,0.0,0.0,0.0,0.0,0.0,0.0,0.0,0.0,0.0,0.0,0.0,0.0,0.0,0.0,0.0,0.0,0.0,0.0,0.0,0.0,0.0,0.0,0.0,0.0,0.0,0.0,0.0,0.005076142131979695,0.0,0.0,0.0,0.0,0.0,0.0,0.0,0.0,0.0,0.0,0.0,0.0,0.0,0.0,0.0,0.0,0.0,0.0,0.0,0.0,0.0,0.0,0.0,0.0,0.0,0.0,0.0,0.0,0.0,0.0,0.0,0.0,0.0,0.0,0.0,0.0
168,168.0,37.0,0.0,0.0,0.0,0.0,0.0,0.0,0.0,0.0,0.0,0.0,0.0,0.0,0.0,0.0,0.0,1.0,0.0,0.0,0.0,0.0,0.0,0.0,0.0,0.0,0.0,0.0,0.0,0.0,0.0,0.0,0.0,0.0,0.0,0.0,0.0,0.0,0.0,0.0,0.0,0.0,0.0,0.0,0.0,0.0,0.0,0.0,0.0,0.0,0.0,0.0,0.0,0.0,0.0,0.0,0.0,0.0,0.0,0.0,0.0,0.0,0.0,0.0,0.0,0.0,0.0,0.0,0.0,0.0,0.0,0.0,0.0,1.0,1.0,1.0,0.0,1.0,0.0,1.0,0.0,1.0,1.0,0.0,0.0,0.0,0.0,0.0,0.0,0.0,0.0,0.0,0.0,0.0,0.0,0.0,0.0,0.0,0.0,0.0,0.0,0.0,0.0,0.0,0.0,0.0,0.0,0.0,0.0,0.0,0.0,0.0,0.0,0.0,0.0,0.0,0.0,0.0,0.0,0.0,0.0,0.0,0.0
169,169.0,494.0,0.0,1.0,1.0,0.5506072874493927,1.0,1.0,0.0,0.4008097165991903,0.0,0.0,0.0,0.0,0.0,0.0,0.0,0.0,0.0,0.0,0.0,0.0,0.0,0.004048582995951417,0.05668016194331984,0.04251012145748988,0.018218623481781375,0.016194331983805668,0.03441295546558704,0.03036437246963563,0.04251012145748988,0.03643724696356275,0.020242914979757085,0.008097165991902834,0.022267206477732795,0.016194331983805668,0.0020242914979757085,0.01417004048582996,0.010121457489878543,0.020242914979757085,0.01417004048582996,0.0020242914979757085,0.008097165991902834,0.0,0.0,0.0,0.0,0.0,0.0,0.0,0.0,0.0,0.0,0.0,0.0,0.0,0.0,0.0,0.0,0.0,0.0,0.0,0.0,0.0,0.0,0.0,0.0,0.0,0.0,0.0,0.0,0.0,0.0,0.0,0.0,0.0,0.0,0.0,0.0,0.0,0.0,0.0,0.0,0.0,0.0,0.0,0.0020242914979757085,0.0,0.0,0.0,0.0,0.0,0.0,0.0,0.0,0.0,0.0,0.0,0.0,0.0,0.0,0.0,0.0,0.0,0.0,0.0,0.0,0.0,0.0,0.0,0.0,0.0,0.0,0.0,0.0,0.0,0.0,0.0,0.0,0.0,0.0,0.0,0.0
170,170.0,68.0,0.0,1.0,1.0,1.0,1.0,1.0,1.0,1.0,1.0,0.0,0.0,0.0,0.0,0.0,0.0,0.014705882352941176,0.0,0.0,0.0,0.0,0.0,0.0,0.7794117647058824,0.8823529411764706,0.7941176470588235,0.7205882352941176,0.6470588235294118,0.5441176470588235,0.9264705882352942,0.7205882352941176,0.11764705882352941,0.07352941176470588,0.8823529411764706,0.9411764705882353,0.0,0.47058823529411764,0.39705882352941174,0.1764705882352941,0.1323529411764706,0.0,0.029411764705882353,0.0,0.0,0.0,0.0,0.0,0.0,0.0,0.0,0.0,0.0,0.0,0.0,0.0,0.0,0.0,0.0,0.0,0.0,0.0,0.0,0.0,0.0,0.0,0.0,0.0,0.0,0.0,0.0,0.0,0.0,0.0,0.0,0.0,0.0,0.0,0.0,0.0,0.0,0.0,0.0,0.0,0.0,0.0,0.0,0.0,0.0,0.0,0.0,0.0,0.0,0.0,0.0,0.0,0.0,0.0,0.0,0.0,0.0,0.0,0.0,0.0,0.0,0.0,0.0,0.0,0.0,0.0,0.0,0.0,0.0,0.0,0.0,0.0,0.0,0.0,0.0,0.0,0.0,0.0,0.0
171,171.0,473.0,0.0,0.27906976744186046,0.2642706131078224,1.0,1.0,0.0,1.0,0.0,0.0,0.0,0.0,0.0021141649048625794,0.0,0.0,0.0,0.0,0.0,0.0,0.0,0.0,0.0,0.0,0.023255813953488372,0.023255813953488372,0.021141649048625793,0.025369978858350954,0.021141649048625793,0.021141649048625793,0.019027484143763214,0.023255813953488372,0.027484143763213533,0.004228329809725159,0.014799154334038056,0.025369978858350954,0.0,0.0063424947145877385,0.008456659619450317,0.0063424947145877385,0.010570824524312896,0.0,0.0021141649048625794,0.0,0.0,0.0,0.0021141649048625794,0.0,0.0,0.0,0.0,0.0,0.0,0.0,0.0,0.0,0.0,0.0,0.0,0.0,0.0,0.0,0.0,0.0,0.0,0.0,0.0,0.0,0.0,0.0,0.0,0.0,0.0,0.0,0.0,0.0,0.0,0.0,0.0021141649048625794,0.0,0.0,0.0,0.0,0.0,0.0,0.0,0.0,0.0,0.0,0.0,0.0,0.0,0.0,0.0,0.0,0.0,0.0,0.0,0.0,0.0,0.0,0.0,0.0,0.0,0.0,0.0,0.0,0.0,0.0,0.0,0.0,0.0,0.0,0.0,0.0,0.0,0.0,0.0,0.0,0.0,0.0,0.0,0.0
172,172.0,189.0,0.0,0.37037037037037035,1.0,0.0,0.0,1.0,0.0,0.13756613756613756,1.0,0.0,0.0,0.0,0.0,0.0,0.0,0.0,0.0,0.0,0.0,0.0,0.0,0.005291005291005291,0.031746031746031744,0.021164021164021163,0.026455026455026454,0.021164021164021163,0.010582010582010581,0.005291005291005291,0.0,0.015873015873015872,0.015873015873015872,0.021164021164021163,0.021164021164021163,0.021164021164021163,0.0,0.005291005291005291,0.0,0.015873015873015872,0.005291005291005291,0.005291005291005291,0.0,0.0,0.0,0.0,0.005291005291005291,0.0,0.0,0.0,0.0,0.0,0.0,0.0,0.0,0.0,0.0,0.0,0.0,0.0,0.0,0.0,0.0,0.0,0.0,0.0,0.0,0.0,0.0,0.0,0.0,0.0,0.0,0.0,0.0,0.0,0.0,0.0,0.0,0.0,0.0,0.0,0.0,0.0,0.0,0.0,0.0,0.0,0.0,0.0,0.0,0.0,0.0,0.0,0.0,0.0,0.0,0.0,0.0,0.0,0.0,0.0,0.0,0.0,0.0,0.0,0.0,0.0,0.0,0.0,0.0,0.0,0.0,0.0,0.0,0.0,0.0,0.0,0.0,0.0,0.0,0.0,0.0
173,173.0,316.0,0.0,0.0,0.0,0.0,0.0,1.0,0.0,0.0,1.0,0.0,0.0,0.0,0.0,0.0,0.0,0.0,0.0,0.0,0.0,0.0,0.0,0.0031645569620253164,0.006329113924050633,0.012658227848101266,0.006329113924050633,0.00949367088607595,0.00949367088607595,0.006329113924050633,0.0031645569620253164,0.012658227848101266,0.0,0.022151898734177215,0.0031645569620253164,0.00949367088607595,0.0,0.0,0.0031645569620253164,0.0031645569620253164,0.00949367088607595,0.0031645569620253164,0.0031645569620253164,0.0,0.0,0.0,0.0031645569620253164,0.0,0.0,0.0,0.0,0.0,0.0,0.0,0.0,0.0,0.0,0.0,0.0,0.0,0.0,0.0,0.0,0.0,0.0,0.0,0.0,0.0031645569620253164,0.0,0.0,0.0,0.0,0.0,0.0,0.0,0.0,0.0,0.0,0.0,0.0,0.0,0.0,0.0,0.0,0.0,0.0,0.0,0.0,0.0,0.0,0.0,0.0,0.0,0.0,0.0,0.0,0.0,0.0,0.0,0.0,0.0,0.0,0.0,0.0,0.0,0.0,0.0,0.0,0.0,0.0,0.0,0.0,0.0,0.0,0.0,0.0,0.0,0.0,0.0,0.0,0.0,0.0,0.0
174,174.0,64.0,0.0,0.0,0.0,0.0,0.0,0.0,0.0,0.0,0.0,0.0,0.0,0.0,0.0,0.0,0.0,0.0,0.0,0.0,0.0,0.0,0.0,0.0,0.0,0.0,0.0,0.0,0.0,0.0,0.0,0.0,0.0,0.0,0.0,0.0,0.0,0.0,0.0,0.0,0.0,0.0,0.0,0.0,0.0,0.0,0.0,0.0,0.0,0.0,0.0,0.0,0.0,0.0,0.0,0.0,0.0,0.0,0.0,0.0,0.0,0.0,0.0,0.0,0.0,0.0,0.0,0.0,0.0,0.0,0.0,0.0,1.0,0.0,0.0,0.0,0.0,0.0,0.0,0.0,0.0,0.0,0.0,0.0,0.0,0.0,0.0,0.0,0.0,0.0,0.0,0.0,0.0,0.0,0.0,0.0,0.0,0.0,0.0,0.0,0.0,0.0,0.0,0.0,0.0,0.0,0.0,0.0,0.0,0.0,0.0,0.0,0.0,0.0,0.0,0.0,0.0,0.0,0.0,0.0,0.0,0.0,0.0
175,175.0,309.0,0.0,0.9546925566343043,0.9805825242718447,0.9838187702265373,0.9902912621359223,0.970873786407767,0.970873786407767,0.964401294498382,0.9093851132686085,0.0,0.0,0.0,0.0,0.0,0.0,0.003236245954692557,0.0,0.0,0.0,0.0,0.0,0.003236245954692557,0.12944983818770228,0.08414239482200647,0.08737864077669903,0.13915857605177995,0.0,0.07119741100323625,0.1197411003236246,0.09061488673139159,0.10032362459546926,0.10679611650485438,0.05825242718446602,0.09385113268608415,0.0,1.0,0.03883495145631068,0.06472491909385114,0.08737864077669903,0.0,0.006472491909385114,0.0,0.0,0.0,0.0,0.0,0.0,0.0,0.0,0.0,0.0,0.0,0.0,0.0,0.0,0.0,0.0,0.0,0.0,0.0,0.0,0.0,0.0,0.0,0.0,0.0,0.0,0.0,0.0,0.0,0.0,0.0,0.0,0.0,0.0,0.0,0.0,0.0,0.0,0.0,0.0,0.0,0.0,0.0,0.0,0.0,0.0,0.0,0.0,0.0,0.0,0.0,0.0,0.0,0.0,0.0,0.0,0.0,0.0,0.0,0.0,0.0,0.0,0.0,0.0,0.0,0.0,0.0,0.0,0.0,0.0,0.0,0.0,0.0,0.0,0.0,0.0,0.0,0.0,0.0,0.0
176,176.0,207.0,0.0,1.0,1.0,1.0,0.0,1.0,0.0,0.23671497584541062,0.0,0.0,0.0,0.0,0.0,0.0,0.0,0.0,0.0,0.0,0.0,0.0,0.0,0.0,0.01932367149758454,0.03864734299516908,0.00966183574879227,0.014492753623188404,0.014492753623188404,0.02898550724637681,0.014492753623188404,0.004830917874396135,0.014492753623188404,0.02898550724637681,0.01932367149758454,0.024154589371980676,0.0,0.004830917874396135,0.014492753623188404,0.004830917874396135,0.004830917874396135,0.0,0.004830917874396135,0.0,0.0,0.0,0.0,0.0,0.0,0.0,0.0,0.0,0.0,0.0,0.0,0.0,0.0,0.0,0.0,0.0,0.0,0.0,0.0,0.0,0.0,0.0,0.0,0.0,0.0,0.0,0.0,0.0,0.0,0.0,0.0,0.0,0.0,0.0,0.0,0.0,0.0,0.0,0.0,0.0,0.0,0.0,0.0,0.0,0.0,0.0,0.0,0.0,0.0,0.0,0.0,0.0,0.0,0.0,0.0,0.0,0.0,0.0,0.0,0.0,0.0,0.0,0.0,0.0,0.0,0.0,0.0,0.0,0.0,0.0,0.0,0.0,0.0,0.0,0.0,0.0,0.0,0.0,0.0
177,177.0,225.0,0.0,0.24,1.0,0.3422222222222222,1.0,1.0,0.0,0.09777777777777778,1.0,0.0,0.0,0.0,0.0,0.0,0.0,0.0,0.0,0.0,0.0,0.0,0.0,0.0,0.022222222222222223,0.026666666666666665,0.017777777777777778,0.022222222222222223,0.013333333333333332,0.017777777777777778,0.04,0.017777777777777778,0.022222222222222223,0.026666666666666665,0.013333333333333332,0.035555555555555556,0.0,0.008888888888888889,0.0044444444444444444,0.013333333333333332,0.013333333333333332,0.0,0.0044444444444444444,0.0,0.0,0.0,0.0,0.0,0.0,0.0,0.0,0.0,0.0,0.0,0.0,0.0,0.0,0.0,0.0,0.0,0.0,0.0,0.0,0.0,0.0,0.0,0.0,0.0,0.0,0.0,0.0,0.0,0.0,0.0,0.0,0.0,0.0,0.0,0.0,0.0,0.0,0.0,0.0,0.0,0.0,0.0,0.0044444444444444444,0.0044444444444444444,0.0,0.0,0.0,0.0,0.0,0.0,0.0,0.0,0.0,0.0,0.0,0.0,0.0,0.0,0.0044444444444444444,0.0,0.0,0.0,0.0,0.0,0.0,0.0,0.0,0.0,0.0,0.0,0.0,0.0,0.0,0.0,0.0,0.0,0.0,0.0,0.0
178,178.0,216.0,0.0,0.0,0.004629629629629629,0.0,0.0,0.0,0.0,0.0,0.0,0.986111111111111,0.9814814814814814,0.7175925925925926,0.9953703703703703,0.9074074074074073,0.986111111111111,0.8703703703703703,0.0,1.0,0.8379629629629629,0.9027777777777777,0.9444444444444444,0.0,0.0,0.0,0.0,0.0,0.0,0.0,0.0,0.0,0.0,0.0,0.0,0.0,0.0,0.0,0.0,0.0,0.0,0.004629629629629629,0.0,0.0,0.0,0.0,0.0,0.0,0.0,0.0,0.0,0.0,0.0,0.0,0.0,0.0,0.0,0.0,0.0,0.0,0.0,0.0,0.0,0.0,0.0,0.0,0.0,0.0,0.0,0.0,0.0,0.0,0.0,0.0,0.0,0.0,0.0,0.0,0.0,0.0,0.0,0.0,0.0,0.0,0.0,0.0,0.0,0.0,0.0,0.0,0.0,0.0,0.0,0.0,0.0,0.0,0.0,0.0,0.0,0.0,0.0,0.0,0.0,0.0,0.0,0.0,0.0,0.0,0.0,0.0,0.0,0.0,0.0,0.0,0.0,0.0,0.0,0.0,0.0,0.0,0.0,0.0,0.0
179,179.0,20.0,0.95,0.0,0.0,0.0,0.0,0.0,0.0,0.0,0.0,1.0,0.9500000000000001,0.9500000000000001,0.30000000000000004,0.0,0.0,0.9,1.0,0.0,0.0,0.0,0.0,0.0,0.0,0.0,0.0,0.0,0.0,0.0,0.0,0.0,0.0,0.0,0.0,0.0,0.0,0.0,0.0,0.0,0.0,0.0,0.0,0.0,0.0,0.0,0.0,0.0,0.8500000000000001,0.0,0.0,0.0,0.0,0.8,0.0,0.0,0.0,0.0,0.9500000000000001,0.0,0.0,0.0,0.0,0.0,0.0,0.0,0.0,0.0,0.0,0.0,0.0,0.0,0.0,0.0,0.0,0.0,0.0,0.0,0.0,0.0,1.0,0.0,0.0,0.0,0.0,0.0,0.0,0.0,0.0,0.0,0.0,0.0,0.0,0.0,0.0,0.0,0.0,0.0,0.0,0.0,0.0,0.0,0.0,0.0,0.0,0.0,0.0,0.0,0.0,0.0,0.0,0.0,0.0,0.0,0.0,0.0,0.0,0.0,0.0,0.0,0.0,0.0,0.0
180,180.0,78.0,0.0,1.0,1.0,1.0,1.0,1.0,0.9871794871794871,0.9871794871794871,1.0,0.0,0.0,0.0,0.0,0.0,0.0,0.0,0.0,0.0,0.0,0.0,0.0,0.0,0.41025641025641024,0.9871794871794871,0.8461538461538461,0.7948717948717948,0.6923076923076923,0.7948717948717948,0.7307692307692307,0.5384615384615384,1.0,0.6538461538461539,0.7435897435897436,0.41025641025641024,0.0,0.8846153846153846,0.6025641025641025,0.8076923076923077,0.1923076923076923,0.01282051282051282,0.0,0.0,0.0,0.0,0.0,0.0,0.0,0.0,0.0,0.0,0.0,0.0,0.0,0.0,0.0,0.0,0.0,0.0,0.0,0.0,0.0,0.0,0.0,0.0,0.0,0.0,0.0,0.0,0.0,0.0,0.0,0.0,0.0,0.0,0.0,0.0,0.0,0.0,0.0,0.0,0.0,0.0,0.0,0.0,0.0,0.0,0.0,0.0,0.0,0.0,0.0,0.0,0.0,0.0,0.0,0.0,0.0,0.0,0.0,0.0,0.0,0.0,0.0,0.0,0.0,0.0,0.0,0.0,0.0,0.0,0.0,0.0,0.0,0.0,0.0,0.0,0.0,0.0,0.0,0.0,0.0
181,181.0,301.0,0.0,1.0,1.0,1.0,0.0,0.5514950166112957,1.0,0.0,0.0,0.0,0.0,0.0,0.0,0.0,0.0,0.0,0.0,0.0,0.0,0.0,0.0,0.0033222591362126247,0.026578073089700997,0.023255813953488372,0.029900332225913623,0.016611295681063124,0.029900332225913623,0.03322259136212625,0.026578073089700997,0.03986710963455149,0.026578073089700997,0.036544850498338874,0.04983388704318937,0.0,0.0,0.016611295681063124,0.029900332225913623,0.019933554817275746,0.006644518272425249,0.0,0.0,0.0,0.0,0.0,0.0,0.0,0.0,0.0,0.0,0.0,0.0,0.0,0.0,0.0,0.0,0.0,0.0,0.0,0.0,0.0,0.0,0.0,0.0,0.0,0.0,0.0,0.0,0.0,0.0,0.0,0.0,0.0,0.0,0.0,0.0,0.0,0.0,0.0,0.0,0.0,0.0,0.0,0.0,0.0,0.0,0.0,0.0,0.0,0.0,0.0,0.0,0.0,0.0,0.0,0.0,0.0,0.0,0.0,0.0,0.0,0.0,0.0,0.0,0.0,0.0,0.0,0.0,0.0,0.0,0.0,0.0,0.0,0.0,0.0,0.0,0.0,0.0,0.0,0.0,0.0,0.0
182,182.0,242.0,0.0,0.0,0.8016528925619835,1.0,0.7520661157024794,1.0,1.0,1.0,1.0,0.004132231404958678,0.0,0.0,0.0,0.0,0.0,0.0,0.0,0.0,0.0,0.0,0.0,0.0,0.01652892561983471,0.028925619834710745,0.012396694214876033,0.0371900826446281,0.045454545454545456,0.024793388429752067,0.04132231404958678,0.0371900826446281,0.024793388429752067,0.03305785123966942,0.028925619834710745,0.012396694214876033,0.0,0.012396694214876033,0.024793388429752067,0.01652892561983471,0.03305785123966942,0.0,0.0,0.0,0.0,0.0,0.0,0.0,0.0,0.0,0.0,0.0,0.0,0.0,0.0,0.0,0.0,0.0,0.0,0.0,0.0,0.0,0.0,0.0,0.0,0.0,0.0,0.0,0.0,0.0,0.0,0.0,0.0,0.0,0.0,0.0,0.0,0.0,0.0,0.0,0.0,0.0,0.0,0.0,0.0,0.0,0.0,0.0,0.0,0.0,0.0,0.0,0.0,0.0,0.0,0.0,0.0,0.0,0.0,0.0,0.0,0.0,0.0,0.0,0.0,0.0,0.0,0.0,0.0,0.0,0.0,0.0,0.0,0.0,0.0,0.0,0.0,0.0,0.0,0.0,0.0,0.0,0.0
183,183.0,191.0,0.0,0.8638743455497383,1.0,0.5078534031413613,0.0,1.0,0.8586387434554974,1.0,1.0,0.0,0.0,0.0,0.0,0.0,0.0,0.0,0.0,0.0,0.0,0.0,0.0,0.0,0.07329842931937174,0.09424083769633508,0.03141361256544503,0.020942408376963352,0.03141361256544503,0.005235602094240838,0.010471204188481676,0.010471204188481676,0.005235602094240838,0.05759162303664922,0.005235602094240838,0.010471204188481676,0.0,0.0,0.02617801047120419,0.010471204188481676,0.02617801047120419,0.0,0.0,0.0,0.0,0.0,0.0,0.0,0.0,0.0,0.0,0.0,0.0,0.0,0.0,0.0,0.0,0.0,0.0,0.0,0.0,0.0,0.0,0.0,0.0,0.0,0.0,0.0,0.0,0.0,0.0,0.0,0.0,0.0,0.0,0.0,0.0,0.0,0.0,0.0,0.0,0.0,0.0,0.0,0.0,0.0,0.0,0.0,0.0,0.0,0.0,0.0,0.0,0.0,0.0,0.0,0.0,0.0,0.0,0.0,0.0,0.0,0.0,0.0,0.0,0.0,0.0,0.0,0.0,0.0,0.0,0.0,0.0,0.0,0.0,0.0,0.0,0.0,0.0,0.0,0.0,0.0,0.0
184,184.0,50.0,0.0,0.72,0.8200000000000001,0.9400000000000001,0.42,0.96,0.32,0.0,1.0,0.0,0.0,0.0,0.0,0.0,0.0,0.0,0.0,0.0,0.0,0.0,0.0,0.0,0.08,0.04,0.04,0.1,1.0,0.02,0.02,0.0,0.04,0.04,0.06,0.04,0.0,0.02,0.0,0.06,0.02,0.0,0.0,0.0,0.0,0.0,0.0,0.0,0.0,0.0,0.0,0.0,0.0,0.0,0.0,0.0,0.0,0.0,0.0,0.0,0.0,0.0,0.0,0.0,0.0,0.0,0.0,0.0,0.0,0.0,0.0,0.0,0.0,0.0,0.0,0.0,0.0,0.0,0.0,0.0,0.0,0.0,0.0,0.0,0.0,0.0,0.0,0.0,0.0,0.0,0.0,0.0,0.0,0.0,0.0,0.0,0.0,0.0,0.0,0.0,0.0,0.0,0.0,0.0,0.0,0.0,0.0,0.0,0.0,0.0,0.0,0.0,0.0,0.0,0.0,0.0,0.0,0.0,0.0,0.0,0.0,0.0,0.0
185,185.0,6.0,0.0,0.0,0.0,0.0,0.0,0.0,0.0,0.0,0.0,1.0,1.0,1.0,1.0,0.8333333333333333,1.0,1.0,0.3333333333333333,1.0,1.0,0.0,0.3333333333333333,0.0,0.0,0.0,0.0,0.0,0.0,0.0,0.0,0.0,0.0,0.0,0.0,0.0,0.0,0.0,0.0,0.0,0.0,1.0,0.16666666666666666,1.0,0.3333333333333333,0.0,0.16666666666666666,1.0,1.0,1.0,0.0,1.0,1.0,1.0,0.0,1.0,0.6666666666666666,0.3333333333333333,0.0,1.0,0.0,0.0,1.0,1.0,0.0,0.0,0.3333333333333333,1.0,1.0,1.0,0.0,1.0,0.0,1.0,1.0,0.3333333333333333,0.0,1.0,1.0,1.0,1.0,0.3333333333333333,1.0,0.0,1.0,1.0,0.0,1.0,1.0,1.0,1.0,1.0,1.0,1.0,0.8333333333333333,1.0,1.0,1.0,0.3333333333333333,1.0,0.3333333333333333,0.0,0.0,0.0,1.0,1.0,0.8333333333333333,0.3333333333333333,0.0,1.0,1.0,1.0,1.0,1.0,1.0,1.0,1.0,1.0,0.8333333333333333,0.0,1.0,1.0,1.0
186,186.0,120.0,0.0,0.975,0.9666666666666667,0.975,0.975,0.9666666666666667,0.9666666666666667,0.9333333333333333,0.9249999999999999,0.0,0.0,0.0,0.0,0.0,0.0,0.0,0.0,0.0,0.0,0.0,0.0,0.0,0.16666666666666666,0.19166666666666665,0.16666666666666666,0.125,0.15,1.0,0.058333333333333334,0.16666666666666666,1.0,0.0,0.11666666666666667,0.15833333333333333,0.0,0.1,0.15,0.06666666666666667,0.08333333333333333,0.0,0.0,0.0,0.0,0.0,0.0,0.0,0.0,0.0,0.0,0.0,0.0,0.0,0.0,0.0,0.0,0.0,0.0,0.0,0.0,0.0,0.0,0.0,0.0,0.0,0.0,0.0,0.0,0.0,0.0,0.0,0.0,0.0,0.0,0.0,0.0,0.0,0.0,0.0,0.0,0.0,0.0,0.0,0.0,0.0,0.0,0.0,0.0,0.0,0.0,0.0,0.0,0.0,0.0,0.0,0.0,0.0,0.0,0.0,0.0,0.0,0.0,0.0,0.0,0.0,0.0,0.0,0.0,0.0,0.0,0.0,0.0,0.0,0.0,0.0,0.0,0.0,0.0,0.0,0.0,0.0,0.0
187,187.0,19.0,0.0,0.0,0.0,0.0,0.0,0.0,0.0,0.0,0.0,0.5789473684210527,0.05263157894736842,0.631578947368421,0.0,0.0,0.0,0.631578947368421,0.0,0.47368421052631576,0.0,0.0,0.0,0.0,0.0,0.0,0.0,0.0,0.0,0.0,0.0,0.0,0.0,0.0,0.0,0.0,0.0,0.0,0.0,0.0,0.0,0.5263157894736842,0.15789473684210525,0.0,0.0,0.0,0.0,0.0,0.0,0.0,0.0,0.5263157894736842,0.0,0.5263157894736842,0.0,0.0,0.0,0.0,0.0,0.7894736842105263,0.0,0.0,0.0,0.0,0.0,0.0,0.0,0.47368421052631576,0.5263157894736842,0.631578947368421,0.0,0.0,0.0,0.0,0.0,0.5263157894736842,0.0,0.0,0.15789473684210525,0.0,0.5263157894736842,0.0,0.0,0.0,0.0,0.0,0.0,0.0,0.0,0.0,0.05263157894736842,0.894736842105263,0.5263157894736842,0.5789473684210527,0.0,0.8421052631578947,0.0,0.47368421052631576,0.0,0.0,0.5263157894736842,0.0,0.0,0.0,0.15789473684210525,0.0,0.0,0.7894736842105263,0.0,0.0,0.0,0.0,0.0,0.0,0.0,0.0,0.0,0.0,0.10526315789473684,0.0,0.0,0.0,0.0
188,188.0,45.0,0.0,0.888888888888889,0.888888888888889,0.9777777777777779,0.24444444444444446,0.8666666666666667,0.15555555555555556,1.0,0.0,0.0,0.0,0.0,0.0,0.0,0.0,0.0,0.0,0.0,0.0,0.0,0.0,0.0,0.022222222222222223,0.044444444444444446,0.0,0.13333333333333333,0.2,0.022222222222222223,0.022222222222222223,0.06666666666666667,0.06666666666666667,0.6666666666666667,0.08888888888888889,0.022222222222222223,0.0,0.0,0.06666666666666667,0.06666666666666667,0.022222222222222223,0.0,0.0,0.0,0.0,0.0,0.0,0.0,0.0,0.0,0.0,0.0,0.0,0.0,0.0,0.0,0.0,0.0,0.0,0.0,0.0,0.0,0.0,0.0,0.0,0.0,0.0,0.0,0.0,0.0,0.0,0.0,0.0,0.0,0.0,0.0,0.0,0.0,0.0,0.0,0.0,0.0,0.0,0.0,0.0,0.0,0.0,0.0,0.0,0.0,0.0,0.0,0.0,0.0,0.0,0.0,0.0,0.0,0.0,0.0,0.0,0.0,0.0,0.0,0.0,0.0,0.0,0.0,0.0,0.0,0.0,0.0,0.0,0.0,0.0,0.0,0.0,0.0,0.0,0.0,0.0,0.0,0.0
189,189.0,168.0,0.0,1.0,1.0,0.4345238095238095,0.0,0.0,1.0,0.19642857142857142,1.0,0.0,0.0,0.0,0.0,0.0,0.0,0.0,0.0,0.0,0.0,0.0,0.0,0.0,0.023809523809523808,0.041666666666666664,0.03571428571428571,0.011904761904761904,0.02976190476190476,0.017857142857142856,0.023809523809523808,0.06547619047619047,0.03571428571428571,0.041666666666666664,0.023809523809523808,0.005952380952380952,0.0,0.02976190476190476,0.005952380952380952,0.017857142857142856,0.005952380952380952,0.0,0.0,0.0,0.0,0.0,0.0,0.0,0.0,0.0,0.0,0.0,0.0,0.0,0.0,0.0,0.0,0.0,0.0,0.0,0.0,0.0,0.0,0.0,0.0,0.0,0.0,0.0,0.0,0.0,0.0,0.0,0.0,0.0,0.0,0.0,0.0,0.0,0.0,0.0,0.0,0.0,0.0,0.0,0.0,0.0,0.0,0.0,0.0,0.0,0.0,0.0,0.0,0.0,0.0,0.0,0.0,0.0,0.0,0.0,0.0,0.0,0.0,0.0,0.0,0.0,0.0,0.0,0.0,0.0,0.0,0.0,0.0,0.0,0.0,0.0,0.0,0.0,0.0,0.0,0.0,0.0,0.0
190,190.0,91.0,0.0,1.0,0.989010989010989,0.989010989010989,0.989010989010989,0.9780219780219781,0.9780219780219781,0.9670329670329672,0.9670329670329672,0.0,0.0,0.0,0.0,0.0,0.0,0.0,0.0,0.0,0.0,0.0,0.0,0.0,0.2417582417582418,0.6043956043956045,0.28571428571428575,0.08791208791208792,0.13186813186813187,0.01098901098901099,0.4395604395604396,0.05494505494505495,0.9450549450549451,0.13186813186813187,0.5384615384615385,0.18681318681318682,0.0,0.09890109890109891,0.34065934065934067,0.17582417582417584,0.7032967032967034,0.0,0.0,0.0,0.0,0.0,0.0,0.0,0.0,0.0,0.0,0.0,0.0,0.0,0.0,0.0,0.0,0.0,0.0,0.0,0.0,0.0,0.0,0.0,0.0,0.0,0.0,0.0,0.0,0.0,0.0,0.0,0.0,0.0,0.0,0.0,0.0,0.0,0.0,0.0,0.0,0.0,0.0,0.0,0.0,0.0,0.0,0.0,0.0,0.0,0.0,0.0,0.0,0.0,0.0,0.0,0.0,0.0,0.0,0.0,0.0,0.0,0.0,0.0,0.0,0.0,0.0,0.0,0.0,0.0,0.0,0.0,0.0,0.0,0.0,0.0,0.0,0.0,0.0,0.0,0.0,0.0,0.0
191,191.0,113.0,0.0,0.9026548672566371,0.9734513274336283,0.8849557522123894,0.9203539823008849,0.8584070796460177,0.8849557522123894,0.0,1.0,0.0,0.0,0.0,0.0,0.0,0.0,0.008849557522123894,0.0,0.0,0.0,0.0,0.0,0.0,0.07079646017699115,0.07964601769911504,0.08849557522123894,1.0,0.04424778761061947,0.061946902654867256,0.1327433628318584,0.04424778761061947,0.07079646017699115,0.12389380530973451,0.017699115044247787,0.11504424778761062,0.0,0.035398230088495575,0.05309734513274336,0.02654867256637168,0.02654867256637168,0.0,0.0,0.0,0.0,0.0,0.008849557522123894,0.0,0.0,0.0,0.0,0.0,0.0,0.0,0.0,0.0,0.0,0.0,0.0,0.0,0.0,0.0,0.0,0.0,0.0,0.0,0.0,0.0,0.0,0.0,0.0,0.0,0.0,0.0,0.0,0.0,0.0,0.0,0.0,0.0,0.0,0.0,0.0,0.0,0.0,0.0,0.0,0.0,0.0,0.0,0.0,0.0,0.0,0.0,0.0,0.0,0.0,0.0,0.0,0.0,0.0,0.0,0.0,0.0,0.0,0.0,0.0,0.0,0.0,0.0,0.0,0.0,0.0,0.0,0.0,0.0,0.0,0.0,0.0,0.0,0.0,0.0,0.0
192,192.0,117.0,0.0,0.0,0.0,0.0,1.0,1.0,0.0,0.2136752136752137,1.0,0.0,0.0,0.0,0.0,0.0,0.0,0.0,0.0,0.0,0.0,0.0,0.0,0.0,0.025641025641025644,0.017094017094017096,0.008547008547008548,0.008547008547008548,0.008547008547008548,0.008547008547008548,0.017094017094017096,0.017094017094017096,0.017094017094017096,0.008547008547008548,0.03418803418803419,0.0,0.0,0.0,0.017094017094017096,0.0,0.017094017094017096,0.008547008547008548,0.0,0.0,0.0,0.0,0.008547008547008548,0.0,0.0,0.0,0.0,0.0,0.0,0.0,0.0,0.0,0.0,0.0,0.0,0.0,0.0,0.0,0.0,0.0,0.0,0.0,0.0,0.0,0.0,0.0,0.0,0.0,0.0,0.0,0.0,0.0,0.0,0.0,0.0,0.0,0.0,0.0,0.0,0.0,0.0,0.0,0.0,0.0,0.0,0.0,0.0,0.0,0.0,0.0,0.0,0.0,0.0,0.0,0.0,0.0,0.0,0.0,0.0,0.0,0.0,0.0,0.0,0.0,0.0,0.0,0.0,0.0,0.0,0.0,0.0,0.0,0.0,0.0,0.0,0.0,0.0,0.0,0.0
193,193.0,86.0,0.0,0.0,0.0,0.37209302325581395,0.4418604651162791,0.36046511627906974,0.0,0.0,0.0,0.0,0.0,0.0,0.0,0.0,0.0,0.0,0.0,0.0,0.0,0.0,0.0,0.023255813953488372,0.0,0.011627906976744186,0.011627906976744186,0.0,0.0,0.0,0.023255813953488372,0.011627906976744186,1.0,0.011627906976744186,0.011627906976744186,0.0,0.0,0.023255813953488372,0.011627906976744186,0.0,0.0,0.0,0.011627906976744186,0.0,0.0,0.0,0.0,0.0,0.0,0.0,0.0,0.0,0.0,0.0,0.0,0.0,0.0,0.0,0.0,0.0,0.0,0.0,0.0,0.0,0.0,0.0,0.0,0.0,0.0,0.0,0.0,0.0,0.0,0.0,0.0,0.0,0.0,0.0,0.0,0.0,0.0,0.0,0.0,0.0,0.0,0.0,0.011627906976744186,0.0,0.0,0.0,0.0,0.0,0.0,0.0,0.0,0.0,0.0,0.0,0.0,0.0,0.0,0.0,0.0,0.0,0.0,0.0,0.0,0.0,0.0,0.0,0.0,0.0,0.0,0.0,0.0,0.0,0.0,0.0,0.0,0.0,0.0,0.0,0.0
194,194.0,37.0,0.0,1.0,0.24324324324324326,0.13513513513513514,0.0,0.0,0.0,0.16216216216216217,0.0,0.0,0.0,0.0,0.0,0.0,0.0,0.0,0.0,0.0,0.0,0.0,0.0,0.0,0.0,0.0,0.0,0.0,0.0,0.0,0.0,0.0,1.0,0.0,0.0,0.02702702702702703,0.0,0.02702702702702703,0.0,0.0,0.0,0.0,0.0,0.0,0.0,0.0,0.0,0.0,0.0,0.0,0.0,0.0,0.0,0.0,0.0,0.0,0.0,0.0,0.0,0.0,0.0,0.0,0.0,0.0,0.0,0.0,0.0,0.0,0.0,0.0,0.0,0.0,0.0,0.0,0.0,0.0,0.0,0.0,0.0,0.0,0.0,0.0,0.0,0.0,0.0,0.0,0.0,0.0,0.0,0.0,0.0,0.0,0.0,0.0,0.0,0.0,0.0,0.0,0.0,0.0,0.0,0.0,0.0,0.0,0.0,0.0,0.0,0.0,0.0,0.0,0.0,0.0,0.0,0.0,0.0,0.0,0.0,0.0,0.0,0.0,0.0,0.0,0.0
195,195.0,91.0,0.0,1.0,1.0,0.9888888888888889,0.9777777777777779,1.0,1.0,0.9888888888888889,0.9888888888888889,0.0,0.0,0.0,0.0,0.0,0.0,0.011111111111111112,0.0,0.0,0.0,0.0,0.0,0.0,0.8222222222222223,0.4,0.06666666666666667,0.6111111111111112,0.8777777777777778,0.18888888888888888,0.7111111111111111,0.8444444444444444,0.2555555555555556,0.5555555555555556,0.13333333333333333,0.2111111111111111,0.0,0.03333333333333333,0.11111111111111112,0.15555555555555556,0.4666666666666667,0.0,0.0,0.0,0.0,0.0,0.0,0.0,0.0,0.0,0.0,0.0,0.0,0.0,0.0,0.0,0.0,0.0,0.0,0.0,0.0,0.0,0.0,0.0,0.0,0.0,0.0,0.0,0.0,0.0,0.0,0.0,0.0,0.0,0.0,0.0,0.0,0.0,0.0,0.0,0.0,0.0,0.0,0.0,0.0,0.0,0.0,0.0,0.0,0.0,0.0,0.0,0.0,0.0,0.0,0.0,0.0,0.0,0.0,0.0,0.0,0.0,0.0,0.0,0.0,0.0,0.0,0.0,0.0,0.0,0.0,0.0,0.0,0.0,0.0,0.0,0.0,0.0,0.0,0.0,0.0,0.0,0.0
196,196.0,39.0,0.0,0.07692307692307693,0.15384615384615385,0.07692307692307693,0.5384615384615384,1.0,0.10256410256410256,0.3846153846153846,0.0,0.0,0.0,0.0,0.0,0.0,0.0,0.0,0.0,0.0,0.0,0.0,0.0,0.0,0.02564102564102564,0.02564102564102564,0.0,0.0,0.02564102564102564,0.0,0.02564102564102564,0.02564102564102564,0.02564102564102564,0.0,0.02564102564102564,1.0,0.0,0.0,0.0,0.0,0.0,0.0,0.0,0.0,0.0,0.0,0.0,0.0,0.0,0.0,0.0,0.0,0.0,0.0,0.0,0.0,0.0,0.0,0.0,0.0,0.0,0.0,0.0,0.0,0.0,0.0,0.0,0.0,0.0,0.0,0.0,0.0,0.0,0.0,0.0,0.0,0.0,0.0,0.0,0.0,0.0,0.0,0.0,0.0,0.0,0.0,0.0,0.0,0.0,0.0,0.0,0.0,0.0,0.0,0.0,0.0,0.0,0.0,0.0,0.0,0.0,0.0,0.0,0.0,0.0,0.0,0.0,0.0,0.0,0.0,0.0,0.0,0.0,0.0,0.0,0.0,0.0,0.0,0.0,0.0,0.0,0.0,0.0
197,197.0,223.0,0.0,0.0,0.0,0.0,0.0,0.0,0.0,0.0,0.0,0.9910313901345291,0.9955156950672646,0.5650224215246636,0.6547085201793722,1.0,0.9955156950672646,0.9237668161434978,0.9551569506726457,0.9820627802690582,0.8699551569506726,0.9820627802690582,0.0,0.0,0.0,0.0,0.0,0.0,0.0,0.0,0.0,0.0,0.0,0.0,0.0,0.0,0.0,0.0,0.0,0.0,0.0,0.0,0.0,0.0,0.0,0.0,0.0,0.0,0.0,0.0,0.0,0.0,0.0,0.0,0.0,0.0,0.0,0.0,0.0,0.0,0.0,0.0,0.0,0.0,0.0,0.0,0.0,0.0,0.0,0.0,0.0,0.0,0.0,0.0,0.0,0.0,0.0,0.0,0.0,0.0,0.0,0.0,0.0,0.0,0.0,0.0,0.0,0.0,0.0,0.0,0.0,0.0,0.0,0.0,0.0,0.0,0.0,0.0,0.0,0.0,0.0,0.0,0.0,0.0,0.0,0.0,0.0,0.0,0.0,0.0,0.0,0.0,0.0,0.0,0.0,0.0,0.0,0.0,0.0,0.0,0.0,0.0,0.0
198,198.0,38.0,0.0,0.0,0.9473684210526315,1.0,0.894736842105263,0.39473684210526316,0.9736842105263157,0.07894736842105263,0.47368421052631576,0.0,0.0,0.0,0.0,0.0,0.0,0.0,0.0,0.0,0.0,0.0,0.0,0.0,0.05263157894736842,0.07894736842105263,0.0,0.02631578947368421,0.02631578947368421,0.39473684210526316,0.02631578947368421,0.05263157894736842,0.0,0.8684210526315789,0.0,0.02631578947368421,0.0,0.05263157894736842,0.05263157894736842,0.05263157894736842,0.0,0.0,0.0,0.0,0.0,0.0,0.0,0.0,0.0,0.0,0.0,0.0,0.0,0.0,0.0,0.0,0.0,0.0,0.0,0.0,0.0,0.0,0.0,0.0,0.0,0.0,0.0,0.0,0.0,0.0,0.0,0.0,0.0,0.0,0.0,0.0,0.0,0.0,0.0,0.0,0.0,0.0,0.0,0.0,0.0,0.0,0.0,0.0,0.0,0.0,0.0,0.0,0.0,0.0,0.0,0.0,0.0,0.0,0.0,0.0,0.0,0.0,0.0,0.0,0.0,0.0,0.0,0.0,0.0,0.0,0.0,0.0,0.0,0.0,0.0,0.0,0.0,0.0,0.0,0.0,0.0,0.0,0.0
199,199.0,376.0,0.0,0.0,0.0,1.0,0.0,0.0,0.0,0.0,0.0,0.0026595744680851063,0.0,0.0,0.0,0.0,0.0,0.005319148936170213,0.0,0.0,0.0,0.0,0.0,0.125,0.0398936170212766,0.05851063829787234,0.0,0.05319148936170213,0.045212765957446804,0.045212765957446804,0.05319148936170213,0.031914893617021274,0.0,0.06382978723404255,0.0398936170212766,0.05319148936170213,0.0026595744680851063,0.015957446808510637,0.015957446808510637,0.015957446808510637,0.010638297872340425,0.031914893617021274,0.0026595744680851063,0.0,0.0,0.0,0.018617021276595744,0.0,0.0,0.0,0.0,0.0,0.0026595744680851063,0.0,0.0,0.0,0.0,0.0,0.0,0.0,0.0,0.0,0.0,0.0,0.0,0.0,0.0,0.0,0.0,0.005319148936170213,0.0,0.0026595744680851063,0.0,0.0,0.0,0.0,0.0,0.0,0.0,0.0,0.0,0.0,0.0,0.0,0.0,0.0,0.0,0.0,0.0,0.0,0.0,0.0,0.0,0.0,0.0,0.0,0.0,0.0,0.0,0.0,0.0,0.0,0.0,0.0,0.0,0.0,0.0,0.0,0.0,0.0,0.0,0.0,0.0,0.0,0.0,0.0,0.0,0.0,0.0,0.0,0.0,0.0,0.0
