,cluster ID,size,mirai_ratio,Port17132,Port17130,Port17140,Port17128,Port17138,Port17136,Port17134,Port17142,Port80,Port8080,Port23,Port2323,Port81,Port1023,Port5555,Port52869,Port8443,Port49152,Port7574,Port37215,Port54594,Port34218,Port34220,Port33962,Port33968,Port34224,Port34228,Port33960,Port33964,Port34216,Port33970,Port34226,Port33972,Port50401,Port34222,Port34230,Port33966,Port33974,Port445,Port0,Port22,Port8291,Port8728,Port1433,Port8000,Port8081,Port5353,Port2004,Port11211,Port6881,Port443,Port8082,Port4000,Port5060,Port8083,Port8088,Port6379,Port9527,Port30301,Port7001,Port9200,Port7002,Port1027,Port1900,Port3389,Port5900,Port21,Port6380,Port88,Port35,Port8181,Port5000,Port389,Port56880,Port5001,Port137,Port8008,Port7547,Port49153,Port4444,Port139,Port2222,Port8001,Port3544,Port8888,Port5984,Port2480,Port53,Port1883,Port873,Port631,Port9000,Port50070,Port161,Port4786,Port60001,Port8090,Port27017,Port85,Port12866,Port3443,Port111,Port83,Port82,Port548,Port5061,Port995,Port5901,Port554,Port10001,Port9943,Port143,Port3000,Port9080,Port10000,Port17,Port135,Port587,Port993,Port9999
0,0.0,697.0,0.0,0.0,0.8063127690100431,0.0,0.0,0.0,0.0,0.0,0.6571018651362984,0.0,0.0,0.0014347202295552368,0.0,0.0,0.0,0.004304160688665711,0.0,0.0,0.0,0.0,0.0,0.0028694404591104736,0.004304160688665711,0.047345767575322814,0.05164992826398852,0.05021520803443329,0.03299856527977044,0.04447632711621234,0.005738880918220947,0.04591104734576758,0.0,0.0028694404591104736,0.005738880918220947,0.0014347202295552368,0.0,0.017216642754662843,0.010043041606886658,0.004304160688665711,0.0014347202295552368,0.0,0.0,0.0,0.0,0.0,0.0,0.0,0.0,0.0014347202295552368,0.0,0.0,0.0,0.0,0.0014347202295552368,0.0,0.0,0.0,0.0,0.0,0.0,0.0,0.0,0.0,0.0,0.0,0.0,0.0,0.0,0.0028694404591104736,0.0,0.0,0.0,0.0,0.0,0.0,0.0,0.0,0.0028694404591104736,0.0,0.0,0.0,0.0,0.0,0.0,0.0,0.0014347202295552368,0.0,0.0,0.0,0.0,0.0,0.0,0.0,0.0,0.0,0.0,0.0,0.0,0.0,0.0,0.0,0.0014347202295552368,0.0,0.0,0.0,0.0,0.0,0.0,0.0,0.0,0.0,0.0,0.0,0.0,0.0,0.0,0.0,0.0,0.0,0.0,0.0,0.0
1,1.0,2319.0,0.0,0.00215610176800345,0.0008624407072013799,0.00258732212160414,0.0038809831824062097,0.0017248814144027599,0.00129366106080207,0.0017248814144027599,0.00043122035360068997,0.0,0.0,0.00043122035360068997,0.0,0.0,0.0,0.0,0.0,0.0,0.0,0.0,0.0,1.0,0.00043122035360068997,0.00043122035360068997,0.0,0.0,0.00043122035360068997,0.00043122035360068997,0.0,0.0,0.00043122035360068997,0.00043122035360068997,0.0,0.0,1.0,0.0,0.0,0.0,0.00043122035360068997,0.00517464424320828,0.0008624407072013799,0.0,0.0,0.0,0.0,0.0,0.0,0.0,0.0,0.0,0.0,0.0,0.0,0.0,0.0,0.0,0.0,0.0,0.0,0.0,0.0,0.0,0.0,0.0,0.0,0.0,0.0,0.0,0.0,0.0,0.0,0.0,0.0,0.0,0.0,0.0,0.0,0.0,0.0,0.0,0.0,0.0,0.0,0.0,0.0,0.0,0.0,0.0,0.0,0.0,0.0,0.0,0.0,0.0,0.0,0.0,0.0,0.0,0.0,0.0,0.0,0.0,0.0,0.0,0.0,0.0,0.0,0.0,0.0,0.0,0.0,0.0,0.0,0.0,0.0,0.0,0.0,0.0,0.0,0.0,0.0
2,2.0,1681.0,0.0,0.000594883997620464,0.000594883997620464,0.002379535990481856,0.0,0.000594883997620464,0.000594883997620464,0.000594883997620464,0.0,0.9994051160023796,0.9970255800118978,1.0,0.9934562760261749,1.0,1.0,0.9411064842355741,1.0,0.9613325401546698,0.9547888161808448,0.9440809042236764,0.9649018441403927,0.0,0.0,0.0,0.0,0.0,0.0,0.0,0.0,0.0,0.0,0.0,0.0,0.0,0.0,0.0,0.0,0.0,0.0,0.000594883997620464,0.001784651992861392,0.0,0.0,0.0,0.0,0.002379535990481856,0.001784651992861392,0.001784651992861392,0.0,0.002379535990481856,0.001189767995240928,0.0,0.000594883997620464,0.001784651992861392,0.003569303985722784,0.001189767995240928,0.0,0.0,0.0,0.0029744199881023203,0.0,0.0,0.0,0.0,0.0,0.0,0.0,0.0,0.0,0.0,0.0,0.0,0.0,0.0,0.0,0.0,0.0,0.0,0.0,0.0,0.0,0.0,0.0,0.0,0.0,0.0,0.0,0.0,0.0,0.0,0.0,0.0,0.0,0.0,0.0,0.0,0.0,0.0,0.0,0.0,0.0,0.0,0.0,0.0,0.0,0.0,0.0,0.0,0.0,0.0,0.0,0.0,0.0,0.0,0.0,0.0,0.0,0.0,0.0,0.0,0.0
3,3.0,1221.0,0.0,0.0,0.0,0.0,0.7706797706797708,0.0,0.8018018018018018,0.0,0.0,0.0,0.0,0.0024570024570024574,0.0,0.0,0.0,0.004095004095004095,0.0,0.0,0.0,0.0,0.0,0.001638001638001638,0.005733005733005734,0.0343980343980344,0.036036036036036036,0.036855036855036855,0.03767403767403767,0.04258804258804259,0.003276003276003276,0.031122031122031123,0.006552006552006552,0.004095004095004095,0.0024570024570024574,0.006552006552006552,0.0,0.021294021294021297,0.015561015561015561,0.013923013923013924,0.004914004914004915,0.000819000819000819,0.0,0.0,0.0,0.0,0.001638001638001638,0.0,0.0,0.0,0.0,0.0,0.0,0.0,0.0,0.0,0.0,0.0,0.0,0.0,0.0,0.0,0.0,0.0,0.0,0.0,0.0,0.001638001638001638,0.0,0.001638001638001638,0.0,0.0,0.0,0.0,0.0,0.0,0.000819000819000819,0.0,0.004914004914004915,0.0,0.0,0.0,0.0,0.0,0.0,0.0,0.000819000819000819,0.0,0.0,0.0,0.0,0.0,0.0,0.0,0.0,0.0,0.0,0.0,0.0,0.0,0.0,0.0,0.001638001638001638,0.0,0.0,0.0,0.0,0.0,0.0,0.0,0.0,0.0,0.0,0.0,0.0,0.0,0.0,0.0,0.0,0.0,0.0,0.0,0.0
4,4.0,323.0,0.0,0.9690402476780187,0.9969040247678019,0.9628482972136223,0.9752321981424149,0.9721362229102167,0.9752321981424149,1.0,0.8606811145510836,0.0,0.0,0.0,0.0,0.0,0.0,0.0,0.0,0.0,0.0,0.0,0.0,0.0030959752321981426,0.0,0.0,0.07120743034055728,0.12383900928792571,0.0,0.021671826625386997,0.0,0.13312693498452013,1.0,0.06811145510835914,0.10835913312693499,0.0,0.0,0.07120743034055728,0.04953560371517028,0.07430340557275542,0.07430340557275542,0.0030959752321981426,0.009287925696594427,0.0,0.0,0.0,0.0,0.0,0.0,0.0,0.0,0.0,0.0,0.0,0.0,0.0,0.0,0.0,0.0,0.0,0.0,0.0,0.0,0.0,0.0,0.0,0.0,0.0,0.0,0.0,0.0,0.0,0.0,0.0,0.0,0.0,0.0,0.0,0.0,0.0,0.0,0.0,0.0,0.0,0.0,0.0,0.0,0.0,0.0,0.0,0.0,0.0,0.0,0.0,0.0,0.0,0.0,0.0,0.0,0.0,0.0,0.0,0.0,0.0,0.0,0.0,0.0,0.0,0.0,0.0,0.0,0.0,0.0,0.0,0.0,0.0,0.0,0.0,0.0,0.0,0.0,0.0,0.0
5,5.0,447.0,0.0,0.1901565995525727,0.0,0.0,1.0,0.0,0.0,0.0,1.0,0.0,0.0,0.0,0.0,0.0,0.0,0.0,0.0,0.0,0.0,0.0,0.0,0.0044742729306487695,0.013422818791946308,0.0022371364653243847,0.008948545861297539,0.006711409395973154,0.011185682326621923,0.008948545861297539,0.013422818791946308,0.008948545861297539,0.008948545861297539,0.0022371364653243847,0.008948545861297539,0.013422818791946308,0.0,0.0044742729306487695,0.006711409395973154,0.0044742729306487695,0.0,0.0,0.0044742729306487695,0.0,0.0,0.0,0.0,0.0,0.0,0.0,0.0,0.0,0.0,0.0,0.0,0.0,0.0,0.0,0.0,0.0,0.0,0.0,0.0,0.0,0.0,0.0,0.0,0.0,0.0,0.0,0.0,0.0,0.0,0.0,0.0,0.0,0.0,0.0,0.0,0.0,0.0,0.0,0.0,0.0,0.0,0.0,0.0,0.0,0.0,0.0,0.0,0.0,0.0,0.0,0.0,0.0,0.0,0.0,0.0,0.0,0.0,0.0,0.0,0.0,0.0,0.0,0.0,0.0,0.0,0.0,0.0,0.0,0.0,0.0,0.0,0.0,0.0,0.0,0.0,0.0,0.0,0.0,0.0
6,6.0,1337.0,0.8339566192969334,0.0,0.0,0.0,0.0,0.0,0.0,0.0,0.0,0.01795063575168287,0.02019446522064323,0.975317875841436,0.9042632759910246,0.0,0.023186237845923708,0.011219147344801795,0.03889304412864622,0.011219147344801795,0.01795063575168287,0.012715033657442034,0.011219147344801795,0.0007479431563201197,0.0,0.0,0.0,0.0,0.0,0.0,0.0,0.0,0.0007479431563201197,0.0,0.0,0.0,0.0,0.0,0.0,0.0,0.0,0.0014958863126402393,0.002243829468960359,0.0037397157816005983,0.0,0.0,0.0,0.0,0.0,0.0014958863126402393,0.0,0.0,0.0,0.0037397157816005983,0.0007479431563201197,0.0007479431563201197,0.0,0.0,0.0007479431563201197,0.0,0.014210919970082274,0.0,0.0,0.0,0.0,0.0007479431563201197,0.0007479431563201197,0.0,0.0007479431563201197,0.0,0.0,0.0,0.0,0.0,0.0,0.0,0.0,0.0007479431563201197,0.0,0.0,0.0,0.0,0.0,0.0,0.002243829468960359,0.0,0.0,0.0,0.0,0.0007479431563201197,0.0,0.0,0.0,0.0,0.0,0.0,0.0,0.0,0.002243829468960359,0.0,0.0,0.0,0.0,0.0,0.0,0.0,0.0,0.0,0.0,0.0,0.0,0.0,0.0,0.0,0.0,0.0,0.0,0.0,0.0,0.0,0.0,0.0,0.0
7,7.0,95.0,0.0,0.0,0.0,0.0,0.0,0.0,0.0,0.0,0.0,0.968421052631579,0.9473684210526315,0.30526315789473685,0.7473684210526316,0.8947368421052632,0.43157894736842106,0.18947368421052632,0.8842105263157894,0.12631578947368421,0.5368421052631579,0.8210526315789474,0.8947368421052632,0.0,0.0,0.0,0.0,0.0,0.0,0.0,0.0,0.0,0.0,0.0,0.0,0.0,0.0,0.0,0.0,0.0,0.0,0.0,0.0,0.0,0.0,0.0,0.0,0.0,0.0,0.0,0.0,0.0,0.0,0.0,0.0,0.0,0.0,0.021052631578947368,0.0,0.0,0.0,0.0,0.0,0.0,0.0,0.0,0.010526315789473684,0.0,0.0,0.0,0.0,0.0,0.0,0.0,0.0,0.0,0.0,0.0,0.0,0.0,0.0,0.0,0.0,0.0,0.0,0.0,0.0,0.0,0.0,0.0,0.0,0.0,0.0,0.0,0.0,0.0,0.0,0.0,0.0,0.0,0.0,0.0,0.0,0.0,0.0,0.0,0.0,0.0,0.0,0.0,0.0,0.0,0.0,0.0,0.0,0.0,0.0,0.0,0.0,0.0,0.0,0.0,0.0
8,8.0,1137.0,0.0,0.0,0.04397537379067722,0.6948109058927001,0.0,0.0,1.0,0.0,0.4256816182937555,0.0,0.0,0.0,0.0,0.0,0.0,0.0,0.0,0.0,0.0,0.0,0.0,0.001759014951627089,0.0008795074758135445,0.0079155672823219,0.00967458223394899,0.007036059806508356,0.007036059806508356,0.013192612137203167,0.003518029903254178,0.013192612137203167,0.006156552330694811,0.0079155672823219,0.006156552330694811,0.002638522427440633,0.0,0.002638522427440633,0.007036059806508356,0.0043975373790677225,0.006156552330694811,0.002638522427440633,0.002638522427440633,0.0,0.0,0.0,0.0,0.0,0.0,0.0,0.0,0.0,0.0,0.0,0.0,0.0,0.0,0.0,0.0,0.0,0.0,0.0,0.0,0.0,0.0,0.0,0.0,0.0,0.0,0.0,0.0,0.0,0.0,0.0,0.0,0.0,0.0,0.0,0.0,0.0,0.0,0.0,0.0,0.0,0.0,0.0,0.0,0.0,0.0,0.0,0.0,0.0,0.0,0.0,0.0,0.0,0.0,0.0,0.0,0.0,0.0,0.0,0.0,0.0,0.0,0.0,0.0,0.0,0.0,0.0,0.0,0.0,0.0,0.0,0.0,0.0,0.0,0.0,0.0,0.0,0.0,0.0,0.0
9,9.0,133.0,0.0,0.9621212121212122,0.9621212121212122,0.9545454545454546,0.9924242424242424,0.9772727272727273,0.9924242424242424,0.9090909090909092,0.8863636363636364,0.0,0.0,0.0,0.0,0.0,0.0,0.0,0.0,0.0,0.0,0.0,0.0,0.0,1.0,1.0,0.08333333333333334,0.015151515151515152,0.13636363636363635,0.13636363636363635,0.26515151515151514,0.11363636363636365,0.06060606060606061,0.03787878787878788,0.24242424242424243,0.18181818181818182,0.0,0.12878787878787878,0.06060606060606061,0.11363636363636365,0.06818181818181818,0.0,0.0,0.0,0.0,0.0,0.0,0.0,0.0,0.0,0.0,0.0,0.0,0.0,0.0,0.0,0.0,0.0,0.0,0.0,0.0,0.0,0.0,0.0,0.0,0.0,0.0,0.0,0.0,0.0,0.0,0.0,0.0,0.0,0.0,0.0,0.0,0.0,0.0,0.0,0.0,0.0,0.0,0.0,0.0,0.0,0.0,0.0,0.0,0.0,0.0,0.0,0.0,0.0,0.0,0.0,0.0,0.0,0.0,0.0,0.0,0.0,0.0,0.0,0.0,0.0,0.0,0.0,0.0,0.0,0.0,0.0,0.0,0.0,0.0,0.0,0.0,0.0,0.0,0.0,0.0,0.0,0.0
10,10.0,932.0,0.0,1.0,0.0,0.0,0.0,0.0,0.7349785407725322,0.0,0.0,0.0,0.0,0.0,0.0,0.0,0.0,0.0,0.0,0.0,0.0,0.0,0.0,0.001072961373390558,0.006437768240343348,0.032188841201716736,0.02467811158798283,0.023605150214592273,0.022532188841201718,0.033261802575107295,0.00536480686695279,0.028969957081545063,0.006437768240343348,0.01072961373390558,0.0075107296137339056,0.006437768240343348,0.0,0.011802575107296136,0.018240343347639486,0.0075107296137339056,0.00536480686695279,0.001072961373390558,0.001072961373390558,0.0,0.0,0.0,0.001072961373390558,0.0,0.0,0.001072961373390558,0.0,0.0,0.0,0.0,0.0,0.0,0.0,0.0,0.0,0.0,0.0,0.0,0.0,0.0,0.0,0.0,0.0,0.0,0.0,0.002145922746781116,0.0,0.0,0.0,0.0,0.0,0.0,0.0,0.0,0.0,0.0,0.0,0.0,0.0,0.0,0.0,0.0,0.0,0.0,0.0,0.0,0.0,0.0,0.0,0.0,0.0,0.0,0.0,0.0,0.0,0.0,0.0,0.0,0.001072961373390558,0.0,0.0,0.0,0.0,0.0,0.0,0.0,0.0,0.0,0.0,0.0,0.0,0.0,0.0,0.0,0.0,0.0,0.0,0.0,0.0
11,11.0,7185.0,0.0009742519137091162,0.0013917884481558804,0.0013917884481558804,0.0008350730688935282,0.0011134307585247043,0.0004175365344467641,0.0008350730688935282,0.0004175365344467641,0.0006958942240779402,0.9511482254697287,1.0,1.0,0.003201113430758525,0.0008350730688935282,0.0008350730688935282,0.0,0.0008350730688935282,0.0016701461377870565,0.0006958942240779402,0.0011134307585247043,0.0009742519137091163,0.011691022964509395,0.0,0.0,0.0,0.0,0.0,0.0,0.0,0.00013917884481558804,0.0,0.00013917884481558804,0.0,0.00013917884481558804,0.0008350730688935282,0.0,0.00013917884481558804,0.0,0.0,0.007933194154488519,0.0006958942240779402,0.0,0.00013917884481558804,0.0002783576896311761,0.0,0.0005567153792623522,0.00013917884481558804,0.0004175365344467641,0.0,0.00013917884481558804,0.0,0.00013917884481558804,0.0002783576896311761,0.0,0.00013917884481558804,0.00013917884481558804,0.00013917884481558804,0.0,0.00013917884481558804,0.0002783576896311761,0.0,0.0,0.0,0.00013917884481558804,0.0,0.0,0.0002783576896311761,0.0,0.0,0.0,0.0,0.00013917884481558804,0.0,0.0,0.0,0.0,0.0,0.0,0.00013917884481558804,0.0,0.0,0.0,0.0,0.0,0.0,0.0,0.0008350730688935282,0.0009742519137091163,0.0,0.0,0.0,0.0,0.0,0.0,0.00013917884481558804,0.0,0.0,0.00013917884481558804,0.0,0.0,0.0,0.0,0.00013917884481558804,0.0,0.0,0.0,0.0,0.0,0.0,0.0,0.0,0.0,0.0,0.0,0.0,0.0,0.0,0.0,0.0,0.0,0.0
12,12.0,47.0,0.0,0.0,0.0,0.0,0.0,0.0,0.0,0.0,0.0,1.0,1.0,0.9787234042553191,1.0,1.0,1.0,1.0,0.9787234042553191,1.0,1.0,0.0,1.0,0.0,0.0,0.0,0.0,0.0,0.0,0.0,0.0,0.0,0.0,0.0,0.0,0.0,0.0,0.0,0.0,0.0,0.0,0.9787234042553191,1.0,1.0,1.0,0.0,1.0,1.0,0.9787234042553191,1.0,0.0,1.0,1.0,1.0,0.9787234042553191,1.0,0.9787234042553191,1.0,1.0,1.0,0.9787234042553191,0.0,1.0,1.0,1.0,0.02127659574468085,0.0,1.0,1.0,0.9787234042553191,0.0,1.0,1.0,0.9787234042553191,1.0,1.0,0.0,1.0,0.9787234042553191,1.0,1.0,1.0,1.0,0.9787234042553191,1.0,1.0,0.0,1.0,1.0,0.9787234042553191,1.0,1.0,1.0,1.0,1.0,0.9787234042553191,1.0,1.0,1.0,1.0,1.0,1.0,0.0,0.9787234042553191,1.0,1.0,1.0,0.9787234042553191,1.0,1.0,1.0,1.0,1.0,1.0,1.0,1.0,1.0,1.0,1.0,0.9787234042553191,1.0,1.0,1.0
13,13.0,969.0,0.0,0.0,0.0010319917440660474,0.003095975232198142,0.0010319917440660474,0.0,0.0,0.0,0.0010319917440660474,0.9989680082559339,0.9979360165118678,0.0,0.9979360165118678,0.9999999999999999,0.9999999999999999,0.9401444788441692,0.9999999999999999,0.9535603715170278,0.9556243550051599,0.937048503611971,0.9504643962848296,0.010319917440660475,0.0,0.0,0.0,0.0,0.0,0.0,0.0,0.0,0.0,0.0,0.0,0.0,0.0,0.0,0.0,0.0,0.0,0.006191950464396284,0.003095975232198142,0.0,0.0,0.0,0.0,0.0010319917440660474,0.0020639834881320948,0.0,0.0,0.0,0.0010319917440660474,0.0,0.0010319917440660474,0.0,0.0,0.003095975232198142,0.0,0.0,0.0,0.0010319917440660474,0.0,0.0,0.0,0.003095975232198142,0.0020639834881320948,0.0,0.0,0.0,0.0,0.0,0.0,0.0,0.0,0.0,0.0,0.0,0.0,0.0,0.0,0.0,0.0,0.0,0.0,0.0,0.0,0.0,0.0,0.0,0.0,0.0,0.0,0.0,0.0,0.0,0.0,0.0,0.0,0.0,0.0,0.0,0.0,0.0,0.0,0.0,0.0,0.0,0.0,0.0,0.0,0.0,0.0,0.0,0.0,0.0,0.0,0.0,0.0,0.0,0.0,0.0,0.0
14,14.0,345.0,0.0,0.9711815561959654,0.994236311239193,0.9625360230547549,0.9452449567723342,0.9855907780979827,0.9971181556195965,0.9999999999999999,0.9135446685878962,0.0,0.0,0.0,0.0,0.0,0.0,0.0,0.0,0.0,0.0,0.0,0.0,0.0,0.09798270893371758,0.12968299711815562,0.09221902017291066,0.07204610951008646,0.005763688760806916,0.9999999999999999,0.1440922190201729,0.008645533141210374,0.0547550432276657,0.06916426512968299,0.06916426512968299,0.0,0.0,0.02593659942363112,0.07780979827089336,0.06916426512968299,0.008645533141210374,0.0,0.005763688760806916,0.0,0.0,0.0,0.0,0.0,0.0,0.0,0.0,0.0,0.0,0.0,0.0,0.0,0.0,0.0,0.0,0.0,0.0,0.0,0.0,0.0,0.0,0.0,0.0,0.0,0.0,0.0,0.0,0.0,0.0,0.0,0.0,0.0,0.0,0.0,0.0,0.0,0.0,0.0,0.0,0.0,0.0,0.0,0.002881844380403458,0.0,0.0,0.0,0.0,0.0,0.0,0.0,0.0,0.0,0.0,0.0,0.0,0.0,0.0,0.0,0.0,0.0,0.0,0.0,0.0,0.0,0.0,0.0,0.0,0.0,0.0,0.0,0.0,0.0,0.0,0.0,0.0,0.0,0.0,0.0,0.0
15,15.0,457.0,0.0,0.0,0.7636761487964989,0.0,0.7833698030634573,1.0,0.0,0.6039387308533917,0.0,0.0,0.0,0.0,0.0,0.0,0.0,0.0,0.0,0.0,0.0,0.0,0.0,0.0,0.00437636761487965,0.01312910284463895,0.019693654266958426,0.015317286652078774,0.02188183807439825,0.019693654266958426,0.010940919037199124,0.0175054704595186,0.02188183807439825,0.019693654266958426,0.0175054704595186,0.0087527352297593,0.0,0.0,0.00437636761487965,0.015317286652078774,0.006564551422319475,0.0,0.002188183807439825,0.0,0.0,0.0,0.002188183807439825,0.0,0.0,0.0,0.0,0.0,0.0,0.0,0.0,0.0,0.0,0.0,0.0,0.0,0.0,0.0,0.0,0.0,0.0,0.0,0.0,0.0,0.0,0.0,0.0,0.0,0.0,0.0,0.0,0.0,0.0,0.0,0.0,0.0,0.0,0.0,0.0,0.0,0.0,0.0,0.0,0.0,0.0,0.0,0.0,0.0,0.0,0.0,0.0,0.0,0.0,0.0,0.0,0.0,0.0,0.0,0.0,0.0,0.0,0.0,0.0,0.0,0.0,0.0,0.0,0.0,0.0,0.0,0.0,0.0,0.0,0.0,0.0,0.0,0.0,0.0,0.0
16,16.0,454.0,0.0,0.0,0.0,0.0,0.7422907488986785,0.0,0.0,1.0,0.0,0.0,0.0,0.0,0.0,0.0,0.0,0.0022026431718061676,0.0,0.0,0.0,0.0,0.0,0.0022026431718061676,0.0,0.024229074889867842,0.03303964757709251,0.02863436123348018,0.030837004405286347,0.019823788546255508,0.011013215859030838,0.013215859030837006,0.01762114537444934,0.006607929515418503,0.004405286343612335,0.006607929515418503,0.0,0.0022026431718061676,0.015418502202643174,0.01762114537444934,0.0022026431718061676,0.004405286343612335,0.0,0.0,0.0,0.0,0.0022026431718061676,0.0,0.0,0.0,0.0,0.0,0.0,0.0,0.0,0.0,0.0,0.0,0.0,0.0,0.0,0.0,0.0,0.0,0.0,0.0,0.0,0.0,0.0,0.0,0.0,0.0,0.0,0.0,0.0,0.0,0.0,0.0,0.0,0.0,0.0,0.0,0.0,0.0,0.0,0.0,0.0,0.0,0.0,0.0,0.0,0.0,0.0,0.0,0.0,0.0,0.0,0.0,0.0,0.0,0.0,0.0,0.0022026431718061676,0.0,0.0,0.0,0.0,0.0,0.0,0.0,0.0,0.0,0.0,0.0,0.0,0.0,0.0,0.0,0.0,0.0,0.0,0.0,0.0
17,17.0,198.0,0.0,1.0,0.0,1.0,1.0,0.0,1.0,0.0,0.32323232323232326,0.0,0.0,0.0,0.0,0.0,0.0,0.005050505050505051,0.0,0.0,0.0,0.0,0.0,0.0,0.020202020202020204,0.010101010101010102,0.025252525252525256,0.03535353535353536,0.04040404040404041,0.04040404040404041,0.030303030303030304,0.025252525252525256,0.030303030303030304,0.010101010101010102,0.020202020202020204,0.030303030303030304,0.0,0.0,0.020202020202020204,0.04040404040404041,0.010101010101010102,0.0,0.0,0.0,0.0,0.0,0.0,0.0,0.0,0.0,0.0,0.0,0.0,0.0,0.0,0.0,0.0,0.0,0.0,0.0,0.0,0.0,0.0,0.0,0.0,0.0,0.0,0.0,0.0,0.0,0.0,0.0,0.0,0.0,0.0,0.0,0.0,0.0,0.005050505050505051,0.0,0.0,0.0,0.0,0.0,0.0,0.0,0.0,0.0,0.0,0.0,0.0,0.0,0.0,0.0,0.0,0.0,0.0,0.0,0.0,0.0,0.0,0.0,0.0,0.0,0.0,0.0,0.0,0.0,0.0,0.0,0.0,0.0,0.0,0.0,0.0,0.0,0.0,0.0,0.0,0.0,0.0,0.0,0.0
18,18.0,1112.0,0.0,0.0,1.0,0.17176258992805757,0.0,0.170863309352518,1.0,0.0,0.09262589928057555,0.0,0.0,0.0,0.0,0.0,0.0,0.0008992805755395684,0.0,0.0,0.0,0.0,0.0,0.0035971223021582736,0.008093525179856115,0.013489208633093526,0.007194244604316547,0.008992805755395683,0.013489208633093526,0.0035971223021582736,0.013489208633093526,0.012589928057553958,0.012589928057553958,0.009892086330935253,0.012589928057553958,0.007194244604316547,0.0,0.002697841726618705,0.006294964028776979,0.0035971223021582736,0.00539568345323741,0.002697841726618705,0.002697841726618705,0.0,0.0,0.0,0.0008992805755395684,0.0,0.0,0.0,0.0,0.0,0.0,0.0,0.0,0.0,0.0,0.0,0.0,0.0,0.0,0.0,0.0,0.0,0.0,0.0,0.0,0.0008992805755395684,0.0,0.0,0.0,0.0,0.0,0.0,0.0,0.0,0.0,0.0,0.0,0.0,0.0,0.0,0.0,0.0,0.0,0.0,0.0008992805755395684,0.0,0.0,0.0,0.0,0.0,0.0,0.0,0.0,0.0,0.0,0.0,0.0,0.0,0.0,0.0,0.0,0.0,0.0,0.0,0.0,0.0,0.0,0.0,0.0,0.0,0.0,0.0,0.0,0.0,0.0,0.0,0.0,0.0,0.0,0.0,0.0
19,19.0,100.0,0.22,0.0,0.0,0.0,0.0,0.0,0.0,0.0,0.0,0.85,0.86,0.93,0.6,0.03,0.15,0.9500000000000001,0.44,0.0,0.17,0.01,0.1,0.02,0.0,0.0,0.0,0.0,0.0,0.0,0.0,0.0,0.0,0.0,0.0,0.0,0.0,0.0,0.0,0.0,0.0,0.0,0.0,0.04,0.0,0.0,0.0,0.0,0.22,0.0,0.01,0.0,0.0,0.17,0.0,0.0,0.0,0.01,0.21,0.0,0.0,0.0,0.0,0.0,0.0,0.0,0.0,0.0,0.0,0.0,0.0,0.0,0.0,0.0,0.0,0.0,0.0,0.0,0.01,0.0,0.21,0.0,0.0,0.0,0.0,0.0,0.0,0.0,0.12,0.12,0.0,0.0,0.0,0.0,0.0,0.0,0.0,0.0,0.01,0.0,0.0,0.0,0.0,0.0,0.0,0.0,0.0,0.0,0.0,0.0,0.0,0.0,0.0,0.0,0.0,0.01,0.0,0.0,0.01,0.0,0.0,0.0,0.0
20,20.0,118.0,0.0,0.0,0.0,0.0,0.0,0.0,0.0,0.0,0.0,0.9067796610169492,0.9322033898305084,0.0,0.0,0.0,0.0,0.0,0.0,0.0,0.0,0.0,0.0,0.0,0.0,0.0,0.0,0.0,0.0,0.0,0.0,0.0,0.0,0.0,0.0,0.0,0.0,0.0,0.0,0.0,0.0,0.0,0.0,0.0,0.0,0.0,0.8983050847457628,0.0,0.0,0.0,0.0,0.0,0.0,0.0,0.0,0.0,0.0,0.0,0.9576271186440678,0.923728813559322,0.0,0.0,0.9745762711864406,0.9067796610169492,0.9830508474576272,0.0,0.0,0.0,0.0,0.0,0.9491525423728814,0.0,0.0,0.0,0.0,0.0,0.0,0.0,0.0,0.0,0.0,0.0,0.0,0.0,0.0,0.0,0.0,0.0,0.0,0.0,0.0,0.0,0.0,0.0,0.0,0.0,0.0,0.0,0.0,0.0,0.0,0.0,0.0,0.0,0.0,0.0,0.0,0.0,0.0,0.0,0.0,0.0,0.0,0.0,0.0,0.0,0.0,0.0,0.0,0.0,0.0,0.0,0.0
21,21.0,302.0,0.0,0.0,0.0,0.0,1.0,1.0,1.0,0.17880794701986755,0.17549668874172186,0.0,0.0,0.0,0.0,0.0,0.0,0.0,0.0,0.0,0.0,0.0,0.0,0.009933774834437087,0.029801324503311258,0.026490066225165563,0.016556291390728478,0.009933774834437087,0.019867549668874173,0.016556291390728478,0.016556291390728478,0.026490066225165563,0.019867549668874173,0.0,0.019867549668874173,0.013245033112582781,0.0,0.009933774834437087,0.0,0.006622516556291391,0.009933774834437087,0.0033112582781456954,0.0033112582781456954,0.0,0.0,0.0,0.0,0.0,0.0,0.0,0.0,0.0,0.0,0.0,0.0,0.0,0.0,0.0,0.0,0.0,0.0,0.0,0.0,0.0,0.0,0.0,0.0,0.0,0.0,0.0,0.0,0.0,0.0,0.0,0.0,0.0,0.0,0.0,0.0,0.0,0.0,0.0,0.0,0.0,0.0,0.0,0.0,0.0,0.0,0.0,0.0,0.0,0.0,0.0,0.0,0.0,0.0,0.0,0.0,0.0,0.0,0.0,0.0,0.0,0.0,0.0,0.0,0.0,0.0,0.0,0.0,0.0,0.0,0.0,0.0,0.0,0.0,0.0,0.0,0.0,0.0,0.0,0.0
22,22.0,141.0,0.0,0.0070921985815602835,0.0,0.0,0.0,0.0,0.0,0.0,0.0,0.8439716312056738,0.8439716312056738,0.7872340425531915,0.9574468085106382,0.04964539007092199,0.624113475177305,0.326241134751773,0.2553191489361702,0.9716312056737588,0.2553191489361702,0.15602836879432624,0.20567375886524822,0.0,0.0,0.0,0.0,0.0,0.0,0.0,0.0,0.0,0.0,0.0,0.0,0.0,0.0,0.0,0.0,0.0,0.0,0.0,0.0,0.0,0.0,0.0,0.0,0.0,0.0,0.0,0.0,0.0,0.0,0.0,0.0,0.0,0.0,0.0,0.0,0.0,0.0,0.0,0.0,0.0,0.0,0.0,0.0,0.0,0.0,0.0,0.0,0.0,0.0,0.0,0.0,0.0,0.0,0.0,0.0,0.0,0.0,0.0,0.0,0.0,0.0,0.0,0.0,0.0,0.0,0.0,0.0,0.0,0.0,0.0,0.0,0.0,0.0,0.0,0.0,0.0,0.0,0.0,0.0,0.0,0.0,0.0,0.0,0.0,0.0,0.0,0.0,0.0,0.0,0.0,0.0,0.0,0.0,0.0,0.0,0.0,0.0,0.0,0.0
23,23.0,220.0,0.0,0.7954545454545454,1.0,0.0,1.0,1.0,0.7227272727272727,1.0,1.0,0.0,0.0,0.0,0.0,0.0,0.0,0.0,0.0,0.0,0.0,0.0,0.0,0.004545454545454545,0.06818181818181818,0.01818181818181818,0.07727272727272727,0.013636363636363636,0.00909090909090909,0.02727272727272727,0.01818181818181818,0.00909090909090909,0.022727272727272728,0.022727272727272728,0.05454545454545454,0.013636363636363636,0.0,0.031818181818181815,0.00909090909090909,0.031818181818181815,0.03636363636363636,0.0,0.004545454545454545,0.0,0.0,0.0,0.0,0.0,0.0,0.0,0.0,0.0,0.0,0.0,0.0,0.0,0.0,0.0,0.0,0.0,0.0,0.0,0.0,0.0,0.0,0.0,0.0,0.0,0.0,0.0,0.0,0.0,0.0,0.0,0.0,0.0,0.0,0.0,0.0,0.0,0.0,0.0,0.0,0.0,0.0,0.0,0.0,0.0,0.0,0.0,0.0,0.0,0.0,0.0,0.0,0.0,0.0,0.0,0.0,0.0,0.0,0.0,0.0,0.0,0.0,0.0,0.0,0.0,0.0,0.0,0.0,0.0,0.0,0.0,0.0,0.0,0.0,0.0,0.0,0.0,0.0,0.0,0.0
24,24.0,480.0,0.0,1.0,0.0,1.0,0.0,1.0,0.3833333333333333,0.0,0.2833333333333333,0.0020833333333333333,0.0,0.0,0.0,0.0,0.0,0.0020833333333333333,0.0,0.0,0.0,0.0,0.0,0.004166666666666667,0.014583333333333334,0.016666666666666666,0.022916666666666665,0.010416666666666666,0.01875,0.014583333333333334,0.0125,0.025,0.025,0.014583333333333334,0.027083333333333334,0.03125,0.0,0.0125,0.010416666666666666,0.00625,0.010416666666666666,0.00625,0.004166666666666667,0.0020833333333333333,0.0,0.0,0.0020833333333333333,0.0,0.0,0.0,0.0,0.0,0.0,0.0,0.0,0.0,0.0,0.0,0.0020833333333333333,0.0020833333333333333,0.0,0.0,0.0,0.0,0.0,0.0,0.0,0.0020833333333333333,0.0,0.0,0.0,0.0,0.0,0.0,0.0,0.0,0.0,0.0,0.0,0.0,0.0,0.0020833333333333333,0.0,0.0,0.0,0.0,0.0,0.0,0.0,0.0,0.0,0.0,0.0,0.0,0.0,0.0,0.0,0.0,0.0,0.0,0.0,0.0,0.0,0.0,0.0,0.0,0.0,0.0,0.0,0.0,0.0,0.0,0.0,0.0,0.0,0.0,0.0,0.0,0.0,0.0,0.0,0.0,0.0
25,25.0,44.0,0.0,0.0,0.9318181818181819,0.8636363636363636,0.7045454545454546,0.7727272727272727,0.9318181818181819,0.9545454545454546,0.7045454545454546,0.0,0.0,0.0,0.0,0.0,0.0,0.0,0.0,0.0,0.0,0.0,0.0,0.0,0.045454545454545456,0.045454545454545456,0.0,0.09090909090909091,0.06818181818181818,0.045454545454545456,1.0,0.06818181818181818,0.13636363636363635,0.022727272727272728,0.045454545454545456,0.022727272727272728,0.0,0.045454545454545456,0.045454545454545456,0.022727272727272728,0.0,0.0,0.0,0.0,0.0,0.0,0.0,0.0,0.0,0.0,0.0,0.0,0.0,0.0,0.0,0.0,0.0,0.0,0.0,0.0,0.0,0.0,0.0,0.0,0.0,0.0,0.0,0.0,0.0,0.0,0.0,0.0,0.0,0.0,0.0,0.0,0.0,0.0,0.0,0.0,0.0,0.0,0.0,0.0,0.0,0.0,0.0,0.0,0.0,0.0,0.0,0.0,0.0,0.0,0.0,0.0,0.0,0.0,0.0,0.0,0.0,0.0,0.0,0.0,0.0,0.0,0.0,0.0,0.0,0.0,0.0,0.0,0.0,0.0,0.0,0.0,0.0,0.0,0.0,0.0,0.0,0.0,0.0
26,26.0,381.0,0.0,1.0,0.9921259842519685,0.9658792650918635,0.973753280839895,0.973753280839895,0.9763779527559056,1.0,0.9028871391076115,0.0,0.0,0.0,0.0,0.0,0.0,0.0,0.0,0.0,0.0,0.0,0.0,0.0026246719160104987,0.05511811023622047,0.06561679790026247,0.0,0.13385826771653542,0.09448818897637795,0.0,1.0,0.10498687664041995,0.09711286089238845,0.06561679790026247,0.05774278215223097,0.0,0.0,0.05511811023622047,0.047244094488188976,0.05249343832020997,0.06824146981627296,0.0026246719160104987,0.0026246719160104987,0.0,0.0,0.0,0.0,0.0,0.0,0.0,0.0,0.0,0.0,0.0,0.0,0.0,0.0,0.0,0.0,0.0,0.0,0.0,0.0,0.0,0.0,0.0,0.0,0.0026246719160104987,0.0,0.0,0.0,0.0,0.0,0.0,0.0,0.0,0.0,0.0,0.0,0.0,0.0,0.0,0.0,0.0,0.0,0.0,0.0,0.0,0.0,0.0,0.0,0.0,0.0,0.0,0.0,0.0,0.0,0.0,0.0,0.0,0.0,0.0,0.0,0.0,0.0,0.0,0.0,0.0,0.0,0.0,0.0,0.0,0.0,0.0,0.0,0.0,0.0,0.0,0.0,0.0,0.0,0.0,0.0
27,27.0,220.0,0.0,0.9681818181818181,0.9909090909090909,0.9909090909090909,0.9681818181818181,0.9954545454545454,1.0,1.0,0.9863636363636363,0.0,0.0,0.0,0.0,0.0,0.0,0.004545454545454545,0.0,0.0,0.0,0.0,0.0,0.004545454545454545,0.022727272727272728,0.7363636363636363,0.045454545454545456,0.02727272727272727,0.049999999999999996,0.03636363636363636,0.031818181818181815,0.013636363636363636,0.0,0.022727272727272728,0.022727272727272728,0.03636363636363636,0.0,0.031818181818181815,0.07272727272727272,0.4954545454545454,0.013636363636363636,0.0,0.004545454545454545,0.0,0.0,0.0,0.0,0.0,0.0,0.0,0.0,0.0,0.0,0.0,0.0,0.0,0.0,0.0,0.0,0.0,0.0,0.0,0.0,0.0,0.0,0.0,0.0,0.0,0.0,0.0,0.0,0.0,0.0,0.0,0.0,0.0,0.0,0.0,0.0,0.0,0.0,0.0,0.0,0.0,0.0,0.0,0.0,0.0,0.0,0.0,0.0,0.0,0.0,0.0,0.0,0.0,0.0,0.0,0.0,0.0,0.0,0.0,0.0,0.0,0.0,0.0,0.0,0.0,0.0,0.0,0.0,0.0,0.0,0.0,0.0,0.0,0.0,0.0,0.0,0.0,0.0,0.0,0.0
28,28.0,594.0,0.0,0.01515151515151515,0.028619528619528618,0.0202020202020202,0.02356902356902357,0.026936026936026935,0.016835016835016835,0.01515151515151515,0.011784511784511785,0.01515151515151515,0.003367003367003367,0.0,0.0,0.0,0.0,0.0,0.0016835016835016834,0.0,0.0,0.0,0.0,0.04208754208754208,0.0,0.0016835016835016834,0.0,0.0016835016835016834,0.0016835016835016834,0.0,0.0016835016835016834,0.00505050505050505,0.0,0.0,0.003367003367003367,0.0,0.0,0.0,0.0,0.0,0.0016835016835016834,0.0,1.0,0.0016835016835016834,0.0,0.0,0.0,0.006734006734006734,0.0,0.0,0.0,0.0,0.0,0.006734006734006734,0.0,0.0,0.0,0.0,0.0,0.0,0.0,0.0,0.0,0.0,0.0,0.003367003367003367,0.003367003367003367,0.00505050505050505,0.0,0.00505050505050505,0.0,0.0,0.0,0.0,0.0,0.0,0.0016835016835016834,0.0,0.0,0.0,0.0,0.003367003367003367,0.0,0.0,0.0,0.013468013468013467,0.0202020202020202,0.0,0.0,0.0,0.0016835016835016834,0.0,0.0,0.0,0.0,0.0,0.0,0.0,0.0,0.0016835016835016834,0.0,0.0,0.0,0.0016835016835016834,0.0,0.0,0.0,0.0,0.0,0.0,0.0,0.0,0.0,0.0,0.0,0.0,0.0,0.0016835016835016834,0.003367003367003367,0.0,0.0,0.0,0.0
29,29.0,411.0,0.0,0.21411192214111924,0.0,1.0,0.0,0.0,0.0,1.0,0.0,0.0,0.0,0.0024330900243309003,0.0,0.0,0.0,0.0,0.0,0.0,0.0,0.0,0.0,0.004866180048661801,0.009732360097323601,0.021897810218978103,0.009732360097323601,0.014598540145985401,0.014598540145985401,0.004866180048661801,0.014598540145985401,0.024330900243309004,0.0072992700729927005,0.012165450121654502,0.019464720194647202,0.0072992700729927005,0.0,0.004866180048661801,0.004866180048661801,0.004866180048661801,0.0072992700729927005,0.0,0.0024330900243309003,0.0,0.0,0.0,0.0,0.0,0.0,0.0,0.0,0.0,0.0,0.0,0.0,0.0,0.0,0.0,0.0,0.0,0.0,0.0,0.0,0.0,0.0,0.0,0.0,0.0,0.0,0.0,0.0,0.0,0.0,0.0,0.0,0.0,0.0,0.0,0.0,0.0,0.0,0.0,0.0,0.0,0.0,0.0,0.0,0.0,0.0,0.0,0.0,0.0,0.0,0.0,0.0,0.0,0.0,0.0,0.0,0.0,0.0,0.0,0.0,0.0,0.0,0.0,0.0,0.0,0.0,0.0,0.0,0.0,0.0,0.0,0.0,0.0,0.0,0.0,0.0,0.0,0.0,0.0,0.0
30,30.0,140.0,0.0,0.986111111111111,0.9791666666666666,0.9583333333333333,0.9930555555555555,1.0,0.9930555555555555,0.9722222222222222,0.8888888888888888,0.0,0.0,0.0,0.0,0.0,0.0,0.006944444444444444,0.0,0.0,0.0,0.0,0.0,0.0,0.09027777777777778,0.25,0.14583333333333331,0.1597222222222222,0.24305555555555555,0.0625,0.20138888888888887,1.0,0.1111111111111111,0.2638888888888889,0.29166666666666663,1.0,0.0,0.1597222222222222,0.09027777777777778,0.13194444444444445,0.1388888888888889,0.006944444444444444,0.0,0.0,0.0,0.0,0.0,0.0,0.0,0.0,0.0,0.0,0.0,0.0,0.0,0.0,0.0,0.0,0.0,0.0,0.0,0.0,0.0,0.0,0.0,0.0,0.0,0.0,0.0,0.0,0.0,0.0,0.0,0.0,0.0,0.0,0.0,0.0,0.0,0.0,0.0,0.0,0.0,0.0,0.0,0.0,0.0,0.0,0.0,0.0,0.0,0.0,0.0,0.0,0.0,0.0,0.0,0.0,0.0,0.0,0.0,0.0,0.0,0.0,0.0,0.0,0.0,0.0,0.0,0.0,0.0,0.0,0.0,0.0,0.0,0.0,0.0,0.0,0.0,0.0,0.0,0.0,0.0
31,31.0,569.0,0.0,0.9999999999999999,0.9999999999999999,0.0,0.7750439367311072,0.9999999999999999,0.9999999999999999,0.26362038664323373,0.2056239015817223,0.0,0.0,0.0,0.0,0.0,0.0,0.0,0.0,0.0,0.0,0.0,0.0,0.0,0.035149384885764495,0.03339191564147627,0.02636203866432337,0.03866432337434095,0.02460456942003515,0.017574692442882248,0.022847100175746923,0.028119507908611598,0.03690685413005272,0.03866432337434095,0.0421792618629174,0.022847100175746923,0.0,0.012302284710017574,0.035149384885764495,0.015817223198594025,0.007029876977152899,0.0,0.0035149384885764497,0.0,0.0,0.0,0.0,0.0,0.0,0.0,0.0,0.0,0.0,0.0,0.0,0.0,0.0,0.0,0.0,0.0,0.0,0.0,0.0,0.0,0.0,0.0,0.0,0.0,0.0,0.0,0.0,0.0,0.0,0.0,0.0,0.0,0.0,0.0,0.0,0.0,0.0,0.0,0.0,0.0,0.0,0.0,0.0,0.0,0.0,0.0,0.0,0.0,0.0,0.0,0.0,0.0,0.0,0.0,0.0,0.0,0.0,0.0,0.0,0.0,0.0,0.0,0.0,0.0,0.0,0.0,0.0,0.0,0.0,0.0,0.0,0.0,0.0,0.0,0.0,0.0,0.0,0.0,0.0
32,32.0,376.0,0.0,0.0,0.0,1.0,1.0,1.0,0.3537234042553191,0.1595744680851064,0.0,0.0,0.0,0.0026595744680851063,0.0,0.0,0.0,0.0,0.0,0.0,0.0,0.0,0.0,0.0026595744680851063,0.02925531914893617,0.010638297872340425,0.031914893617021274,0.02925531914893617,0.026595744680851064,0.023936170212765957,0.018617021276595744,0.015957446808510637,0.02127659574468085,0.031914893617021274,0.026595744680851064,0.015957446808510637,0.0026595744680851063,0.007978723404255319,0.018617021276595744,0.005319148936170213,0.013297872340425532,0.0026595744680851063,0.0026595744680851063,0.0,0.0,0.0,0.0,0.0,0.0,0.0,0.0,0.0,0.0,0.0,0.0,0.0,0.0,0.0,0.0,0.0,0.0,0.0,0.0,0.0,0.0,0.0,0.0,0.0,0.0,0.0,0.0,0.0,0.0,0.0,0.0,0.0,0.0,0.0,0.0,0.0,0.0,0.0,0.0,0.0,0.0,0.0,0.0026595744680851063,0.0,0.0,0.0,0.0,0.0,0.0,0.0,0.0,0.0,0.0,0.0,0.0,0.0,0.0,0.0,0.0,0.0,0.0,0.0,0.0,0.0,0.0,0.0,0.0,0.0,0.0,0.0,0.0,0.0,0.0,0.0,0.0,0.0,0.0,0.0,0.0
33,33.0,424.0,0.0,0.9834905660377358,0.9976415094339622,0.9787735849056604,0.9740566037735848,0.9764150943396226,0.9905660377358491,1.0,0.9150943396226415,0.0,0.0,0.0,0.0,0.0,0.0,0.0023584905660377358,0.0,0.0,0.0,0.0,0.0,0.0023584905660377358,0.11320754716981132,0.08726415094339622,0.0660377358490566,0.12028301886792453,0.12971698113207547,0.0,0.13679245283018868,0.0,0.08018867924528301,0.10141509433962263,0.07547169811320754,1.0,0.0,0.0,0.08490566037735849,0.051886792452830184,0.05660377358490566,0.0,0.007075471698113208,0.0023584905660377358,0.0,0.0,0.0023584905660377358,0.0,0.0,0.0,0.0,0.0,0.0,0.0,0.0,0.0,0.0,0.0,0.0023584905660377358,0.0023584905660377358,0.0,0.0,0.0,0.0,0.0,0.0,0.0,0.0,0.0,0.0,0.0,0.0,0.0,0.0,0.0,0.0,0.0,0.0,0.0,0.0,0.0,0.0,0.0,0.0,0.0,0.0,0.0,0.0,0.0,0.0,0.0,0.0,0.0,0.0,0.0,0.0,0.0,0.0,0.0,0.0,0.0,0.0,0.0,0.0,0.0,0.0,0.0,0.0,0.0,0.0,0.0,0.0,0.0,0.0,0.0,0.0,0.0,0.0,0.0,0.0,0.0,0.0,0.0
34,34.0,169.0,0.0,0.9289940828402367,0.923076923076923,0.9289940828402367,0.8579881656804733,0.9526627218934911,0.923076923076923,0.0,0.7810650887573964,0.0,0.0,0.005917159763313609,0.0,0.0,0.0,0.005917159763313609,0.0,0.0,0.0,0.0,0.0,0.0,0.04142011834319526,0.047337278106508875,0.0650887573964497,0.1242603550295858,0.08284023668639053,0.05325443786982249,0.01775147928994083,1.0,0.011834319526627219,0.09467455621301775,0.047337278106508875,0.05325443786982249,0.0,0.047337278106508875,0.023668639053254437,0.029585798816568046,0.005917159763313609,0.0,0.011834319526627219,0.0,0.0,0.0,0.0,0.0,0.0,0.0,0.0,0.0,0.0,0.0,0.0,0.0,0.0,0.0,0.0,0.0,0.0,0.0,0.0,0.0,0.0,0.0,0.0,0.0,0.0,0.0,0.0,0.0,0.0,0.0,0.0,0.0,0.0,0.0,0.0,0.0,0.0,0.0,0.0,0.0,0.0,0.0,0.0,0.0,0.0,0.0,0.0,0.0,0.0,0.0,0.0,0.0,0.0,0.0,0.0,0.0,0.0,0.0,0.0,0.0,0.0,0.0,0.0,0.0,0.0,0.0,0.0,0.0,0.0,0.0,0.0,0.0,0.0,0.0,0.0,0.0,0.0,0.0,0.0
35,35.0,102.0,0.0,1.0,1.0,1.0,0.9901960784313726,1.0,1.0,0.9901960784313726,1.0,0.0,0.0,0.0,0.0,0.0,0.0,0.0,0.0,0.0,0.0,0.0,0.0,0.00980392156862745,0.7549019607843137,0.3529411764705882,0.09803921568627451,0.5882352941176471,0.8627450980392157,0.21568627450980393,0.8529411764705882,0.6470588235294118,0.13725490196078433,0.9215686274509803,0.3333333333333333,0.24509803921568626,0.0,0.13725490196078433,0.21568627450980393,0.09803921568627451,0.37254901960784315,0.0,0.029411764705882353,0.0,0.0,0.0,0.0,0.0,0.0,0.0,0.0,0.0,0.0,0.0,0.0,0.0,0.0,0.0,0.0,0.0,0.0,0.0,0.0,0.0,0.0,0.0,0.0,0.0,0.0,0.0,0.0,0.0,0.0,0.0,0.0,0.0,0.0,0.0,0.0,0.0,0.0,0.0,0.0,0.0,0.0,0.0,0.0,0.0,0.0,0.0,0.0,0.0,0.0,0.0,0.0,0.0,0.0,0.0,0.0,0.0,0.0,0.0,0.0,0.0,0.0,0.0,0.0,0.0,0.0,0.0,0.0,0.0,0.0,0.0,0.0,0.0,0.0,0.0,0.0,0.0,0.0,0.0,0.0
36,36.0,854.0,0.00117096018735363,0.00117096018735363,0.00117096018735363,0.00117096018735363,0.0,0.0,0.00117096018735363,0.0,0.00234192037470726,0.0,0.011709601873536299,0.9918032786885246,0.01756440281030445,1.0,0.00468384074941452,0.00351288056206089,0.00234192037470726,0.00351288056206089,0.00351288056206089,0.0058548009367681494,0.00117096018735363,0.00702576112412178,0.0,0.0,0.0,0.0,0.0,0.0,0.0,0.0,0.0,0.0,0.0,0.0,0.00468384074941452,0.0,0.0,0.0,0.0,0.0058548009367681494,0.0,0.0,0.0,0.0,0.0,0.0,0.0,0.02576112412177986,0.0,0.0,0.0,0.0,0.0,0.0,0.0,0.0,0.0,0.0,0.0,0.0,0.0,0.0,0.0,0.0,0.0,0.0,0.0,0.0,0.0,0.0,0.0,0.0,0.0,0.0,0.0,0.0,0.0,0.0,0.0,0.0,0.0,0.0,0.0,0.0,0.0,0.0,0.0,0.0,0.0,0.0,0.0,0.00117096018735363,0.0,0.0,0.0,0.0,0.0,0.0,0.0,0.00117096018735363,0.0,0.0,0.0,0.0,0.0,0.0,0.0,0.0,0.0,0.0,0.0,0.0,0.0,0.0,0.0,0.0,0.0,0.0,0.0,0.0,0.0
37,37.0,988.0,0.0,0.0,0.7793522267206477,1.0,0.0,0.0,0.0,0.08603238866396762,0.0,0.0,0.003036437246963563,0.0020242914979757085,0.0,0.0,0.0,0.0020242914979757085,0.0,0.0,0.0,0.0,0.0,0.0020242914979757085,0.005060728744939271,0.03036437246963563,0.022267206477732795,0.025303643724696356,0.02327935222672065,0.02834008097165992,0.00708502024291498,0.01720647773279352,0.006072874493927126,0.00708502024291498,0.005060728744939271,0.006072874493927126,0.0010121457489878543,0.015182186234817815,0.009109311740890687,0.0,0.008097165991902834,0.0010121457489878543,0.0020242914979757085,0.0,0.0,0.0,0.0,0.0,0.0,0.0,0.0,0.0,0.0010121457489878543,0.0,0.0,0.0,0.0,0.0,0.0,0.0,0.0,0.0,0.0,0.0,0.0,0.0,0.0,0.0010121457489878543,0.0010121457489878543,0.003036437246963563,0.0,0.0010121457489878543,0.0,0.0,0.0,0.0,0.0,0.0,0.0,0.0010121457489878543,0.0,0.0,0.0,0.0,0.0,0.0,0.0010121457489878543,0.0,0.0,0.0,0.0010121457489878543,0.0,0.0,0.0,0.0,0.0,0.0,0.0,0.0,0.0,0.0,0.0,0.0,0.0,0.0,0.0,0.0,0.0,0.0,0.0,0.0,0.0010121457489878543,0.0,0.0,0.0,0.0,0.0,0.0,0.0,0.0,0.0010121457489878543,0.0,0.0
38,38.0,299.0,0.0,1.0,1.0,1.0,1.0,1.0,1.0,1.0,1.0,0.0,0.0,0.0,0.0,0.0,0.0,0.0,0.0,0.0,0.0,0.0,0.0,0.0,0.9665551839464883,0.9464882943143813,0.9665551839464883,0.979933110367893,0.9732441471571907,0.9565217391304348,0.9665551839464883,0.9264214046822742,0.9498327759197325,0.9531772575250836,0.9565217391304348,0.9732441471571907,0.0,0.8929765886287625,0.8662207357859532,1.0,0.842809364548495,0.0033444816053511705,0.0,0.0033444816053511705,0.0033444816053511705,0.0033444816053511705,0.0,0.0,0.0,0.0,0.0,0.0,0.0,0.0,0.0,0.0,0.0,0.0,0.0,0.0,0.0,0.0,0.0,0.0,0.0,0.0,0.0,0.0,0.0,0.0,0.0,0.0,0.0,0.0,0.0,0.0,0.0,0.0,0.0,0.0,0.0,0.0,0.0,0.0,0.0,0.0,0.0033444816053511705,0.0,0.0,0.0,0.0,0.0,0.0,0.0,0.0,0.0,0.0,0.0,0.0,0.0,0.0,0.0,0.0,0.0,0.0,0.0,0.0,0.0,0.0,0.0,0.0,0.0,0.0,0.0,0.0,0.0,0.0,0.0,0.0,0.0,0.0,0.0,0.0
39,39.0,122.0,0.0,0.0,0.0,0.00819672131147541,0.0,0.0,0.0,0.0,0.0,1.0,1.0,0.6475409836065574,0.9426229508196722,0.9180327868852459,0.8934426229508197,0.9262295081967213,0.9098360655737705,0.8770491803278689,0.9262295081967213,0.9016393442622951,0.9508196721311476,0.0,0.0,0.0,0.0,0.0,0.0,0.0,0.0,0.0,0.0,0.0,0.0,0.0,0.0,0.0,0.0,0.0,0.0,0.0,0.9836065573770493,0.0,0.0,0.0,0.0,0.9918032786885247,1.0,0.9918032786885247,0.0,0.9754098360655739,0.9836065573770493,0.0,0.9836065573770493,0.9918032786885247,0.9918032786885247,0.9754098360655739,0.0,0.0,0.0,0.9836065573770493,0.0,0.0,0.0,0.8114754098360656,0.6967213114754098,0.0,0.0,0.0,0.0,0.0,0.0,0.0,0.0,0.0,0.0,0.0,0.0,0.0,0.0,0.0,0.0,0.0,0.0,0.0,0.0,0.0,0.0,0.0,0.0,0.0,0.0,0.0,0.0,0.0,0.0,0.0,0.0,0.0,0.0,0.0,0.0,0.0,0.0,0.0,0.0,0.0,0.0,0.0,0.0,0.0,0.0,0.0,0.0,0.0,0.0,0.0,0.0,0.0,0.0,0.0,0.0
40,40.0,146.0,0.0,1.0,0.9793103448275862,0.9655172413793103,0.993103448275862,0.9862068965517241,0.993103448275862,0.993103448275862,0.9517241379310345,0.0,0.0,0.0,0.006896551724137931,0.0,0.0,0.0,0.0,0.0,0.0,0.0,0.0,0.0,0.16551724137931034,0.13103448275862067,1.0,0.1586206896551724,0.2482758620689655,0.12413793103448276,1.0,0.13793103448275862,0.041379310344827586,0.2689655172413793,0.2206896551724138,0.14482758620689656,0.0,0.11724137931034483,0.06896551724137931,0.1586206896551724,0.12413793103448276,0.0,0.0,0.0,0.0,0.0,0.0,0.0,0.0,0.0,0.0,0.0,0.0,0.0,0.0,0.0,0.0,0.0,0.0,0.0,0.0,0.0,0.0,0.0,0.0,0.0,0.0,0.0,0.0,0.0,0.0,0.0,0.0,0.0,0.0,0.0,0.0,0.0,0.0,0.0,0.0,0.0,0.0,0.0,0.0,0.0,0.0,0.0,0.0,0.0,0.0,0.0,0.0,0.0,0.0,0.0,0.0,0.0,0.0,0.0,0.0,0.0,0.0,0.0,0.0,0.0,0.0,0.0,0.0,0.0,0.0,0.0,0.0,0.0,0.0,0.0,0.0,0.0,0.0,0.0,0.0,0.0,0.0
41,41.0,96.0,0.0,0.0,0.0,0.0,0.0,0.0,0.0,0.0,0.0,0.7708333333333333,0.8645833333333333,0.7395833333333333,0.96875,0.08333333333333333,0.8333333333333333,0.010416666666666666,0.9270833333333333,0.15625,0.7395833333333333,0.5416666666666666,0.19791666666666666,0.010416666666666666,0.0,0.0,0.0,0.0,0.0,0.0,0.0,0.0,0.0,0.0,0.0,0.0,0.0,0.0,0.0,0.0,0.0,0.0,0.0,0.0,0.0,0.0,0.0,0.0,0.0,0.0,0.0,0.0,0.0,0.0,0.0,0.0,0.0,0.0,0.0,0.0,0.0,0.0,0.0,0.0,0.0,0.0,0.0,0.0,0.0,0.0,0.0,0.0,0.0,0.0,0.0,0.0,0.0,0.0,0.0,0.0,0.0,0.0,0.0,0.0,0.0,0.0,0.0,0.0,0.0,0.0,0.0,0.0,0.0,0.0,0.0,0.0,0.0,0.0,0.0,0.0,0.0,0.0,0.0,0.0,0.0,0.0,0.0,0.0,0.0,0.0,0.0,0.0,0.0,0.0,0.0,0.0,0.0,0.0,0.0,0.0,0.0,0.0,0.0
42,42.0,845.0,0.010650887573964497,0.001183431952662722,0.0,0.001183431952662722,0.0,0.002366863905325444,0.0,0.0,0.0,0.9621301775147929,1.0,0.0,0.011834319526627219,0.007100591715976332,0.003550295857988166,0.008284023668639054,0.011834319526627219,0.008284023668639054,0.005917159763313609,0.008284023668639054,0.008284023668639054,0.020118343195266272,0.0,0.0,0.0,0.0,0.0,0.0,0.0,0.0,0.0,0.0,0.0,0.0,0.001183431952662722,0.0,0.0,0.0,0.0,0.007100591715976332,0.001183431952662722,0.001183431952662722,0.001183431952662722,0.001183431952662722,0.001183431952662722,0.001183431952662722,0.004733727810650888,0.001183431952662722,0.0,0.003550295857988166,0.001183431952662722,0.023668639053254437,0.001183431952662722,0.0,0.001183431952662722,0.0,0.003550295857988166,0.002366863905325444,0.002366863905325444,0.002366863905325444,0.002366863905325444,0.001183431952662722,0.003550295857988166,0.001183431952662722,0.0,0.002366863905325444,0.002366863905325444,0.0,0.001183431952662722,0.0,0.0,0.0,0.0,0.0,0.0,0.0,0.0,0.0,0.001183431952662722,0.0,0.0,0.0,0.0,0.0,0.0,0.001183431952662722,0.0,0.001183431952662722,0.001183431952662722,0.0,0.0,0.0,0.0,0.0,0.0,0.0,0.0,0.001183431952662722,0.0,0.0,0.0,0.0,0.0,0.0,0.0,0.0,0.0,0.0,0.0,0.0,0.0,0.0,0.001183431952662722,0.0,0.0,0.0,0.0,0.001183431952662722,0.002366863905325444,0.0,0.001183431952662722
43,43.0,477.0,0.0,0.0,1.0,0.8637316561844864,0.89937106918239,0.8553459119496856,0.8406708595387841,0.1928721174004193,1.0,0.0041928721174004195,0.0041928721174004195,0.0020964360587002098,0.0,0.0,0.0,0.0,0.0,0.0,0.0,0.0,0.0,0.0020964360587002098,0.02725366876310273,0.02725366876310273,0.033542976939203356,0.029350104821802937,0.033542976939203356,0.03773584905660378,0.0,0.014675052410901468,0.02725366876310273,0.03563941299790357,0.02725366876310273,0.03773584905660378,0.0,0.023060796645702306,0.014675052410901468,0.012578616352201259,0.0,0.0020964360587002098,0.0020964360587002098,0.0,0.0,0.0,0.0020964360587002098,0.0,0.0,0.0,0.0,0.0,0.0,0.0020964360587002098,0.0,0.0,0.0,0.0,0.0,0.0,0.0,0.0,0.0,0.0,0.0,0.0,0.0,0.0020964360587002098,0.0,0.0,0.0,0.0,0.0,0.0,0.0,0.0,0.0,0.0,0.0,0.0,0.0,0.0,0.0,0.0020964360587002098,0.0,0.0,0.0,0.0,0.0,0.0,0.0,0.0,0.0,0.0,0.0,0.0,0.0,0.0,0.0,0.0,0.0,0.0,0.0,0.0,0.0020964360587002098,0.0,0.0,0.0,0.0,0.0,0.0,0.0,0.0,0.0,0.0020964360587002098,0.0,0.0,0.0,0.0,0.0,0.0,0.0020964360587002098,0.0
44,44.0,463.0,0.0,0.0,0.0,0.23326133909287258,0.0,0.0,1.0,1.0,0.0,0.0,0.0,0.0,0.0,0.0,0.0,0.0,0.0,0.0,0.0,0.0,0.0,0.0,0.008639308855291577,0.012958963282937365,0.0064794816414686825,0.0064794816414686825,0.017278617710583154,0.0064794816414686825,0.004319654427645789,0.0064794816414686825,0.012958963282937365,0.01511879049676026,0.008639308855291577,0.01511879049676026,0.0,0.010799136069114472,0.0021598272138228943,0.010799136069114472,0.0064794816414686825,0.004319654427645789,0.004319654427645789,0.0,0.0,0.0,0.0,0.0,0.0,0.0,0.0,0.0,0.0,0.0,0.0,0.0,0.0,0.0,0.0,0.0,0.0,0.0,0.0,0.0,0.0,0.0,0.0,0.0021598272138228943,0.0,0.0,0.0,0.0,0.0,0.0,0.0,0.0,0.0,0.0,0.0,0.0,0.0,0.0,0.0,0.0,0.0,0.0,0.0,0.0,0.0,0.0,0.0,0.0,0.0,0.0,0.0,0.0,0.0,0.0,0.0,0.0,0.0,0.0,0.0,0.0,0.0,0.0,0.0,0.0,0.0,0.0,0.0,0.0,0.0,0.0,0.0,0.0,0.0,0.0,0.0,0.0,0.0,0.0,0.0
45,45.0,191.0,0.03664921465968586,0.0,0.0,0.005235602094240838,0.0,0.0,0.015706806282722516,0.0,0.0,0.8691099476439791,0.04712041884816754,0.0,0.041884816753926704,0.041884816753926704,0.015706806282722516,0.05235602094240838,0.02617801047120419,0.020942408376963352,0.015706806282722516,0.02617801047120419,0.03664921465968587,0.0,0.0,0.0,0.0,0.0,0.0,0.0,0.0,0.0,0.0,0.0,0.0,0.0,0.0,0.0,0.0,0.0,0.0,0.005235602094240838,0.015706806282722516,0.06282722513089006,0.010471204188481676,0.0,0.0,0.005235602094240838,0.010471204188481676,0.005235602094240838,0.0,0.010471204188481676,0.005235602094240838,0.6492146596858639,0.0,0.0,0.0,0.005235602094240838,0.005235602094240838,0.020942408376963352,0.0,0.0,0.005235602094240838,0.0,0.0,0.0,0.010471204188481676,0.005235602094240838,0.041884816753926704,0.020942408376963352,0.0,0.005235602094240838,0.0,0.0,0.005235602094240838,0.0,0.0,0.0,0.0,0.0,0.015706806282722516,0.0,0.0,0.015706806282722516,0.0,0.0,0.0,0.0,0.0,0.005235602094240838,0.010471204188481676,0.005235602094240838,0.005235602094240838,0.005235602094240838,0.005235602094240838,0.010471204188481676,0.010471204188481676,0.005235602094240838,0.010471204188481676,0.005235602094240838,0.02617801047120419,0.005235602094240838,0.0,0.005235602094240838,0.005235602094240838,0.0,0.005235602094240838,0.010471204188481676,0.0,0.0,0.005235602094240838,0.005235602094240838,0.005235602094240838,0.0,0.0,0.0,0.0,0.005235602094240838,0.0,0.0,0.0,0.0,0.0
46,46.0,274.0,0.0,1.0,1.0,1.0,0.0,0.0,0.0,0.0,0.24817518248175183,0.0,0.0,0.0,0.0,0.0,0.0,0.0,0.0,0.0,0.0,0.0,0.0,0.0,0.029197080291970802,0.014598540145985401,0.014598540145985401,0.021897810218978103,0.0072992700729927005,0.010948905109489052,0.0036496350364963502,0.0072992700729927005,0.0036496350364963502,0.014598540145985401,0.01824817518248175,0.01824817518248175,0.0,0.0072992700729927005,0.0036496350364963502,0.014598540145985401,0.0036496350364963502,0.0,0.0,0.0,0.0,0.0,0.0,0.0,0.0,0.0,0.0,0.0,0.0,0.0,0.0,0.0,0.0,0.0,0.0,0.0,0.0,0.0,0.0,0.0,0.0,0.0,0.0,0.0,0.0,0.0,0.0,0.0,0.0,0.0,0.0,0.0,0.0,0.0,0.0036496350364963502,0.0,0.0,0.0,0.0,0.0,0.0,0.0,0.0,0.0,0.0,0.0,0.0,0.0,0.0,0.0,0.0,0.0,0.0,0.0,0.0,0.0,0.0,0.0,0.0,0.0,0.0,0.0,0.0,0.0,0.0,0.0,0.0,0.0,0.0,0.0,0.0,0.0,0.0,0.0,0.0,0.0,0.0,0.0,0.0
47,47.0,41.0,0.0,0.12195121951219512,1.0,0.0,0.43902439024390244,0.34146341463414637,0.04878048780487805,0.07317073170731708,0.0,0.0,0.0,0.0,0.0,0.0,0.0,0.0,0.0,0.0,0.0,0.0,0.0,0.0,0.024390243902439025,0.024390243902439025,0.024390243902439025,0.0,0.024390243902439025,0.0,0.0,0.024390243902439025,0.0,0.0,0.0,1.0,0.0,0.0,0.0,0.0,0.024390243902439025,0.0,0.024390243902439025,0.0,0.0,0.0,0.0,0.0,0.0,0.0,0.0,0.0,0.0,0.0,0.0,0.0,0.0,0.0,0.0,0.0,0.0,0.0,0.0,0.0,0.0,0.0,0.0,0.0,0.0,0.0,0.0,0.0,0.0,0.0,0.0,0.0,0.0,0.0,0.0,0.0,0.0,0.0,0.0,0.0,0.0,0.0,0.0,0.0,0.0,0.0,0.0,0.0,0.0,0.0,0.0,0.0,0.0,0.0,0.0,0.0,0.0,0.0,0.0,0.0,0.0,0.0,0.0,0.0,0.0,0.0,0.0,0.0,0.0,0.0,0.0,0.0,0.0,0.0,0.0,0.0,0.0,0.0,0.0
48,48.0,306.0,0.0,1.0,0.0,0.0,0.0,1.0,1.0,0.19607843137254902,0.17647058823529413,0.0,0.0,0.0,0.0,0.0,0.0,0.0,0.0,0.0,0.0,0.0,0.0,0.0,0.0196078431372549,0.029411764705882353,0.013071895424836602,0.013071895424836602,0.013071895424836602,0.016339869281045753,0.026143790849673203,0.022875816993464054,0.016339869281045753,0.0196078431372549,0.00980392156862745,0.026143790849673203,0.0,0.013071895424836602,0.00980392156862745,0.006535947712418301,0.006535947712418301,0.0,0.013071895424836602,0.0,0.0,0.0,0.0,0.0,0.0,0.0,0.0,0.0,0.0,0.0,0.0,0.0,0.0,0.0,0.0,0.0,0.0,0.0,0.0,0.0,0.0,0.0,0.0,0.0,0.0,0.0,0.0,0.0,0.0,0.0,0.0,0.0,0.0,0.0,0.0,0.0,0.0,0.0032679738562091504,0.0,0.0,0.0,0.0,0.0,0.0,0.0,0.0,0.0,0.0,0.0,0.0,0.0,0.0,0.0,0.0,0.0,0.0,0.0,0.0,0.0,0.0,0.0,0.0,0.0,0.0,0.0,0.0,0.0,0.0,0.0,0.0,0.0,0.0,0.0,0.0,0.0,0.0,0.0,0.0,0.0
49,49.0,499.0,0.0,0.0,0.0,0.17635270541082163,0.0,0.9999999999999999,0.0,0.9999999999999999,0.1222444889779559,0.0,0.0,0.0,0.0,0.0,0.0,0.0,0.0,0.0,0.0,0.0,0.0,0.008016032064128256,0.01002004008016032,0.008016032064128256,0.0060120240480961915,0.012024048096192383,0.012024048096192383,0.004008016032064128,0.0060120240480961915,0.01002004008016032,0.014028056112224447,0.008016032064128256,0.01603206412825651,0.01002004008016032,0.0,0.0060120240480961915,0.004008016032064128,0.002004008016032064,0.002004008016032064,0.0,0.004008016032064128,0.0,0.0,0.0,0.0,0.0,0.0,0.0,0.0,0.0,0.0,0.0,0.0,0.0,0.0,0.0,0.0,0.0,0.0,0.0,0.0,0.0,0.0,0.0,0.0,0.0,0.0,0.0,0.0,0.0,0.0,0.0,0.0,0.0,0.0,0.0,0.0,0.0,0.0,0.0,0.0,0.0,0.0,0.0,0.0,0.0,0.0,0.0,0.0,0.0,0.0,0.0,0.0,0.0,0.0,0.0,0.0,0.0,0.0,0.0,0.0,0.0,0.0,0.0,0.0,0.0,0.0,0.0,0.0,0.0,0.0,0.0,0.0,0.0,0.0,0.0,0.0,0.0,0.0,0.0,0.0
50,50.0,901.0,0.0,1.0,1.0,0.0,0.23085460599334073,0.0,0.0,0.0,0.0,0.0,0.0,0.0,0.0,0.0,0.0,0.0,0.0,0.0,0.0,0.0,0.0,0.0,0.005549389567147614,0.01220865704772475,0.009988901220865706,0.011098779134295227,0.006659267480577137,0.005549389567147614,0.016648168701442843,0.01220865704772475,0.01220865704772475,0.014428412874583796,0.011098779134295227,0.00776914539400666,0.0,0.006659267480577137,0.0033296337402885685,0.005549389567147614,0.004439511653718091,0.0022197558268590455,0.0022197558268590455,0.0,0.0,0.0,0.0011098779134295228,0.0,0.0,0.0,0.0,0.0,0.0,0.0,0.0,0.0,0.0,0.0,0.0,0.0,0.0,0.0,0.0,0.0,0.0,0.0,0.0,0.0011098779134295228,0.0,0.0,0.0,0.0,0.0,0.0,0.0,0.0,0.0,0.0,0.0,0.0,0.0,0.0,0.0,0.0,0.0,0.0,0.0,0.0,0.0,0.0,0.0,0.0,0.0,0.0,0.0,0.0,0.0,0.0,0.0,0.0,0.0,0.0,0.0,0.0,0.0,0.0,0.0,0.0,0.0,0.0,0.0,0.0,0.0,0.0,0.0,0.0,0.0,0.0,0.0,0.0,0.0,0.0,0.0
51,51.0,120.0,0.0,0.16666666666666666,0.16666666666666666,0.15833333333333333,0.16666666666666666,0.0,0.14166666666666666,0.058333333333333334,0.11666666666666667,0.0,0.0,0.0,0.0,0.0,0.0,0.0,0.0,0.0,0.0,0.0,0.0,0.0,0.0,0.016666666666666666,0.025,0.0,0.0,0.008333333333333333,0.0,0.0,1.0,0.0,0.0,0.0,0.0,0.016666666666666666,0.016666666666666666,0.0,0.008333333333333333,0.0,0.008333333333333333,0.0,0.0,0.0,0.0,0.0,0.0,0.0,0.0,0.0,0.0,0.0,0.0,0.0,0.0,0.0,0.0,0.0,0.0,0.0,0.0,0.0,0.0,0.0,0.0,0.0,0.0,0.0,0.0,0.0,0.0,0.0,0.0,0.0,0.0,0.0,0.0,0.0,0.0,0.0,0.0,0.0,0.0,0.0,0.008333333333333333,0.0,0.0,0.0,0.0,0.0,0.0,0.0,0.0,0.0,0.0,0.0,0.0,0.0,0.0,0.0,0.0,0.0,0.0,0.0,0.0,0.0,0.0,0.0,0.0,0.0,0.0,0.0,0.0,0.0,0.0,0.0,0.0,0.0,0.0,0.0,0.0
52,52.0,120.0,0.0,0.0,0.0,1.0,1.0,1.0,0.5416666666666666,0.0,1.0,0.0,0.0,0.0,0.0,0.0,0.0,0.0,0.0,0.0,0.0,0.0,0.0,0.008333333333333333,0.025,0.03333333333333333,0.075,0.03333333333333333,0.03333333333333333,0.0,0.03333333333333333,0.041666666666666664,0.041666666666666664,0.041666666666666664,0.025,0.03333333333333333,0.0,0.008333333333333333,0.008333333333333333,0.025,0.0,0.0,0.0,0.0,0.0,0.0,0.0,0.0,0.0,0.0,0.0,0.0,0.0,0.0,0.0,0.0,0.0,0.0,0.0,0.0,0.0,0.0,0.0,0.0,0.0,0.0,0.0,0.0,0.0,0.0,0.0,0.0,0.0,0.0,0.0,0.0,0.0,0.0,0.0,0.0,0.0,0.0,0.0,0.0,0.0,0.0,0.0,0.0,0.0,0.0,0.0,0.0,0.0,0.0,0.0,0.0,0.0,0.0,0.0,0.0,0.0,0.0,0.0,0.0,0.0,0.0,0.0,0.0,0.0,0.0,0.0,0.0,0.0,0.0,0.0,0.0,0.0,0.0,0.0,0.0,0.0,0.0,0.0
53,53.0,1225.0,0.0,1.0,1.0,1.0,1.0,1.0,1.0,1.0,0.7387755102040816,0.0,0.0,0.0,0.0,0.0,0.0,0.0,0.0,0.0,0.0,0.0,0.0,0.0,0.07265306122448979,0.0,0.0,0.0,0.0,0.0,0.0,0.0,0.0,0.0,0.07591836734693878,0.0,0.0,0.0,0.04653061224489796,0.007346938775510205,0.0,0.0008163265306122449,0.005714285714285714,0.0,0.0,0.0,0.0,0.0,0.0,0.0,0.0,0.0,0.0,0.0008163265306122449,0.0,0.0,0.0,0.0,0.0,0.0,0.0,0.0,0.0,0.0,0.0,0.0,0.0,0.0,0.0,0.0,0.0,0.0,0.0,0.0,0.0,0.0,0.0,0.0,0.0008163265306122449,0.0,0.0,0.0,0.0,0.0,0.0,0.0,0.0008163265306122449,0.0,0.0,0.0,0.0,0.0,0.0,0.0,0.0,0.0,0.0,0.0,0.0,0.0,0.0,0.0,0.0,0.0,0.0,0.0,0.0,0.0,0.0,0.0,0.0,0.0,0.0,0.0,0.0,0.0,0.0,0.0,0.0,0.0,0.0,0.0,0.0
54,54.0,268.0,0.0,0.0,0.0,1.0,1.0,0.0,1.0,0.19402985074626866,0.0,0.0,0.0,0.0,0.0,0.0,0.0,0.0,0.0,0.0,0.0,0.0,0.0,0.0,0.026119402985074626,0.026119402985074626,0.018656716417910446,0.011194029850746268,0.011194029850746268,0.011194029850746268,0.011194029850746268,0.011194029850746268,0.014925373134328358,0.011194029850746268,0.011194029850746268,0.022388059701492536,0.0,0.0037313432835820895,0.0037313432835820895,0.007462686567164179,0.007462686567164179,0.0,0.0037313432835820895,0.0,0.0,0.0,0.0037313432835820895,0.0,0.0,0.0,0.0,0.0,0.0,0.0,0.0,0.0,0.0,0.0,0.0,0.0,0.0,0.0,0.0,0.0,0.0,0.0,0.0,0.0,0.0,0.0,0.0,0.0,0.0,0.0,0.0,0.0,0.0,0.0,0.0,0.0,0.0,0.0,0.0,0.0,0.0,0.0,0.0,0.0,0.0,0.0,0.0,0.0,0.0,0.0,0.0,0.0,0.0,0.0,0.0,0.0,0.0,0.0,0.0,0.0,0.0,0.0,0.0,0.0,0.0,0.0,0.0,0.0,0.0,0.0,0.0,0.0,0.0,0.0,0.0,0.0,0.0,0.0,0.0
55,55.0,116.0,0.3706896551724138,0.0,0.008620689655172414,0.0,0.017241379310344827,0.0,0.0,0.0,0.0,0.5603448275862069,0.9741379310344828,0.8448275862068966,0.9913793103448276,0.0,0.0,0.0,0.0,0.0,0.0,0.0,0.0,0.0,0.0,0.0,0.0,0.0,0.0,0.0,0.0,0.0,0.0,0.0,0.0,0.0,0.0,0.0,0.0,0.0,0.0,0.0,0.0,0.0,0.0,0.0,0.0,0.0,0.0,0.0,0.008620689655172414,0.0,0.0,0.0,0.0,0.0,0.0,0.0,0.0,0.0,1.0,0.0,0.0,0.0,0.0,0.0,0.0,0.0,0.0,0.0,0.0,0.0,0.0,0.0,0.0,0.0,0.0,0.0,0.0,0.0,0.0,0.0,0.0,0.0,0.0,0.0,0.008620689655172414,0.0,0.0,0.0,0.0,0.0,0.0,0.0,0.0,0.0,0.0,0.0,0.0,0.008620689655172414,0.0,0.0,0.0,0.0,0.0,0.0,0.0,0.0,0.0,0.0,0.008620689655172414,0.0,0.0,0.008620689655172414,0.0,0.0,0.0,0.0,0.0,0.0,0.0,0.0,0.0
56,56.0,56.0,0.0,0.23214285714285712,0.125,0.08928571428571427,0.14285714285714285,0.0,0.17857142857142855,0.07142857142857142,0.1607142857142857,0.0,0.0,0.0,0.0,0.0,0.0,0.0,0.0,0.0,0.0,0.0,0.0,0.0,0.0,0.0,0.017857142857142856,0.05357142857142857,0.017857142857142856,0.017857142857142856,0.0,0.017857142857142856,0.0,0.0,0.017857142857142856,0.0,0.0,0.0,0.0,0.0,1.0,0.0,0.017857142857142856,0.0,0.0,0.0,0.017857142857142856,0.0,0.0,0.0,0.0,0.0,0.0,0.0,0.0,0.0,0.0,0.0,0.0,0.0,0.0,0.0,0.0,0.0,0.0,0.0,0.0,0.0,0.0,0.0,0.0,0.0,0.0,0.0,0.0,0.0,0.0,0.0,0.0,0.0,0.0,0.0,0.0,0.0,0.0,0.0,0.0,0.0,0.0,0.0,0.0,0.0,0.0,0.0,0.0,0.0,0.0,0.0,0.0,0.0,0.0,0.0,0.0,0.0,0.0,0.0,0.0,0.0,0.0,0.0,0.0,0.0,0.0,0.0,0.0,0.0,0.0,0.0,0.0,0.0,0.0,0.0,0.0
57,57.0,126.0,0.0,0.0,0.0,0.0,0.0,0.0,0.0,0.0,0.0,0.9206349206349206,0.873015873015873,0.746031746031746,0.9523809523809523,0.9444444444444444,0.7142857142857142,0.30158730158730157,0.2777777777777778,0.1746031746031746,0.7301587301587301,0.047619047619047616,0.1746031746031746,0.007936507936507936,0.0,0.0,0.0,0.0,0.0,0.0,0.0,0.0,0.0,0.0,0.0,0.0,0.0,0.0,0.0,0.0,0.0,0.0,0.0,0.0,0.0,0.0,0.0,0.007936507936507936,0.0,0.0,0.0,0.007936507936507936,0.007936507936507936,0.0,0.0,0.0,0.007936507936507936,0.0,0.0,0.0,0.0,0.007936507936507936,0.0,0.0,0.0,0.0,0.0,0.0,0.0,0.0,0.0,0.0,0.0,0.0,0.0,0.0,0.0,0.0,0.0,0.0,0.0,0.0,0.0,0.0,0.0,0.0,0.0,0.0,0.0,0.0,0.0,0.0,0.0,0.0,0.0,0.0,0.0,0.0,0.0,0.0,0.0,0.0,0.0,0.0,0.0,0.0,0.0,0.0,0.0,0.0,0.0,0.0,0.0,0.0,0.0,0.0,0.0,0.0,0.0,0.0,0.0,0.0,0.0
58,58.0,117.0,0.0,0.9059829059829061,0.9914529914529916,0.9743589743589745,1.0,1.0,0.9914529914529916,0.9743589743589745,0.0,0.0,0.0,0.0,0.0,0.0,0.0,0.0,0.0,0.0,0.0,0.0,0.0,0.0,0.38461538461538464,0.10256410256410257,0.025641025641025644,0.042735042735042736,0.025641025641025644,0.06837606837606838,0.09401709401709403,0.07692307692307693,0.06837606837606838,0.7777777777777779,0.06837606837606838,0.08547008547008547,0.0,0.06837606837606838,0.025641025641025644,0.03418803418803419,0.025641025641025644,0.0,0.008547008547008548,0.0,0.0,0.0,0.0,0.0,0.0,0.0,0.0,0.0,0.0,0.0,0.0,0.0,0.0,0.0,0.0,0.0,0.0,0.0,0.0,0.0,0.0,0.0,0.0,0.0,0.0,0.0,0.0,0.0,0.0,0.0,0.0,0.0,0.0,0.0,0.0,0.0,0.0,0.0,0.0,0.0,0.0,0.0,0.0,0.0,0.0,0.0,0.0,0.0,0.0,0.0,0.0,0.0,0.0,0.0,0.0,0.0,0.0,0.0,0.0,0.0,0.0,0.0,0.0,0.0,0.0,0.0,0.0,0.0,0.0,0.0,0.0,0.0,0.0,0.0,0.0,0.0,0.0,0.0,0.0
59,59.0,476.0,0.0,0.0021008403361344537,0.0,0.0,0.004201680672268907,0.0,0.0,0.0021008403361344537,0.0,0.021008403361344536,0.021008403361344536,0.021008403361344536,0.0,0.0,0.0,0.0,0.0,0.0,0.0,0.0,0.0,0.07773109243697479,0.0021008403361344537,0.0,0.0,0.0,0.0,0.0,0.0,0.0,0.0,0.0,0.0,0.0,0.0,0.0,0.0,0.0,0.0,0.0,0.0,0.9600840336134453,0.9705882352941176,0.9852941176470588,0.0021008403361344537,0.0,0.0,0.0,0.0,0.0,0.0,0.0,0.0,0.0,0.0,0.0,0.0,0.0,0.0,0.0,0.0,0.0,0.0,0.0,0.0,0.0,0.0,0.0,0.0,0.0,0.0,0.0,0.0,0.0,0.0,0.0,0.0,0.0,0.0,0.0,0.0,0.0,0.0,0.0,0.0,0.0,0.0,0.0,0.0,0.0,0.0,0.0,0.0,0.0,0.0,0.0,0.0,0.0,0.0,0.0,0.0,0.0,0.0,0.0,0.0,0.0,0.0,0.0,0.0,0.0,0.0,0.0,0.0,0.0,0.0,0.0,0.0,0.0,0.0,0.0,0.0
60,60.0,311.0,0.0,0.2315112540192926,1.0,0.2379421221864952,0.0,1.0,0.14790996784565916,0.08360128617363344,1.0,0.0,0.0,0.0,0.0,0.0,0.0,0.0,0.0,0.0,0.0,0.0,0.0,0.006430868167202572,0.028938906752411574,0.01607717041800643,0.03536977491961415,0.028938906752411574,0.028938906752411574,0.00964630225080386,0.006430868167202572,0.022508038585209004,0.012861736334405145,0.022508038585209004,0.01929260450160772,0.01607717041800643,0.0,0.012861736334405145,0.006430868167202572,0.00964630225080386,0.01607717041800643,0.003215434083601286,0.0,0.0,0.0,0.0,0.003215434083601286,0.0,0.0,0.0,0.0,0.0,0.0,0.0,0.0,0.0,0.0,0.0,0.0,0.0,0.0,0.0,0.0,0.0,0.0,0.0,0.0,0.0,0.0,0.0,0.0,0.0,0.0,0.0,0.0,0.0,0.0,0.0,0.0,0.0,0.0,0.0,0.0,0.0,0.0,0.0,0.0,0.0,0.0,0.0,0.0,0.0,0.0,0.0,0.0,0.0,0.0,0.0,0.0,0.0,0.0,0.0,0.0,0.0,0.0,0.0,0.0,0.0,0.0,0.0,0.0,0.0,0.0,0.0,0.0,0.0,0.0,0.0,0.0,0.0,0.0,0.0,0.0
61,61.0,70.0,0.0,1.0,1.0,1.0,1.0,0.9859154929577465,0.9859154929577465,0.943661971830986,0.971830985915493,0.0,0.0,0.0,0.0,0.0,0.0,0.014084507042253521,0.0,0.0,0.0,0.0,0.0,0.014084507042253521,0.7183098591549296,0.8309859154929577,0.1267605633802817,0.8309859154929577,0.07042253521126761,0.16901408450704225,0.08450704225352113,0.2535211267605634,0.16901408450704225,0.8732394366197184,0.07042253521126761,0.22535211267605634,0.0,0.1267605633802817,0.18309859154929578,0.11267605633802817,0.056338028169014086,0.0,0.014084507042253521,0.0,0.0,0.0,0.0,0.0,0.0,0.0,0.0,0.0,0.0,0.0,0.0,0.0,0.0,0.0,0.0,0.0,0.0,0.0,0.0,0.0,0.0,0.0,0.0,0.0,0.0,0.0,0.0,0.0,0.0,0.0,0.0,0.0,0.0,0.0,0.0,0.0,0.0,0.0,0.0,0.0,0.0,0.0,0.0,0.0,0.0,0.0,0.0,0.0,0.0,0.0,0.0,0.0,0.0,0.0,0.0,0.0,0.0,0.0,0.0,0.0,0.0,0.0,0.0,0.0,0.0,0.0,0.0,0.0,0.0,0.0,0.0,0.0,0.0,0.0,0.0,0.0,0.0,0.0,0.0
62,62.0,205.0,0.0,1.0,1.0,0.0,0.3804878048780488,1.0,0.3804878048780488,1.0,0.0,0.0,0.0,0.0,0.0,0.0,0.0,0.0,0.0,0.0,0.0,0.0,0.0,0.0,0.03414634146341464,0.00975609756097561,0.014634146341463414,0.03414634146341464,0.024390243902439025,0.029268292682926828,0.029268292682926828,0.04878048780487805,0.024390243902439025,0.03414634146341464,0.03902439024390244,0.029268292682926828,0.0,0.00975609756097561,0.00975609756097561,0.01951219512195122,0.014634146341463414,0.0,0.004878048780487805,0.0,0.0,0.0,0.0,0.0,0.0,0.0,0.0,0.0,0.0,0.0,0.0,0.0,0.0,0.0,0.0,0.0,0.0,0.0,0.0,0.0,0.0,0.0,0.0,0.0,0.0,0.0,0.0,0.0,0.0,0.0,0.0,0.0,0.0,0.0,0.0,0.0,0.0,0.0,0.0,0.0,0.0,0.0,0.004878048780487805,0.0,0.0,0.0,0.0,0.0,0.0,0.0,0.0,0.0,0.0,0.0,0.0,0.0,0.0,0.0,0.0,0.0,0.0,0.0,0.0,0.0,0.0,0.0,0.0,0.0,0.0,0.0,0.0,0.0,0.0,0.0,0.0,0.0,0.0,0.0,0.0
63,63.0,38.0,0.0,0.894736842105263,0.6578947368421052,0.9473684210526315,0.9736842105263157,0.02631578947368421,0.8421052631578947,0.8684210526315789,0.02631578947368421,0.0,0.0,0.0,0.0,0.0,0.0,0.0,0.0,0.0,0.0,0.0,0.0,0.0,0.07894736842105263,0.10526315789473684,0.10526315789473684,0.07894736842105263,0.0,1.0,0.18421052631578946,0.2631578947368421,0.05263157894736842,0.02631578947368421,0.07894736842105263,0.07894736842105263,0.0,0.02631578947368421,0.02631578947368421,0.10526315789473684,0.02631578947368421,0.0,0.0,0.0,0.0,0.0,0.0,0.0,0.0,0.0,0.0,0.0,0.0,0.0,0.0,0.0,0.0,0.0,0.0,0.0,0.0,0.0,0.0,0.0,0.0,0.0,0.0,0.0,0.0,0.0,0.0,0.0,0.0,0.0,0.0,0.0,0.0,0.0,0.0,0.0,0.0,0.0,0.0,0.0,0.0,0.0,0.0,0.0,0.0,0.0,0.0,0.0,0.0,0.0,0.0,0.0,0.0,0.0,0.0,0.0,0.0,0.0,0.0,0.0,0.0,0.0,0.0,0.0,0.0,0.0,0.0,0.0,0.0,0.0,0.0,0.0,0.0,0.0,0.0,0.0,0.0,0.0,0.0
64,64.0,214.0,0.0,0.9953271028037383,0.9999999999999999,0.9999999999999999,0.0,0.0,0.9999999999999999,0.0,0.35514018691588783,0.0,0.0,0.0,0.0,0.0,0.0,0.0,0.0,0.0,0.0,0.0,0.0,0.0,0.014018691588785045,0.014018691588785045,0.03271028037383177,0.02803738317757009,0.04205607476635514,0.02336448598130841,0.009345794392523364,0.04672897196261682,0.03271028037383177,0.03271028037383177,0.014018691588785045,0.02803738317757009,0.0,0.009345794392523364,0.02803738317757009,0.02803738317757009,0.009345794392523364,0.0,0.0,0.0,0.0,0.0,0.0,0.0,0.0,0.0,0.0,0.0,0.0,0.0,0.0,0.0,0.0,0.0,0.0,0.0,0.0,0.0,0.0,0.0,0.0,0.0,0.0,0.0,0.0,0.0,0.0,0.0,0.0,0.0,0.0,0.0,0.0,0.0,0.0,0.0,0.0,0.0,0.0,0.0,0.0,0.0,0.0,0.0,0.0,0.0,0.0,0.0,0.0,0.0,0.0,0.0,0.0,0.0,0.0,0.0,0.0,0.0,0.0,0.0,0.0,0.0,0.0,0.0,0.0,0.0,0.0,0.0,0.0,0.0,0.0,0.0,0.0,0.0,0.0,0.0,0.0,0.0,0.0
65,65.0,256.0,0.0,0.9765625,0.98828125,0.95703125,0.98046875,0.95703125,0.98828125,0.81640625,0.875,0.0,0.0,0.0,0.0,0.0,0.0,0.00390625,0.0,0.0,0.0,0.0,0.0,0.0,0.08984375,0.09765625,1.0,0.00390625,0.015625,0.0234375,0.0,0.09375,0.0078125,0.0,0.0,0.00390625,0.0,0.015625,0.05078125,0.046875,0.0,0.0,0.00390625,0.0,0.0,0.0,0.0,0.0,0.0,0.0,0.0,0.0,0.0,0.0,0.0,0.0,0.0,0.0,0.0,0.0,0.0,0.0,0.0,0.0,0.0,0.0,0.0,0.0,0.0,0.0,0.0,0.0,0.0,0.0,0.0,0.0,0.0,0.0,0.0,0.0,0.0,0.0,0.0,0.0,0.0,0.0,0.00390625,0.0,0.0,0.0,0.0,0.0,0.0,0.0,0.0,0.0,0.0,0.0,0.0,0.0,0.0,0.0,0.0,0.0,0.0,0.0,0.0,0.0,0.0,0.0,0.0,0.0,0.0,0.0,0.0,0.0,0.0,0.0,0.0,0.0,0.0,0.0,0.0
66,66.0,107.0,0.0,1.0,1.0,0.9907407407407407,1.0,1.0,1.0,0.9907407407407407,0.9907407407407407,0.0,0.0,0.0,0.0,0.0,0.0,0.0,0.0,0.0,0.0,0.0,0.0,0.0,0.8796296296296295,0.09259259259259259,0.7962962962962963,0.5185185185185185,0.9166666666666666,0.4907407407407407,0.4907407407407407,0.3796296296296296,0.9537037037037036,0.6574074074074073,0.6388888888888888,0.8518518518518519,0.0,0.08333333333333333,0.28703703703703703,0.3796296296296296,0.08333333333333333,0.0,0.0,0.0,0.0,0.0,0.0,0.0,0.0,0.0,0.0,0.0,0.0,0.0,0.0,0.0,0.0,0.0,0.0,0.0,0.0,0.0,0.0,0.0,0.0,0.0,0.0,0.0,0.0,0.0,0.0,0.0,0.0,0.0,0.0,0.0,0.0,0.0,0.0,0.0,0.0,0.0,0.0,0.0,0.0,0.0,0.0,0.0,0.0,0.0,0.0,0.0,0.0,0.0,0.0,0.0,0.0,0.0,0.0,0.0,0.0,0.0,0.0,0.0,0.0,0.0,0.0,0.0,0.0,0.0,0.0,0.0,0.0,0.0,0.0,0.0,0.0,0.0,0.0,0.0,0.0,0.0,0.0
67,67.0,60.0,0.5833333333333334,0.0,0.0,0.0,0.0,0.0,0.0,0.0,0.0,0.7833333333333333,0.7666666666666666,0.03333333333333333,0.16666666666666666,0.85,0.0,0.0,0.08333333333333333,0.08333333333333333,0.0,0.0,0.0,0.0,0.0,0.0,0.0,0.0,0.0,0.0,0.0,0.0,0.0,0.0,0.0,0.0,0.016666666666666666,0.0,0.0,0.0,0.0,0.06666666666666667,0.11666666666666667,0.11666666666666667,0.0,0.016666666666666666,0.06666666666666667,0.6166666666666667,0.35,0.1,0.0,0.05,0.0,0.1,0.21666666666666667,0.0,0.0,0.03333333333333333,0.16666666666666666,0.03333333333333333,0.0,0.0,0.06666666666666667,0.016666666666666666,0.0,0.0,0.06666666666666667,0.05,0.0,0.05,0.0,0.9,0.0,0.11666666666666667,0.16666666666666666,0.05,0.0,0.11666666666666667,0.0,0.05,0.06666666666666667,0.0,0.0,0.06666666666666667,0.05,0.03333333333333333,0.0,0.26666666666666666,0.08333333333333333,0.0,0.1,0.0,0.06666666666666667,0.0,0.2,0.0,0.08333333333333333,0.05,0.2,0.13333333333333333,0.05,0.23333333333333334,0.0,0.05,0.05,0.2,0.18333333333333332,0.0,0.05,0.08333333333333333,0.05,0.016666666666666666,0.03333333333333333,0.0,0.06666666666666667,0.1,0.11666666666666667,0.016666666666666666,0.0,0.11666666666666667,0.03333333333333333,0.06666666666666667,0.08333333333333333
68,68.0,134.0,0.0,0.9849624060150375,0.9924812030075187,0.9849624060150375,0.9774436090225563,0.9849624060150375,0.9849624060150375,0.9473684210526315,0.9172932330827067,0.0,0.0,0.0,0.0,0.0,0.0,0.0,0.0,0.0,0.0,0.0,0.0,0.0,0.9398496240601504,0.0,0.03007518796992481,0.15037593984962405,0.13533834586466165,0.09774436090225563,0.14285714285714285,0.11278195488721804,0.06015037593984962,0.18045112781954886,0.9624060150375939,0.12030075187969924,0.0,0.12030075187969924,0.2781954887218045,0.13533834586466165,0.045112781954887216,0.0,0.015037593984962405,0.0,0.0,0.0,0.007518796992481203,0.0,0.0,0.0,0.0,0.0,0.0,0.0,0.0,0.0,0.0,0.0,0.0,0.0,0.0,0.0,0.0,0.0,0.0,0.0,0.0,0.0,0.0,0.0,0.0,0.0,0.0,0.0,0.0,0.0,0.0,0.0,0.0,0.0,0.0,0.0,0.0,0.0,0.0,0.0,0.0,0.0,0.0,0.0,0.0,0.0,0.0,0.0,0.0,0.0,0.0,0.0,0.0,0.0,0.0,0.0,0.0,0.0,0.0,0.0,0.0,0.0,0.0,0.0,0.0,0.0,0.0,0.0,0.0,0.0,0.0,0.0,0.0,0.0,0.0,0.0,0.0
69,69.0,173.0,0.0,0.046242774566473986,0.05202312138728323,0.04046242774566474,0.023121387283236993,0.0,0.023121387283236993,0.017341040462427744,0.017341040462427744,0.011560693641618497,0.0,0.023121387283236993,0.0,0.0,0.0,0.0,0.0,0.0,0.0,0.0,0.0,0.0,0.0,0.0,0.0,0.0,0.0,0.005780346820809248,0.0,0.0,0.0,0.0,0.0,0.0,0.0,0.005780346820809248,0.005780346820809248,0.0,0.0,0.6069364161849711,0.0,0.09248554913294797,0.0,0.0,1.0,0.0,0.0,0.0,0.0,0.0,0.0,0.005780346820809248,0.0,0.0,0.023121387283236993,0.0,0.09826589595375722,0.09826589595375722,0.0,0.0,0.005780346820809248,0.005780346820809248,0.0,0.0,0.0,0.03468208092485549,0.028901734104046242,0.023121387283236993,0.005780346820809248,0.0,0.0,0.0,0.0,0.0,0.0,0.0,0.0,0.0,0.0,0.0,0.0,0.0,0.0,0.0,0.0,0.0,0.0,0.0,0.0,0.0,0.0,0.0,0.0,0.0,0.023121387283236993,0.0,0.0,0.0,0.0,0.0,0.0,0.0,0.0,0.0,0.0,0.0,0.0,0.0,0.0,0.0,0.0,0.0,0.0,0.0,0.0,0.0,0.0,0.005780346820809248,0.0,0.0,0.0
70,70.0,362.0,0.0,1.0,0.0,0.0,1.0,0.0,1.0,0.27900552486187846,0.26795580110497236,0.0,0.0,0.0,0.0,0.0,0.0,0.0,0.0,0.0,0.0,0.0,0.0,0.011049723756906077,0.016574585635359115,0.024861878453038673,0.019337016574585635,0.03591160220994475,0.022099447513812154,0.019337016574585635,0.03038674033149171,0.019337016574585635,0.016574585635359115,0.016574585635359115,0.022099447513812154,0.016574585635359115,0.0027624309392265192,0.008287292817679558,0.016574585635359115,0.011049723756906077,0.011049723756906077,0.0055248618784530384,0.0055248618784530384,0.0,0.0,0.0,0.0027624309392265192,0.0,0.0,0.0,0.0,0.0,0.0,0.0,0.0,0.0,0.0,0.0,0.0,0.0,0.0,0.0,0.0,0.0,0.0,0.0,0.0,0.0,0.0,0.0,0.0,0.0,0.0,0.0,0.0,0.0,0.0,0.0,0.0,0.0,0.0,0.0027624309392265192,0.0,0.0,0.0,0.0,0.0,0.0,0.0,0.0,0.0,0.0,0.0,0.0,0.0,0.0,0.0,0.0,0.0,0.0,0.0,0.0,0.0,0.0,0.0,0.0,0.0,0.0,0.0,0.0,0.0,0.0,0.0,0.0,0.0,0.0,0.0,0.0,0.0,0.0,0.0,0.0,0.0
71,71.0,100.0,0.0,1.0,0.99,1.0,1.0,1.0,1.0,0.99,1.0,0.0,0.0,0.01,0.0,0.0,0.0,0.0,0.0,0.0,0.0,0.0,0.0,0.0,0.84,0.48,0.79,0.8,0.03,0.65,0.71,0.63,0.68,0.78,0.78,0.8,0.0,0.31,0.75,0.11,0.68,0.0,0.03,0.0,0.0,0.0,0.0,0.0,0.0,0.0,0.0,0.0,0.0,0.0,0.0,0.0,0.0,0.0,0.0,0.0,0.0,0.0,0.0,0.0,0.0,0.0,0.0,0.0,0.0,0.0,0.0,0.0,0.0,0.0,0.0,0.0,0.0,0.0,0.0,0.0,0.0,0.0,0.0,0.0,0.0,0.0,0.0,0.0,0.0,0.0,0.0,0.0,0.0,0.0,0.0,0.0,0.0,0.0,0.0,0.0,0.0,0.0,0.0,0.0,0.0,0.0,0.0,0.0,0.0,0.0,0.0,0.0,0.0,0.0,0.0,0.0,0.0,0.0,0.0,0.0,0.0,0.0,0.0
72,72.0,90.0,0.0,0.0,0.0,1.0,1.0,0.0,0.0,1.0,0.0,0.0,0.011111111111111112,0.0,0.0,0.0,0.0,0.011111111111111112,0.0,0.0,0.0,0.0,0.0,0.0,0.011111111111111112,0.044444444444444446,0.03333333333333333,0.011111111111111112,0.011111111111111112,0.0,0.0,0.022222222222222223,0.0,0.011111111111111112,0.011111111111111112,0.022222222222222223,0.0,0.0,0.0,0.0,0.011111111111111112,0.0,0.011111111111111112,0.0,0.0,0.0,0.0,0.0,0.0,0.0,0.0,0.0,0.0,0.0,0.0,0.0,0.0,0.0,0.0,0.0,0.0,0.0,0.0,0.0,0.0,0.0,0.0,0.0,0.0,0.0,0.0,0.0,0.0,0.0,0.0,0.0,0.0,0.0,0.0,0.0,0.0,0.0,0.0,0.0,0.0,0.0,0.0,0.0,0.0,0.0,0.0,0.0,0.0,0.0,0.0,0.0,0.0,0.0,0.0,0.0,0.0,0.0,0.0,0.0,0.0,0.0,0.0,0.0,0.0,0.0,0.0,0.0,0.0,0.0,0.0,0.0,0.0,0.0,0.0,0.0,0.0,0.0,0.0
73,73.0,103.0,0.0,0.9999999999999999,0.9795918367346939,0.9897959183673468,0.9999999999999999,0.9999999999999999,0.9999999999999999,0.9999999999999999,0.9795918367346939,0.0,0.0,0.0,0.0,0.0,0.0,0.0,0.0,0.0,0.0,0.0,0.0,0.0,0.04081632653061224,0.7653061224489796,0.21428571428571427,0.8979591836734693,0.8979591836734693,0.3571428571428571,0.4591836734693877,0.8979591836734693,0.7959183673469387,0.4183673469387755,0.4693877551020408,0.7244897959183673,0.0,0.25510204081632654,0.31632653061224486,0.13265306122448978,0.14285714285714285,0.0,0.0,0.0,0.0,0.0,0.0,0.0,0.0,0.0,0.0,0.0,0.0,0.0,0.0,0.0,0.0,0.0,0.0,0.0,0.0,0.0,0.0,0.0,0.0,0.0,0.0,0.0,0.0,0.0,0.0,0.0,0.0,0.0,0.0,0.0,0.0,0.0,0.0,0.0,0.0,0.0,0.0,0.0,0.0,0.0,0.0,0.0,0.0,0.0,0.0,0.0,0.0,0.0,0.0,0.0,0.0,0.0,0.0,0.0,0.0,0.0,0.0,0.0,0.0,0.0,0.0,0.0,0.0,0.0,0.0,0.0,0.0,0.0,0.0,0.0,0.0,0.0,0.0,0.0,0.0,0.0,0.0
74,74.0,290.0,0.0,1.0,0.5655172413793104,1.0,1.0,1.0,0.0,0.0,0.0,0.0,0.0,0.0,0.0,0.0,0.0,0.0034482758620689655,0.0,0.0,0.0,0.0,0.0,0.0,0.03103448275862069,0.02413793103448276,0.02413793103448276,0.041379310344827586,0.017241379310344827,0.013793103448275862,0.03793103448275862,0.027586206896551724,0.02413793103448276,0.03793103448275862,0.017241379310344827,0.03793103448275862,0.0,0.010344827586206896,0.017241379310344827,0.017241379310344827,0.006896551724137931,0.0034482758620689655,0.010344827586206896,0.0,0.0,0.0,0.0034482758620689655,0.0,0.0,0.0,0.0,0.0,0.0,0.0,0.0,0.0,0.0,0.0,0.0,0.0,0.0,0.0,0.0,0.0,0.0,0.0,0.0,0.0,0.0,0.0,0.0,0.0,0.0,0.0,0.0,0.0,0.0,0.0,0.0,0.0,0.0,0.0,0.0,0.0,0.0,0.0,0.0,0.0,0.0,0.0,0.0,0.0,0.0,0.0,0.0,0.0,0.0,0.0,0.0,0.0,0.0,0.0,0.0,0.0,0.0,0.0,0.0,0.0,0.0,0.0,0.0,0.0,0.0,0.0,0.0,0.0,0.0,0.0,0.0,0.0,0.0,0.0,0.0
75,75.0,65.0,0.0,1.0,1.0,1.0,1.0,1.0,1.0,1.0,1.0,0.0,0.0,0.0,0.0,0.0,0.0,0.0,0.0,0.0,0.0,0.0,0.0,0.0,0.24242424242424243,0.8787878787878788,0.8181818181818182,0.10606060606060606,0.7878787878787878,0.8787878787878788,0.6515151515151515,0.8181818181818182,0.7424242424242424,0.6818181818181819,0.7424242424242424,0.9393939393939394,0.0,0.24242424242424243,0.6515151515151515,0.6212121212121212,0.5303030303030303,0.0,0.0,0.0,0.0,0.0,0.0,0.0,0.0,0.0,0.0,0.0,0.0,0.0,0.0,0.0,0.0,0.0,0.0,0.0,0.0,0.0,0.0,0.0,0.0,0.0,0.0,0.0,0.0,0.0,0.0,0.0,0.0,0.0,0.0,0.0,0.0,0.0,0.0,0.0,0.0,0.0,0.0,0.0,0.0,0.0,0.015151515151515152,0.0,0.0,0.0,0.0,0.0,0.0,0.0,0.0,0.0,0.0,0.0,0.0,0.0,0.0,0.0,0.0,0.0,0.0,0.0,0.0,0.0,0.0,0.0,0.0,0.0,0.0,0.0,0.0,0.0,0.0,0.0,0.0,0.0,0.0,0.0,0.0
76,76.0,153.0,0.0,1.0,1.0,1.0,0.0,0.8366013071895425,0.0,0.5032679738562091,1.0,0.0,0.0,0.0,0.0,0.0,0.0,0.0,0.0,0.0,0.0,0.0,0.0,0.006535947712418301,0.06535947712418301,0.032679738562091505,0.05228758169934641,0.026143790849673203,0.058823529411764705,0.04575163398692811,0.032679738562091505,0.0392156862745098,0.013071895424836602,0.04575163398692811,0.04575163398692811,0.032679738562091505,0.0,0.0196078431372549,0.006535947712418301,0.0196078431372549,0.013071895424836602,0.0,0.006535947712418301,0.0,0.0,0.0,0.0,0.0,0.0,0.0,0.0,0.0,0.0,0.0,0.0,0.0,0.0,0.0,0.0,0.0,0.0,0.0,0.0,0.0,0.0,0.0,0.0,0.0,0.0,0.0,0.0,0.0,0.0,0.0,0.0,0.0,0.0,0.0,0.0,0.0,0.0,0.0,0.0,0.0,0.0,0.0,0.0,0.0,0.0,0.0,0.0,0.0,0.0,0.0,0.0,0.0,0.0,0.0,0.0,0.0,0.0,0.0,0.0,0.0,0.0,0.0,0.0,0.0,0.0,0.0,0.0,0.0,0.0,0.0,0.0,0.0,0.0,0.0,0.0,0.0,0.0,0.0,0.0
77,77.0,105.0,0.0,0.0,0.0,0.0,0.0,0.0,0.0,0.0,0.0,0.9714285714285715,0.9238095238095239,0.980952380952381,0.9904761904761905,0.1619047619047619,0.9142857142857144,1.0,0.7809523809523811,0.34285714285714286,0.9333333333333335,0.8095238095238096,0.2380952380952381,0.0,0.0,0.0,0.0,0.0,0.0,0.0,0.0,0.0,0.0,0.0,0.0,0.0,0.0,0.0,0.0,0.0,0.0,0.0,0.009523809523809525,0.0,0.0,0.0,0.0,0.0,0.0,0.0,0.0,0.0,0.009523809523809525,0.0,0.0,0.009523809523809525,0.0,0.0,0.0,0.0,0.0,0.0,0.0,0.0,0.0,0.0,0.009523809523809525,0.0,0.0,0.0,0.0,0.0,0.0,0.0,0.0,0.0,0.0,0.0,0.0,0.0,0.0,0.0,0.0,0.0,0.0,0.0,0.0,0.0,0.0,0.0,0.0,0.0,0.0,0.0,0.0,0.0,0.0,0.0,0.0,0.0,0.0,0.0,0.0,0.0,0.0,0.0,0.0,0.0,0.0,0.0,0.0,0.0,0.0,0.0,0.0,0.0,0.0,0.0,0.0,0.0,0.0,0.0,0.0
78,78.0,357.0,0.0,1.0,1.0,0.0,0.38935574229691877,1.0,0.0,0.0,0.0,0.0,0.0028011204481792717,0.0028011204481792717,0.0,0.0,0.0,0.0028011204481792717,0.0,0.0,0.0,0.0,0.0,0.0,0.03081232492997199,0.011204481792717087,0.014005602240896359,0.014005602240896359,0.025210084033613446,0.008403361344537815,0.025210084033613446,0.0196078431372549,0.022408963585434174,0.01680672268907563,0.008403361344537815,0.01680672268907563,0.0,0.0056022408963585435,0.008403361344537815,0.008403361344537815,0.0,0.0,0.0,0.0,0.0,0.0,0.0,0.0,0.0,0.0,0.0,0.0,0.0,0.0,0.0,0.0,0.0,0.0,0.0,0.0,0.0,0.0,0.0,0.0,0.0,0.0,0.0,0.0,0.0,0.0,0.0,0.0,0.0,0.0,0.0,0.0,0.0,0.0,0.0,0.0,0.0,0.0,0.0,0.0,0.0,0.0,0.0,0.0,0.0,0.0,0.0,0.0,0.0,0.0,0.0,0.0,0.0,0.0,0.0,0.0,0.0,0.0,0.0,0.0,0.0,0.0,0.0,0.0,0.0,0.0,0.0,0.0,0.0,0.0,0.0,0.0,0.0,0.0,0.0,0.0,0.0,0.0,0.0
79,79.0,6614.0,0.0007559721802237678,0.0,0.0,0.0,0.0,0.0,0.0,0.0,0.0,0.0,0.0,0.0,0.0,0.0,0.0006047777441790142,0.0007559721802237678,0.0007559721802237678,0.0,0.0,0.00015119443604475356,0.0003023888720895071,0.0,0.0,0.0010583610523132749,0.0007559721802237678,0.0009071666162685213,0.0012095554883580285,0.0010583610523132749,0.0,0.0022679165406713033,0.0,0.0,0.0,0.0,0.00015119443604475356,0.0006047777441790142,0.0006047777441790142,0.0007559721802237678,0.0,0.0,0.0,0.003931055337163592,0.0,0.0,0.0,0.003175083156939825,0.0010583610523132749,0.0009071666162685213,0.00045358330813426064,0.0007559721802237678,0.0015119443604475356,0.0,0.0006047777441790142,0.00045358330813426064,0.0003023888720895071,0.00045358330813426064,0.0006047777441790142,0.0010583610523132749,0.0009071666162685213,0.00045358330813426064,0.0007559721802237678,0.0009071666162685213,0.00045358330813426064,0.0006047777441790142,0.00045358330813426064,0.0030238887208950713,0.0021167221046265497,0.0018143332325370426,0.0010583610523132749,0.0003023888720895071,0.009676443906864228,0.0009071666162685213,0.0,0.00045358330813426064,0.0,0.0,0.0007559721802237678,0.0003023888720895071,0.00015119443604475356,0.0,0.00015119443604475356,0.0010583610523132749,0.003931055337163592,0.0028726942848503177,0.007710916238282431,0.0006047777441790142,0.00015119443604475356,0.0003023888720895071,0.0009071666162685213,0.00015119443604475356,0.00045358330813426064,0.0006047777441790142,0.0006047777441790142,0.00015119443604475356,0.00045358330813426064,0.0003023888720895071,0.0,0.00015119443604475356,0.0003023888720895071,0.00045358330813426064,0.00635016631387965,0.0021167221046265497,0.0003023888720895071,0.00015119443604475356,0.0,0.0,0.0018143332325370426,0.0,0.0003023888720895071,0.0007559721802237678,0.0006047777441790142,0.0009071666162685213,0.00015119443604475356,0.0,0.0,0.0006047777441790142,0.00045358330813426064,0.00045358330813426064,0.0,0.00015119443604475356,0.00015119443604475356
80,80.0,275.0,0.0,0.0,0.08363636363636363,0.08363636363636363,0.0,0.08363636363636363,0.4072727272727273,1.0,1.0,0.0,0.0,0.0,0.0,0.0,0.0,0.0,0.0,0.0,0.0,0.0,0.0,0.0036363636363636364,0.01818181818181818,0.01090909090909091,0.01090909090909091,0.014545454545454545,0.0036363636363636364,0.007272727272727273,0.007272727272727273,0.014545454545454545,0.01818181818181818,0.01818181818181818,0.014545454545454545,0.007272727272727273,0.0,0.0036363636363636364,0.02181818181818182,0.014545454545454545,0.014545454545454545,0.0,0.0,0.0036363636363636364,0.0,0.0,0.01090909090909091,0.0,0.0,0.0,0.0,0.0,0.0,0.0,0.0,0.0,0.0,0.0,0.0036363636363636364,0.0036363636363636364,0.0,0.0,0.0,0.0,0.0,0.0,0.0,0.0,0.0,0.0,0.0,0.0,0.0,0.0,0.0,0.0,0.0,0.0,0.0,0.0,0.0,0.0,0.0,0.0,0.0,0.0,0.0,0.0,0.0,0.0,0.0,0.0,0.0,0.0,0.0,0.0,0.0,0.0,0.0,0.0,0.0,0.0,0.0,0.0,0.0,0.0,0.0,0.0,0.0,0.0,0.0,0.0,0.0,0.0,0.0,0.0,0.0,0.0,0.0,0.0,0.0,0.0,0.0
81,81.0,238.0,0.0,1.0,1.0,1.0,1.0,0.0,0.6974789915966386,1.0,0.0,0.0,0.0,0.0,0.0,0.0,0.0,0.0,0.0,0.0,0.0,0.0,0.0,0.004201680672268907,0.05042016806722689,0.037815126050420166,0.03361344537815126,0.029411764705882353,0.06302521008403361,0.0,0.037815126050420166,0.0546218487394958,0.04621848739495798,0.021008403361344536,0.04621848739495798,0.0546218487394958,0.0,0.025210084033613446,0.021008403361344536,0.01680672268907563,0.008403361344537815,0.0,0.008403361344537815,0.0,0.0,0.0,0.004201680672268907,0.0,0.0,0.0,0.0,0.0,0.0,0.0,0.0,0.0,0.0,0.0,0.0,0.0,0.0,0.0,0.0,0.0,0.0,0.0,0.0,0.0,0.0,0.0,0.0,0.0,0.0,0.0,0.0,0.0,0.0,0.0,0.0,0.0,0.0,0.0,0.0,0.0,0.0,0.0,0.0,0.0,0.0,0.0,0.0,0.0,0.0,0.0,0.0,0.0,0.0,0.0,0.0,0.0,0.0,0.0,0.0,0.0,0.0,0.0,0.0,0.0,0.0,0.0,0.0,0.0,0.0,0.0,0.0,0.0,0.0,0.0,0.0,0.0,0.0,0.0,0.0
82,82.0,8.0,0.0,1.0,1.0,0.0,0.25,0.5,0.25,0.375,0.0,0.0,0.0,0.0,0.0,0.0,0.0,0.0,0.0,0.0,0.0,0.0,0.0,1.0,0.0,0.0,0.0,0.125,0.0,0.0,0.0,0.0,0.0,0.0,0.0,0.0,0.0,0.0,0.0,0.0,0.0,0.0,0.0,0.0,0.0,0.0,0.0,0.0,0.0,0.0,0.0,0.0,0.0,0.0,0.0,0.0,0.0,0.0,0.0,0.0,0.0,0.0,0.0,0.0,0.0,0.0,0.0,0.0,0.0,0.0,0.0,0.0,0.0,0.0,0.0,0.0,0.0,0.0,0.0,0.0,0.0,0.0,0.0,0.0,0.0,0.0,0.125,0.0,0.0,0.0,0.0,0.0,0.0,0.0,0.0,0.0,0.0,0.0,0.0,0.0,0.0,0.0,0.0,0.0,0.0,0.0,0.0,0.0,0.0,0.0,0.0,0.0,0.0,0.0,0.0,0.0,0.0,0.0,0.0,0.0,0.0,0.0,0.0
83,83.0,132.0,0.022727272727272728,0.0,0.0,0.0,0.0,0.0,0.0,0.0,0.0,0.8939393939393939,0.6818181818181819,0.7651515151515151,0.9621212121212122,0.17424242424242425,0.5606060606060607,0.3106060606060606,0.06818181818181818,0.07575757575757576,0.18181818181818182,0.75,0.75,0.0,0.0,0.0,0.0,0.0,0.0,0.0,0.0,0.0,0.0,0.0,0.0,0.0,0.0,0.0,0.0,0.0,0.0,0.0,0.0,0.007575757575757576,0.0,0.0,0.0,0.0,0.0,0.0,0.0,0.0,0.0,0.0,0.0,0.0,0.0,0.0,0.0,0.0,0.0,0.0,0.0,0.0,0.0,0.0,0.0,0.0,0.0,0.0,0.0,0.0,0.0,0.0,0.0,0.0,0.0,0.0,0.0,0.0,0.0,0.0,0.0,0.0,0.0,0.0,0.0,0.0,0.0,0.0,0.0,0.0,0.0,0.0,0.0,0.0,0.0,0.0,0.0,0.0,0.0,0.0,0.0,0.0,0.0,0.0,0.0,0.0,0.0,0.0,0.0,0.0,0.0,0.0,0.0,0.0,0.0,0.0,0.0,0.0,0.0,0.0,0.0
84,84.0,241.0,0.0,0.975103734439834,0.983402489626556,0.966804979253112,0.979253112033195,0.9543568464730291,0.975103734439834,1.0,0.8506224066390041,0.004149377593360996,0.004149377593360996,0.004149377593360996,0.0,0.0,0.0,0.004149377593360996,0.0,0.0,0.0,0.0,0.0,0.004149377593360996,0.12863070539419086,0.08298755186721991,0.0912863070539419,1.0,0.0,0.02074688796680498,0.0,0.0,0.0,0.0,0.058091286307053944,0.0,0.0,0.0,0.12448132780082988,0.07468879668049792,0.008298755186721992,0.0,0.004149377593360996,0.0,0.0,0.0,0.0,0.0,0.0,0.0,0.0,0.0,0.0,0.004149377593360996,0.0,0.0,0.0,0.0,0.0,0.0,0.0,0.0,0.0,0.0,0.0,0.0,0.0,0.0,0.0,0.0,0.0,0.0,0.0,0.0,0.0,0.0,0.0,0.0,0.004149377593360996,0.0,0.0,0.0,0.0,0.0,0.0,0.0,0.0,0.0,0.0,0.0,0.0,0.0,0.0,0.0,0.0,0.0,0.0,0.0,0.0,0.0,0.0,0.0,0.0,0.0,0.0,0.0,0.0,0.0,0.0,0.0,0.0,0.0,0.0,0.0,0.0,0.0,0.0,0.0,0.0,0.0,0.0,0.0,0.0
85,85.0,323.0,0.0,1.0,1.0,1.0,1.0,0.0,1.0,0.0,0.4520123839009288,0.0,0.0,0.0,0.0,0.0,0.0,0.0,0.0,0.0,0.0,0.0,0.0,0.006191950464396285,0.027863777089783284,0.04643962848297214,0.05572755417956657,0.04953560371517028,0.061919504643962855,0.03405572755417957,0.02476780185758514,0.021671826625386997,0.06811145510835914,0.03405572755417957,0.018575851393188854,0.03405572755417957,0.0,0.027863777089783284,0.021671826625386997,0.006191950464396285,0.015479876160990714,0.0030959752321981426,0.009287925696594427,0.0,0.0,0.0,0.0,0.0,0.0,0.0,0.0,0.0,0.0,0.0,0.0,0.0,0.0,0.0,0.0,0.0,0.0,0.0,0.0,0.0,0.0,0.0,0.0,0.0,0.0,0.0,0.0,0.0,0.0,0.0,0.0,0.0,0.0,0.0,0.0,0.0,0.0,0.0,0.0,0.0,0.0,0.0,0.0030959752321981426,0.0,0.0,0.0,0.0,0.0,0.0,0.0,0.0,0.0,0.0,0.0,0.0,0.0,0.0,0.0,0.0,0.0,0.0,0.0,0.0,0.0,0.0,0.0,0.0,0.0,0.0,0.0,0.0,0.0,0.0,0.0,0.0,0.0,0.0,0.0,0.0
86,86.0,85.0,0.0,1.0,1.0,1.0,1.0,1.0,1.0,1.0,1.0,0.0,0.0,0.0,0.0,0.0,0.0,0.0,0.0,0.0,0.0,0.0,0.0,0.0,0.9529411764705882,0.3529411764705882,0.8,0.12941176470588234,0.16470588235294117,0.29411764705882354,0.18823529411764706,0.8705882352941177,0.44705882352941173,0.7411764705882353,0.5647058823529412,0.4235294117647059,0.0,0.6,0.1764705882352941,0.49411764705882355,0.18823529411764706,0.011764705882352941,0.011764705882352941,0.0,0.0,0.0,0.0,0.0,0.0,0.0,0.0,0.0,0.0,0.0,0.0,0.0,0.0,0.0,0.0,0.0,0.0,0.0,0.0,0.0,0.0,0.0,0.0,0.0,0.0,0.0,0.0,0.0,0.0,0.0,0.0,0.0,0.0,0.0,0.0,0.0,0.0,0.0,0.0,0.0,0.0,0.0,0.0,0.0,0.0,0.0,0.0,0.0,0.0,0.0,0.0,0.0,0.0,0.0,0.0,0.0,0.0,0.0,0.0,0.0,0.0,0.0,0.0,0.0,0.0,0.0,0.0,0.0,0.0,0.0,0.0,0.0,0.0,0.0,0.0,0.0,0.0,0.0,0.0
87,87.0,74.0,0.0,0.05405405405405406,0.6081081081081081,0.0,0.6351351351351352,0.04054054054054054,0.02702702702702703,0.04054054054054054,0.0,0.0,0.0,0.0,0.0,0.0,0.0,0.0,0.0,0.0,0.0,0.0,0.0,0.0,1.0,0.0,0.0,0.0,0.0,0.013513513513513514,0.013513513513513514,0.013513513513513514,0.0,0.0,0.02702702702702703,0.013513513513513514,0.0,0.013513513513513514,0.0,0.0,0.0,0.013513513513513514,0.0,0.0,0.0,0.0,0.013513513513513514,0.0,0.0,0.0,0.0,0.0,0.0,0.0,0.0,0.0,0.0,0.0,0.0,0.0,0.0,0.0,0.0,0.0,0.0,0.0,0.0,0.0,0.0,0.0,0.0,0.0,0.0,0.0,0.0,0.0,0.0,0.0,0.0,0.0,0.0,0.0,0.0,0.0,0.0,0.0,0.0,0.0,0.0,0.0,0.0,0.0,0.0,0.0,0.0,0.0,0.0,0.0,0.0,0.0,0.0,0.0,0.0,0.0,0.0,0.0,0.0,0.0,0.0,0.0,0.0,0.0,0.0,0.0,0.0,0.0,0.0,0.0,0.0,0.0,0.0,0.0,0.0
88,88.0,81.0,0.0,1.0,1.0,0.9875,1.0,1.0,1.0,1.0,1.0,0.0,0.0,0.0,0.0,0.0,0.0,0.0125,0.0,0.0,0.0,0.0,0.0,0.0,0.45,0.48750000000000004,0.125,0.7625000000000001,0.17500000000000002,0.8125,0.8375,0.8625,0.375,0.3375,0.9375,0.6125,0.0,0.675,0.225,0.5,0.3125,0.0,0.025,0.0,0.0,0.0,0.0,0.0,0.0,0.0,0.0,0.0,0.0,0.0,0.0,0.0,0.0,0.0,0.0,0.0,0.0,0.0,0.0,0.0,0.0,0.0,0.0,0.0,0.0,0.0,0.0,0.0,0.0,0.0,0.0,0.0,0.0,0.0,0.0,0.0,0.0,0.0,0.0,0.0,0.0,0.0,0.0,0.0,0.0,0.0,0.0,0.0,0.0,0.0,0.0,0.0,0.0,0.0,0.0,0.0,0.0,0.0,0.0,0.0,0.0,0.0,0.0,0.0,0.0,0.0,0.0,0.0,0.0,0.0,0.0,0.0,0.0,0.0,0.0,0.0,0.0,0.0,0.0
89,89.0,642.0,0.0,0.0,0.0,0.0,1.0,1.0,0.0,0.0,0.0,0.0,0.0,0.0,0.0,0.0,0.0,0.0,0.0,0.0,0.0,0.0,0.0,0.004672897196261682,0.006230529595015576,0.004672897196261682,0.006230529595015576,0.004672897196261682,0.00778816199376947,0.009345794392523364,0.004672897196261682,0.009345794392523364,0.006230529595015576,0.003115264797507788,0.003115264797507788,0.006230529595015576,0.0,0.004672897196261682,0.003115264797507788,0.006230529595015576,0.003115264797507788,0.001557632398753894,0.006230529595015576,0.0,0.0,0.0,0.0,0.0,0.0,0.0,0.0,0.0,0.0,0.0,0.0,0.0,0.0,0.0,0.0,0.0,0.0,0.0,0.0,0.0,0.0,0.0,0.0,0.0,0.0,0.0,0.0,0.0,0.0,0.0,0.0,0.0,0.0,0.0,0.0,0.0,0.0,0.0,0.0,0.0,0.0,0.0,0.0,0.0,0.0,0.0,0.0,0.0,0.0,0.0,0.0,0.0,0.0,0.0,0.0,0.0,0.0,0.0,0.001557632398753894,0.0,0.0,0.0,0.0,0.0,0.0,0.0,0.0,0.0,0.0,0.0,0.0,0.0,0.0,0.0,0.0,0.0,0.0,0.0,0.0
90,90.0,194.0,0.0,0.9692307692307692,0.9897435897435898,0.9897435897435898,0.9743589743589743,0.9692307692307692,0.9897435897435898,1.0,0.8,0.0,0.0,0.0,0.0,0.0,0.0,0.0,0.0,0.0,0.0,0.0,0.0,0.0,0.06666666666666667,0.13846153846153847,0.21025641025641026,0.08205128205128205,0.03076923076923077,0.15384615384615385,0.020512820512820513,0.015384615384615385,0.02564102564102564,0.09743589743589744,0.06666666666666667,0.010256410256410256,0.0,0.09230769230769231,0.06666666666666667,0.046153846153846156,1.0,0.005128205128205128,0.010256410256410256,0.0,0.0,0.0,0.0,0.0,0.0,0.0,0.0,0.0,0.0,0.0,0.0,0.0,0.0,0.0,0.0,0.0,0.0,0.0,0.0,0.0,0.0,0.0,0.0,0.0,0.0,0.0,0.0,0.0,0.0,0.0,0.0,0.0,0.0,0.0,0.0,0.0,0.0,0.0,0.0,0.0,0.0,0.0,0.0,0.0,0.0,0.0,0.0,0.0,0.0,0.0,0.0,0.0,0.0,0.0,0.0,0.0,0.0,0.0,0.0,0.0,0.0,0.0,0.0,0.0,0.0,0.0,0.0,0.0,0.0,0.0,0.0,0.0,0.0,0.0,0.0,0.0,0.0,0.0,0.0
91,91.0,522.0,0.0,1.0,1.0,1.0,0.6973180076628352,1.0,1.0,0.0,0.0,0.0,0.0,0.0,0.0,0.0,0.0,0.0,0.0,0.0,0.0,0.0,0.0,0.0019157088122605363,0.047892720306513405,0.053639846743295014,0.05555555555555555,0.05938697318007662,0.007662835249042145,0.0,0.05172413793103448,0.0,0.042145593869731796,0.04980842911877394,0.047892720306513405,0.04597701149425287,0.0,0.02490421455938697,0.019157088122605363,0.0038314176245210726,0.0019157088122605363,0.0,0.005747126436781609,0.0,0.0,0.0,0.0,0.0,0.0,0.0,0.0,0.0,0.0,0.0,0.0,0.0,0.0,0.0,0.0,0.0,0.0,0.0,0.0,0.0,0.0,0.0,0.0,0.0,0.0,0.0,0.0,0.0,0.0,0.0,0.0,0.0,0.0,0.0,0.0,0.0,0.0,0.0,0.0,0.0,0.0,0.0,0.0,0.0,0.0,0.0,0.0,0.0,0.0,0.0,0.0,0.0,0.0,0.0,0.0,0.0,0.0,0.0,0.0,0.0,0.0,0.0,0.0,0.0,0.0,0.0,0.0,0.0,0.0,0.0,0.0,0.0,0.0,0.0,0.0,0.0,0.0,0.0,0.0
92,92.0,508.0,0.0,0.0,1.0,0.0,0.0,0.0,0.20275590551181102,1.0,0.09251968503937008,0.0,0.0,0.0,0.0,0.0,0.0,0.0,0.0,0.0,0.0,0.0,0.0,0.001968503937007874,0.007874015748031496,0.0,0.00984251968503937,0.00984251968503937,0.005905511811023622,0.005905511811023622,0.005905511811023622,0.015748031496062992,0.001968503937007874,0.005905511811023622,0.00984251968503937,0.007874015748031496,0.0,0.00984251968503937,0.005905511811023622,0.00984251968503937,0.005905511811023622,0.001968503937007874,0.0,0.001968503937007874,0.0,0.0,0.0,0.0,0.0,0.0,0.0,0.0,0.0,0.0,0.0,0.0,0.0,0.0,0.0,0.0,0.0,0.0,0.0,0.0,0.0,0.0,0.0,0.0,0.0,0.0,0.0,0.0,0.0,0.0,0.0,0.0,0.0,0.0,0.0,0.0,0.0,0.0,0.0,0.0,0.0,0.0,0.0,0.0,0.0,0.0,0.0,0.0,0.0,0.0,0.0,0.0,0.0,0.0,0.0,0.0,0.0,0.0,0.003937007874015748,0.0,0.0,0.0,0.0,0.0,0.0,0.001968503937007874,0.0,0.0,0.0,0.0,0.0,0.0,0.0,0.0,0.0,0.0,0.0,0.0,0.0
93,93.0,28.0,0.0,0.0,0.7857142857142857,0.6785714285714285,0.14285714285714285,0.25,0.0,0.0,0.0,0.0,0.0,0.0,0.0,0.0,0.0,0.0,0.0,0.0,0.0,0.0,0.0,0.0,0.0,0.03571428571428571,0.0,0.0,0.0,0.0,0.0,0.0,0.0,0.0,0.0,0.03571428571428571,0.0,0.0,0.0,1.0,0.0,0.0,0.0,0.0,0.0,0.0,0.0,0.0,0.0,0.0,0.0,0.0,0.0,0.0,0.0,0.0,0.0,0.0,0.0,0.0,0.0,0.0,0.0,0.0,0.0,0.0,0.0,0.0,0.0,0.0,0.0,0.0,0.0,0.0,0.0,0.0,0.0,0.0,0.0,0.0,0.0,0.0,0.0,0.0,0.0,0.0,0.0,0.0,0.0,0.0,0.0,0.0,0.0,0.0,0.0,0.0,0.0,0.0,0.0,0.0,0.0,0.0,0.0,0.0,0.0,0.0,0.0,0.0,0.0,0.0,0.0,0.0,0.0,0.0,0.0,0.0,0.0,0.0,0.0,0.0,0.0,0.0,0.0
94,94.0,210.0,0.0,0.0,1.0,0.8761904761904763,0.0,0.8666666666666667,0.8666666666666667,1.0,0.6761904761904762,0.0,0.0,0.0,0.0,0.0,0.0,0.0,0.0,0.0,0.0,0.0,0.0,0.004761904761904762,0.014285714285714287,0.02380952380952381,0.07142857142857144,0.04285714285714286,0.0380952380952381,0.028571428571428574,0.0,0.02380952380952381,0.0380952380952381,0.01904761904761905,0.04285714285714286,0.01904761904761905,0.0,0.009523809523809525,0.009523809523809525,0.01904761904761905,0.01904761904761905,0.0,0.004761904761904762,0.0,0.0,0.0,0.0,0.0,0.0,0.0,0.0,0.0,0.0,0.0,0.0,0.0,0.0,0.0,0.0,0.0,0.0,0.0,0.0,0.0,0.0,0.0,0.0,0.004761904761904762,0.0,0.0,0.0,0.0,0.0,0.0,0.0,0.0,0.0,0.0,0.0,0.0,0.0,0.0,0.0,0.0,0.0,0.0,0.0,0.0,0.0,0.0,0.0,0.0,0.0,0.0,0.0,0.0,0.0,0.0,0.0,0.0,0.0,0.0,0.0,0.0,0.0,0.0,0.0,0.0,0.0,0.0,0.0,0.0,0.0,0.0,0.0,0.0,0.0,0.0,0.0,0.0,0.0,0.0,0.0
95,95.0,449.0,0.0,1.0,1.0,0.0,0.5857461024498886,0.0,1.0,0.1403118040089087,0.14253897550111358,0.0,0.0,0.0,0.0,0.0,0.0,0.0,0.0,0.0,0.0,0.0,0.0,0.0,0.024498886414253896,0.022271714922048998,0.024498886414253896,0.022271714922048998,0.011135857461024499,0.022271714922048998,0.026726057906458794,0.017817371937639197,0.024498886414253896,0.022271714922048998,0.020044543429844096,0.028953229398663696,0.0,0.011135857461024499,0.004454342984409799,0.0022271714922048997,0.0022271714922048997,0.0022271714922048997,0.0,0.0,0.0,0.0,0.0,0.0,0.0,0.0,0.0,0.0,0.0,0.0,0.0,0.0,0.0,0.0,0.0,0.0,0.0,0.0,0.0,0.0,0.0,0.0,0.0,0.0022271714922048997,0.0,0.0,0.0,0.0,0.0,0.0,0.0,0.0,0.0,0.0,0.0,0.0,0.0,0.0,0.0,0.0,0.0,0.0,0.0,0.0,0.0,0.0,0.0,0.0,0.0,0.0,0.0,0.0,0.0,0.0,0.0,0.0,0.0,0.0,0.0,0.0,0.0,0.0,0.0,0.0,0.0,0.0,0.0,0.0,0.0,0.0,0.0,0.0,0.0,0.0,0.0,0.0,0.0,0.0,0.0
96,96.0,124.0,0.0,0.0,0.0,0.0,0.0,0.0,0.0,0.0,0.0,0.967741935483871,0.9032258064516129,0.8306451612903225,0.8951612903225806,0.9516129032258064,0.7741935483870968,0.8467741935483871,0.7258064516129032,0.6532258064516129,0.10483870967741934,0.056451612903225805,0.782258064516129,0.0,0.0,0.0,0.0,0.0,0.0,0.0,0.0,0.0,0.0,0.0,0.0,0.0,0.0,0.0,0.0,0.0,0.0,0.0,0.0,0.0,0.0,0.0,0.0,0.0,0.0,0.0,0.0,0.0,0.0,0.0,0.0,0.008064516129032258,0.0,0.0,0.0,0.0,0.0,0.0,0.0,0.0,0.0,0.0,0.0,0.0,0.0,0.0,0.0,0.0,0.0,0.0,0.0,0.0,0.0,0.0,0.0,0.0,0.0,0.0,0.0,0.0,0.0,0.0,0.0,0.0,0.0,0.0,0.0,0.0,0.0,0.0,0.0,0.0,0.0,0.0,0.0,0.0,0.0,0.0,0.0,0.0,0.0,0.0,0.0,0.0,0.0,0.0,0.0,0.0,0.0,0.0,0.0,0.0,0.0,0.0,0.0,0.0,0.0,0.0,0.0
97,97.0,6.0,0.0,0.0,0.0,0.0,0.0,0.0,0.0,0.0,0.0,1.0,1.0,1.0,1.0,0.8333333333333333,1.0,1.0,0.3333333333333333,1.0,1.0,0.0,0.3333333333333333,0.0,0.0,0.0,0.0,0.0,0.0,0.0,0.0,0.0,0.0,0.0,0.0,0.0,0.0,0.0,0.0,0.0,0.0,1.0,0.16666666666666666,1.0,0.3333333333333333,0.0,0.16666666666666666,1.0,1.0,1.0,0.0,1.0,1.0,1.0,0.0,1.0,0.6666666666666666,0.3333333333333333,0.0,1.0,0.0,0.0,1.0,1.0,0.0,0.0,0.3333333333333333,1.0,1.0,1.0,0.0,1.0,0.0,1.0,1.0,0.3333333333333333,0.0,1.0,1.0,1.0,1.0,0.3333333333333333,1.0,0.0,1.0,1.0,0.0,1.0,1.0,1.0,1.0,1.0,1.0,1.0,0.8333333333333333,1.0,1.0,1.0,0.3333333333333333,1.0,0.3333333333333333,0.0,0.0,0.0,1.0,1.0,0.8333333333333333,0.3333333333333333,0.0,1.0,1.0,1.0,1.0,1.0,1.0,1.0,1.0,1.0,0.8333333333333333,0.0,1.0,1.0,1.0
98,98.0,166.0,0.0,1.0,0.0,0.0,1.0,1.0,0.3734939759036145,0.21686746987951808,1.0,0.0,0.0,0.0,0.0,0.0,0.0,0.0,0.0,0.0,0.0,0.0,0.0,0.0,0.01807228915662651,0.03614457831325302,0.030120481927710843,0.012048192771084338,0.030120481927710843,0.01807228915662651,0.03614457831325302,0.04819277108433735,0.030120481927710843,0.01807228915662651,0.04819277108433735,0.024096385542168676,0.0,0.01807228915662651,0.01807228915662651,0.01807228915662651,0.006024096385542169,0.0,0.0,0.0,0.0,0.0,0.0,0.0,0.0,0.0,0.0,0.0,0.0,0.0,0.0,0.0,0.0,0.0,0.0,0.0,0.0,0.0,0.0,0.0,0.0,0.0,0.0,0.0,0.0,0.0,0.0,0.0,0.0,0.0,0.0,0.0,0.0,0.0,0.0,0.0,0.0,0.0,0.0,0.0,0.0,0.0,0.0,0.0,0.0,0.0,0.0,0.0,0.0,0.0,0.0,0.0,0.0,0.0,0.0,0.0,0.0,0.0,0.0,0.0,0.0,0.0,0.0,0.0,0.0,0.0,0.0,0.0,0.0,0.0,0.0,0.0,0.0,0.0,0.0,0.0,0.0,0.0,0.0
99,99.0,266.0,0.0,1.0,1.0,1.0,0.0,1.0,1.0,1.0,0.3308270676691729,0.0,0.0,0.0,0.0,0.0,0.0,0.0,0.0,0.0,0.0,0.0,0.0,0.0,0.06015037593984962,0.022556390977443608,0.03007518796992481,0.03383458646616541,0.022556390977443608,0.015037593984962405,0.041353383458646614,0.03007518796992481,0.03383458646616541,0.022556390977443608,0.06390977443609022,0.018796992481203006,0.0,0.0037593984962406013,0.02631578947368421,0.03383458646616541,0.018796992481203006,0.0037593984962406013,0.007518796992481203,0.0,0.0,0.0,0.0,0.0,0.0,0.0,0.0,0.0,0.0,0.0,0.0,0.0,0.0,0.0,0.0,0.0,0.0,0.0,0.0,0.0,0.0,0.0,0.0,0.0,0.0,0.0,0.0,0.0,0.0,0.0,0.0,0.0,0.0,0.0,0.0,0.0,0.0,0.0,0.0,0.0,0.0,0.0,0.0,0.0,0.0,0.0,0.0,0.0,0.0,0.0,0.0,0.0,0.0,0.0,0.0,0.0,0.0,0.0,0.0,0.0,0.0,0.0,0.0,0.0,0.0,0.0,0.0,0.0,0.0,0.0,0.0,0.0,0.0,0.0,0.0,0.0,0.0,0.0,0.0
100,100.0,152.0,0.0,0.375,1.0,0.0,1.0,1.0,0.0,0.1513157894736842,1.0,0.0,0.0,0.0,0.0,0.0,0.0,0.0,0.0,0.0,0.0,0.0,0.0,0.0,0.02631578947368421,0.03289473684210526,0.013157894736842105,0.03289473684210526,0.02631578947368421,0.019736842105263157,0.046052631578947366,0.0,0.02631578947368421,0.03289473684210526,0.006578947368421052,0.03289473684210526,0.0,0.0,0.0,0.013157894736842105,0.013157894736842105,0.0,0.006578947368421052,0.0,0.0,0.0,0.0,0.0,0.0,0.0,0.0,0.0,0.0,0.0,0.0,0.0,0.0,0.0,0.0,0.0,0.0,0.0,0.0,0.0,0.0,0.0,0.0,0.0,0.0,0.0,0.0,0.0,0.0,0.0,0.0,0.0,0.0,0.0,0.0,0.0,0.0,0.0,0.0,0.0,0.0,0.0,0.006578947368421052,0.006578947368421052,0.0,0.0,0.0,0.0,0.0,0.0,0.0,0.0,0.0,0.0,0.0,0.0,0.0,0.0,0.006578947368421052,0.0,0.0,0.0,0.0,0.0,0.0,0.0,0.0,0.0,0.0,0.0,0.0,0.0,0.0,0.0,0.0,0.0,0.0,0.0,0.0
101,101.0,665.0,0.0,0.0,0.0,1.0,1.0,0.0,0.0,0.0,0.0,0.0,0.0,0.0,0.0,0.0,0.0,0.0015037593984962407,0.0,0.0,0.0,0.0,0.0,0.006015037593984963,0.009022556390977444,0.009022556390977444,0.009022556390977444,0.0075187969924812035,0.009022556390977444,0.0075187969924812035,0.010526315789473686,0.0075187969924812035,0.010526315789473686,0.010526315789473686,0.013533834586466165,0.0075187969924812035,0.0015037593984962407,0.006015037593984963,0.0075187969924812035,0.006015037593984963,0.0030075187969924814,0.0,0.0,0.0,0.0,0.0,0.0015037593984962407,0.0,0.0,0.0,0.0,0.0,0.0,0.0,0.0,0.0,0.0,0.0,0.0,0.0,0.0,0.0,0.0,0.0,0.0,0.0,0.0,0.0,0.0,0.0015037593984962407,0.0,0.0,0.0,0.0,0.0,0.0,0.0,0.0,0.0015037593984962407,0.0,0.0,0.0,0.0,0.0,0.0,0.0,0.0,0.0,0.0,0.0,0.0,0.0,0.0,0.0,0.0,0.0,0.0,0.0,0.0,0.0,0.0,0.0,0.0,0.0,0.0,0.0,0.0,0.0,0.0,0.0,0.0,0.0,0.0,0.0,0.0,0.0,0.0,0.0,0.0,0.0,0.0,0.0,0.0
102,102.0,123.0,0.0,0.0,1.0,0.0,1.0,1.0,1.0,0.0,0.0,0.0,0.0,0.0,0.0,0.0,0.0,0.0,0.0,0.0,0.0,0.0,0.0,0.0,0.024390243902439025,0.0,0.032520325203252036,0.024390243902439025,0.04065040650406505,0.024390243902439025,0.024390243902439025,0.016260162601626018,0.04065040650406505,0.008130081300813009,0.016260162601626018,0.016260162601626018,0.0,0.008130081300813009,0.016260162601626018,0.016260162601626018,0.008130081300813009,0.0,0.008130081300813009,0.0,0.0,0.0,0.008130081300813009,0.0,0.0,0.0,0.0,0.0,0.0,0.0,0.0,0.0,0.0,0.0,0.0,0.0,0.0,0.0,0.0,0.0,0.0,0.0,0.0,0.0,0.0,0.0,0.0,0.0,0.0,0.0,0.0,0.0,0.0,0.0,0.0,0.0,0.0,0.0,0.0,0.0,0.0,0.0,0.0,0.0,0.0,0.0,0.0,0.0,0.0,0.0,0.0,0.0,0.0,0.0,0.0,0.0,0.0,0.0,0.0,0.0,0.0,0.0,0.0,0.0,0.0,0.0,0.0,0.0,0.0,0.0,0.0,0.0,0.0,0.0,0.0,0.0,0.0,0.0,0.0
103,103.0,341.0,0.25806451612903225,0.0,0.0,0.0,0.0,0.0,0.0,0.0,0.002932551319648094,1.0,0.0,1.0,0.0,0.005865102639296188,0.002932551319648094,0.026392961876832845,0.01759530791788856,0.005865102639296188,0.005865102639296188,0.00879765395894428,0.005865102639296188,0.04105571847507331,0.0,0.0,0.0,0.0,0.0,0.0,0.0,0.0,0.0,0.0,0.0,0.0,0.0,0.0,0.0,0.0,0.0,0.0,0.002932551319648094,0.002932551319648094,0.002932551319648094,0.00879765395894428,0.0,0.002932551319648094,0.002932551319648094,0.0,0.0,0.0,0.0,0.0,0.0,0.0,0.0,0.0,0.0,0.0,0.0,0.0,0.0,0.0,0.0,0.002932551319648094,0.0,0.002932551319648094,0.0,0.0,0.0,0.0,0.0,0.0,0.0,0.0,0.0,0.0,0.0,0.0,0.0,0.0,0.0,0.0,0.0,0.0,0.0,0.0,0.0,0.0,0.0,0.0,0.0,0.0,0.0,0.0,0.0,0.0,0.0,0.0,0.0,0.0,0.0,0.0,0.0,0.0,0.0,0.0,0.0,0.0,0.002932551319648094,0.0,0.0,0.0,0.0,0.0,0.0,0.0,0.0,0.0,0.0,0.0,0.0
104,104.0,790.0,0.0,1.0,0.0,1.0,0.0,0.0,0.0,0.0,0.12151898734177216,0.0,0.0,0.0012658227848101266,0.0,0.0,0.0,0.0012658227848101266,0.0,0.0,0.0,0.0,0.0,0.002531645569620253,0.006329113924050633,0.01518987341772152,0.00759493670886076,0.005063291139240506,0.008860759493670886,0.01139240506329114,0.010126582278481013,0.008860759493670886,0.005063291139240506,0.00379746835443038,0.006329113924050633,0.005063291139240506,0.0,0.00759493670886076,0.002531645569620253,0.005063291139240506,0.005063291139240506,0.0,0.002531645569620253,0.0,0.0,0.0,0.0,0.0,0.0,0.0,0.0,0.0,0.0,0.0,0.0,0.0,0.0,0.0,0.0,0.0012658227848101266,0.0,0.0,0.0,0.0,0.0,0.0,0.0,0.0012658227848101266,0.0,0.0012658227848101266,0.0,0.0,0.0,0.0,0.0,0.0,0.0,0.0,0.0,0.0,0.0,0.0,0.0,0.0,0.0,0.0,0.0,0.0,0.0,0.0,0.0,0.0,0.0,0.0,0.0,0.0,0.0,0.0,0.0,0.0,0.0,0.0,0.0,0.0,0.0,0.0,0.0,0.0,0.0,0.0,0.0,0.0,0.0,0.0,0.0,0.0,0.0,0.0,0.0,0.0,0.0,0.0,0.0
105,105.0,128.0,0.0,0.984375,0.984375,0.9296875,1.0,0.9765625,1.0,0.828125,0.0,0.0,0.0,0.0,0.0,0.0,0.0,0.0,0.0,0.0,0.0,0.0,0.0,0.0,0.0703125,0.328125,0.078125,0.0390625,0.796875,0.0625,0.078125,0.09375,0.0703125,0.015625,0.078125,0.09375,0.0,0.0390625,0.0625,0.03125,0.0390625,0.0,0.0,0.0,0.0,0.0,0.0,0.0,0.0,0.0,0.0,0.0,0.0,0.0,0.0,0.0,0.0,0.0,0.0,0.0,0.0,0.0,0.0,0.0,0.0,0.0,0.0,0.0,0.0,0.0,0.0,0.0,0.0,0.0,0.0,0.0,0.0,0.0,0.0078125,0.0,0.0,0.0,0.0,0.0,0.0,0.0,0.0,0.0,0.0,0.0,0.0,0.0,0.0,0.0,0.0,0.0,0.0,0.0,0.0,0.0,0.0,0.0,0.0,0.0,0.0,0.0,0.0,0.0,0.0,0.0,0.0,0.0,0.0,0.0,0.0,0.0,0.0,0.0,0.0,0.0,0.0,0.0,0.0
106,106.0,84.0,0.0,1.0,1.0,0.9882352941176471,1.0,1.0,0.9882352941176471,0.9764705882352941,1.0,0.0,0.0,0.0,0.0,0.0,0.0,0.0,0.0,0.0,0.0,0.0,0.0,0.0,0.4235294117647059,0.7176470588235294,0.6941176470588235,0.788235294117647,0.9176470588235294,0.6941176470588235,0.8352941176470589,0.058823529411764705,0.8588235294117647,0.6823529411764706,0.5411764705882353,0.4,0.0,0.7647058823529411,0.27058823529411763,0.7411764705882353,0.5058823529411764,0.011764705882352941,0.0,0.0,0.0,0.0,0.0,0.0,0.0,0.0,0.0,0.0,0.0,0.0,0.0,0.0,0.0,0.0,0.0,0.0,0.0,0.0,0.0,0.0,0.0,0.0,0.0,0.0,0.0,0.0,0.0,0.0,0.0,0.0,0.0,0.0,0.0,0.0,0.0,0.0,0.0,0.0,0.0,0.0,0.0,0.0,0.0,0.0,0.0,0.0,0.0,0.0,0.0,0.0,0.0,0.0,0.0,0.0,0.0,0.0,0.0,0.0,0.011764705882352941,0.0,0.0,0.0,0.0,0.0,0.0,0.0,0.0,0.0,0.0,0.0,0.0,0.0,0.0,0.0,0.0,0.0,0.0,0.0,0.0
107,107.0,301.0,0.0,1.0,0.1893687707641196,0.15946843853820597,1.0,0.25249169435215946,0.0,1.0,0.07973421926910298,0.0,0.0,0.0,0.0,0.0,0.0,0.0,0.0,0.0,0.0,0.0,0.0,0.006644518272425249,0.016611295681063124,0.03986710963455149,0.023255813953488372,0.036544850498338874,0.009966777408637873,0.013289036544850499,0.016611295681063124,0.029900332225913623,0.009966777408637873,0.036544850498338874,0.013289036544850499,0.019933554817275746,0.0,0.0033222591362126247,0.019933554817275746,0.006644518272425249,0.013289036544850499,0.0,0.0033222591362126247,0.0,0.0,0.0,0.0,0.0,0.0,0.0,0.0,0.0,0.0,0.0,0.0,0.0,0.0,0.0,0.0,0.0,0.0,0.0,0.0,0.0,0.0,0.0,0.0,0.0,0.0,0.0,0.0,0.0,0.0,0.0,0.0,0.0,0.0,0.0,0.0,0.0,0.0,0.0,0.0,0.0,0.0,0.0,0.0,0.0,0.0,0.0,0.0,0.0,0.0,0.0,0.0,0.0,0.0,0.0,0.0,0.0,0.0,0.0,0.0,0.0,0.0,0.0,0.0,0.0,0.0,0.0,0.0,0.0,0.0,0.0,0.0,0.0,0.0,0.0,0.0,0.0,0.0,0.0,0.0
108,108.0,143.0,0.0,0.993006993006993,0.993006993006993,1.0,0.986013986013986,0.9790209790209791,0.9790209790209791,0.951048951048951,0.986013986013986,0.0,0.0,0.0,0.0,0.0,0.0,0.0,0.0,0.0,0.0,0.0,0.0,0.0,1.0,0.02097902097902098,0.1258741258741259,0.3356643356643357,1.0,0.3706293706293706,0.2097902097902098,0.1258741258741259,0.08391608391608392,0.1048951048951049,0.11888111888111888,0.13286713286713286,0.0,0.0979020979020979,0.11888111888111888,0.13286713286713286,0.04895104895104895,0.0,0.006993006993006993,0.0,0.0,0.0,0.0,0.0,0.0,0.0,0.0,0.0,0.0,0.0,0.0,0.0,0.0,0.0,0.0,0.0,0.0,0.0,0.0,0.0,0.0,0.0,0.0,0.0,0.0,0.0,0.0,0.0,0.0,0.0,0.0,0.0,0.0,0.0,0.0,0.0,0.0,0.0,0.0,0.0,0.0,0.0,0.0,0.0,0.0,0.0,0.0,0.0,0.0,0.0,0.0,0.0,0.0,0.0,0.0,0.0,0.0,0.0,0.0,0.0,0.0,0.0,0.0,0.0,0.0,0.0,0.0,0.0,0.0,0.0,0.0,0.0,0.0,0.0,0.0,0.0,0.0,0.0,0.0
109,109.0,34.0,0.0,0.058823529411764705,0.029411764705882353,0.029411764705882353,0.029411764705882353,0.029411764705882353,0.0,0.0,0.0,0.0,0.0,0.0,0.029411764705882353,0.0,0.0,0.5588235294117647,0.0,0.0,0.0,0.0,0.0,0.029411764705882353,0.0,0.0,0.0,0.0,0.0,0.0,0.0,0.0,0.0,0.0,0.0,0.0,0.0,0.0,0.0,0.0,0.0,0.0,0.8823529411764706,0.029411764705882353,0.0,0.0,0.8529411764705882,0.0,0.0,0.0,0.0,0.0,0.0,0.0,0.0,0.0,0.0,0.0,0.0,0.0,0.0,0.0,0.0,0.0,0.0,0.0,0.0,0.0,0.029411764705882353,0.0,0.0,0.0,0.0,0.0,0.029411764705882353,0.0,0.0,0.0,0.0,0.0,0.0,0.0,0.0,0.0,0.0,0.0,0.0,0.0,0.0,0.0,0.0,0.0,0.0,0.0,0.0,0.0,0.0,0.0,0.0,0.0,0.0,0.0,0.0,0.0,0.058823529411764705,0.0,0.0,0.0,0.0,0.0,0.0,0.0,0.0,0.0,0.0,0.0,0.0,0.0,0.0,0.0,0.029411764705882353,0.0,0.0
110,110.0,201.0,0.0,1.0,0.0,0.0,1.0,1.0,1.0,0.34328358208955223,0.0,0.0,0.0,0.0,0.0,0.0,0.0,0.0,0.0,0.0,0.0,0.0,0.0,0.0,0.009950248756218905,0.014925373134328358,0.03482587064676617,0.02487562189054726,0.0,0.029850746268656716,0.03980099502487562,0.029850746268656716,0.03482587064676617,0.02487562189054726,0.029850746268656716,0.029850746268656716,0.0,0.014925373134328358,0.009950248756218905,0.014925373134328358,0.014925373134328358,0.0,0.0,0.0,0.0,0.0,0.0,0.0,0.0,0.0,0.0,0.0,0.0,0.0,0.0,0.0,0.0,0.0,0.0,0.0,0.0,0.0,0.0,0.0,0.0,0.0,0.0,0.0,0.0,0.0,0.0,0.0,0.0,0.0,0.0,0.0,0.0,0.0,0.0,0.0,0.0,0.0,0.0,0.0,0.0,0.0,0.0,0.0,0.0,0.0,0.0,0.0,0.0,0.0,0.0,0.0,0.0,0.0,0.0,0.0,0.0,0.0,0.0,0.0,0.0,0.0,0.0,0.0,0.0,0.0,0.0,0.0,0.0,0.0,0.0,0.0,0.0,0.0,0.0,0.0,0.0,0.0,0.0
111,111.0,344.0,0.0,1.0,0.0,0.0,0.0,0.0,0.0,0.0,1.0,0.0,0.0,0.0,0.0,0.0,0.0,0.0,0.0,0.0,0.0,0.0,0.0,0.0029069767441860465,0.0,0.011627906976744186,0.0029069767441860465,0.00872093023255814,0.005813953488372093,0.005813953488372093,0.00872093023255814,0.00872093023255814,0.005813953488372093,0.011627906976744186,0.0,0.00872093023255814,0.0,0.0029069767441860465,0.0,0.0,0.0,0.0,0.0029069767441860465,0.0,0.0,0.0,0.0,0.0,0.0,0.0,0.0,0.0,0.0,0.0,0.0,0.0,0.0,0.0,0.0,0.0,0.0,0.0,0.0,0.0,0.0,0.0,0.0,0.0,0.0,0.0,0.0,0.0,0.0,0.0,0.0,0.0,0.0,0.0,0.0,0.0,0.0,0.0,0.0,0.0,0.0,0.0,0.0,0.0,0.0,0.0,0.0,0.0,0.0,0.0,0.0,0.0,0.0,0.0,0.0,0.0,0.0,0.0,0.0,0.0,0.0,0.0,0.0,0.0,0.0,0.0,0.0,0.0,0.0,0.0,0.0,0.0,0.0,0.0,0.0,0.0,0.0,0.0,0.0
112,112.0,152.0,0.0,0.9933774834437086,0.9867549668874173,0.9867549668874173,0.9801324503311258,0.9867549668874173,0.9933774834437086,0.9602649006622517,0.9205298013245033,0.0,0.0,0.0,0.0,0.0,0.0,0.0,0.0,0.0,0.0,0.0,0.0,0.0,0.06622516556291391,0.10596026490066225,0.17218543046357615,0.17218543046357615,0.19205298013245034,1.0,0.152317880794702,0.08609271523178808,0.0728476821192053,0.13245033112582782,0.23841059602649006,1.0,0.0,0.09271523178807947,0.16556291390728478,0.08609271523178808,0.059602649006622516,0.006622516556291391,0.006622516556291391,0.0,0.0,0.0,0.006622516556291391,0.0,0.0,0.0,0.0,0.0,0.0,0.0,0.0,0.0,0.0,0.0,0.0,0.0,0.0,0.0,0.0,0.0,0.0,0.0,0.0,0.0,0.0,0.0,0.0,0.0,0.0,0.0,0.0,0.0,0.0,0.0,0.0,0.0,0.0,0.0,0.0,0.0,0.0,0.0,0.0,0.0,0.0,0.0,0.0,0.0,0.0,0.0,0.0,0.0,0.0,0.0,0.0,0.0,0.0,0.0,0.0,0.0,0.0,0.0,0.0,0.0,0.0,0.0,0.0,0.0,0.0,0.0,0.0,0.0,0.0,0.0,0.0,0.0,0.0,0.0,0.0
113,113.0,333.0,0.0,1.0,0.0,0.8738738738738738,0.8198198198198198,0.8738738738738738,1.0,1.0,1.0,0.0,0.0,0.0,0.0,0.0,0.0,0.0,0.0,0.0,0.0,0.0,0.0,0.006006006006006006,0.036036036036036036,0.04804804804804805,0.02102102102102102,0.03903903903903904,0.04804804804804805,0.05105105105105105,0.03903903903903904,0.04204204204204204,0.05105105105105105,0.03903903903903904,0.05405405405405406,0.057057057057057055,0.0,0.02102102102102102,0.03003003003003003,0.02702702702702703,0.0,0.003003003003003003,0.003003003003003003,0.0,0.0,0.0,0.003003003003003003,0.0,0.0,0.0,0.0,0.0,0.0,0.0,0.0,0.0,0.0,0.0,0.0,0.0,0.0,0.0,0.0,0.0,0.0,0.0,0.0,0.0,0.0,0.0,0.0,0.0,0.0,0.0,0.0,0.0,0.0,0.0,0.0,0.0,0.0,0.0,0.0,0.0,0.0,0.0,0.003003003003003003,0.0,0.0,0.0,0.0,0.0,0.0,0.0,0.0,0.0,0.0,0.0,0.0,0.0,0.0,0.0,0.0,0.0,0.0,0.0,0.0,0.0,0.0,0.0,0.0,0.0,0.0,0.0,0.0,0.0,0.0,0.0,0.0,0.0,0.0,0.0,0.0
114,114.0,208.0,0.0,0.701923076923077,1.0,1.0,1.0,1.0,0.0,1.0,0.0,0.0,0.0,0.0,0.0,0.0,0.0,0.0,0.0,0.0,0.0,0.0,0.0,0.009615384615384616,0.0625,0.0625,0.03365384615384616,0.05288461538461539,0.057692307692307696,0.038461538461538464,0.05288461538461539,0.04807692307692308,0.02403846153846154,0.038461538461538464,0.03365384615384616,0.09134615384615385,0.004807692307692308,0.028846153846153848,0.004807692307692308,0.028846153846153848,0.04326923076923077,0.004807692307692308,0.004807692307692308,0.0,0.0,0.0,0.0,0.0,0.0,0.0,0.0,0.0,0.0,0.0,0.0,0.0,0.0,0.0,0.0,0.0,0.0,0.0,0.0,0.0,0.0,0.0,0.0,0.004807692307692308,0.0,0.0,0.0,0.0,0.0,0.0,0.0,0.0,0.0,0.0,0.0,0.0,0.0,0.0,0.0,0.0,0.0,0.0,0.0,0.0,0.0,0.0,0.0,0.0,0.0,0.0,0.0,0.0,0.0,0.0,0.0,0.0,0.0,0.0,0.0,0.0,0.0,0.0,0.0,0.0,0.0,0.0,0.0,0.0,0.0,0.0,0.0,0.0,0.0,0.0,0.0,0.0,0.0,0.0,0.0
115,115.0,169.0,0.0,0.0,0.34911242603550297,0.0,1.0,0.0,1.0,1.0,0.0,0.0,0.0,0.0,0.0,0.0,0.0,0.0,0.0,0.0,0.0,0.0,0.0,0.0,0.01775147928994083,0.011834319526627219,0.01775147928994083,0.011834319526627219,0.011834319526627219,0.01775147928994083,0.011834319526627219,0.011834319526627219,0.023668639053254437,0.023668639053254437,0.01775147928994083,0.005917159763313609,0.0,0.0,0.005917159763313609,0.023668639053254437,0.005917159763313609,0.0,0.0,0.0,0.0,0.0,0.0,0.0,0.0,0.0,0.0,0.0,0.0,0.0,0.0,0.0,0.0,0.0,0.0,0.0,0.0,0.0,0.0,0.0,0.0,0.0,0.0,0.0,0.0,0.0,0.0,0.0,0.0,0.0,0.0,0.0,0.0,0.0,0.0,0.0,0.0,0.0,0.0,0.0,0.0,0.0,0.0,0.0,0.0,0.0,0.0,0.0,0.0,0.0,0.0,0.0,0.0,0.0,0.0,0.0,0.0,0.0,0.0,0.0,0.0,0.0,0.0,0.0,0.0,0.0,0.0,0.0,0.0,0.0,0.0,0.0,0.0,0.0,0.0,0.0,0.0,0.0,0.0
116,116.0,106.0,0.0,1.0,0.9811320754716981,0.9905660377358491,1.0,0.9716981132075472,1.0,0.9528301886792453,0.9622641509433962,0.0,0.0,0.0,0.0,0.0,0.0,0.0,0.0,0.0,0.0,0.0,0.0,0.0,0.1320754716981132,0.07547169811320754,0.24528301886792453,0.4433962264150943,0.18867924528301885,0.8867924528301886,0.07547169811320754,0.16981132075471697,0.7830188679245282,0.9528301886792453,0.5943396226415094,0.0660377358490566,0.0,0.0660377358490566,0.1509433962264151,0.11320754716981132,0.24528301886792453,0.0,0.0,0.0,0.0,0.0,0.0,0.0,0.0,0.0,0.0,0.0,0.0,0.0,0.0,0.0,0.0,0.0,0.0,0.0,0.0,0.0,0.0,0.0,0.0,0.0,0.0,0.0,0.0,0.0,0.0,0.0,0.0,0.0,0.0,0.0,0.0,0.0,0.0,0.0,0.0,0.0,0.0,0.0,0.0,0.0,0.0,0.0,0.0,0.0,0.0,0.0,0.0,0.0,0.0,0.0,0.0,0.0,0.0,0.0,0.0,0.0,0.0,0.0,0.0,0.0,0.0,0.0,0.0,0.0,0.0,0.0,0.0,0.0,0.0,0.0,0.0,0.0,0.0,0.0,0.0,0.0,0.0
117,117.0,68.0,0.0,0.9264705882352942,0.9558823529411764,0.8970588235294118,0.9411764705882353,0.9411764705882353,0.9705882352941176,0.0,0.8382352941176471,0.0,0.0,0.0,0.0,0.0,0.0,0.0,0.0,0.0,0.0,0.0,0.0,0.0,0.044117647058823525,0.029411764705882353,0.1323529411764706,0.07352941176470588,0.08823529411764705,0.029411764705882353,0.029411764705882353,0.0,0.014705882352941176,0.044117647058823525,0.07352941176470588,0.058823529411764705,0.0,0.014705882352941176,0.044117647058823525,1.0,0.029411764705882353,0.0,0.0,0.0,0.0,0.0,0.0,0.0,0.0,0.0,0.0,0.0,0.0,0.0,0.0,0.0,0.0,0.0,0.0,0.0,0.0,0.0,0.0,0.0,0.0,0.0,0.0,0.0,0.0,0.0,0.0,0.0,0.0,0.0,0.0,0.0,0.0,0.0,0.0,0.0,0.0,0.0,0.0,0.0,0.0,0.0,0.0,0.0,0.0,0.0,0.0,0.0,0.0,0.0,0.0,0.0,0.0,0.0,0.0,0.0,0.0,0.0,0.0,0.0,0.0,0.0,0.0,0.0,0.0,0.0,0.0,0.0,0.0,0.0,0.0,0.0,0.0,0.0,0.0,0.0,0.0,0.0,0.0
118,118.0,407.0,0.0,0.0,1.0,1.0,1.0,1.0,0.7199017199017199,0.32186732186732187,0.0,0.0,0.0,0.0,0.0,0.0,0.0,0.0,0.0,0.0,0.0,0.0,0.0,0.0,0.05651105651105651,0.029484029484029485,0.036855036855036855,0.05651105651105651,0.009828009828009828,0.03194103194103194,0.022113022113022112,0.04914004914004914,0.03194103194103194,0.027027027027027025,0.03931203931203931,0.029484029484029485,0.0,0.027027027027027025,0.014742014742014743,0.009828009828009828,0.014742014742014743,0.004914004914004914,0.0,0.0,0.0,0.0,0.0,0.0,0.0,0.0,0.0,0.0,0.0,0.0,0.0,0.0,0.0,0.0,0.0,0.0,0.0,0.0,0.0,0.0,0.0,0.0,0.0,0.0,0.0,0.0,0.0,0.0,0.0,0.0,0.0,0.0,0.0,0.0,0.0,0.0,0.0,0.0,0.0,0.0,0.0,0.0,0.0,0.0,0.0,0.0,0.0,0.0,0.0,0.0,0.0,0.0,0.0,0.0,0.0,0.0,0.0,0.0,0.0,0.0,0.0,0.0,0.0,0.0,0.0,0.0,0.0,0.0,0.0,0.0,0.0,0.0,0.0,0.0,0.0,0.0,0.0,0.0,0.0
119,119.0,206.0,0.0,0.9999999999999999,0.0,0.9999999999999999,0.9999999999999999,0.9999999999999999,0.6650485436893203,0.0,0.9999999999999999,0.0,0.0,0.0,0.0,0.0,0.0,0.0,0.0,0.0,0.0,0.0,0.0,0.0,0.03398058252427184,0.04368932038834951,0.02427184466019417,0.038834951456310676,0.04368932038834951,0.08737864077669902,0.03398058252427184,0.03398058252427184,0.09708737864077668,0.029126213592233007,0.04368932038834951,0.038834951456310676,0.0,0.02427184466019417,0.02427184466019417,0.014563106796116504,0.0,0.0,0.0,0.0,0.0,0.0,0.0048543689320388345,0.0,0.0,0.0,0.0,0.0,0.0,0.0,0.0,0.0,0.0,0.0,0.0,0.0,0.0,0.0,0.0,0.0,0.0,0.0,0.0,0.0,0.0,0.0,0.0,0.0,0.0,0.0,0.0,0.0,0.0,0.0,0.0,0.0,0.0,0.0,0.0,0.0,0.0,0.0,0.0,0.0,0.0,0.0,0.0,0.0,0.0,0.0,0.0,0.0,0.0,0.0,0.0,0.0,0.0,0.0,0.0,0.0,0.0,0.0,0.0,0.0,0.0,0.0,0.0,0.0,0.0,0.0,0.0,0.0,0.0,0.0,0.0,0.0,0.0,0.0,0.0
120,120.0,91.0,0.0,1.0,0.9777777777777779,1.0,0.9888888888888889,1.0,0.9888888888888889,0.9777777777777779,0.9444444444444445,0.0,0.0,0.0,0.0,0.0,0.0,0.0,0.0,0.0,0.0,0.0,0.0,0.0,0.3666666666666667,0.35555555555555557,0.16666666666666669,0.8333333333333334,0.05555555555555556,0.7777777777777778,0.8,0.2555555555555556,0.8444444444444444,0.022222222222222223,0.03333333333333333,0.2,0.0,0.22222222222222224,0.11111111111111112,0.08888888888888889,0.15555555555555556,0.0,0.011111111111111112,0.0,0.0,0.0,0.0,0.0,0.0,0.0,0.0,0.0,0.0,0.0,0.0,0.0,0.0,0.0,0.0,0.0,0.0,0.0,0.0,0.0,0.0,0.0,0.0,0.0,0.0,0.0,0.0,0.0,0.0,0.0,0.0,0.0,0.0,0.0,0.0,0.0,0.0,0.0,0.0,0.0,0.0,0.0,0.0,0.0,0.0,0.0,0.0,0.0,0.0,0.0,0.0,0.0,0.0,0.0,0.0,0.0,0.0,0.0,0.0,0.0,0.0,0.0,0.0,0.0,0.0,0.0,0.0,0.0,0.0,0.0,0.0,0.0,0.0,0.0,0.0,0.0,0.0,0.0,0.0
121,121.0,49.0,0.0,0.0,0.0,0.0,0.0,0.9999999999999999,0.0,0.0,0.0,0.0,0.0,0.0,0.0,0.0,0.0,0.0,0.0,0.0,0.0,0.0,0.0,0.0,0.02040816326530612,0.02040816326530612,0.6530612244897959,0.0,0.0,0.0,0.3877551020408163,0.0,0.02040816326530612,0.02040816326530612,0.0,0.02040816326530612,0.0,0.02040816326530612,0.0,0.0,0.02040816326530612,0.0,0.04081632653061224,0.0,0.0,0.0,0.0,0.0,0.0,0.0,0.0,0.0,0.0,0.0,0.0,0.0,0.0,0.0,0.0,0.0,0.0,0.0,0.0,0.0,0.0,0.0,0.0,0.0,0.0,0.0,0.0,0.0,0.0,0.0,0.0,0.0,0.0,0.0,0.0,0.0,0.0,0.0,0.0,0.0,0.0,0.0,0.0,0.0,0.0,0.0,0.0,0.0,0.0,0.0,0.0,0.0,0.0,0.0,0.0,0.0,0.0,0.0,0.0,0.0,0.0,0.0,0.0,0.0,0.0,0.0,0.0,0.0,0.0,0.0,0.0,0.0,0.0,0.0,0.0,0.0,0.0,0.0,0.0
122,122.0,54.0,0.0,0.0,0.0,0.0,0.0,0.0,0.0,0.0,0.0,0.7037037037037037,0.9444444444444444,0.6481481481481481,0.6666666666666666,0.5,0.42592592592592593,0.18518518518518517,0.18518518518518517,0.1111111111111111,0.05555555555555555,0.1111111111111111,0.12962962962962962,0.0,0.0,0.0,0.0,0.0,0.0,0.0,0.0,0.0,0.0,0.0,0.0,0.0,0.0,0.0,0.0,0.0,0.0,0.0,0.9259259259259258,0.0,0.0,0.0,0.0,0.9259259259259258,0.9629629629629629,0.9444444444444444,0.0,0.9629629629629629,0.9259259259259258,0.0,0.9259259259259258,0.9629629629629629,0.9629629629629629,0.9629629629629629,0.0,0.0,0.0,0.9814814814814814,0.0,0.0,0.0,0.8518518518518519,0.7407407407407407,0.0,0.0,0.0,0.0,0.0,0.0,0.0,0.0,0.0,0.0,0.0,0.0,0.0,0.0,0.0,0.0,0.0,0.0,0.0,0.0,0.0,0.0,0.0,0.0,0.0,0.0,0.0,0.0,0.0,0.0,0.0,0.0,0.0,0.0,0.0,0.0,0.0,0.0,0.0,0.0,0.0,0.0,0.0,0.0,0.0,0.0,0.0,0.0,0.0,0.0,0.0,0.0,0.0,0.0,0.0,0.0
123,123.0,661.0,0.0,0.0,1.0,0.0,0.0,1.0,0.0,0.0,0.0,0.0,0.0,0.0,0.0,0.0,0.0,0.0,0.0,0.0,0.0,0.0,0.0,0.0030257186081694403,0.009077155824508321,0.0045385779122541605,0.006051437216338881,0.006051437216338881,0.0045385779122541605,0.007564296520423601,0.006051437216338881,0.009077155824508321,0.0045385779122541605,0.01059001512859304,0.01059001512859304,0.0,0.0,0.0015128593040847202,0.009077155824508321,0.0015128593040847202,0.0045385779122541605,0.0015128593040847202,0.0045385779122541605,0.0015128593040847202,0.0,0.0,0.0030257186081694403,0.0,0.0,0.0,0.0,0.0,0.0,0.0,0.0,0.0,0.0,0.0,0.0015128593040847202,0.0015128593040847202,0.0,0.0,0.0,0.0,0.0,0.0015128593040847202,0.0,0.0,0.0,0.0,0.0,0.0,0.0,0.0,0.0,0.0,0.0,0.0,0.0,0.0,0.0,0.0,0.0,0.0,0.0,0.0,0.0,0.0,0.0,0.0,0.0,0.0,0.0,0.0,0.0,0.0,0.0,0.0,0.0,0.0,0.0,0.0,0.0,0.0,0.0,0.0,0.0,0.0,0.0,0.0,0.0,0.0,0.0,0.0,0.0,0.0,0.0,0.0,0.0,0.0,0.0,0.0,0.0
124,124.0,74.0,0.0,0.9864864864864865,1.0,1.0,0.9864864864864865,0.9864864864864865,0.9594594594594595,1.0,0.9864864864864865,0.0,0.0,0.0,0.0,0.0,0.0,0.0,0.0,0.0,0.0,0.0,0.0,0.0,0.13513513513513514,0.21621621621621623,0.8648648648648649,0.5675675675675675,0.10810810810810811,0.9054054054054055,0.0945945945945946,0.8918918918918919,0.22972972972972974,0.13513513513513514,0.16216216216216217,0.14864864864864866,0.0,0.02702702702702703,0.12162162162162163,0.06756756756756757,0.02702702702702703,0.0,0.013513513513513514,0.0,0.0,0.0,0.0,0.0,0.0,0.0,0.0,0.0,0.0,0.0,0.0,0.0,0.0,0.0,0.0,0.0,0.0,0.0,0.0,0.0,0.0,0.0,0.0,0.0,0.0,0.0,0.0,0.0,0.0,0.0,0.0,0.0,0.0,0.0,0.0,0.0,0.0,0.0,0.0,0.0,0.0,0.0,0.0,0.0,0.0,0.0,0.0,0.0,0.0,0.0,0.0,0.0,0.0,0.0,0.0,0.0,0.0,0.0,0.0,0.0,0.0,0.0,0.0,0.0,0.0,0.0,0.0,0.0,0.0,0.0,0.0,0.0,0.0,0.0,0.0,0.0,0.0,0.0,0.0
125,125.0,288.0,0.0,0.05208333333333333,0.05555555555555555,0.03819444444444444,0.04513888888888889,0.003472222222222222,0.06944444444444445,0.03819444444444444,0.020833333333333332,0.027777777777777776,0.003472222222222222,0.0,0.0,0.0,0.0,0.010416666666666666,0.0,0.0,0.0,0.0,0.0,0.0,0.006944444444444444,0.0,0.0,0.003472222222222222,0.0,0.0,0.0,0.0,0.0,0.0,0.003472222222222222,0.0,0.010416666666666666,0.0,0.0,0.0,0.003472222222222222,1.0,0.12152777777777778,0.0,0.003472222222222222,0.0,0.0,0.0,0.0,0.006944444444444444,0.0,0.0,0.003472222222222222,0.0,0.0,0.0,0.0,0.0,0.0,0.0,0.0,0.0,0.0,0.0,0.0,0.0,0.0,0.041666666666666664,0.05555555555555555,0.06597222222222222,0.0,0.0,0.0,0.0,0.0,0.0,0.0,0.0,0.048611111111111105,0.0,0.0,0.0,0.0,0.08680555555555555,0.0,0.0,0.0,0.0,0.0,0.0,0.0,0.0,0.0,0.0,0.0,0.0,0.0,0.0,0.0,0.0,0.0,0.0,0.003472222222222222,0.0,0.0,0.0,0.0,0.0,0.0,0.0,0.0,0.0,0.0,0.0,0.0,0.0,0.0,0.0,0.0,0.0,0.0,0.0,0.0
126,126.0,353.0,0.0,0.7337110481586403,1.0,0.7280453257790369,1.0,0.0,0.6685552407932012,1.0,1.0,0.0,0.0,0.0,0.0,0.0,0.0,0.0,0.0,0.0,0.0,0.0,0.0,0.0,0.0481586402266289,0.0453257790368272,0.0339943342776204,0.028328611898016998,0.0169971671388102,0.028328611898016998,0.0113314447592068,0.0169971671388102,0.0254957507082153,0.028328611898016998,0.0254957507082153,0.028328611898016998,0.0,0.0169971671388102,0.039660056657223795,0.0509915014164306,0.0084985835694051,0.0,0.0056657223796034,0.0,0.0,0.0,0.0056657223796034,0.0,0.0,0.0,0.0,0.0,0.0,0.0,0.0,0.0,0.0,0.0,0.0,0.0,0.0,0.0,0.0,0.0,0.0,0.0,0.0,0.0,0.0,0.0,0.0,0.0,0.0,0.0,0.0,0.0,0.0,0.0,0.0,0.0,0.0,0.0,0.0,0.0,0.0,0.0,0.0,0.0,0.0,0.0,0.0,0.0,0.0,0.0,0.0,0.0,0.0,0.0,0.0,0.0,0.0,0.0,0.0,0.0,0.0,0.0,0.0,0.0,0.0,0.0,0.0,0.0,0.0,0.0,0.0,0.0,0.0,0.0,0.0,0.0,0.0,0.0,0.0
127,127.0,65.0,0.0,0.0,0.0,0.0,0.0,0.0,0.0,0.0,0.0,0.35384615384615387,0.07692307692307693,0.9230769230769231,0.0,0.03076923076923077,0.0,0.2,0.0,0.15384615384615385,0.015384615384615385,0.0,0.0,0.06153846153846154,0.0,0.0,0.0,0.0,0.0,0.0,0.0,0.0,0.0,0.0,0.0,0.0,0.0,0.0,0.0,0.0,0.0,0.8923076923076924,0.07692307692307693,0.03076923076923077,0.0,0.0,0.0,0.0,0.0,0.0,0.0,0.15384615384615385,0.0,0.13846153846153847,0.0,0.0,0.0,0.0,0.0,0.2,0.0,0.0,0.0,0.0,0.0,0.0,0.0,0.16923076923076924,0.16923076923076924,0.16923076923076924,0.0,0.0,0.0,0.0,0.0,0.15384615384615385,0.0,0.0,0.046153846153846156,0.0,0.13846153846153847,0.0,0.0,0.03076923076923077,0.0,0.0,0.0,0.0,0.0,0.0,0.015384615384615385,0.24615384615384617,0.15384615384615385,0.16923076923076924,0.0,0.2153846153846154,0.0,0.12307692307692308,0.0,0.0,0.12307692307692308,0.0,0.0,0.0,0.046153846153846156,0.0,0.0,0.2,0.0,0.0,0.0,0.0,0.0,0.0,0.0,0.0,0.0,0.0,0.03076923076923077,0.03076923076923077,0.0,0.0,0.0
128,128.0,102.0,0.0,1.0,0.9901960784313726,0.9705882352941176,0.9901960784313726,1.0,0.9901960784313726,0.9901960784313726,0.9705882352941176,0.0,0.0,0.0,0.0,0.0,0.0,0.0,0.0,0.0,0.0,0.0,0.0,0.0,0.18627450980392157,0.09803921568627451,0.11764705882352941,0.09803921568627451,0.27450980392156865,0.11764705882352941,0.9117647058823529,0.09803921568627451,0.8627450980392157,0.4019607843137255,0.8823529411764706,0.49019607843137253,0.0,0.2647058823529412,0.1764705882352941,0.10784313725490197,0.13725490196078433,0.0,0.00980392156862745,0.0,0.0,0.0,0.0,0.0,0.0,0.0,0.0,0.0,0.0,0.0,0.0,0.0,0.0,0.0,0.0,0.0,0.0,0.0,0.0,0.0,0.0,0.0,0.0,0.0,0.0,0.0,0.0,0.0,0.0,0.0,0.0,0.0,0.0,0.0,0.0,0.0,0.0,0.0,0.0,0.0,0.0,0.0,0.0,0.0,0.0,0.0,0.0,0.0,0.0,0.0,0.0,0.0,0.0,0.0,0.0,0.0,0.0,0.0,0.0,0.0,0.0,0.0,0.0,0.0,0.0,0.0,0.0,0.0,0.0,0.0,0.0,0.0,0.0,0.0,0.0,0.0,0.0,0.0,0.0
129,129.0,194.0,0.0,0.9639175257731959,0.9845360824742267,0.9948453608247423,0.9948453608247423,0.9639175257731959,0.9845360824742267,0.9432989690721649,0.8917525773195876,0.0,0.0,0.0,0.0,0.0,0.0,0.005154639175257732,0.0,0.0,0.0,0.0,0.0,0.005154639175257732,0.16494845360824742,0.041237113402061855,0.08762886597938144,0.15463917525773196,0.005154639175257732,0.07731958762886598,0.020618556701030927,0.0,0.010309278350515464,0.041237113402061855,0.13402061855670103,0.20103092783505155,0.0,1.0,0.041237113402061855,0.061855670103092786,0.03608247422680412,0.0,0.005154639175257732,0.0,0.0,0.0,0.0,0.0,0.0,0.0,0.0,0.0,0.0,0.0,0.0,0.0,0.0,0.0,0.0,0.0,0.0,0.0,0.0,0.0,0.0,0.0,0.0,0.0,0.0,0.0,0.0,0.0,0.0,0.0,0.0,0.0,0.0,0.0,0.0,0.0,0.0,0.0,0.0,0.0,0.0,0.0,0.0,0.0,0.0,0.0,0.0,0.0,0.0,0.0,0.0,0.0,0.0,0.0,0.0,0.0,0.0,0.0,0.0,0.0,0.0,0.0,0.0,0.0,0.0,0.0,0.0,0.0,0.0,0.0,0.0,0.0,0.0,0.0,0.0,0.0,0.0,0.0,0.0
130,130.0,138.0,0.0,1.0,1.0,0.0,0.3695652173913044,0.0,0.0,0.0,1.0,0.0,0.0,0.0,0.0,0.0,0.0,0.0,0.0,0.0,0.0,0.0,0.0,0.0,0.007246376811594203,0.014492753623188406,0.014492753623188406,0.007246376811594203,0.0,0.021739130434782608,0.021739130434782608,0.014492753623188406,0.014492753623188406,0.036231884057971016,0.007246376811594203,0.021739130434782608,0.0,0.007246376811594203,0.021739130434782608,0.014492753623188406,0.0,0.0,0.014492753623188406,0.0,0.0,0.0,0.0,0.0,0.0,0.0,0.0,0.0,0.0,0.0,0.0,0.0,0.0,0.0,0.0,0.0,0.0,0.0,0.0,0.0,0.0,0.0,0.0,0.0,0.0,0.0,0.0,0.0,0.0,0.0,0.0,0.0,0.0,0.0,0.0,0.0,0.0,0.0,0.0,0.0,0.0,0.0,0.0,0.0,0.0,0.0,0.0,0.0,0.0,0.0,0.0,0.0,0.0,0.0,0.0,0.0,0.0,0.0,0.0,0.0,0.0,0.0,0.0,0.0,0.0,0.0,0.0,0.0,0.0,0.0,0.0,0.0,0.0,0.0,0.0,0.0,0.0,0.0,0.0
131,131.0,125.0,0.0,0.9921259842519685,1.0,0.984251968503937,0.9763779527559056,0.984251968503937,0.9763779527559056,0.9606299212598425,0.905511811023622,0.0,0.0,0.0,0.0,0.0,0.0,0.007874015748031496,0.0,0.0,0.0,0.0,0.0,0.0,0.023622047244094488,1.0,0.0,0.22834645669291337,0.2755905511811024,0.1889763779527559,0.12598425196850394,0.2125984251968504,0.11811023622047244,0.13385826771653542,1.0,0.1732283464566929,0.0,0.13385826771653542,0.07086614173228346,0.13385826771653542,0.12598425196850394,0.0,0.007874015748031496,0.0,0.0,0.0,0.007874015748031496,0.0,0.0,0.0,0.0,0.0,0.0,0.0,0.0,0.0,0.0,0.0,0.0,0.0,0.0,0.0,0.0,0.0,0.0,0.0,0.0,0.0,0.0,0.0,0.0,0.0,0.0,0.0,0.0,0.0,0.0,0.0,0.0,0.0,0.0,0.0,0.0,0.0,0.0,0.0,0.0,0.0,0.0,0.0,0.0,0.0,0.0,0.0,0.0,0.0,0.0,0.0,0.0,0.0,0.0,0.0,0.0,0.0,0.0,0.0,0.0,0.0,0.0,0.0,0.0,0.0,0.0,0.0,0.0,0.0,0.0,0.0,0.0,0.0,0.0,0.0,0.0
132,132.0,244.0,0.0,1.0,1.0,0.29508196721311475,0.0,0.0,0.2213114754098361,1.0,0.13934426229508198,0.0,0.0,0.0,0.0,0.0,0.0,0.0,0.0,0.0,0.0,0.0,0.0,0.0,0.036885245901639344,0.020491803278688527,0.01639344262295082,0.036885245901639344,0.004098360655737705,0.01639344262295082,0.012295081967213115,0.02459016393442623,0.020491803278688527,0.020491803278688527,0.028688524590163935,0.004098360655737705,0.0,0.0,0.020491803278688527,0.012295081967213115,0.012295081967213115,0.0,0.0,0.0,0.0,0.0,0.0,0.0,0.0,0.0,0.0,0.0,0.0,0.0,0.0,0.0,0.0,0.0,0.0,0.0,0.0,0.0,0.0,0.0,0.0,0.0,0.0,0.0,0.0,0.0,0.0,0.0,0.0,0.0,0.0,0.0,0.0,0.0,0.0,0.0,0.0,0.0,0.0,0.0,0.0,0.0,0.0,0.0,0.0,0.0,0.0,0.0,0.0,0.0,0.0,0.0,0.0,0.0,0.0,0.0,0.0,0.0,0.0,0.0,0.0,0.0,0.0,0.004098360655737705,0.0,0.0,0.0,0.0,0.0,0.0,0.0,0.0,0.0,0.0,0.0,0.0,0.0,0.0,0.0
133,133.0,339.0,0.0,0.9643916913946587,0.9940652818991098,0.9554896142433235,0.9762611275964392,0.9436201780415431,0.9910979228486647,0.9732937685459941,1.0,0.0,0.0,0.0,0.0,0.0,0.0,0.0,0.0,0.0,0.0,0.0,0.0,0.0,0.0,0.10089020771513353,0.08011869436201781,0.10089020771513353,1.0,0.16913946587537093,0.002967359050445104,0.01483679525222552,0.17507418397626112,0.0741839762611276,0.09495548961424333,0.0,0.0,0.05637982195845698,0.06528189910979229,0.0712166172106825,0.0712166172106825,0.0,0.0,0.0,0.0,0.0,0.008902077151335312,0.0,0.0,0.0,0.0,0.0,0.0,0.0,0.0,0.0,0.0,0.0,0.0,0.0,0.0,0.0,0.0,0.0,0.0,0.0,0.0,0.0,0.0,0.0,0.0,0.0,0.0,0.0,0.0,0.0,0.0,0.0,0.0,0.0,0.0,0.0,0.0,0.0,0.0,0.0,0.002967359050445104,0.0,0.0,0.0,0.0,0.0,0.0,0.0,0.0,0.0,0.0,0.0,0.0,0.0,0.0,0.0,0.0,0.0,0.0,0.0,0.0,0.0,0.0,0.0,0.0,0.0,0.0,0.0,0.0,0.0,0.0,0.0,0.0,0.0,0.0,0.0,0.0
134,134.0,380.0,0.0,0.09999999999999999,0.08421052631578947,0.12368421052631579,0.07105263157894737,0.0,0.08157894736842106,0.04736842105263158,0.042105263157894736,0.05263157894736842,0.08157894736842106,0.11052631578947368,0.0,0.0,0.0,0.02631578947368421,0.0,0.0,0.0,0.002631578947368421,0.005263157894736842,1.0,0.0,0.007894736842105263,0.002631578947368421,0.002631578947368421,0.0,0.005263157894736842,0.007894736842105263,0.005263157894736842,0.005263157894736842,0.0,0.007894736842105263,0.002631578947368421,0.0,0.002631578947368421,0.005263157894736842,0.0,0.0,0.0,0.002631578947368421,0.0,0.0,0.005263157894736842,0.010526315789473684,0.0,0.0,0.010526315789473684,0.0,0.0,0.002631578947368421,0.0,0.0,0.0,0.0,0.0,0.0,0.0,0.0,0.0,0.0,0.0,0.0,0.0,0.0,0.002631578947368421,0.03684210526315789,0.013157894736842105,0.0,0.0,0.0,0.0,0.0,0.0,0.0,0.0,0.010526315789473684,0.0,0.0,0.0,0.0,0.0,0.0,0.0,0.0,0.002631578947368421,0.0,0.0,0.0,0.0,0.0,0.0,0.0,0.0,0.0,0.0,0.0,0.0,0.0,0.0,0.0,0.0,0.0,0.0,0.0,0.0,0.0,0.0,0.0,0.0,0.0,0.0,0.0,0.0,0.0,0.0,0.0,0.0,0.0,0.0,0.0
135,135.0,91.0,0.0,1.0,1.0,1.0,1.0,1.0,1.0,1.0,1.0,0.0,0.0,0.0,0.0,0.0,0.0,0.0,0.0,0.0,0.0,0.0,0.0,0.011111111111111112,0.9222222222222223,0.7111111111111111,0.9555555555555556,0.7666666666666667,0.9333333333333333,0.7222222222222222,0.3666666666666667,0.45555555555555555,0.11111111111111112,0.33333333333333337,0.33333333333333337,0.7777777777777778,0.0,0.4,0.2555555555555556,0.13333333333333333,0.2555555555555556,0.0,0.011111111111111112,0.0,0.0,0.0,0.0,0.0,0.0,0.0,0.0,0.0,0.0,0.0,0.0,0.0,0.0,0.0,0.0,0.0,0.0,0.0,0.0,0.0,0.0,0.0,0.0,0.0,0.0,0.0,0.0,0.0,0.0,0.0,0.0,0.0,0.0,0.0,0.011111111111111112,0.0,0.0,0.0,0.0,0.0,0.0,0.0,0.0,0.0,0.0,0.0,0.0,0.0,0.0,0.0,0.0,0.0,0.0,0.0,0.0,0.0,0.0,0.0,0.011111111111111112,0.0,0.0,0.0,0.0,0.0,0.0,0.0,0.0,0.0,0.0,0.0,0.0,0.0,0.0,0.0,0.0,0.0,0.0,0.0,0.0
136,136.0,84.0,0.0,1.0,1.0,1.0,1.0,0.9761904761904762,0.988095238095238,0.988095238095238,1.0,0.0,0.0,0.0,0.0,0.0,0.0,0.0,0.0,0.0,0.0,0.0,0.0,0.0,0.7857142857142857,0.9761904761904762,0.08333333333333333,0.15476190476190477,0.9404761904761905,0.40476190476190477,0.23809523809523808,0.19047619047619047,0.869047619047619,0.4880952380952381,0.369047619047619,0.47619047619047616,0.0,0.38095238095238093,0.30952380952380953,0.17857142857142855,0.3214285714285714,0.011904761904761904,0.0,0.0,0.0,0.0,0.0,0.0,0.0,0.0,0.0,0.0,0.0,0.0,0.0,0.0,0.0,0.0,0.0,0.0,0.0,0.0,0.0,0.0,0.0,0.0,0.0,0.0,0.0,0.0,0.0,0.0,0.0,0.0,0.0,0.0,0.0,0.0,0.0,0.0,0.0,0.0,0.0,0.0,0.0,0.0,0.0,0.0,0.0,0.0,0.0,0.0,0.0,0.0,0.0,0.0,0.0,0.0,0.0,0.0,0.0,0.0,0.0,0.0,0.0,0.0,0.0,0.0,0.0,0.0,0.0,0.0,0.0,0.0,0.0,0.0,0.0,0.0,0.0,0.0,0.0,0.0,0.0
137,137.0,112.0,0.0,0.9553571428571428,0.9910714285714285,0.9642857142857142,0.9821428571428571,0.9642857142857142,1.0,0.9107142857142857,0.9464285714285714,0.0,0.0,0.0,0.0,0.0,0.0,0.0,0.0,0.0,0.0,0.0,0.0,0.0,1.0,0.03571428571428571,0.20535714285714285,0.05357142857142857,0.14285714285714285,0.09821428571428571,0.13392857142857142,0.24107142857142855,1.0,0.10714285714285714,0.008928571428571428,0.13392857142857142,0.0,0.08035714285714285,0.0625,0.14285714285714285,0.20535714285714285,0.0,0.0,0.0,0.0,0.0,0.0,0.0,0.0,0.0,0.0,0.0,0.0,0.0,0.0,0.0,0.0,0.0,0.0,0.0,0.0,0.0,0.0,0.0,0.0,0.0,0.0,0.0,0.0,0.0,0.0,0.0,0.0,0.0,0.0,0.0,0.0,0.0,0.0,0.0,0.0,0.0,0.0,0.0,0.0,0.0,0.0,0.0,0.0,0.0,0.0,0.0,0.0,0.0,0.0,0.0,0.0,0.0,0.0,0.0,0.0,0.0,0.0,0.0,0.0,0.0,0.0,0.0,0.0,0.0,0.0,0.0,0.0,0.0,0.0,0.0,0.0,0.0,0.0,0.0,0.0,0.0,0.0
138,138.0,625.0,0.0,0.0,0.2016,1.0,0.0,0.13920000000000002,0.0,0.1056,1.0,0.0,0.0,0.0,0.0,0.0,0.0,0.0016,0.0016,0.0,0.0,0.0,0.0,0.0016,0.008,0.009600000000000001,0.009600000000000001,0.019200000000000002,0.0128,0.008,0.0112,0.0176,0.008,0.009600000000000001,0.0112,0.008,0.0,0.008,0.0128,0.0048000000000000004,0.008,0.0016,0.0032,0.0,0.0,0.0,0.0,0.0,0.0,0.0,0.0,0.0,0.0,0.0,0.0,0.0,0.0,0.0,0.0,0.0,0.0,0.0,0.0,0.0,0.0,0.0,0.0,0.0,0.0,0.0,0.0,0.0,0.0,0.0,0.0,0.0,0.0,0.0,0.0,0.0,0.0,0.0,0.0,0.0,0.0,0.0,0.0,0.0,0.0,0.0,0.0,0.0,0.0,0.0,0.0,0.0,0.0,0.0,0.0,0.0,0.0,0.0,0.0,0.0,0.0,0.0,0.0,0.0,0.0,0.0,0.0,0.0,0.0,0.0,0.0,0.0,0.0,0.0,0.0,0.0,0.0,0.0,0.0
139,139.0,73.0,0.0,0.9863013698630136,1.0,1.0,1.0,1.0,1.0,0.9863013698630136,0.9315068493150684,0.0,0.0,0.0,0.0,0.0,0.0,0.0,0.0,0.0,0.0,0.0,0.0,0.0,0.2054794520547945,0.2876712328767123,0.7534246575342465,0.8356164383561644,0.1095890410958904,0.0410958904109589,0.0547945205479452,0.0136986301369863,0.4657534246575342,0.1232876712328767,0.3972602739726027,0.8082191780821917,0.0,0.1643835616438356,0.4383561643835616,0.4794520547945205,0.4931506849315068,0.0,0.0136986301369863,0.0,0.0,0.0,0.0,0.0,0.0,0.0,0.0,0.0,0.0,0.0,0.0,0.0,0.0,0.0,0.0,0.0,0.0,0.0,0.0,0.0,0.0,0.0136986301369863,0.0136986301369863,0.0,0.0,0.0,0.0,0.0,0.0,0.0,0.0,0.0,0.0,0.0,0.0,0.0,0.0,0.0,0.0,0.0,0.0,0.0,0.0,0.0,0.0,0.0,0.0,0.0,0.0,0.0,0.0,0.0,0.0,0.0,0.0,0.0,0.0,0.0,0.0,0.0,0.0,0.0,0.0,0.0,0.0,0.0,0.0,0.0,0.0,0.0,0.0,0.0,0.0,0.0,0.0,0.0,0.0,0.0,0.0
140,140.0,168.0,0.0,0.0,0.0,0.869047619047619,0.8154761904761905,0.7976190476190476,0.8511904761904762,1.0,1.0,0.0,0.0,0.0,0.0,0.0,0.0,0.0,0.0,0.0,0.0,0.0,0.0,0.0,0.02976190476190476,0.047619047619047616,0.07142857142857142,0.041666666666666664,0.023809523809523808,0.041666666666666664,0.023809523809523808,0.02976190476190476,0.02976190476190476,0.041666666666666664,0.02976190476190476,0.047619047619047616,0.0,0.03571428571428571,0.05357142857142857,0.017857142857142856,0.023809523809523808,0.0,0.0,0.0,0.0,0.0,0.0,0.0,0.0,0.0,0.0,0.0,0.0,0.0,0.0,0.0,0.0,0.0,0.0,0.0,0.0,0.0,0.0,0.0,0.0,0.0,0.0,0.0,0.0,0.0,0.0,0.0,0.0,0.0,0.0,0.0,0.0,0.0,0.0,0.0,0.0,0.0,0.0,0.0,0.0,0.0,0.0,0.0,0.0,0.0,0.0,0.0,0.0,0.0,0.0,0.0,0.0,0.0,0.0,0.0,0.0,0.0,0.0,0.0,0.0,0.0,0.0,0.0,0.0,0.0,0.0,0.0,0.0,0.0,0.0,0.0,0.0,0.0,0.0,0.0,0.0,0.0,0.0
141,141.0,99.0,0.0,0.0,0.0,0.0,0.0,0.010101010101010102,0.0,0.0,0.0,0.0,0.0,0.0,0.0,0.0,0.0,0.0,0.0,0.0,0.0,0.0,0.0,0.9595959595959597,0.0,0.0,0.0,0.0,0.0,0.0,0.0,0.0,0.0,0.0,0.0,0.0,0.010101010101010102,0.0,0.0,0.0,0.0,0.030303030303030304,0.0,0.0,0.0,0.0,0.0,0.0,0.0,0.0,0.0,0.0,0.0,0.0,0.0,0.0,0.0,0.0,0.0,0.0,0.0,0.0,0.0,0.0,0.0,0.0,0.0,0.0,0.0,0.0,0.0,0.0,0.0,0.0,0.0,0.0,1.0,0.0,0.0,0.0,0.0,0.0,0.0,0.0,0.0,0.0,0.0,0.0,0.0,0.0,0.0,0.0,0.0,0.0,0.0,0.0,0.0,0.0,0.0,0.0,0.0,0.0,0.0,0.0,0.0,0.0,0.0,0.0,0.0,0.0,0.0,0.0,0.0,0.0,0.0,0.0,0.0,0.0,0.0,0.0,0.0,0.0,0.0
142,142.0,665.0,0.0,0.0,0.0,1.0,0.0,1.0,0.0,0.0,0.0,0.0,0.0,0.0015037593984962407,0.0,0.0,0.0,0.0015037593984962407,0.0,0.0,0.0,0.0,0.0,0.0015037593984962407,0.0075187969924812035,0.0075187969924812035,0.009022556390977444,0.0030075187969924814,0.010526315789473686,0.010526315789473686,0.0030075187969924814,0.0075187969924812035,0.012030075187969926,0.009022556390977444,0.009022556390977444,0.0075187969924812035,0.0,0.004511278195488722,0.0030075187969924814,0.004511278195488722,0.004511278195488722,0.0030075187969924814,0.0015037593984962407,0.0,0.0,0.0,0.0015037593984962407,0.0,0.0,0.0,0.0,0.0,0.0,0.0,0.0,0.0,0.0,0.0,0.0,0.0,0.0,0.0,0.0,0.0,0.0,0.0,0.0,0.0,0.0,0.0,0.0,0.0,0.0,0.0,0.0,0.0,0.0,0.0,0.0,0.0,0.0,0.0,0.0,0.0,0.0,0.0,0.0,0.0,0.0,0.0,0.0,0.0,0.0,0.0,0.0,0.0,0.0,0.0,0.0,0.0,0.0,0.0,0.0,0.0,0.0,0.0,0.0,0.0,0.0,0.0,0.0,0.0,0.0,0.0,0.0,0.0,0.0,0.0,0.0,0.0,0.0,0.0,0.0
143,143.0,255.0,0.0,0.7843137254901961,0.7176470588235294,1.0,0.0,0.0,1.0,1.0,0.32156862745098036,0.0,0.0,0.0,0.0,0.0,0.0,0.0,0.0,0.0,0.0,0.0,0.0,0.00392156862745098,0.03137254901960784,0.047058823529411764,0.01568627450980392,0.03137254901960784,0.03529411764705882,0.03137254901960784,0.027450980392156862,0.043137254901960784,0.027450980392156862,0.03137254901960784,0.023529411764705882,0.01568627450980392,0.0,0.03529411764705882,0.00784313725490196,0.01568627450980392,0.00784313725490196,0.00392156862745098,0.00392156862745098,0.0,0.0,0.0,0.00392156862745098,0.0,0.0,0.0,0.0,0.0,0.0,0.0,0.0,0.0,0.0,0.0,0.0,0.0,0.0,0.0,0.0,0.0,0.0,0.0,0.0,0.0,0.0,0.0,0.0,0.0,0.0,0.0,0.0,0.0,0.0,0.0,0.0,0.0,0.0,0.0,0.0,0.0,0.0,0.0,0.0,0.0,0.0,0.0,0.0,0.0,0.0,0.0,0.0,0.0,0.0,0.0,0.0,0.0,0.0,0.0,0.0,0.0,0.0,0.0,0.0,0.0,0.0,0.0,0.0,0.0,0.0,0.0,0.0,0.0,0.0,0.0,0.0,0.0,0.0,0.0,0.0
144,144.0,190.0,0.0,1.0,0.0,1.0,1.0,1.0,1.0,0.0,0.0,0.0,0.0,0.0,0.0,0.0,0.0,0.0,0.0,0.0,0.0,0.0,0.0,0.005263157894736842,0.02631578947368421,0.042105263157894736,0.04736842105263158,0.02631578947368421,0.06315789473684211,0.06315789473684211,0.02631578947368421,0.042105263157894736,0.05263157894736842,0.031578947368421054,0.04736842105263158,0.06842105263157895,0.005263157894736842,0.04736842105263158,0.021052631578947368,0.021052631578947368,0.010526315789473684,0.0,0.005263157894736842,0.0,0.0,0.0,0.0,0.0,0.0,0.0,0.0,0.0,0.0,0.0,0.0,0.0,0.0,0.0,0.0,0.0,0.0,0.0,0.0,0.0,0.0,0.0,0.0,0.0,0.0,0.0,0.0,0.0,0.0,0.0,0.0,0.0,0.0,0.0,0.0,0.0,0.0,0.0,0.0,0.0,0.0,0.0,0.0,0.0,0.0,0.0,0.0,0.0,0.0,0.0,0.0,0.0,0.0,0.0,0.0,0.0,0.0,0.0,0.0,0.0,0.0,0.0,0.0,0.0,0.0,0.0,0.0,0.0,0.0,0.0,0.0,0.0,0.0,0.0,0.0,0.0,0.0,0.0,0.0
145,145.0,260.0,0.0,0.976923076923077,1.0,0.9576923076923077,0.9576923076923077,0.976923076923077,0.9846153846153847,0.976923076923077,1.0,0.0,0.0,0.0,0.0,0.0,0.0,0.0,0.0,0.0,0.0,0.0,0.0,0.0,0.08076923076923077,0.08076923076923077,0.18846153846153846,0.07307692307692308,0.007692307692307693,0.057692307692307696,0.011538461538461539,0.007692307692307693,0.023076923076923078,1.0,0.05,0.019230769230769232,0.0,0.05384615384615385,0.15000000000000002,0.06923076923076923,0.0038461538461538464,0.0,0.0,0.0,0.0,0.0,0.0,0.0,0.0,0.0,0.0,0.0,0.0,0.0,0.0,0.0,0.0,0.0,0.0,0.0,0.0,0.0,0.0,0.0,0.0,0.0,0.0,0.0,0.0,0.0,0.0,0.0,0.0,0.0,0.0,0.0,0.0,0.0,0.0,0.0,0.0,0.0,0.0,0.0,0.0,0.0,0.0,0.0,0.0,0.0,0.0,0.0,0.0,0.0,0.0,0.0,0.0,0.0,0.0,0.0,0.0,0.0,0.0,0.0,0.0,0.0,0.0,0.0,0.0,0.0,0.0,0.0,0.0,0.0,0.0,0.0,0.0,0.0,0.0,0.0,0.0,0.0,0.0
146,146.0,223.0,0.0,0.0,1.0,0.30493273542600896,1.0,0.0,0.22869955156950672,0.0,1.0,0.0,0.0,0.0,0.0,0.0,0.0,0.0,0.0,0.0,0.0,0.0,0.0,0.0,0.017937219730941704,0.026905829596412557,0.026905829596412557,0.04035874439461883,0.017937219730941704,0.004484304932735426,0.0,0.017937219730941704,0.008968609865470852,0.004484304932735426,0.017937219730941704,0.026905829596412557,0.0,0.0,0.02242152466367713,0.013452914798206279,0.008968609865470852,0.0,0.0,0.004484304932735426,0.0,0.0,0.008968609865470852,0.0,0.0,0.0,0.0,0.0,0.0,0.0,0.0,0.0,0.0,0.0,0.004484304932735426,0.004484304932735426,0.0,0.0,0.0,0.0,0.0,0.0,0.0,0.0,0.0,0.0,0.0,0.0,0.0,0.0,0.0,0.0,0.0,0.0,0.0,0.0,0.0,0.0,0.0,0.0,0.0,0.0,0.0,0.004484304932735426,0.0,0.0,0.004484304932735426,0.0,0.0,0.0,0.0,0.0,0.0,0.0,0.0,0.0,0.0,0.0,0.0,0.0,0.0,0.0,0.0,0.0,0.0,0.004484304932735426,0.0,0.0,0.004484304932735426,0.0,0.0,0.0,0.0,0.0,0.0,0.0,0.004484304932735426,0.0,0.0
147,147.0,133.0,0.0,0.12030075187969924,0.13533834586466165,0.15037593984962405,0.21052631578947367,0.0,0.17293233082706766,0.06766917293233082,0.07518796992481203,0.0,0.0,0.0,0.0,0.0,0.0,0.0,0.0,0.0,0.0,0.0,0.0,0.0,0.0,0.015037593984962405,0.0,0.007518796992481203,0.0,0.007518796992481203,1.0,0.007518796992481203,0.007518796992481203,0.0,0.0,0.007518796992481203,0.0,0.007518796992481203,0.007518796992481203,0.0,0.0,0.007518796992481203,0.0,0.0,0.0,0.0,0.0,0.0,0.0,0.0,0.0,0.0,0.0,0.0,0.0,0.0,0.0,0.0,0.0,0.0,0.0,0.0,0.0,0.0,0.0,0.0,0.0,0.0,0.0,0.0,0.0,0.0,0.0,0.0,0.0,0.0,0.0,0.007518796992481203,0.0,0.0,0.0,0.0,0.0,0.0,0.0,0.0,0.0,0.0,0.0,0.0,0.0,0.0,0.0,0.0,0.0,0.0,0.0,0.0,0.0,0.0,0.0,0.0,0.0,0.0,0.0,0.0,0.0,0.0,0.0,0.0,0.0,0.0,0.0,0.0,0.0,0.0,0.0,0.0,0.0,0.0,0.0,0.0,0.0
148,148.0,317.0,0.0,0.8170347003154574,0.0,1.0,0.7917981072555205,1.0,0.7886435331230284,1.0,0.0,0.0,0.0,0.0,0.0,0.0,0.0,0.0,0.0,0.0,0.0,0.0,0.0,0.0,0.03470031545741325,0.03785488958990536,0.022082018927444793,0.044164037854889586,0.03470031545741325,0.03785488958990536,0.0473186119873817,0.022082018927444793,0.03470031545741325,0.028391167192429023,0.050473186119873815,0.03470031545741325,0.0,0.022082018927444793,0.022082018927444793,0.015772870662460567,0.03470031545741325,0.0,0.006309148264984227,0.0,0.0,0.0,0.0,0.0,0.0,0.0,0.0,0.0,0.0,0.0,0.0,0.0,0.0,0.0,0.0,0.0,0.0,0.0,0.0,0.0,0.0,0.0,0.0,0.0,0.0,0.0,0.0,0.0,0.0,0.0,0.0,0.0,0.0,0.0,0.0,0.0,0.0,0.0,0.0,0.0,0.0,0.0,0.0,0.0,0.0,0.0,0.0,0.0,0.0,0.0,0.0,0.0,0.0,0.0,0.0,0.0,0.0,0.0,0.0,0.0,0.0,0.0,0.0,0.0,0.0,0.0,0.0,0.0,0.0,0.0,0.0,0.0,0.0,0.0,0.0,0.0,0.0,0.0,0.0
149,149.0,37.0,0.0,0.0,0.0,0.0,0.0,0.0,0.0,0.0,0.0,0.0,0.0,0.0,0.0,0.0,0.0,1.0,0.0,0.0,0.0,0.0,0.0,0.0,0.0,0.0,0.0,0.0,0.0,0.0,0.0,0.0,0.0,0.0,0.0,0.0,0.0,0.0,0.0,0.0,0.0,0.0,0.0,0.0,0.0,0.0,0.0,0.0,0.0,0.0,0.0,0.0,0.0,0.0,0.0,0.0,0.0,0.0,0.0,0.0,0.0,0.0,0.0,0.0,0.0,0.0,0.0,0.0,0.0,0.0,0.0,0.0,0.0,1.0,1.0,1.0,0.0,1.0,0.0,1.0,0.0,1.0,1.0,0.0,0.0,0.0,0.0,0.0,0.0,0.0,0.0,0.0,0.0,0.0,0.0,0.0,0.0,0.0,0.0,0.0,0.0,0.0,0.0,0.0,0.0,0.0,0.0,0.0,0.0,0.0,0.0,0.0,0.0,0.0,0.0,0.0,0.0,0.0,0.0,0.0,0.0,0.0,0.0
150,150.0,401.0,0.0,0.32917705735660846,1.0,1.0,1.0,0.0,0.0,0.1396508728179551,0.0,0.0,0.0024937655860349127,0.0,0.0,0.0,0.0,0.0,0.0,0.0,0.0,0.0,0.0,0.004987531172069825,0.0199501246882793,0.022443890274314215,0.014962593516209476,0.017456359102244388,0.017456359102244388,0.0199501246882793,0.014962593516209476,0.0199501246882793,0.0199501246882793,0.014962593516209476,0.02493765586034913,0.012468827930174564,0.0,0.004987531172069825,0.007481296758104738,0.007481296758104738,0.014962593516209476,0.0,0.0024937655860349127,0.0,0.0,0.0,0.0,0.0,0.0,0.0,0.0,0.0,0.0,0.0,0.0,0.0,0.0,0.0,0.0,0.0,0.0,0.0,0.0,0.0,0.0,0.0,0.0,0.0,0.0,0.0,0.0,0.0,0.0,0.0,0.0,0.0,0.0,0.0,0.0,0.0,0.0,0.0,0.0,0.0,0.0,0.0,0.0,0.0,0.0,0.0,0.0024937655860349127,0.0,0.0,0.0,0.0,0.0,0.0,0.0,0.0,0.0,0.0,0.0,0.0,0.0,0.0,0.0,0.0,0.0,0.0,0.0024937655860349127,0.0,0.0,0.0,0.0,0.0,0.0,0.0,0.0,0.0,0.0,0.0,0.0024937655860349127,0.0
151,151.0,870.0,0.0,0.0,0.0,0.0,0.0,1.0,1.0,0.11264367816091954,0.10689655172413792,0.0,0.0,0.0,0.0,0.0,0.0,0.0,0.0,0.0,0.0,0.0,0.0,0.0,0.01264367816091954,0.008045977011494253,0.004597701149425287,0.008045977011494253,0.013793103448275862,0.01264367816091954,0.0034482758620689655,0.010344827586206896,0.005747126436781609,0.008045977011494253,0.011494252873563218,0.006896551724137931,0.0,0.0034482758620689655,0.0022988505747126436,0.004597701149425287,0.005747126436781609,0.0022988505747126436,0.004597701149425287,0.0,0.0,0.0,0.0011494252873563218,0.0,0.0,0.0,0.0,0.0,0.0,0.0,0.0,0.0,0.0,0.0,0.0,0.0,0.0,0.0,0.0,0.0,0.0,0.0,0.0,0.0011494252873563218,0.0,0.0,0.0,0.0,0.0,0.0,0.0,0.0,0.0,0.0,0.0,0.0,0.0,0.0,0.0,0.0,0.0,0.0,0.0,0.0,0.0,0.0,0.0,0.0,0.0,0.0,0.0,0.0,0.0,0.0,0.0,0.0,0.0,0.0,0.0,0.0,0.0,0.0,0.0,0.0,0.0,0.0,0.0,0.0,0.0,0.0,0.0,0.0,0.0,0.0,0.0,0.0,0.0,0.0,0.0
152,152.0,198.0,0.0,0.0,1.0,1.0,1.0,0.0,1.0,0.3080808080808081,0.0,0.0,0.0,0.005050505050505051,0.0,0.0,0.0,0.0,0.0,0.0,0.0,0.0,0.0,0.005050505050505051,0.04040404040404041,0.020202020202020204,0.020202020202020204,0.04040404040404041,0.020202020202020204,0.025252525252525256,0.010101010101010102,0.025252525252525256,0.04040404040404041,0.045454545454545456,0.010101010101010102,0.030303030303030304,0.005050505050505051,0.020202020202020204,0.015151515151515152,0.015151515151515152,0.025252525252525256,0.005050505050505051,0.0,0.0,0.0,0.0,0.0,0.0,0.0,0.0,0.0,0.0,0.0,0.0,0.0,0.0,0.0,0.0,0.0,0.0,0.0,0.0,0.0,0.0,0.0,0.0,0.0,0.0,0.0,0.0,0.0,0.0,0.0,0.0,0.0,0.0,0.0,0.0,0.0,0.0,0.0,0.0,0.0,0.0,0.0,0.0,0.0,0.0,0.0,0.0,0.0,0.0,0.0,0.0,0.0,0.0,0.0,0.0,0.0,0.0,0.0,0.0,0.0,0.0,0.0,0.0,0.0,0.0,0.0,0.0,0.0,0.0,0.0,0.0,0.0,0.0,0.0,0.0,0.0,0.0,0.0,0.0,0.0
153,153.0,240.0,0.0,1.0,0.2583333333333333,0.2375,0.0,0.0,1.0,0.11666666666666667,1.0,0.0,0.0,0.0,0.0,0.0,0.0,0.0,0.0,0.0,0.0,0.0,0.0,0.004166666666666667,0.0125,0.03333333333333333,0.029166666666666667,0.008333333333333333,0.016666666666666666,0.0125,0.029166666666666667,0.029166666666666667,0.020833333333333332,0.03333333333333333,0.020833333333333332,0.004166666666666667,0.0,0.020833333333333332,0.0125,0.004166666666666667,0.0125,0.0,0.004166666666666667,0.0,0.0,0.0,0.0,0.0,0.0,0.0,0.0,0.0,0.0,0.0,0.0,0.0,0.0,0.0,0.0,0.0,0.0,0.0,0.0,0.0,0.0,0.0,0.0,0.0,0.0,0.0,0.0,0.0,0.0,0.0,0.0,0.0,0.0,0.0,0.0,0.0,0.0,0.0,0.0,0.0,0.0,0.0,0.0,0.0,0.0,0.0,0.0,0.0,0.0,0.0,0.0,0.0,0.0,0.0,0.0,0.0,0.0,0.0,0.0,0.0,0.0,0.0,0.0,0.0,0.0,0.0,0.0,0.0,0.0,0.0,0.0,0.0,0.0,0.0,0.0,0.0,0.0,0.0,0.0
154,154.0,1004.0,0.0,1.0,0.0,0.0,0.1743027888446215,1.0,0.0,0.0,0.08764940239043825,0.0,0.0,0.0,0.0,0.0,0.0,0.0,0.0,0.0,0.0,0.0,0.0,0.00099601593625498,0.013944223107569721,0.0099601593625498,0.00796812749003984,0.0099601593625498,0.00896414342629482,0.0049800796812749,0.01195219123505976,0.0069721115537848604,0.00796812749003984,0.010956175298804782,0.00398406374501992,0.00597609561752988,0.0,0.00896414342629482,0.00597609561752988,0.00199203187250996,0.00298804780876494,0.00298804780876494,0.00398406374501992,0.0,0.0,0.0,0.0,0.0,0.0,0.0,0.0,0.0,0.0,0.0,0.0,0.0,0.0,0.0,0.0,0.0,0.0,0.0,0.0,0.0,0.0,0.0,0.0,0.00199203187250996,0.0,0.0,0.0,0.0,0.0,0.0,0.0,0.0,0.0,0.0,0.00099601593625498,0.0,0.0,0.0,0.0,0.0,0.0,0.0,0.0,0.0,0.0,0.0,0.0,0.0,0.0,0.0,0.0,0.0,0.0,0.0,0.0,0.0,0.0,0.0,0.0,0.0,0.0,0.0,0.0,0.0,0.0,0.0,0.0,0.0,0.0,0.0,0.0,0.0,0.0,0.0,0.0,0.0,0.0,0.0,0.0
155,155.0,196.0,0.0,0.4540816326530612,0.0,0.9999999999999999,0.9999999999999999,0.0,0.0,0.1173469387755102,0.9999999999999999,0.0,0.0,0.0,0.0,0.0,0.0,0.0,0.0,0.0,0.0,0.0,0.0,0.00510204081632653,0.03571428571428571,0.02040816326530612,0.015306122448979591,0.015306122448979591,0.02551020408163265,0.04081632653061224,0.02551020408163265,0.01020408163265306,0.015306122448979591,0.015306122448979591,0.02551020408163265,0.02551020408163265,0.0,0.01020408163265306,0.01020408163265306,0.01020408163265306,0.015306122448979591,0.0,0.0,0.0,0.0,0.0,0.0,0.0,0.0,0.0,0.0,0.0,0.0,0.0,0.0,0.0,0.0,0.0,0.0,0.0,0.0,0.0,0.0,0.0,0.0,0.0,0.0,0.0,0.0,0.0,0.0,0.0,0.0,0.0,0.0,0.0,0.0,0.0,0.0,0.0,0.0,0.0,0.0,0.0,0.0,0.0,0.0,0.0,0.0,0.0,0.0,0.0,0.0,0.0,0.0,0.0,0.0,0.0,0.0,0.0,0.0,0.0,0.0,0.0,0.0,0.0,0.0,0.0,0.0,0.0,0.0,0.0,0.0,0.0,0.0,0.0,0.0,0.0,0.0,0.0,0.0,0.0,0.0
156,156.0,278.0,0.0,0.8165467625899281,0.8057553956834533,1.0,1.0,1.0,0.0,1.0,1.0,0.0,0.0,0.0,0.0,0.0,0.0,0.0,0.0,0.0,0.0,0.0,0.0,0.0035971223021582736,0.03597122302158273,0.03597122302158273,0.03237410071942446,0.03956834532374101,0.03597122302158273,0.07194244604316546,0.04316546762589928,0.02877697841726619,0.03237410071942446,0.046762589928057555,0.02877697841726619,0.02877697841726619,0.0,0.03237410071942446,0.02158273381294964,0.046762589928057555,0.02158273381294964,0.0035971223021582736,0.007194244604316547,0.0,0.0,0.0,0.0,0.0,0.0,0.0,0.0,0.0,0.0,0.0,0.0,0.0,0.0,0.0,0.0,0.0,0.0,0.0,0.0,0.0,0.0,0.0,0.0,0.0,0.0,0.0,0.0,0.0,0.0,0.0,0.0,0.0,0.0,0.0,0.0,0.0,0.0,0.0,0.0,0.0,0.0,0.0,0.0,0.0,0.0,0.0,0.0,0.0,0.0,0.0,0.0,0.0,0.0,0.0,0.0,0.0,0.0,0.0,0.0,0.0,0.0,0.0,0.0,0.0,0.0,0.0,0.0,0.0,0.0,0.0,0.0,0.0,0.0,0.0,0.0,0.0,0.0,0.0,0.0
157,157.0,324.0,0.0,0.0,0.0,1.0,0.0,1.0,1.0,0.15432098765432098,0.2222222222222222,0.0,0.0,0.0,0.0,0.0,0.0,0.0,0.0,0.0,0.0,0.0,0.0,0.0,0.021604938271604937,0.024691358024691357,0.021604938271604937,0.009259259259259259,0.030864197530864196,0.015432098765432098,0.012345679012345678,0.0030864197530864196,0.012345679012345678,0.012345679012345678,0.015432098765432098,0.009259259259259259,0.0,0.009259259259259259,0.0,0.009259259259259259,0.024691358024691357,0.0,0.006172839506172839,0.0,0.0,0.0,0.0,0.0,0.0,0.0,0.0,0.0,0.0,0.0,0.0,0.0,0.0,0.0,0.0,0.0,0.0,0.0,0.0,0.0,0.0,0.0,0.0,0.0,0.0,0.0,0.0,0.0,0.0,0.0,0.0,0.0,0.0,0.0,0.0,0.0,0.0,0.0,0.0,0.0,0.0,0.0,0.0,0.0,0.0,0.0,0.0,0.0,0.0,0.0,0.0,0.0,0.0,0.0,0.0,0.0,0.0,0.0,0.0,0.0,0.0,0.0,0.0,0.0,0.0,0.0,0.0,0.0,0.0,0.0,0.0,0.0,0.0,0.0,0.0,0.0,0.0,0.0,0.0
158,158.0,137.0,0.0,0.9705882352941176,0.9926470588235294,0.9705882352941176,0.9926470588235294,0.9926470588235294,0.9779411764705882,0.9338235294117647,0.9117647058823529,0.0,0.0,0.0,0.0,0.0,0.0,0.0,0.0,0.0,0.0,0.0,0.0,0.0,0.16176470588235295,0.21323529411764705,1.0,0.16176470588235295,0.1764705882352941,0.1323529411764706,0.0,0.125,0.16176470588235295,0.07352941176470588,1.0,0.125,0.0,0.08823529411764705,0.0661764705882353,0.0661764705882353,0.15441176470588236,0.0,0.0,0.0,0.0,0.0,0.0,0.0,0.0,0.0,0.0,0.0,0.0,0.0,0.0,0.0,0.0,0.0,0.0,0.0,0.0,0.0,0.0,0.0,0.0,0.0,0.0,0.0,0.0,0.0,0.0,0.0,0.0,0.0,0.0,0.0,0.0,0.0,0.0,0.0,0.0,0.0,0.0,0.0,0.0,0.0,0.0,0.0,0.0,0.0,0.0,0.0,0.0,0.0,0.0,0.0,0.0,0.0,0.0,0.0,0.0,0.0,0.007352941176470588,0.0,0.0,0.0,0.0,0.0,0.0,0.0,0.0,0.0,0.0,0.0,0.0,0.0,0.0,0.0,0.0,0.0,0.0,0.0,0.0
159,159.0,544.0,0.0,1.0,1.0,1.0,1.0,1.0,1.0,0.0,1.0,0.0,0.0,0.0,0.0,0.0,0.0,0.001838235294117647,0.0,0.0,0.0,0.0,0.0,0.0,0.06985294117647059,0.0625,0.0,0.07169117647058823,0.0661764705882353,0.0625,0.0,0.0,0.044117647058823525,0.07904411764705882,0.04595588235294117,0.07904411764705882,0.0,0.02022058823529412,0.04595588235294117,0.0,0.0,0.0,0.003676470588235294,0.0,0.0,0.0,0.0,0.001838235294117647,0.0,0.0,0.0,0.0,0.0,0.0,0.0,0.0,0.0,0.0,0.0,0.0,0.0,0.0,0.0,0.0,0.0,0.0,0.0,0.0,0.0,0.0,0.0,0.0,0.0,0.0,0.0,0.0,0.0,0.0,0.0,0.0,0.0,0.0,0.0,0.0,0.0,0.001838235294117647,0.0,0.0,0.0,0.0,0.0,0.0,0.0,0.0,0.0,0.0,0.0,0.0,0.0,0.0,0.0,0.0,0.0,0.0,0.0,0.0,0.0,0.0,0.0,0.0,0.0,0.0,0.0,0.0,0.0,0.0,0.0,0.0,0.0,0.0,0.0,0.0,0.0
160,160.0,157.0,0.0,1.0,0.6369426751592357,0.0,0.0,0.7898089171974523,0.6560509554140128,1.0,1.0,0.0,0.0,0.0,0.0,0.0,0.0,0.0,0.0,0.0,0.0,0.0,0.0,0.0,0.038216560509554146,0.07006369426751592,0.025477707006369428,0.03184713375796178,0.025477707006369428,0.019108280254777073,0.025477707006369428,0.012738853503184714,0.006369426751592357,0.03184713375796178,0.019108280254777073,0.019108280254777073,0.0,0.006369426751592357,0.019108280254777073,0.019108280254777073,0.019108280254777073,0.0,0.0,0.0,0.0,0.0,0.0,0.0,0.0,0.0,0.0,0.0,0.0,0.0,0.0,0.0,0.0,0.0,0.0,0.0,0.0,0.0,0.0,0.0,0.0,0.0,0.0,0.0,0.0,0.0,0.0,0.0,0.0,0.0,0.0,0.0,0.0,0.0,0.0,0.0,0.0,0.0,0.0,0.0,0.0,0.0,0.0,0.0,0.0,0.0,0.0,0.0,0.0,0.0,0.0,0.0,0.0,0.0,0.0,0.0,0.0,0.0,0.0,0.0,0.0,0.0,0.0,0.0,0.0,0.0,0.0,0.0,0.0,0.0,0.0,0.0,0.0,0.0,0.0,0.0,0.0,0.0,0.0
161,161.0,121.0,0.0,0.8760330578512396,0.9917355371900827,0.8842975206611571,0.9338842975206612,0.8842975206611571,0.9090909090909092,0.0,0.9834710743801653,0.0,0.0,0.0,0.0,0.0,0.0,0.008264462809917356,0.0,0.0,0.0,0.0,0.0,0.0,0.05785123966942149,0.09090909090909091,0.09090909090909091,0.1487603305785124,0.0743801652892562,0.09090909090909091,1.0,0.05785123966942149,0.049586776859504134,0.06611570247933884,0.0743801652892562,0.0743801652892562,0.0,0.04132231404958678,0.06611570247933884,0.0,0.0,0.0,0.0,0.0,0.0,0.0,0.0,0.0,0.0,0.0,0.0,0.0,0.0,0.0,0.0,0.0,0.0,0.0,0.0,0.0,0.0,0.0,0.0,0.0,0.0,0.0,0.0,0.0,0.0,0.0,0.0,0.0,0.0,0.0,0.0,0.0,0.0,0.0,0.0,0.0,0.0,0.0,0.0,0.0,0.0,0.0,0.0,0.0,0.0,0.0,0.0,0.0,0.0,0.0,0.0,0.0,0.0,0.0,0.0,0.0,0.0,0.0,0.0,0.0,0.0,0.0,0.0,0.0,0.0,0.0,0.0,0.0,0.0,0.0,0.0,0.0,0.0,0.0,0.0,0.0,0.0,0.0,0.0
162,162.0,211.0,0.0,1.0,1.0,1.0,1.0,0.6919431279620853,0.0,0.0,1.0,0.0,0.0,0.0,0.0,0.0,0.0,0.0,0.0,0.0,0.0,0.0,0.0,0.0,0.05213270142180095,0.05687203791469195,0.047393364928909956,0.03317535545023697,0.05687203791469195,0.047393364928909956,0.018957345971563982,0.014218009478672987,0.05213270142180095,0.047393364928909956,0.018957345971563982,0.037914691943127965,0.0,0.03317535545023697,0.028436018957345974,0.004739336492890996,0.004739336492890996,0.004739336492890996,0.004739336492890996,0.0,0.0,0.0,0.0,0.0,0.0,0.0,0.0,0.0,0.0,0.0,0.0,0.0,0.0,0.0,0.0,0.0,0.0,0.0,0.0,0.0,0.0,0.0,0.0,0.0,0.0,0.0,0.0,0.0,0.0,0.0,0.0,0.0,0.0,0.0,0.0,0.0,0.0,0.0,0.0,0.0,0.0,0.0,0.0,0.0,0.0,0.0,0.0,0.0,0.0,0.0,0.0,0.0,0.0,0.0,0.0,0.0,0.0,0.0,0.0,0.0,0.0,0.0,0.0,0.0,0.0,0.0,0.0,0.0,0.0,0.0,0.0,0.0,0.0,0.0,0.0,0.0,0.0,0.0,0.0
163,163.0,144.0,0.0,0.0,0.0,0.0,0.0,0.0,0.0,0.0,0.0,0.923611111111111,0.9513888888888888,0.736111111111111,0.9583333333333333,0.8888888888888888,0.7916666666666666,0.2638888888888889,0.7708333333333333,0.9652777777777777,0.22916666666666666,0.9513888888888888,0.24305555555555555,0.0,0.0,0.0,0.0,0.0,0.0,0.0,0.0,0.0,0.0,0.0,0.0,0.0,0.0,0.0,0.0,0.0,0.0,0.0,0.0,0.0,0.0,0.0,0.0,0.0,0.0,0.0,0.0,0.0,0.0,0.0,0.0,0.0,0.0,0.0,0.0,0.0,0.0,0.0,0.0,0.0,0.0,0.0,0.0,0.0,0.0,0.006944444444444444,0.0,0.0,0.0,0.0,0.0,0.0,0.0,0.0,0.0,0.0,0.0,0.0,0.0,0.0,0.0,0.0,0.0,0.0,0.0,0.0,0.0,0.0,0.0,0.0,0.0,0.0,0.0,0.0,0.0,0.0,0.0,0.0,0.0,0.0,0.0,0.0,0.0,0.0,0.0,0.0,0.0,0.0,0.0,0.0,0.0,0.0,0.0,0.0,0.0,0.0,0.0,0.0,0.0
164,164.0,165.0,0.0,0.0,0.19393939393939394,0.14545454545454545,1.0,0.15757575757575756,0.17575757575757575,1.0,1.0,0.0,0.0,0.0,0.0,0.0,0.0,0.0,0.0,0.0,0.0,0.0,0.0,0.0,0.03636363636363636,0.024242424242424242,0.006060606060606061,0.024242424242424242,0.01818181818181818,0.01818181818181818,0.030303030303030304,0.012121212121212121,0.012121212121212121,0.012121212121212121,0.01818181818181818,0.0,0.0,0.01818181818181818,0.0,0.0,0.012121212121212121,0.006060606060606061,0.012121212121212121,0.0,0.0,0.0,0.0,0.0,0.0,0.0,0.0,0.0,0.0,0.0,0.0,0.0,0.0,0.0,0.0,0.0,0.0,0.0,0.0,0.0,0.0,0.0,0.0,0.0,0.0,0.0,0.0,0.0,0.0,0.0,0.0,0.0,0.0,0.0,0.0,0.0,0.0,0.0,0.0,0.0,0.0,0.0,0.0,0.0,0.0,0.0,0.0,0.0,0.0,0.0,0.0,0.0,0.0,0.0,0.0,0.0,0.0,0.0,0.0,0.0,0.0,0.0,0.0,0.0,0.0,0.0,0.0,0.0,0.0,0.0,0.0,0.0,0.0,0.0,0.0,0.0,0.0,0.0,0.0
165,165.0,383.0,0.0,0.0,1.0,1.0,0.0,1.0,0.36553524804177545,0.0,0.0,0.0,0.0026109660574412533,0.005221932114882507,0.0,0.0,0.0,0.0,0.0,0.0,0.0,0.0,0.0,0.00783289817232376,0.018276762402088774,0.02610966057441253,0.013054830287206266,0.018276762402088774,0.013054830287206266,0.020887728459530026,0.028720626631853787,0.020887728459530026,0.020887728459530026,0.02349869451697128,0.013054830287206266,0.02610966057441253,0.0026109660574412533,0.00783289817232376,0.013054830287206266,0.0026109660574412533,0.0,0.0,0.0026109660574412533,0.0,0.0,0.0,0.005221932114882507,0.0,0.0,0.0,0.0,0.0,0.0,0.0026109660574412533,0.0,0.0,0.0,0.0,0.0,0.0,0.0,0.0,0.0,0.0,0.0,0.0,0.0,0.0,0.0,0.0,0.0,0.0,0.0,0.0,0.0,0.0,0.0,0.0,0.0,0.0,0.0,0.0,0.0,0.0,0.0,0.0,0.0,0.0,0.0,0.0,0.0,0.0,0.0,0.0,0.0,0.0,0.0,0.0,0.0,0.0,0.0,0.0,0.0,0.0026109660574412533,0.0,0.0,0.0,0.0,0.0,0.0,0.0,0.0,0.0,0.0,0.0,0.0,0.0,0.0,0.0,0.0,0.0,0.0,0.0
166,166.0,696.0,0.0,1.0,0.0,0.0,1.0,0.0,0.0,0.0,0.0,0.0,0.0,0.0,0.0,0.0,0.0,0.0,0.0,0.0,0.0,0.0,0.0,0.005747126436781609,0.008620689655172414,0.011494252873563218,0.008620689655172414,0.004310344827586207,0.010057471264367816,0.007183908045977011,0.004310344827586207,0.007183908045977011,0.010057471264367816,0.0014367816091954023,0.010057471264367816,0.011494252873563218,0.0014367816091954023,0.0028735632183908046,0.004310344827586207,0.004310344827586207,0.0028735632183908046,0.0,0.005747126436781609,0.0,0.0,0.0,0.0014367816091954023,0.0,0.0,0.0,0.0,0.0,0.0,0.0,0.0,0.0,0.0,0.0,0.0,0.0,0.0,0.0,0.0,0.0,0.0,0.0,0.0,0.0,0.0,0.0,0.0,0.0,0.0,0.0,0.0,0.0,0.0,0.0,0.0,0.0,0.0,0.0,0.0,0.0,0.0,0.0,0.0,0.0,0.0,0.0,0.0,0.0,0.0,0.0,0.0,0.0,0.0,0.0,0.0,0.0,0.0,0.0,0.0,0.0,0.0,0.0,0.0,0.0,0.0,0.0,0.0,0.0,0.0,0.0,0.0,0.0,0.0,0.0,0.0,0.0,0.0,0.0,0.0
167,167.0,77.0,0.0,1.0,1.0,1.0,1.0,1.0,1.0,1.0,0.9870129870129871,0.0,0.0,0.0,0.0,0.0,0.0,0.0,0.0,0.0,0.0,0.0,0.0,0.0,0.2077922077922078,0.16883116883116883,0.48051948051948057,0.24675324675324678,0.48051948051948057,0.4415584415584416,0.7272727272727273,0.8441558441558442,0.09090909090909091,0.12987012987012989,0.3116883116883117,0.1038961038961039,0.0,0.2207792207792208,0.7012987012987013,0.8701298701298702,0.14285714285714288,0.0,0.0,0.0,0.0,0.0,0.0,0.0,0.0,0.0,0.0,0.0,0.0,0.0,0.0,0.0,0.0,0.0,0.0,0.0,0.0,0.0,0.0,0.0,0.0,0.0,0.0,0.0,0.0,0.0,0.0,0.0,0.0,0.0,0.0,0.0,0.0,0.0,0.0,0.0,0.0,0.0,0.0,0.0,0.0,0.0,0.0,0.0,0.0,0.0,0.0,0.0,0.0,0.0,0.0,0.0,0.0,0.0,0.0,0.0,0.0,0.0,0.0,0.0,0.0,0.0,0.0,0.0,0.0,0.0,0.0,0.0,0.0,0.0,0.0,0.0,0.0,0.0,0.0,0.0,0.0,0.0,0.0
168,168.0,75.0,0.0,0.9866666666666667,1.0,0.8133333333333334,0.7733333333333334,0.8266666666666668,0.6666666666666667,0.0,0.0,0.0,0.0,0.0,0.0,0.0,0.0,0.0,0.0,0.0,0.0,0.0,0.0,0.0,0.09333333333333334,0.12000000000000001,0.05333333333333334,0.06666666666666667,0.04,1.0,0.013333333333333334,0.05333333333333334,0.05333333333333334,0.013333333333333334,0.09333333333333334,0.06666666666666667,0.0,0.013333333333333334,0.013333333333333334,0.0,0.04,0.013333333333333334,0.0,0.0,0.0,0.0,0.013333333333333334,0.0,0.0,0.0,0.0,0.0,0.0,0.0,0.0,0.0,0.0,0.0,0.0,0.0,0.0,0.0,0.0,0.0,0.0,0.0,0.0,0.013333333333333334,0.0,0.0,0.0,0.0,0.0,0.0,0.0,0.0,0.0,0.0,0.0,0.0,0.0,0.0,0.0,0.0,0.0,0.0,0.0,0.0,0.0,0.0,0.0,0.0,0.0,0.0,0.0,0.0,0.0,0.0,0.0,0.0,0.0,0.0,0.013333333333333334,0.0,0.0,0.0,0.0,0.0,0.0,0.0,0.0,0.0,0.0,0.0,0.0,0.0,0.0,0.0,0.0,0.0,0.0,0.0,0.0
169,169.0,90.0,0.0,0.16666666666666669,0.0,0.2,0.0,0.0,0.2888888888888889,0.1,0.15555555555555556,0.0,0.0,0.0,0.0,0.0,0.0,0.0,0.0,0.0,0.0,0.0,0.0,0.0,1.0,0.022222222222222223,0.011111111111111112,0.022222222222222223,0.022222222222222223,0.011111111111111112,0.0,0.022222222222222223,0.0,0.0,0.0,0.011111111111111112,0.0,0.0,0.0,0.011111111111111112,0.0,0.0,0.0,0.0,0.0,0.0,0.0,0.0,0.0,0.0,0.0,0.0,0.0,0.0,0.0,0.0,0.0,0.0,0.0,0.0,0.0,0.0,0.0,0.0,0.0,0.0,0.0,0.0,0.0,0.0,0.0,0.0,0.0,0.0,0.0,0.0,0.0,0.0,0.0,0.0,0.0,0.0,0.0,0.0,0.0,0.0,0.0,0.0,0.0,0.0,0.0,0.0,0.0,0.0,0.0,0.0,0.0,0.0,0.0,0.0,0.0,0.0,0.011111111111111112,0.0,0.0,0.0,0.0,0.0,0.0,0.0,0.0,0.0,0.0,0.0,0.0,0.0,0.0,0.0,0.0,0.0,0.0,0.0,0.0
170,170.0,119.0,0.0,0.09243697478991596,0.15126050420168066,0.12605042016806722,0.08403361344537814,0.0,0.226890756302521,0.058823529411764705,0.14285714285714285,0.0,0.0,0.0,0.0,0.0,0.0,0.0,0.0,0.0,0.0,0.0,0.0,0.008403361344537815,0.008403361344537815,0.0,0.01680672268907563,0.025210084033613446,0.008403361344537815,0.01680672268907563,0.01680672268907563,0.025210084033613446,0.0,0.0,1.0,0.0,0.0,0.0,0.0,0.008403361344537815,0.0,0.0,0.0,0.0,0.0,0.0,0.0,0.0,0.0,0.0,0.0,0.0,0.0,0.0,0.0,0.0,0.0,0.0,0.0,0.0,0.0,0.0,0.0,0.0,0.0,0.0,0.0,0.0,0.0,0.008403361344537815,0.0,0.0,0.0,0.0,0.0,0.0,0.0,0.0,0.0,0.0,0.0,0.0,0.0,0.0,0.0,0.0,0.0,0.008403361344537815,0.0,0.0,0.0,0.0,0.0,0.0,0.0,0.0,0.0,0.0,0.0,0.0,0.0,0.0,0.03361344537815126,0.0,0.0,0.0,0.0,0.0,0.0,0.0,0.0,0.0,0.0,0.0,0.0,0.0,0.0,0.0,0.0,0.0,0.0,0.0,0.0
171,171.0,270.0,0.0,0.0,0.0,0.0,0.0,0.0,0.0,0.0,0.0,0.9925925925925926,0.8851851851851852,0.003703703703703704,0.0,0.003703703703703704,0.0,0.0,0.0,0.0,0.0,0.0,0.0,0.003703703703703704,0.0,0.0,0.0,0.0,0.0,0.0,0.0,0.0,0.0,0.0,0.0,0.0,0.0,0.0,0.0,0.0,0.0,0.0,0.0,0.0,0.0,0.0,0.0,0.0,0.0,0.0,1.0,0.0,0.0,0.0,0.0,0.0,0.0,0.0,0.0,0.0,0.0,0.0,0.0,0.0,0.0,0.0,0.0,0.0,0.0,0.0,0.0,0.0,0.0,0.0,0.0,0.0,0.0,0.0,0.0,0.0,0.0,0.0,0.0,0.0,0.0,0.0,0.0,0.0,0.0,0.0,0.0,0.0,0.0,0.0,0.0,0.0,0.0,0.0,0.0,0.0,0.0,0.0,0.0,0.0,0.0,0.0,0.0,0.0,0.0,0.0,0.0,0.0,0.0,0.0,0.0,0.0,0.0,0.0,0.0,0.0,0.0,0.0,0.0
172,172.0,76.0,0.0,0.8831168831168832,0.9480519480519481,0.9220779220779222,0.8961038961038962,0.9220779220779222,0.9350649350649352,0.0,0.8571428571428572,0.0,0.0,0.0,0.0,0.0,0.0,0.0,0.0,0.0,0.0,0.0,0.0,0.0,0.03896103896103896,0.09090909090909091,0.05194805194805195,0.05194805194805195,0.05194805194805195,0.025974025974025976,0.07792207792207792,0.0,0.05194805194805195,0.03896103896103896,0.09090909090909091,0.1168831168831169,0.0,0.03896103896103896,0.025974025974025976,0.012987012987012988,1.0,0.0,0.0,0.0,0.0,0.0,0.012987012987012988,0.0,0.0,0.0,0.0,0.0,0.0,0.0,0.0,0.0,0.0,0.0,0.0,0.0,0.0,0.0,0.0,0.0,0.0,0.0,0.0,0.0,0.0,0.0,0.0,0.0,0.0,0.0,0.0,0.0,0.0,0.0,0.0,0.0,0.0,0.0,0.0,0.0,0.0,0.0,0.0,0.0,0.0,0.0,0.0,0.0,0.0,0.0,0.0,0.0,0.0,0.0,0.0,0.0,0.0,0.0,0.0,0.0,0.0,0.0,0.0,0.0,0.0,0.0,0.0,0.0,0.0,0.0,0.0,0.0,0.0,0.0,0.0,0.0,0.0,0.0,0.0
173,173.0,190.0,0.0,1.0,1.0,0.6684210526315789,0.0,1.0,1.0,0.0,1.0,0.0,0.005263157894736842,0.0,0.0,0.0,0.0,0.0,0.0,0.0,0.0,0.0,0.0,0.0,0.042105263157894736,0.031578947368421054,0.04736842105263158,0.021052631578947368,0.021052631578947368,0.03684210526315789,0.010526315789473684,0.005263157894736842,0.03684210526315789,0.05789473684210526,0.031578947368421054,0.05789473684210526,0.0,0.010526315789473684,0.02631578947368421,0.010526315789473684,0.0,0.0,0.0,0.0,0.0,0.0,0.0,0.0,0.0,0.0,0.0,0.0,0.0,0.0,0.0,0.0,0.0,0.0,0.0,0.0,0.0,0.0,0.0,0.0,0.0,0.0,0.0,0.0,0.0,0.0,0.0,0.0,0.0,0.0,0.0,0.0,0.0,0.0,0.0,0.0,0.0,0.0,0.0,0.0,0.0,0.0,0.0,0.0,0.0,0.0,0.0,0.0,0.0,0.0,0.0,0.0,0.0,0.0,0.0,0.0,0.0,0.0,0.0,0.0,0.0,0.0,0.0,0.0,0.0,0.0,0.0,0.0,0.0,0.0,0.0,0.0,0.0,0.0,0.0,0.0,0.0,0.0,0.0
174,174.0,102.0,0.0,0.9999999999999999,0.9999999999999999,0.9999999999999999,0.9999999999999999,0.9999999999999999,0.9999999999999999,0.9999999999999999,0.9999999999999999,0.0,0.0,0.0,0.0,0.0,0.0,0.0,0.0,0.0,0.0,0.0,0.0,0.0,0.9029126213592232,0.9417475728155339,0.8834951456310679,0.8640776699029126,0.8349514563106796,0.7572815533980581,0.7961165048543689,0.9805825242718446,0.6213592233009708,0.7669902912621358,0.7378640776699028,0.27184466019417475,0.0,0.4077669902912621,0.3689320388349514,0.9223300970873786,0.2815533980582524,0.0,0.009708737864077669,0.0,0.0,0.0,0.0,0.0,0.0,0.0,0.0,0.0,0.0,0.0,0.0,0.0,0.0,0.0,0.0,0.0,0.0,0.0,0.0,0.0,0.0,0.0,0.0,0.0,0.0,0.0,0.0,0.0,0.0,0.0,0.0,0.0,0.0,0.0,0.0,0.0,0.0,0.0,0.0,0.0,0.0,0.0,0.0,0.0,0.0,0.0,0.0,0.0,0.0,0.0,0.0,0.0,0.0,0.0,0.0,0.0,0.0,0.0,0.0,0.0,0.0,0.0,0.0,0.0,0.0,0.0,0.0,0.0,0.0,0.0,0.0,0.0,0.0,0.0,0.0,0.0,0.0,0.0,0.0
175,175.0,346.0,0.0,0.9682080924855491,0.9797687861271676,0.9566473988439306,0.9739884393063584,0.9710982658959537,0.9855491329479769,1.0,0.8872832369942196,0.002890173410404624,0.002890173410404624,0.002890173410404624,0.0,0.0,0.0,0.0,0.0,0.0,0.0,0.0,0.0,0.0,0.08092485549132948,0.09826589595375722,0.0,0.12138728323699421,0.10693641618497109,0.12716763005780346,0.002890173410404624,1.0,0.0,0.11271676300578035,0.07514450867052022,0.0,0.0,0.06936416184971098,0.08092485549132948,0.05202312138728323,0.08670520231213873,0.0,0.002890173410404624,0.0,0.0,0.0,0.005780346820809248,0.0,0.0,0.0,0.0,0.0,0.0,0.002890173410404624,0.0,0.0,0.0,0.0,0.0,0.0,0.0,0.0,0.0,0.0,0.0,0.0,0.0,0.0,0.0,0.0,0.0,0.0,0.0,0.0,0.0,0.0,0.0,0.0,0.0,0.0,0.0,0.0,0.0,0.0,0.0,0.0,0.0,0.0,0.0,0.0,0.0,0.0,0.0,0.0,0.0,0.0,0.0,0.0,0.0,0.0,0.0,0.0,0.0,0.0,0.0,0.0,0.0,0.0,0.0,0.0,0.0,0.0,0.0,0.0,0.0,0.0,0.0,0.0,0.0,0.0,0.0,0.0,0.0
176,176.0,137.0,0.0,0.0,1.0,0.0,0.5985401459854014,1.0,1.0,1.0,0.0,0.0,0.0,0.0,0.0,0.0,0.0,0.0,0.0,0.0,0.0,0.0,0.0,0.0,0.029197080291970802,0.014598540145985401,0.029197080291970802,0.0364963503649635,0.0364963503649635,0.021897810218978103,0.0364963503649635,0.0072992700729927005,0.029197080291970802,0.043795620437956206,0.014598540145985401,0.051094890510948905,0.0,0.014598540145985401,0.0364963503649635,0.0364963503649635,0.014598540145985401,0.0,0.0,0.0,0.0,0.0,0.0072992700729927005,0.0,0.0,0.0,0.0,0.0,0.0,0.0,0.0,0.0,0.0,0.0,0.0,0.0,0.0,0.0,0.0,0.0,0.0,0.0,0.0,0.0,0.0,0.0,0.0,0.0,0.0,0.0,0.0,0.0,0.0,0.0,0.0,0.0,0.0,0.0,0.0,0.0,0.0,0.0,0.0,0.0,0.0,0.0,0.0,0.0,0.0,0.0,0.0,0.0,0.0,0.0,0.0,0.0,0.0,0.0,0.0,0.0,0.0,0.0,0.0,0.0,0.0,0.0,0.0,0.0,0.0,0.0,0.0,0.0,0.0,0.0,0.0,0.0,0.0,0.0,0.0
177,177.0,354.0,0.0,0.011299435028248588,0.005649717514124294,0.014124293785310734,0.002824858757062147,0.014124293785310734,0.01694915254237288,0.0,0.011299435028248588,0.0,0.005649717514124294,0.002824858757062147,0.0,0.0,0.0,0.005649717514124294,0.0,0.0,0.0,0.0,0.0,1.0,0.0,0.0,0.002824858757062147,0.0,0.0,0.0,0.0,0.0,0.002824858757062147,0.0,0.0,0.0,0.005649717514124294,0.0,0.0,0.0,0.0,1.0,0.005649717514124294,0.0,0.0,0.0,0.002824858757062147,0.0,0.0,0.0,0.0,0.0,0.0,0.0,0.0,0.0,0.0,0.0,0.0,0.0,0.0,0.0,0.0,0.0,0.0,0.0,0.0,0.0,0.005649717514124294,0.002824858757062147,0.0,0.0,0.0,0.0,0.0,0.0,0.0,0.0,0.0,0.0,0.0,0.0,0.0,0.0,0.0,0.0,0.0,0.0,0.0,0.0,0.0,0.0,0.0,0.0,0.0,0.0,0.0,0.0,0.0,0.0,0.0,0.0,0.0,0.0,0.0,0.0,0.0,0.0,0.0,0.0,0.0,0.0,0.0,0.0,0.0,0.0,0.0,0.0,0.0,0.0,0.0,0.0,0.0
178,178.0,102.0,0.0,0.9901960784313726,0.9901960784313726,0.9901960784313726,1.0,1.0,0.9901960784313726,0.9901960784313726,0.9901960784313726,0.0,0.0,0.0,0.0,0.0,0.0,0.0,0.0,0.0,0.0,0.0,0.0,0.0,0.00980392156862745,0.18627450980392157,0.5588235294117647,0.5588235294117647,0.7254901960784313,0.2549019607843137,0.049019607843137254,0.20588235294117646,0.09803921568627451,0.8627450980392157,0.19607843137254902,0.09803921568627451,0.0,0.6862745098039216,0.16666666666666666,0.049019607843137254,0.09803921568627451,0.0,0.00980392156862745,0.0,0.0,0.0,0.0,0.0,0.0,0.0,0.0,0.0,0.0,0.0,0.0,0.0,0.0,0.0,0.0,0.0,0.0,0.0,0.0,0.0,0.0,0.0,0.0,0.0,0.0,0.0,0.0,0.0,0.0,0.0,0.0,0.0,0.0,0.0,0.0,0.0,0.0,0.0,0.0,0.0,0.0,0.0,0.0,0.0,0.0,0.0,0.0,0.0,0.0,0.0,0.0,0.0,0.0,0.0,0.0,0.0,0.0,0.0,0.0,0.0,0.0,0.0,0.0,0.0,0.0,0.0,0.0,0.0,0.0,0.0,0.0,0.0,0.0,0.0,0.0,0.0,0.0,0.0,0.0
179,179.0,3.0,0.0,0.0,0.3333333333333333,1.0,0.0,1.0,0.0,0.3333333333333333,0.3333333333333333,0.3333333333333333,0.0,0.0,0.0,0.0,0.0,0.0,0.0,0.0,0.0,0.0,0.0,0.3333333333333333,0.0,0.0,0.0,0.0,0.0,0.3333333333333333,0.0,0.0,0.0,0.0,0.0,0.0,0.0,0.0,0.0,0.0,0.0,0.0,0.0,1.0,1.0,1.0,0.0,0.0,0.0,0.0,0.0,0.0,0.0,0.0,0.0,0.0,0.0,0.0,0.0,0.0,0.0,0.0,0.0,0.0,0.0,0.0,0.0,0.0,0.0,0.0,0.0,0.0,0.0,0.0,0.0,0.0,0.0,0.0,0.0,0.0,0.0,0.0,0.0,0.0,0.0,0.0,0.0,0.0,0.0,0.0,0.0,0.0,0.0,0.0,0.0,0.0,0.0,0.0,0.0,0.0,0.0,0.0,0.0,0.0,0.0,0.0,0.0,0.0,0.0,0.0,0.0,0.0,0.0,0.0,0.0,0.0,0.0,0.0,0.0,0.0,0.0,0.0,0.0
180,180.0,139.0,0.0,0.11510791366906475,0.1510791366906475,0.17266187050359713,0.12949640287769784,0.0,0.17266187050359713,0.08633093525179857,0.10791366906474821,0.0,0.0,0.0,0.0,0.0,0.0,0.0,0.0,0.0,0.0,0.0,0.0,0.0,0.007194244604316547,0.0,0.014388489208633094,0.0,0.03597122302158273,0.014388489208633094,0.014388489208633094,0.007194244604316547,0.007194244604316547,1.0,0.0,0.014388489208633094,0.0,0.0,0.0,0.0,0.014388489208633094,0.0,0.0,0.0,0.0,0.0,0.0,0.0,0.0,0.0,0.0,0.0,0.0,0.0,0.0,0.0,0.0,0.0,0.0,0.0,0.0,0.0,0.0,0.0,0.0,0.0,0.0,0.0,0.0,0.0,0.0,0.0,0.0,0.0,0.0,0.0,0.0,0.0,0.0,0.0,0.0,0.0,0.0,0.0,0.0,0.0,0.0,0.0,0.0,0.0,0.0,0.0,0.0,0.0,0.0,0.0,0.0,0.0,0.0,0.0,0.0,0.0,0.0,0.0,0.0,0.0,0.0,0.0,0.0,0.0,0.0,0.0,0.0,0.0,0.0,0.0,0.0,0.0,0.0,0.0,0.0,0.0,0.0
181,181.0,105.0,0.0,0.13333333333333336,0.0,0.2,0.2380952380952381,0.0,0.2,0.04761904761904762,0.09523809523809525,0.0,0.0,0.0,0.0,0.0,0.0,0.0,0.0,0.0,0.0,0.0,0.0,0.0,0.0,0.0,0.01904761904761905,0.01904761904761905,0.0,0.009523809523809525,0.0,0.01904761904761905,0.0,0.0,0.0,1.0,0.0,0.0,0.0,0.009523809523809525,0.009523809523809525,0.009523809523809525,0.0,0.0,0.0,0.0,0.0,0.0,0.0,0.0,0.0,0.0,0.0,0.0,0.0,0.0,0.0,0.0,0.0,0.0,0.0,0.0,0.0,0.0,0.0,0.0,0.0,0.0,0.0,0.0,0.0,0.0,0.0,0.0,0.0,0.0,0.0,0.0,0.0,0.0,0.0,0.0,0.0,0.0,0.0,0.0,0.0,0.0,0.0,0.0,0.0,0.0,0.0,0.0,0.0,0.0,0.0,0.0,0.0,0.0,0.0,0.0,0.0,0.0,0.0,0.0,0.0,0.0,0.0,0.0,0.0,0.0,0.0,0.0,0.0,0.0,0.0,0.0,0.0,0.0,0.0,0.0,0.0
182,182.0,151.0,0.0,0.0,0.0,0.3973509933774834,1.0,0.0,1.0,0.0,1.0,0.0,0.0,0.0,0.0,0.0,0.0,0.0,0.0,0.0,0.0,0.0,0.0,0.0,0.019867549668874173,0.013245033112582781,0.013245033112582781,0.019867549668874173,0.013245033112582781,0.026490066225165563,0.039735099337748346,0.026490066225165563,0.033112582781456956,0.019867549668874173,0.013245033112582781,0.006622516556291391,0.0,0.013245033112582781,0.006622516556291391,0.006622516556291391,0.019867549668874173,0.0,0.019867549668874173,0.0,0.0,0.0,0.006622516556291391,0.0,0.0,0.0,0.0,0.0,0.0,0.0,0.0,0.0,0.0,0.0,0.0,0.0,0.0,0.0,0.0,0.0,0.0,0.0,0.0,0.0,0.0,0.0,0.0,0.0,0.0,0.0,0.0,0.0,0.0,0.0,0.0,0.0,0.0,0.0,0.0,0.0,0.0,0.0,0.0,0.0,0.0,0.0,0.0,0.0,0.0,0.0,0.0,0.0,0.0,0.0,0.0,0.0,0.0,0.0,0.0,0.0,0.0,0.0,0.0,0.0,0.0,0.0,0.0,0.0,0.0,0.0,0.0,0.0,0.0,0.0,0.0,0.0,0.0,0.0,0.0
183,183.0,268.0,0.0,0.007462686567164179,0.007462686567164179,0.0,0.011194029850746268,0.0037313432835820895,0.007462686567164179,0.007462686567164179,0.0,0.9962686567164178,0.9925373134328358,0.8022388059701493,0.667910447761194,0.9365671641791045,0.0,0.9440298507462687,0.9813432835820896,0.9701492537313433,0.958955223880597,0.9253731343283582,0.9813432835820896,0.0,0.0,0.0,0.0,0.0,0.0,0.0037313432835820895,0.0,0.0,0.0,0.0,0.0,0.0,0.0,0.0,0.0,0.0,0.0,0.0,0.0,0.0,0.0,0.0,0.0,0.007462686567164179,0.014925373134328358,0.011194029850746268,0.0,0.011194029850746268,0.0037313432835820895,0.0,0.0037313432835820895,0.018656716417910446,0.0,0.0037313432835820895,0.0037313432835820895,0.0,0.0,0.0037313432835820895,0.0,0.0,0.0,0.0037313432835820895,0.0,0.0,0.0,0.0,0.0,0.0,0.0,0.0,0.0,0.0,0.0,0.0,0.0,0.0,0.0037313432835820895,0.0,0.0,0.0,0.0,0.0,0.0,0.0,0.0,0.0,0.0,0.0,0.0,0.0,0.0,0.0,0.0,0.0,0.0,0.0,0.0,0.0,0.0,0.0,0.0,0.0,0.0,0.0,0.0,0.0,0.0,0.0,0.0,0.0,0.0,0.0,0.0,0.0,0.0,0.0,0.0,0.0,0.0
184,184.0,102.0,0.0,0.9901960784313726,1.0,0.9803921568627451,0.9901960784313726,0.9901960784313726,0.9705882352941176,0.9607843137254902,0.9705882352941176,0.0,0.0,0.0,0.0,0.0,0.0,0.0,0.0,0.0,0.0,0.0,0.0,0.0,0.09803921568627451,1.0,0.27450980392156865,0.12745098039215685,0.11764705882352941,0.2549019607843137,0.09803921568627451,0.1764705882352941,1.0,0.08823529411764705,0.0392156862745098,0.23529411764705882,0.0,0.23529411764705882,0.16666666666666666,0.0784313725490196,0.09803921568627451,0.0,0.0,0.0,0.0,0.0,0.0,0.0,0.0,0.0,0.0,0.0,0.0,0.0,0.0,0.0,0.0,0.0,0.0,0.0,0.0,0.0,0.0,0.0,0.0,0.0,0.0,0.0,0.0,0.0,0.0,0.0,0.0,0.0,0.0,0.0,0.0,0.0,0.0,0.0,0.0,0.0,0.0,0.0,0.0,0.0,0.0,0.0,0.0,0.0,0.0,0.0,0.0,0.0,0.0,0.0,0.0,0.0,0.0,0.0,0.0,0.0,0.0,0.0,0.0,0.0,0.0,0.0,0.0,0.0,0.0,0.0,0.0,0.0,0.0,0.0,0.0,0.0,0.0,0.0,0.0,0.0,0.0
185,185.0,188.0,0.0,1.0,0.0,1.0,0.0,0.0,1.0,0.0,0.0,0.0,0.0,0.0,0.0,0.0,0.0,0.0,0.0,0.0,0.0,0.0,0.0,0.0,0.010638297872340425,0.015957446808510637,0.0,0.005319148936170213,0.03723404255319149,0.026595744680851064,0.026595744680851064,0.015957446808510637,0.010638297872340425,0.010638297872340425,0.0,0.02127659574468085,0.0,0.005319148936170213,0.005319148936170213,0.015957446808510637,0.010638297872340425,0.005319148936170213,0.0,0.0,0.0,0.0,0.0,0.0,0.0,0.0,0.0,0.0,0.0,0.0,0.0,0.0,0.0,0.0,0.0,0.0,0.0,0.0,0.0,0.0,0.0,0.0,0.0,0.010638297872340425,0.0,0.0,0.0,0.0,0.0,0.0,0.0,0.0,0.0,0.0,0.0,0.0,0.0,0.0,0.0,0.0,0.0,0.0,0.0,0.0,0.0,0.0,0.0,0.0,0.0,0.0,0.0,0.0,0.0,0.0,0.0,0.0,0.0,0.0,0.0,0.0,0.0,0.0,0.0,0.0,0.0,0.0,0.0,0.0,0.0,0.0,0.0,0.0,0.0,0.0,0.0,0.0,0.0,0.0,0.0
186,186.0,217.0,0.0,0.0,0.0,0.0,0.0,0.0,0.0,0.0,0.0,0.9953917050691244,0.9769585253456221,0.5576036866359447,0.9907834101382489,0.0,0.9815668202764977,0.8525345622119815,0.8064516129032258,0.9447004608294931,0.8986175115207373,0.8341013824884793,0.9631336405529954,0.0,0.0,0.0,0.0,0.0,0.0,0.0,0.0,0.0,0.0,0.0,0.0,0.0,0.0,0.0,0.0,0.0,0.0,0.0,0.0,0.0,0.0,0.0,0.0,0.0,0.0,0.0,0.0,0.0,0.0,0.0,0.0,0.0,0.0,0.0,0.0,0.0,0.004608294930875576,0.0,0.0,0.0,0.0,0.0,0.0,0.0,0.0,0.0,0.0,0.0,0.0,0.0,0.0,0.0,0.0,0.0,0.0,0.0,0.0,0.0,0.0,0.0,0.0,0.0,0.0,0.0,0.0,0.0,0.0,0.0,0.0,0.0,0.0,0.0,0.0,0.0,0.0,0.0,0.0,0.0,0.0,0.0,0.0,0.0,0.0,0.0,0.0,0.0,0.0,0.0,0.0,0.0,0.0,0.0,0.0,0.0,0.0,0.0,0.0,0.0,0.0
187,187.0,69.0,0.0,0.9565217391304348,0.0,1.0,1.0,0.0,0.9710144927536232,1.0,0.057971014492753624,0.0,0.0,0.0,0.0,0.0,0.0,0.0,0.0,0.0,0.0,0.0,0.0,0.0,0.014492753623188406,0.08695652173913043,0.2318840579710145,0.043478260869565216,0.043478260869565216,0.0,0.0,0.028985507246376812,0.014492753623188406,0.028985507246376812,0.07246376811594203,0.014492753623188406,0.0,0.0,0.0,0.028985507246376812,0.0,0.0,0.0,0.0,0.0,0.0,0.014492753623188406,0.0,0.0,0.0,0.0,0.0,0.0,0.0,0.0,0.0,0.0,0.0,0.0,0.0,0.0,0.0,0.0,0.0,0.0,0.0,0.0,0.0,0.0,0.0,0.0,0.0,0.0,0.0,0.0,0.0,0.0,0.0,0.0,0.0,0.0,0.0,0.0,0.0,0.0,0.0,0.0,0.0,0.0,0.0,0.0,0.0,0.0,0.0,0.0,0.0,0.0,0.0,0.0,0.0,0.0,0.0,0.0,0.0,0.0,0.0,0.0,0.0,0.0,0.0,0.0,0.0,0.0,0.0,0.0,0.0,0.0,0.0,0.0,0.0,0.0,0.0,0.0
188,188.0,929.0,0.0,0.0,0.9999999999999999,0.0,0.9999999999999999,0.0,0.20882669537136705,0.11302475780409041,0.0,0.0,0.0,0.0,0.0,0.0,0.0,0.0,0.0,0.0,0.0,0.0,0.0,0.002152852529601722,0.0,0.006458557588805166,0.017222820236813777,0.008611410118406888,0.016146393972012917,0.01076426264800861,0.009687836383207749,0.01076426264800861,0.013993541442411193,0.009687836383207749,0.006458557588805166,0.0,0.0,0.009687836383207749,0.006458557588805166,0.005382131324004305,0.004305705059203444,0.002152852529601722,0.0,0.0,0.0,0.0,0.0,0.0,0.0,0.0,0.0,0.0,0.0,0.0,0.0,0.0,0.0,0.0,0.0,0.0,0.0,0.0,0.0,0.0,0.0,0.0,0.0,0.002152852529601722,0.0,0.0,0.0,0.0,0.0,0.0,0.0,0.0,0.0,0.0,0.0,0.0,0.0,0.0,0.0,0.0,0.0,0.0,0.0,0.001076426264800861,0.0,0.0,0.0,0.0,0.0,0.0,0.0,0.0,0.0,0.0,0.0,0.0,0.0,0.0,0.002152852529601722,0.0,0.0,0.0,0.0,0.0,0.0,0.0,0.0,0.0,0.0,0.0,0.0,0.0,0.0,0.0,0.0,0.0,0.0,0.0,0.0
189,189.0,351.0,0.0,0.8176638176638177,0.8034188034188035,1.0,0.0,1.0,0.0,0.566951566951567,0.0,0.0,0.0,0.0,0.0,0.0,0.0,0.0,0.0,0.0,0.0,0.0,0.0,0.0,0.014245014245014245,0.022792022792022793,0.008547008547008548,0.025641025641025644,0.02849002849002849,0.014245014245014245,0.019943019943019943,0.011396011396011397,0.03133903133903134,0.03133903133903134,0.017094017094017096,0.014245014245014245,0.0,0.014245014245014245,0.022792022792022793,0.011396011396011397,0.005698005698005698,0.0,0.002849002849002849,0.0,0.0,0.0,0.0,0.0,0.0,0.0,0.0,0.0,0.0,0.0,0.0,0.0,0.0,0.0,0.0,0.0,0.0,0.0,0.0,0.0,0.0,0.0,0.0,0.0,0.0,0.0,0.0,0.0,0.0,0.0,0.0,0.0,0.0,0.0,0.0,0.0,0.0,0.0,0.0,0.0,0.0,0.0,0.002849002849002849,0.0,0.0,0.0,0.0,0.0,0.0,0.0,0.0,0.0,0.0,0.0,0.0,0.0,0.0,0.0,0.0,0.0,0.0,0.0,0.0,0.0,0.0,0.0,0.0,0.0,0.0,0.0,0.0,0.0,0.0,0.0,0.0,0.0,0.0,0.0,0.0
190,190.0,572.0,0.0,1.0,0.0,0.0,0.0,0.18356643356643357,0.16433566433566432,1.0,0.10139860139860139,0.0,0.0,0.0,0.0,0.0,0.0,0.0,0.0,0.0,0.0,0.0,0.0,0.0,0.005244755244755245,0.01048951048951049,0.005244755244755245,0.01048951048951049,0.005244755244755245,0.006993006993006993,0.005244755244755245,0.01048951048951049,0.012237762237762238,0.01048951048951049,0.008741258741258742,0.005244755244755245,0.0,0.008741258741258742,0.0034965034965034965,0.005244755244755245,0.0034965034965034965,0.0,0.0034965034965034965,0.0,0.0,0.0,0.0,0.0,0.0,0.0017482517482517483,0.0,0.0,0.0,0.0,0.0,0.0,0.0,0.0,0.0,0.0,0.0,0.0,0.0,0.0,0.0,0.0,0.0,0.0,0.0,0.0,0.0,0.0,0.0,0.0,0.0,0.0,0.0,0.0,0.0,0.0,0.0,0.0,0.0,0.0,0.0,0.0,0.0,0.0,0.0,0.0,0.0,0.0,0.0,0.0,0.0,0.0,0.0,0.0,0.0,0.0,0.0,0.0,0.0,0.0,0.0,0.0,0.0,0.0,0.0,0.0,0.0,0.0,0.0,0.0,0.0,0.0,0.0,0.0,0.0,0.0,0.0,0.0,0.0
191,191.0,230.0,0.0,1.0,0.0,1.0,1.0,0.0,0.0,0.0,0.0,0.0,0.0,0.0,0.0,0.0,0.0,0.0,0.0,0.0,0.0,0.0,0.0,0.0,0.013043478260869566,0.034782608695652174,0.021739130434782608,0.021739130434782608,0.008695652173913044,0.008695652173913044,0.008695652173913044,0.004347826086956522,0.008695652173913044,0.013043478260869566,0.004347826086956522,0.017391304347826087,0.0,0.008695652173913044,0.004347826086956522,0.013043478260869566,0.013043478260869566,0.004347826086956522,0.004347826086956522,0.0,0.0,0.0,0.004347826086956522,0.0,0.0,0.0,0.0,0.0,0.0,0.0,0.0,0.0,0.0,0.0,0.0,0.0,0.0,0.0,0.0,0.0,0.0,0.0,0.0,0.0,0.0,0.0,0.0,0.0,0.0,0.0,0.0,0.0,0.0,0.0,0.0,0.0,0.0,0.0,0.0,0.0,0.0,0.0,0.0,0.0,0.0,0.0,0.0,0.0,0.0,0.0,0.0,0.0,0.0,0.0,0.0,0.0,0.0,0.0,0.0,0.0,0.0,0.0,0.0,0.0,0.0,0.0,0.0,0.0,0.0,0.0,0.0,0.0,0.0,0.0,0.0,0.0,0.0,0.0,0.0
192,192.0,408.0,0.0,0.0,0.0,0.0,0.22549019607843138,1.0,0.0,0.0,1.0,0.0,0.0,0.0,0.0,0.0,0.0,0.0,0.0,0.0,0.0,0.0,0.0,0.0024509803921568627,0.007352941176470588,0.014705882352941176,0.007352941176470588,0.00980392156862745,0.00980392156862745,0.007352941176470588,0.007352941176470588,0.014705882352941176,0.0024509803921568627,0.0196078431372549,0.00980392156862745,0.007352941176470588,0.0,0.0,0.007352941176470588,0.0024509803921568627,0.012254901960784314,0.004901960784313725,0.0024509803921568627,0.0,0.0,0.0,0.004901960784313725,0.0,0.0,0.0,0.0,0.0,0.0,0.0,0.0,0.0,0.0,0.0,0.0,0.0,0.0,0.0,0.0,0.0,0.0,0.0,0.0,0.0024509803921568627,0.0,0.0,0.0,0.0,0.0,0.0,0.0,0.0,0.0,0.0,0.0,0.0,0.0,0.0,0.0,0.0,0.0,0.0,0.0,0.0,0.0,0.0,0.0,0.0,0.0,0.0,0.0,0.0,0.0,0.0,0.0,0.0,0.0,0.0,0.0,0.0,0.0,0.0,0.0,0.0,0.0,0.0,0.0,0.0,0.0,0.0,0.0,0.0,0.0,0.0,0.0,0.0,0.0,0.0,0.0
193,193.0,50.0,0.0,0.0,0.02,0.0,0.0,0.0,0.0,0.0,0.0,0.0,0.0,0.0,0.0,0.0,0.0,0.0,0.0,0.0,0.0,0.0,0.0,0.1,0.0,0.0,0.0,0.0,0.0,0.0,0.0,0.0,0.0,0.0,0.0,0.0,0.0,0.0,0.0,0.02,0.0,1.0,0.02,1.0,0.98,0.98,0.0,0.0,0.0,0.0,0.0,0.0,0.0,0.0,0.0,0.0,0.0,0.0,0.0,0.0,0.0,0.0,0.0,0.0,0.0,0.0,0.0,0.0,0.0,0.02,0.0,0.0,0.0,0.0,0.0,0.0,0.0,0.0,0.0,0.0,0.0,0.0,0.0,0.0,0.0,0.0,0.0,0.0,0.0,0.0,0.0,0.0,0.0,0.0,0.0,0.0,0.0,0.0,0.0,0.0,0.0,0.0,0.0,0.0,0.0,0.0,0.0,0.0,0.0,0.0,0.0,0.0,0.0,0.0,0.0,0.0,0.0,0.0,0.0,0.0,0.0,0.0,0.0
194,194.0,226.0,0.0,0.0,0.004424778761061947,0.0,0.0,0.0,0.0,0.0,0.0,0.9911504424778761,0.9911504424778761,0.6858407079646017,0.9823008849557522,1.0,0.9336283185840708,0.8805309734513275,0.0,0.9247787610619469,0.9026548672566371,0.8849557522123894,0.9203539823008849,0.0,0.0,0.0,0.0,0.0,0.0,0.0,0.0,0.0,0.0,0.0,0.0,0.0,0.0,0.0,0.0,0.0,0.0,0.004424778761061947,0.0,0.0,0.0,0.0,0.0,0.0,0.0,0.0,0.0,0.0,0.0,0.0,0.0,0.0,0.0,0.0,0.0,0.0,0.0,0.0,0.0,0.0,0.0,0.0,0.0,0.0,0.0,0.0,0.0,0.0,0.0,0.0,0.0,0.0,0.0,0.0,0.0,0.0,0.0,0.0,0.0,0.0,0.0,0.0,0.0,0.0,0.0,0.0,0.0,0.0,0.0,0.0,0.0,0.0,0.0,0.0,0.0,0.0,0.0,0.0,0.0,0.0,0.0,0.0,0.0,0.0,0.0,0.0,0.0,0.0,0.0,0.0,0.0,0.0,0.0,0.0,0.0,0.0,0.0,0.0,0.0
195,195.0,107.0,0.0,0.0,0.0,0.0,0.0,0.0,0.0,0.0,0.0,0.9813084112149532,0.9906542056074765,0.5794392523364486,0.0,0.8785046728971962,0.8037383177570093,0.9439252336448597,0.8971962616822429,0.925233644859813,0.925233644859813,0.8598130841121495,0.0,0.0,0.0,0.0,0.0,0.0,0.0,0.0,0.0,0.0,0.0,0.0,0.0,0.0,0.0,0.0,0.0,0.0,0.0,0.0,0.0,0.0,0.0,0.0,0.0,0.0,0.0,0.0,0.0,0.0,0.0,0.0,0.0,0.0,0.0,0.0,0.0,0.0,0.0,0.0,0.0,0.0,0.0,0.0,0.0,0.0,0.0,0.0,0.0,0.0,0.0,0.0,0.0,0.0,0.0,0.0,0.0,0.0,0.0,0.0,0.0,0.0,0.0,0.0,0.0,0.0,0.0,0.0,0.0,0.0,0.0,0.0,0.0,0.0,0.0,0.0,0.0,0.0,0.0,0.0,0.0,0.0,0.0,0.0,0.0,0.0,0.0,0.0,0.0,0.0,0.0,0.0,0.0,0.0,0.0,0.0,0.0,0.0,0.0,0.0,0.0
196,196.0,392.0,0.0,0.0,0.0,0.0,0.0,0.9999999999999999,0.0,0.0,0.0,0.002551020408163265,0.0,0.0,0.0,0.0,0.0,0.007653061224489796,0.0,0.0,0.0,0.0,0.002551020408163265,0.0586734693877551,0.05612244897959183,0.04846938775510204,0.0,0.07653061224489795,0.0586734693877551,0.04591836734693877,0.0,0.05612244897959183,0.0510204081632653,0.038265306122448974,0.04846938775510204,0.02551020408163265,0.0,0.033163265306122444,0.02551020408163265,0.02040816326530612,0.012755102040816325,0.04336734693877551,0.002551020408163265,0.0,0.002551020408163265,0.0,0.00510204081632653,0.0,0.0,0.002551020408163265,0.0,0.0,0.002551020408163265,0.0,0.0,0.0,0.0,0.0,0.0,0.0,0.0,0.0,0.0,0.0,0.0,0.0,0.0,0.00510204081632653,0.0,0.002551020408163265,0.0,0.0,0.0,0.0,0.0,0.0,0.0,0.0,0.0,0.0,0.0,0.0,0.0,0.0,0.0,0.0,0.0,0.0,0.0,0.0,0.0,0.0,0.0,0.0,0.0,0.0,0.0,0.0,0.0,0.0,0.0,0.0,0.007653061224489796,0.0,0.0,0.0,0.0,0.0,0.0,0.0,0.0,0.0,0.0,0.0,0.0,0.0,0.0,0.0,0.0,0.0,0.0,0.0,0.0
197,197.0,84.0,0.0,0.7738095238095237,0.0,1.0,0.0,0.6547619047619048,0.0,1.0,1.0,0.0,0.0,0.0,0.0,0.0,0.0,0.0,0.0,0.0,0.0,0.0,0.0,0.0,0.011904761904761904,0.03571428571428571,0.023809523809523808,0.011904761904761904,0.05952380952380952,0.05952380952380952,0.011904761904761904,0.05952380952380952,0.0,0.011904761904761904,0.023809523809523808,0.05952380952380952,0.0,0.011904761904761904,0.011904761904761904,0.011904761904761904,0.047619047619047616,0.011904761904761904,0.0,0.0,0.0,0.0,0.0,0.0,0.0,0.0,0.0,0.0,0.0,0.0,0.0,0.0,0.0,0.0,0.0,0.0,0.0,0.0,0.0,0.0,0.0,0.0,0.0,0.011904761904761904,0.0,0.0,0.0,0.0,0.0,0.0,0.0,0.0,0.0,0.0,0.011904761904761904,0.0,0.0,0.0,0.0,0.0,0.0,0.0,0.0,0.0,0.0,0.0,0.0,0.0,0.0,0.0,0.0,0.0,0.0,0.0,0.0,0.0,0.0,0.0,0.0,0.0,0.0,0.0,0.0,0.0,0.0,0.0,0.0,0.0,0.0,0.0,0.0,0.0,0.0,0.0,0.0,0.0,0.0,0.0,0.0
198,198.0,70.0,0.0,1.0,1.0,1.0,1.0,1.0,1.0,1.0,0.9714285714285714,0.0,0.0,0.0,0.0,0.0,0.0,0.0,0.0,0.0,0.0,0.0,0.0,0.0,0.14285714285714285,0.9,0.8285714285714285,0.34285714285714286,0.11428571428571428,0.24285714285714285,0.9571428571428571,0.8571428571428571,0.5428571428571428,0.5857142857142857,0.41428571428571426,0.34285714285714286,0.0,0.22857142857142856,0.07142857142857142,0.11428571428571428,0.12857142857142856,0.0,0.0,0.0,0.0,0.0,0.0,0.0,0.0,0.0,0.0,0.0,0.0,0.0,0.0,0.0,0.0,0.0,0.0,0.0,0.0,0.0,0.0,0.0,0.0,0.0,0.0,0.0,0.0,0.0,0.0,0.0,0.0,0.0,0.0,0.0,0.0,0.0,0.0,0.0,0.0,0.0,0.0,0.0,0.0,0.0,0.0,0.0,0.0,0.0,0.0,0.0,0.0,0.0,0.0,0.0,0.0,0.0,0.0,0.0,0.0,0.0,0.0,0.0,0.0,0.0,0.0,0.0,0.0,0.0,0.0,0.0,0.0,0.0,0.0,0.0,0.0,0.0,0.0,0.0,0.0,0.0,0.0
199,199.0,102.0,0.0,1.0,1.0,1.0,1.0,1.0,1.0,1.0,1.0,0.0,0.0,0.0,0.0,0.0,0.0,0.0,0.0,0.0,0.0,0.0,0.0,0.0,0.9607843137254902,0.9509803921568627,0.8725490196078431,0.8823529411764706,0.9901960784313726,0.8137254901960784,0.9117647058823529,0.9313725490196079,0.9019607843137255,0.892156862745098,0.9215686274509803,0.9215686274509803,0.0,0.7156862745098039,0.696078431372549,0.0,0.7450980392156863,0.00980392156862745,0.0,0.0,0.0,0.0,0.0,0.0,0.0,0.0,0.0,0.0,0.0,0.0,0.0,0.0,0.0,0.0,0.0,0.0,0.0,0.0,0.0,0.0,0.0,0.0,0.0,0.0,0.0,0.0,0.0,0.0,0.0,0.0,0.0,0.0,0.0,0.0,0.0,0.0,0.0,0.0,0.0,0.0,0.0,0.0,0.0,0.0,0.0,0.0,0.0,0.0,0.0,0.0,0.0,0.0,0.0,0.0,0.0,0.0,0.0,0.0,0.0,0.0,0.0,0.0,0.0,0.0,0.0,0.0,0.0,0.0,0.0,0.0,0.0,0.0,0.0,0.0,0.0,0.0,0.0,0.0,0.0
