,cluster ID,size,mirai_ratio,Port17132,Port17130,Port17140,Port17128,Port17138,Port17136,Port17134,Port17142,Port80,Port8080,Port23,Port2323,Port81,Port1023,Port5555,Port52869,Port8443,Port49152,Port7574,Port37215,Port54594,Port34218,Port34220,Port33962,Port33968,Port34224,Port34228,Port33960,Port33964,Port34216,Port33970,Port34226,Port33972,Port50401,Port34222,Port34230,Port33966,Port33974,Port445,Port0,Port22,Port8291,Port8728,Port1433,Port8000,Port8081,Port5353,Port2004,Port11211,Port6881,Port443,Port8082,Port4000,Port5060,Port8083,Port8088,Port6379,Port9527,Port30301,Port7001,Port9200,Port7002,Port1027,Port1900,Port3389,Port5900,Port21,Port6380,Port88,Port35,Port8181,Port5000,Port389,Port56880,Port5001,Port137,Port8008,Port7547,Port49153,Port4444,Port139,Port2222,Port8001,Port3544,Port8888,Port5984,Port2480,Port53,Port1883,Port873,Port631,Port9000,Port50070,Port161,Port4786,Port60001,Port8090,Port27017,Port85,Port12866,Port3443,Port111,Port83,Port82,Port548,Port5061,Port995,Port5901,Port554,Port10001,Port9943,Port143,Port3000,Port9080,Port10000,Port17,Port135,Port587,Port993,Port9999
0,0.0,410.0,0.0,1.0,0.0,0.0,0.23170731707317074,0.0,0.0,1.0,0.0,0.0,0.0,0.0,0.0,0.0,0.0,0.0,0.0,0.0,0.0,0.0,0.0,0.004878048780487805,0.00975609756097561,0.01707317073170732,0.007317073170731708,0.007317073170731708,0.004878048780487805,0.012195121951219513,0.0024390243902439024,0.004878048780487805,0.014634146341463415,0.014634146341463415,0.012195121951219513,0.00975609756097561,0.0,0.0024390243902439024,0.004878048780487805,0.0024390243902439024,0.0024390243902439024,0.0,0.0024390243902439024,0.0,0.0,0.0,0.0,0.0,0.0,0.0,0.0,0.0,0.0,0.0,0.0,0.0,0.0,0.0,0.0,0.0,0.0,0.0,0.0,0.0,0.0,0.0,0.0,0.0,0.0,0.0,0.0,0.0,0.0,0.0,0.0,0.0,0.0,0.0,0.0,0.0,0.0,0.0,0.0,0.0,0.0,0.0,0.0,0.0,0.0,0.0,0.0,0.0,0.0,0.0,0.0,0.0,0.0,0.0,0.0,0.0,0.0,0.0,0.0,0.0,0.0,0.0,0.0,0.0,0.0,0.0,0.0,0.0,0.0,0.0,0.0,0.0,0.0,0.0,0.0,0.0,0.0,0.0,0.0
1,1.0,53.0,0.0,0.0,0.0,0.0,0.0,0.0,0.0,0.0,0.0,1.0,1.0,0.9811320754716981,1.0,0.9811320754716981,1.0,1.0,0.9056603773584906,1.0,1.0,0.0,0.9245283018867925,0.0,0.0,0.0,0.0,0.0,0.0,0.0,0.0,0.0,0.0,0.0,0.0,0.0,0.0,0.0,0.0,0.0,0.0,0.9811320754716981,0.9056603773584906,1.0,0.9245283018867925,0.0,0.9056603773584906,1.0,0.9811320754716981,1.0,0.0,1.0,1.0,1.0,0.8679245283018868,1.0,0.9433962264150944,0.9245283018867925,0.8867924528301887,1.0,0.8679245283018868,0.0,1.0,1.0,0.8867924528301887,0.018867924528301886,0.03773584905660377,1.0,1.0,0.9811320754716981,0.0,1.0,0.8867924528301887,0.9811320754716981,1.0,0.9245283018867925,0.0,1.0,0.9811320754716981,1.0,1.0,0.9245283018867925,1.0,0.8679245283018868,1.0,1.0,0.0,1.0,1.0,0.9811320754716981,1.0,1.0,1.0,1.0,0.9811320754716981,0.9811320754716981,1.0,1.0,0.9245283018867925,1.0,0.9245283018867925,0.8867924528301887,0.0,0.8679245283018868,1.0,1.0,0.9811320754716981,0.9056603773584906,0.8867924528301887,1.0,1.0,1.0,1.0,1.0,1.0,1.0,1.0,1.0,0.9811320754716981,0.8679245283018868,1.0,1.0,1.0
2,2.0,1433.0,0.024424284717376135,0.0006978367062107466,0.0,0.0006978367062107466,0.0006978367062107466,0.0013956734124214933,0.0,0.0,0.0,0.9699930216329379,0.8674110258199581,0.0,0.01256106071179344,0.028611304954640614,0.0027913468248429866,0.011863224005582694,0.011165387299371946,0.00837404047452896,0.004884856943475227,0.00837404047452896,0.00837404047452896,0.011863224005582694,0.0,0.0,0.0,0.0,0.0,0.0,0.0,0.0,0.0,0.0,0.0,0.0,0.0,0.0,0.0,0.0,0.0,0.013258897418004187,0.0027913468248429866,0.00418702023726448,0.0006978367062107466,0.0006978367062107466,0.07676203768318214,0.019539427773900907,0.009769713886950453,0.00209351011863224,0.18771807397069085,0.00209351011863224,0.0006978367062107466,0.08932309839497557,0.0027913468248429866,0.0,0.0,0.0013956734124214933,0.08443824145150035,0.07885554780181438,0.0034891835310537334,0.0,0.08164689462665736,0.0732728541521284,0.07955338450802513,0.0,0.0,0.004884856943475227,0.006978367062107467,0.0027913468248429866,0.07606420097697139,0.026517794836008374,0.0,0.0006978367062107466,0.0034891835310537334,0.0,0.0,0.00209351011863224,0.0006978367062107466,0.0,0.00209351011863224,0.0,0.0,0.0034891835310537334,0.0013956734124214933,0.0006978367062107466,0.0,0.00837404047452896,0.0027913468248429866,0.0013956734124214933,0.00209351011863224,0.0013956734124214933,0.0013956734124214933,0.0006978367062107466,0.004884856943475227,0.00209351011863224,0.0013956734124214933,0.00209351011863224,0.00628053035589672,0.00628053035589672,0.00209351011863224,0.00628053035589672,0.0,0.0013956734124214933,0.00209351011863224,0.005582693649685973,0.00628053035589672,0.0013956734124214933,0.0013956734124214933,0.0006978367062107466,0.0006978367062107466,0.0006978367062107466,0.0013956734124214933,0.0,0.00209351011863224,0.00209351011863224,0.0013956734124214933,0.0013956734124214933,0.0,0.0034891835310537334,0.00209351011863224,0.0006978367062107466,0.00418702023726448
3,3.0,377.0,0.0,1.0,1.0,0.41644562334217505,0.0,1.0,0.0,0.0,0.0,0.0,0.002652519893899204,0.002652519893899204,0.0,0.0,0.0,0.002652519893899204,0.0,0.0,0.0,0.0,0.0,0.005305039787798408,0.021220159151193633,0.01856763925729443,0.007957559681697613,0.015915119363395226,0.01856763925729443,0.023872679045092837,0.021220159151193633,0.015915119363395226,0.021220159151193633,0.026525198938992044,0.013262599469496022,0.021220159151193633,0.0,0.0,0.015915119363395226,0.005305039787798408,0.002652519893899204,0.0,0.0,0.0,0.0,0.0,0.0,0.0,0.0,0.0,0.0,0.0,0.0,0.0,0.0,0.0,0.0,0.0,0.0,0.0,0.0,0.0,0.0,0.0,0.0,0.0,0.0,0.0,0.0,0.0,0.0,0.0,0.0,0.0,0.0,0.0,0.0,0.0,0.0,0.0,0.0,0.0,0.0,0.0,0.0,0.0,0.0,0.0,0.0,0.0,0.0,0.0,0.0,0.0,0.0,0.0,0.0,0.0,0.0,0.0,0.0,0.0,0.0,0.0,0.0,0.0,0.0,0.0,0.0,0.0,0.0,0.0,0.0,0.0,0.0,0.0,0.0,0.0,0.0,0.0,0.0,0.0,0.0
4,4.0,375.0,0.0,1.0,0.0,0.0,0.0,0.0,0.0,0.0,0.0,0.0,0.0,0.0,0.0,0.0,0.0,0.0,0.0,0.0,0.0,0.0,0.0,0.10133333333333333,0.04,0.058666666666666666,0.0,0.037333333333333336,0.042666666666666665,0.06133333333333333,0.04533333333333334,0.056,0.05333333333333334,0.0,0.032,0.037333333333333336,0.0,0.02666666666666667,0.0,0.0,0.034666666666666665,0.04533333333333334,0.032,0.0026666666666666666,0.0,0.0,0.02666666666666667,0.0,0.0,0.0026666666666666666,0.0,0.0,0.0,0.0,0.0,0.0,0.0,0.0,0.005333333333333333,0.005333333333333333,0.0,0.0,0.0,0.0,0.0,0.0,0.0,0.0,0.005333333333333333,0.0026666666666666666,0.0,0.0,0.0,0.0,0.0,0.0,0.0,0.0,0.0,0.0,0.0,0.0,0.0,0.0,0.0,0.0,0.0,0.0,0.0,0.0,0.0,0.0,0.0,0.0,0.0,0.0,0.0,0.0,0.0,0.0,0.0,0.0,0.0026666666666666666,0.0,0.0,0.0,0.0,0.0,0.0,0.0,0.0,0.0,0.0,0.0,0.0,0.0,0.0,0.0,0.0,0.0,0.0,0.0,0.0
5,5.0,336.0,0.0,0.0,1.0,1.0,1.0,0.0,0.0,0.16666666666666666,0.19642857142857142,0.0,0.002976190476190476,0.0,0.0,0.0,0.0,0.0,0.0,0.0,0.0,0.0,0.0,0.002976190476190476,0.020833333333333332,0.020833333333333332,0.017857142857142856,0.01488095238095238,0.020833333333333332,0.026785714285714284,0.011904761904761904,0.011904761904761904,0.020833333333333332,0.011904761904761904,0.02976190476190476,0.011904761904761904,0.0,0.0,0.017857142857142856,0.008928571428571428,0.005952380952380952,0.0,0.0,0.0,0.0,0.0,0.002976190476190476,0.0,0.0,0.0,0.0,0.0,0.0,0.0,0.0,0.0,0.0,0.0,0.0,0.0,0.0,0.0,0.0,0.0,0.0,0.0,0.0,0.0,0.0,0.0,0.0,0.0,0.0,0.0,0.0,0.0,0.0,0.0,0.0,0.0,0.0,0.0,0.0,0.0,0.0,0.0,0.0,0.002976190476190476,0.0,0.0,0.005952380952380952,0.0,0.0,0.0,0.0,0.0,0.0,0.0,0.0,0.0,0.0,0.0,0.0,0.0,0.0,0.0,0.0,0.0,0.0,0.005952380952380952,0.0,0.0,0.0,0.0,0.0,0.0,0.0,0.0,0.0,0.0,0.002976190476190476,0.002976190476190476,0.0
6,6.0,114.0,0.0,0.0,0.21052631578947367,0.20175438596491227,0.0,0.21052631578947367,1.0,1.0,1.0,0.0,0.0,0.0,0.0,0.0,0.0,0.0,0.0,0.0,0.0,0.0,0.0,0.0,0.02631578947368421,0.008771929824561403,0.0,0.008771929824561403,0.008771929824561403,0.008771929824561403,0.017543859649122806,0.03508771929824561,0.02631578947368421,0.017543859649122806,0.02631578947368421,0.017543859649122806,0.0,0.0,0.03508771929824561,0.017543859649122806,0.008771929824561403,0.0,0.0,0.0,0.0,0.0,0.0,0.0,0.0,0.0,0.0,0.0,0.0,0.0,0.0,0.0,0.0,0.0,0.0,0.0,0.0,0.0,0.0,0.0,0.0,0.0,0.0,0.0,0.0,0.0,0.0,0.0,0.0,0.0,0.0,0.0,0.0,0.0,0.0,0.0,0.0,0.0,0.0,0.0,0.0,0.0,0.0,0.0,0.0,0.0,0.0,0.0,0.0,0.0,0.0,0.0,0.0,0.0,0.0,0.0,0.0,0.0,0.0,0.0,0.0,0.0,0.0,0.0,0.0,0.0,0.0,0.0,0.0,0.0,0.0,0.0,0.0,0.0,0.0,0.0,0.0,0.0,0.0
7,7.0,1207.0,0.0,0.0,0.0008285004142502071,0.0024855012427506215,0.0008285004142502071,0.0,0.0,0.0,0.0008285004142502071,0.9991714995857498,0.9975144987572494,0.0,0.9295774647887324,0.9668599834299917,0.9544324772162386,0.9262634631317316,0.9436619718309859,0.9420049710024855,0.9370339685169843,0.9378624689312345,0.9138359569179785,0.008285004142502071,0.0,0.0,0.0,0.0,0.0,0.0,0.0,0.0,0.0,0.0,0.0,0.0,0.0,0.0,0.0,0.0,0.0,0.004971002485501243,0.0024855012427506215,0.0,0.0,0.0,0.0,0.0008285004142502071,0.0016570008285004142,0.0,0.0,0.0,0.0008285004142502071,0.0,0.0008285004142502071,0.0,0.0,0.0024855012427506215,0.0,0.0,0.0,0.0008285004142502071,0.0,0.0,0.0,0.0024855012427506215,0.0016570008285004142,0.0,0.0,0.0008285004142502071,0.0,0.0,0.0,0.0,0.0,0.0,0.0,0.0,0.0,0.0,0.0,0.0,0.0,0.0,0.0,0.0,0.0,0.0,0.0,0.0,0.0,0.0,0.0,0.0,0.0,0.0,0.0,0.0,0.0,0.0,0.0,0.0,0.0,0.0,0.0,0.0,0.0,0.0,0.0,0.0,0.0,0.0,0.0,0.0,0.0,0.0,0.0,0.0,0.0,0.0,0.0,0.0,0.0
8,8.0,109.0,0.0,1.0,0.7155963302752294,0.0,0.6972477064220184,0.0,1.0,1.0,1.0,0.0,0.0,0.0,0.0,0.0,0.0,0.0,0.0,0.0,0.0,0.0,0.0,0.0,0.027522935779816515,0.06422018348623854,0.045871559633027525,0.05504587155963303,0.03669724770642202,0.05504587155963303,0.009174311926605505,0.01834862385321101,0.01834862385321101,0.03669724770642202,0.01834862385321101,0.027522935779816515,0.0,0.045871559633027525,0.0,0.05504587155963303,0.01834862385321101,0.0,0.0,0.0,0.0,0.0,0.009174311926605505,0.0,0.0,0.0,0.0,0.0,0.0,0.0,0.0,0.0,0.0,0.0,0.0,0.0,0.0,0.0,0.0,0.0,0.0,0.0,0.0,0.0,0.0,0.0,0.0,0.0,0.0,0.0,0.0,0.0,0.0,0.0,0.0,0.0,0.0,0.0,0.0,0.0,0.0,0.0,0.0,0.0,0.0,0.0,0.0,0.0,0.0,0.0,0.0,0.0,0.0,0.0,0.0,0.0,0.0,0.0,0.0,0.0,0.0,0.0,0.0,0.0,0.0,0.0,0.0,0.0,0.0,0.0,0.0,0.0,0.0,0.0,0.0,0.0,0.0,0.0,0.0
9,9.0,96.0,0.0,0.9791666666666666,0.9791666666666666,0.96875,0.96875,0.9791666666666666,0.9791666666666666,0.9791666666666666,0.8958333333333334,0.0,0.0,0.0,0.0,0.0,0.0,0.0,0.0,0.0,0.0,0.0,0.0,0.0,1.0,0.22916666666666666,0.11458333333333333,0.0,0.0,0.09375,0.22916666666666666,0.0,0.14583333333333334,0.15625,1.0,0.19791666666666666,0.0,0.08333333333333333,0.13541666666666666,0.14583333333333334,0.07291666666666667,0.0,0.010416666666666666,0.0,0.0,0.0,0.010416666666666666,0.0,0.0,0.0,0.0,0.0,0.0,0.0,0.0,0.0,0.0,0.0,0.0,0.0,0.0,0.0,0.0,0.0,0.0,0.0,0.0,0.0,0.0,0.0,0.0,0.0,0.0,0.0,0.0,0.0,0.0,0.0,0.0,0.0,0.0,0.0,0.0,0.0,0.0,0.0,0.0,0.0,0.0,0.0,0.0,0.0,0.0,0.0,0.0,0.0,0.0,0.0,0.0,0.0,0.0,0.0,0.0,0.0,0.0,0.0,0.0,0.0,0.0,0.0,0.0,0.0,0.0,0.0,0.0,0.0,0.0,0.0,0.0,0.0,0.0,0.0,0.0
10,10.0,7003.0,0.004997858060831073,0.0,0.0,0.0,0.0,0.0,0.0,0.0,0.0,0.0027131229473082966,0.0015707553905469085,0.0,0.006997001285163501,0.003427102670284164,0.0007139797229758674,0.007282593174353849,0.0009995716121662145,0.0007139797229758674,0.000571183778380694,0.0009995716121662145,0.000571183778380694,0.0,0.0,0.0012851635013565615,0.0,0.001713551335142082,0.0009995716121662145,0.0012851635013565615,0.0018563472797372554,0.002570327002713123,0.000571183778380694,0.0,0.002284735113522776,0.001713551335142082,0.0,0.0007139797229758674,0.000571183778380694,0.000856775667571041,0.0004283878337855205,0.03584178209338855,0.0,0.006283021562187634,0.0004283878337855205,0.0,0.01927745252034842,0.0,0.0,0.0,0.0004283878337855205,0.0,0.0,0.002284735113522776,0.0,0.0,0.0,0.0,0.0024275310581179494,0.0029987148364986433,0.003712694559474511,0.0,0.0015707553905469085,0.0012851635013565615,0.001142367556761388,0.0,0.0001427959445951735,0.004426674282450378,0.003998286448664858,0.004855062116235899,0.001713551335142082,0.001142367556761388,0.009138940454091103,0.006140225617592461,0.005426245894616593,0.005569041839211766,0.000571183778380694,0.005426245894616593,0.002570327002713123,0.005569041839211766,0.0007139797229758674,0.005283449950021419,0.005426245894616593,0.004569470227045552,0.003712694559474511,0.000285591889190347,0.007425389118949022,0.000856775667571041,0.0001427959445951735,0.000285591889190347,0.000571183778380694,0.000571183778380694,0.000571183778380694,0.0012851635013565615,0.000571183778380694,0.000571183778380694,0.000285591889190347,0.000571183778380694,0.0001427959445951735,0.0001427959445951735,0.000571183778380694,0.0012851635013565615,0.006711409395973154,0.001999143224332429,0.000571183778380694,0.0001427959445951735,0.0,0.000285591889190347,0.001713551335142082,0.0,0.000285591889190347,0.0007139797229758674,0.0001427959445951735,0.000856775667571041,0.0001427959445951735,0.0,0.0,0.000285591889190347,0.000285591889190347,0.000285591889190347,0.0001427959445951735,0.0001427959445951735,0.0001427959445951735
11,11.0,243.0,0.0,0.0,1.0,1.0,0.0,1.0,0.0,0.0,0.0,0.0,0.00411522633744856,0.00823045267489712,0.0,0.0,0.0,0.0,0.0,0.0,0.0,0.0,0.0,0.012345679012345678,0.012345679012345678,0.0205761316872428,0.0205761316872428,0.01646090534979424,0.00823045267489712,0.0205761316872428,0.01646090534979424,0.024691358024691357,0.0205761316872428,0.0,0.00823045267489712,0.024691358024691357,0.00411522633744856,0.012345679012345678,0.00823045267489712,0.01646090534979424,0.0,0.0,0.00411522633744856,0.0,0.0,0.0,0.00411522633744856,0.0,0.0,0.0,0.0,0.0,0.0,0.0,0.0,0.0,0.0,0.0,0.0,0.0,0.0,0.0,0.0,0.0,0.0,0.0,0.0,0.0,0.0,0.0,0.0,0.0,0.0,0.0,0.0,0.0,0.0,0.0,0.0,0.0,0.0,0.0,0.0,0.0,0.0,0.0,0.0,0.0,0.0,0.0,0.0,0.0,0.0,0.0,0.0,0.0,0.0,0.0,0.0,0.0,0.0,0.0,0.0,0.00411522633744856,0.0,0.0,0.0,0.0,0.0,0.0,0.0,0.0,0.0,0.0,0.0,0.0,0.0,0.0,0.0,0.0,0.0,0.0,0.0
12,12.0,2324.0,0.0,0.0025817555938037868,0.0008605851979345956,0.0025817555938037868,0.004302925989672977,0.0021514629948364886,0.0008605851979345956,0.0017211703958691911,0.0008605851979345956,0.0,0.0,0.0012908777969018934,0.0,0.0008605851979345956,0.0,0.0,0.0,0.0,0.0,0.0,0.0,1.0,0.0004302925989672978,0.0004302925989672978,0.0,0.0,0.0004302925989672978,0.0004302925989672978,0.0,0.0,0.0004302925989672978,0.0004302925989672978,0.0,0.0,1.0,0.0,0.0,0.0,0.0004302925989672978,0.0068846815834767644,0.0008605851979345956,0.0,0.0,0.0,0.0,0.0,0.0,0.0,0.0,0.0,0.0,0.0,0.0,0.0,0.0,0.0,0.0,0.0,0.0,0.0,0.0,0.0,0.0,0.0,0.0,0.0,0.0,0.0,0.0,0.0,0.0,0.0,0.0,0.0,0.0004302925989672978,0.0,0.0,0.0,0.0,0.0,0.0,0.0,0.0,0.0,0.0,0.0,0.0,0.0,0.0,0.0,0.0,0.0,0.0,0.0,0.0,0.0,0.0,0.0,0.0,0.0,0.0,0.0,0.0,0.0,0.0,0.0,0.0,0.0,0.0,0.0,0.0,0.0,0.0,0.0,0.0,0.0,0.0,0.0,0.0,0.0,0.0
13,13.0,877.0,0.0,1.0,1.0,1.0,1.0,1.0,1.0,1.0,1.0,0.0,0.0,0.0,0.0,0.0,0.0,0.0011402508551881414,0.0,0.0,0.0,0.0,0.0,0.0011402508551881414,0.0,0.0,0.0,0.0,0.0,0.0,0.0,0.0,0.0,0.0,0.0,0.0,0.0,0.06157354618015964,0.05131128848346636,0.05701254275940707,0.04903078677309008,0.0,0.0068415051311288486,0.0,0.0,0.0,0.0,0.0,0.0,0.0,0.0,0.0,0.0,0.0,0.0,0.0,0.0,0.0,0.0,0.0,0.0,0.0,0.0,0.0,0.0,0.0,0.0,0.0,0.0,0.0,0.0,0.0,0.0,0.0,0.0,0.0,0.0,0.0,0.0011402508551881414,0.0,0.0,0.0,0.0,0.0,0.0,0.0,0.0011402508551881414,0.0,0.0,0.0,0.0,0.0,0.0,0.0,0.0,0.0,0.0,0.0,0.0,0.0,0.0,0.0,0.0,0.0,0.0,0.0,0.0,0.0,0.0,0.0,0.0,0.0,0.0,0.0,0.0,0.0,0.0,0.0,0.0,0.0,0.0,0.0,0.0
14,14.0,665.0,0.0,0.0,0.0,1.0,0.0,1.0,0.0,0.0,0.0,0.0,0.0,0.0015037593984962407,0.0,0.0,0.0,0.0015037593984962407,0.0,0.0,0.0,0.0,0.0,0.0015037593984962407,0.007518796992481203,0.007518796992481203,0.009022556390977444,0.0030075187969924814,0.010526315789473684,0.010526315789473684,0.0030075187969924814,0.007518796992481203,0.012030075187969926,0.009022556390977444,0.009022556390977444,0.007518796992481203,0.0,0.004511278195488722,0.0030075187969924814,0.004511278195488722,0.004511278195488722,0.0030075187969924814,0.0015037593984962407,0.0,0.0,0.0,0.0015037593984962407,0.0,0.0,0.0,0.0,0.0,0.0,0.0,0.0,0.0,0.0,0.0,0.0,0.0,0.0,0.0,0.0,0.0,0.0,0.0,0.0,0.0,0.0,0.0,0.0,0.0,0.0,0.0,0.0,0.0,0.0,0.0,0.0,0.0,0.0,0.0,0.0,0.0,0.0,0.0,0.0,0.0,0.0,0.0,0.0,0.0,0.0,0.0,0.0,0.0,0.0,0.0,0.0,0.0,0.0,0.0,0.0,0.0,0.0,0.0,0.0,0.0,0.0,0.0,0.0,0.0,0.0,0.0,0.0,0.0,0.0,0.0,0.0,0.0,0.0,0.0,0.0
15,15.0,232.0,0.0,0.0,0.0,0.25,0.5775862068965517,1.0,1.0,1.0,0.09482758620689655,0.0,0.0,0.0,0.0,0.0,0.0,0.0,0.0,0.0,0.0,0.0,0.0,0.004310344827586207,0.03879310344827586,0.008620689655172414,0.03017241379310345,0.017241379310344827,0.034482758620689655,0.017241379310344827,0.008620689655172414,0.021551724137931036,0.021551724137931036,0.02586206896551724,0.021551724137931036,0.017241379310344827,0.0,0.008620689655172414,0.008620689655172414,0.008620689655172414,0.008620689655172414,0.0,0.0,0.0,0.0,0.0,0.0,0.0,0.0,0.0,0.0,0.0,0.0,0.0,0.0,0.0,0.0,0.0,0.0,0.0,0.0,0.0,0.0,0.0,0.0,0.0,0.0,0.0,0.0,0.0,0.0,0.0,0.0,0.0,0.0,0.0,0.0,0.0,0.0,0.0,0.0,0.0,0.0,0.0,0.0,0.0,0.0,0.0,0.0,0.0,0.0,0.0,0.0,0.0,0.0,0.0,0.0,0.0,0.0,0.0,0.0,0.0,0.0,0.0,0.0,0.0,0.0,0.0,0.0,0.0,0.0,0.0,0.0,0.0,0.0,0.0,0.0,0.0,0.0,0.0,0.0,0.0,0.0
16,16.0,998.0,0.031062124248496994,0.001002004008016032,0.001002004008016032,0.001002004008016032,0.0,0.0,0.001002004008016032,0.0,0.002004008016032064,0.004008016032064128,0.00501002004008016,0.998997995991984,0.003006012024048096,0.8386773547094188,0.004008016032064128,0.012024048096192385,0.03507014028056112,0.012024048096192385,0.0070140280561122245,0.009018036072144289,0.0070140280561122245,0.004008016032064128,0.0,0.0,0.0,0.0,0.0,0.0,0.0,0.0,0.0,0.0,0.0,0.0,0.001002004008016032,0.0,0.0,0.0,0.0,0.036072144288577156,0.003006012024048096,0.006012024048096192,0.0,0.0,0.004008016032064128,0.001002004008016032,0.001002004008016032,0.023046092184368736,0.0,0.003006012024048096,0.0,0.006012024048096192,0.001002004008016032,0.0,0.004008016032064128,0.0,0.0,0.003006012024048096,0.0,0.0,0.0,0.0,0.0,0.0,0.0,0.009018036072144289,0.0070140280561122245,0.006012024048096192,0.0,0.001002004008016032,0.0,0.001002004008016032,0.0,0.003006012024048096,0.0,0.0,0.001002004008016032,0.0,0.001002004008016032,0.0,0.0,0.002004008016032064,0.003006012024048096,0.0,0.0,0.0,0.0,0.001002004008016032,0.0,0.004008016032064128,0.004008016032064128,0.002004008016032064,0.0,0.003006012024048096,0.004008016032064128,0.0,0.004008016032064128,0.0,0.002004008016032064,0.0,0.0,0.0,0.001002004008016032,0.0,0.0,0.003006012024048096,0.0,0.0,0.0,0.0,0.0,0.0,0.0,0.0,0.0,0.0,0.002004008016032064,0.002004008016032064,0.0,0.0,0.0
17,17.0,454.0,0.0,0.0,0.0,0.0,0.23348017621145375,1.0,0.0,1.0,0.0,0.0,0.0,0.0,0.0,0.0,0.0,0.0,0.0,0.0,0.0,0.0,0.0,0.00881057268722467,0.011013215859030838,0.004405286343612335,0.004405286343612335,0.013215859030837005,0.013215859030837005,0.004405286343612335,0.004405286343612335,0.006607929515418502,0.004405286343612335,0.0022026431718061676,0.011013215859030838,0.01762114537444934,0.0,0.006607929515418502,0.0022026431718061676,0.004405286343612335,0.004405286343612335,0.0,0.004405286343612335,0.0,0.0,0.0,0.0,0.0,0.0,0.0,0.0,0.0,0.0,0.0,0.0,0.0,0.0,0.0,0.0,0.0,0.0,0.0,0.0,0.0,0.0,0.0,0.0,0.0,0.0,0.0,0.0,0.0,0.0,0.0,0.0,0.0,0.0,0.0,0.0,0.0,0.0,0.0,0.0,0.0,0.0,0.0,0.0,0.0,0.0,0.0,0.0,0.0,0.0,0.0,0.0,0.0,0.0,0.0,0.0,0.0,0.0,0.0,0.0,0.0,0.0,0.0,0.0,0.0,0.0,0.0,0.0,0.0,0.0,0.0,0.0,0.0,0.0,0.0,0.0,0.0,0.0,0.0,0.0
18,18.0,114.0,0.0,0.9736842105263158,0.9912280701754386,0.9912280701754386,0.9824561403508771,0.956140350877193,0.9736842105263158,0.9210526315789473,0.8421052631578947,0.0,0.0,0.0,0.0,0.0,0.0,0.0,0.0,0.0,0.0,0.0,0.0,0.0,0.08771929824561403,0.21929824561403508,0.017543859649122806,1.0,0.16666666666666666,0.09649122807017543,0.0,0.2543859649122807,1.0,0.10526315789473684,0.07894736842105263,0.15789473684210525,0.0,0.13157894736842105,0.10526315789473684,0.06140350877192982,0.09649122807017543,0.0,0.0,0.0,0.0,0.0,0.0,0.0,0.0,0.0,0.0,0.0,0.0,0.0,0.0,0.0,0.0,0.0,0.0,0.0,0.0,0.0,0.0,0.0,0.0,0.0,0.0,0.0,0.0,0.0,0.0,0.0,0.0,0.0,0.0,0.0,0.0,0.0,0.0,0.0,0.0,0.0,0.0,0.0,0.0,0.0,0.0,0.0,0.0,0.0,0.0,0.0,0.0,0.0,0.0,0.0,0.0,0.0,0.0,0.0,0.0,0.0,0.0,0.0,0.0,0.0,0.0,0.0,0.0,0.0,0.0,0.0,0.0,0.0,0.0,0.0,0.0,0.0,0.0,0.0,0.0,0.0,0.0
19,19.0,203.0,0.0,0.0,1.0,1.0,0.3448275862068966,0.26108374384236455,1.0,0.1477832512315271,1.0,0.0,0.0049261083743842365,0.0,0.0,0.0,0.0,0.0,0.0,0.0,0.0,0.0,0.0,0.0049261083743842365,0.029556650246305417,0.019704433497536946,0.024630541871921183,0.03940886699507389,0.059113300492610835,0.034482758620689655,0.03940886699507389,0.03940886699507389,0.029556650246305417,0.029556650246305417,0.054187192118226604,0.0,0.0,0.009852216748768473,0.0,0.019704433497536946,0.0049261083743842365,0.0,0.0,0.0,0.0,0.0,0.0,0.0,0.0,0.0,0.0,0.0,0.0,0.0,0.0,0.0,0.0,0.0,0.0,0.0,0.0,0.0,0.0,0.0,0.0,0.0,0.0,0.0,0.0,0.0,0.0,0.0,0.0,0.0,0.0,0.0,0.0,0.0,0.0,0.0,0.0,0.0,0.0,0.0049261083743842365,0.0,0.0,0.0,0.0,0.0,0.0,0.0,0.0,0.0,0.0,0.0,0.0,0.0,0.0,0.0,0.0,0.0,0.0,0.0,0.0,0.0,0.0,0.0,0.0,0.0,0.0,0.0,0.0,0.0,0.0,0.0,0.0,0.0,0.0,0.0,0.0,0.0,0.0,0.0
20,20.0,213.0,0.0,0.0,0.0,0.0,0.0,0.0,0.0,0.0,1.0,0.0,0.0,0.0,0.0,0.0,0.0,0.004694835680751174,0.0,0.0,0.0,0.0,0.0,0.0892018779342723,0.0,0.051643192488262914,0.0,0.056338028169014086,0.046948356807511735,0.03755868544600939,0.03755868544600939,0.046948356807511735,0.051643192488262914,0.06103286384976526,0.06572769953051644,0.03755868544600939,0.0,0.023474178403755867,0.018779342723004695,0.009389671361502348,0.03755868544600939,0.03286384976525822,0.03286384976525822,0.004694835680751174,0.0,0.0,0.018779342723004695,0.0,0.0,0.004694835680751174,0.0,0.0,0.0,0.0,0.0,0.0,0.0,0.0,0.004694835680751174,0.004694835680751174,0.0,0.0,0.0,0.0,0.0,0.0,0.0,0.0,0.004694835680751174,0.004694835680751174,0.0,0.0,0.0,0.0,0.0,0.0,0.004694835680751174,0.0,0.004694835680751174,0.0,0.0,0.0,0.0,0.0,0.0,0.0,0.004694835680751174,0.0,0.0,0.0,0.0,0.0,0.0,0.0,0.0,0.0,0.0,0.0,0.0,0.0,0.0,0.0,0.0,0.004694835680751174,0.0,0.0,0.0,0.0,0.0,0.0,0.0,0.0,0.0,0.0,0.0,0.0,0.0,0.0,0.0,0.0,0.0,0.0,0.0
21,21.0,134.0,0.0,1.0,0.1865671641791045,1.0,0.17164179104477612,0.26865671641791045,0.15671641791044777,1.0,1.0,0.0,0.0,0.0,0.0,0.0,0.0,0.0,0.0,0.0,0.0,0.0,0.0,0.007462686567164179,0.03731343283582089,0.03731343283582089,0.03731343283582089,0.029850746268656716,0.05970149253731343,0.05223880597014925,0.022388059701492536,0.029850746268656716,0.014925373134328358,0.029850746268656716,0.022388059701492536,0.04477611940298507,0.0,0.022388059701492536,0.007462686567164179,0.03731343283582089,0.022388059701492536,0.007462686567164179,0.007462686567164179,0.0,0.0,0.0,0.0,0.0,0.0,0.0,0.0,0.0,0.0,0.0,0.0,0.0,0.0,0.0,0.0,0.0,0.0,0.0,0.0,0.0,0.0,0.0,0.0,0.007462686567164179,0.0,0.0,0.0,0.0,0.0,0.0,0.0,0.0,0.0,0.0,0.007462686567164179,0.0,0.0,0.0,0.0,0.0,0.0,0.0,0.0,0.0,0.0,0.0,0.0,0.0,0.0,0.0,0.0,0.0,0.0,0.0,0.0,0.0,0.0,0.0,0.0,0.0,0.0,0.0,0.0,0.0,0.0,0.0,0.0,0.0,0.0,0.0,0.0,0.0,0.0,0.0,0.0,0.0,0.0,0.0,0.0
22,22.0,165.0,0.0,1.0,0.0,0.4,1.0,1.0,0.0,0.18787878787878787,1.0,0.0,0.0,0.0,0.0,0.0,0.0,0.0,0.0,0.0,0.0,0.0,0.0,0.0,0.024242424242424242,0.030303030303030304,0.012121212121212121,0.01818181818181818,0.03636363636363636,0.04242424242424243,0.024242424242424242,0.03636363636363636,0.01818181818181818,0.024242424242424242,0.05454545454545454,0.01818181818181818,0.0,0.030303030303030304,0.006060606060606061,0.024242424242424242,0.006060606060606061,0.0,0.0,0.0,0.0,0.0,0.0,0.0,0.0,0.0,0.0,0.0,0.0,0.0,0.0,0.0,0.0,0.0,0.0,0.0,0.0,0.0,0.0,0.0,0.0,0.0,0.0,0.0,0.0,0.0,0.0,0.0,0.0,0.0,0.0,0.0,0.0,0.0,0.0,0.0,0.0,0.0,0.0,0.0,0.0,0.0,0.0,0.0,0.0,0.0,0.0,0.0,0.0,0.0,0.0,0.0,0.0,0.0,0.0,0.0,0.0,0.0,0.0,0.0,0.0,0.0,0.0,0.0,0.0,0.0,0.0,0.0,0.0,0.0,0.0,0.0,0.0,0.0,0.0,0.0,0.0,0.0,0.0
23,23.0,85.0,0.0,0.9882352941176471,1.0,1.0,1.0,0.9764705882352941,1.0,0.9647058823529412,0.9764705882352941,0.0,0.0,0.0,0.0,0.0,0.0,0.0,0.0,0.0,0.0,0.0,0.0,0.0,0.8235294117647058,0.12941176470588237,0.8352941176470589,0.10588235294117647,0.12941176470588237,0.16470588235294117,0.03529411764705882,0.7294117647058823,0.8705882352941177,0.2235294117647059,0.4,0.07058823529411765,0.0,0.1411764705882353,0.2235294117647059,0.2,0.2235294117647059,0.0,0.0,0.0,0.0,0.0,0.0,0.0,0.0,0.0,0.0,0.0,0.0,0.0,0.0,0.0,0.0,0.0,0.0,0.0,0.0,0.0,0.0,0.0,0.0,0.0,0.0,0.0,0.0,0.0,0.0,0.0,0.0,0.0,0.0,0.0,0.0,0.0,0.0,0.0,0.0,0.0,0.0,0.0,0.0,0.0,0.0,0.0,0.0,0.0,0.0,0.0,0.0,0.0,0.0,0.0,0.0,0.0,0.0,0.0,0.0,0.0,0.011764705882352941,0.0,0.0,0.0,0.0,0.0,0.0,0.0,0.0,0.0,0.0,0.0,0.0,0.0,0.0,0.0,0.0,0.0,0.0,0.0,0.0
24,24.0,426.0,0.0,0.8544600938967136,1.0,0.8568075117370892,0.8427230046948356,0.0,0.8215962441314554,1.0,0.0,0.0,0.0,0.0,0.0,0.0,0.0,0.0,0.0,0.0,0.0,0.0,0.0,0.004694835680751174,0.04225352112676056,0.04460093896713615,0.002347417840375587,0.03051643192488263,0.051643192488262914,0.04225352112676056,0.03755868544600939,0.051643192488262914,0.03286384976525822,0.018779342723004695,0.03286384976525822,0.04225352112676056,0.002347417840375587,0.028169014084507043,0.014084507042253521,0.011737089201877934,0.014084507042253521,0.002347417840375587,0.004694835680751174,0.0,0.0,0.0,0.004694835680751174,0.0,0.0,0.0,0.0,0.0,0.0,0.0,0.0,0.0,0.0,0.0,0.0,0.0,0.0,0.0,0.0,0.0,0.0,0.0,0.0,0.0,0.0,0.0,0.0,0.0,0.0,0.0,0.0,0.0,0.0,0.0,0.0,0.0,0.0,0.0,0.0,0.0,0.0,0.0,0.0,0.0,0.0,0.0,0.0,0.0,0.0,0.0,0.0,0.0,0.0,0.0,0.0,0.0,0.0,0.0,0.0,0.0,0.0,0.0,0.0,0.0,0.0,0.0,0.0,0.0,0.0,0.0,0.0,0.0,0.0,0.0,0.0,0.0,0.0,0.0,0.0
25,25.0,222.0,0.0,0.0,1.0,0.7792792792792793,1.0,1.0,1.0,1.0,1.0,0.0045045045045045045,0.0,0.0,0.0,0.0,0.0,0.0,0.0,0.0,0.0,0.0,0.0,0.0045045045045045045,0.036036036036036036,0.04504504504504504,0.08558558558558559,0.02252252252252252,0.05855855855855856,0.05405405405405406,0.036036036036036036,0.04504504504504504,0.036036036036036036,0.036036036036036036,0.04504504504504504,0.02252252252252252,0.0,0.05855855855855856,0.036036036036036036,0.018018018018018018,0.02702702702702703,0.0,0.0045045045045045045,0.0,0.0,0.0,0.0,0.0,0.0,0.0,0.0,0.0,0.0,0.0,0.0,0.0,0.0,0.0,0.0,0.0,0.0,0.0,0.0,0.0,0.0,0.0,0.0,0.0,0.0,0.0,0.0,0.0,0.0,0.0,0.0,0.0,0.0,0.0,0.0,0.0,0.0,0.0,0.0,0.0,0.0,0.0,0.0,0.0,0.0,0.0,0.0,0.0,0.0,0.0,0.0,0.0,0.0,0.0,0.0,0.0,0.0,0.0,0.0,0.0,0.0,0.0,0.0,0.0,0.0,0.0,0.0,0.0,0.0,0.0,0.0,0.0,0.0,0.0,0.0,0.0,0.0,0.0,0.0
26,26.0,132.0,0.0,0.9393939393939394,0.9166666666666666,0.9545454545454546,0.9696969696969697,0.9848484848484849,0.9166666666666666,0.803030303030303,0.0,0.0,0.0,0.0,0.0,0.0,0.0,0.0,0.0,0.0,0.0,0.0,0.0,0.0,0.09848484848484848,1.0,0.0,0.06060606060606061,0.06060606060606061,0.09090909090909091,0.08333333333333333,0.07575757575757576,0.030303030303030304,0.0,0.0,0.06818181818181818,0.0,0.045454545454545456,0.06060606060606061,0.045454545454545456,0.06060606060606061,0.0,0.007575757575757576,0.0,0.0,0.0,0.0,0.0,0.0,0.0,0.0,0.0,0.0,0.0,0.0,0.0,0.0,0.0,0.0,0.0,0.0,0.0,0.0,0.0,0.0,0.0,0.0,0.0,0.0,0.0,0.0,0.0,0.0,0.0,0.0,0.0,0.0,0.0,0.007575757575757576,0.0,0.0,0.0,0.0,0.0,0.0,0.0,0.0,0.0,0.0,0.0,0.0,0.0,0.0,0.0,0.0,0.0,0.0,0.0,0.0,0.0,0.0,0.0,0.0,0.0,0.0,0.0,0.0,0.0,0.0,0.0,0.0,0.0,0.0,0.0,0.0,0.0,0.0,0.0,0.0,0.0,0.0,0.0,0.0
27,27.0,375.0,0.0,0.0,1.0,0.35733333333333334,1.0,0.0,1.0,0.0,0.13333333333333333,0.0,0.0,0.0026666666666666666,0.0,0.0,0.0,0.0,0.0,0.0,0.0,0.0,0.0,0.0,0.018666666666666668,0.018666666666666668,0.018666666666666668,0.021333333333333333,0.005333333333333333,0.021333333333333333,0.013333333333333334,0.021333333333333333,0.032,0.034666666666666665,0.010666666666666666,0.0026666666666666666,0.0,0.010666666666666666,0.016,0.013333333333333334,0.008,0.0,0.0,0.0026666666666666666,0.0,0.0,0.0026666666666666666,0.0,0.0,0.0,0.0,0.0,0.0,0.0,0.0,0.0,0.0,0.0,0.0026666666666666666,0.0026666666666666666,0.0,0.0,0.0,0.0,0.0,0.0,0.0,0.0026666666666666666,0.0,0.0,0.0,0.0,0.0,0.0,0.0,0.0,0.0,0.0,0.0,0.0,0.0,0.0,0.0,0.0,0.0,0.0,0.0,0.0026666666666666666,0.0,0.0,0.0,0.0,0.0,0.0,0.0,0.0,0.0,0.0,0.0,0.0,0.0,0.0,0.0026666666666666666,0.0,0.0,0.0,0.0,0.0,0.0,0.0,0.0,0.0,0.0,0.0,0.0,0.0,0.0,0.0,0.0,0.0,0.0,0.0,0.0
28,28.0,611.0,0.011456628477905073,0.0,0.0,0.0,0.0,0.0,0.0,0.0,0.0,0.022913256955810146,0.008183306055646482,0.0,0.004909983633387889,0.011456628477905073,0.0,0.024549918166939442,0.004909983633387889,0.0,0.0,0.0,0.0,0.0,0.0,0.0016366612111292963,0.0,0.0016366612111292963,0.0016366612111292963,0.0,0.0016366612111292963,0.006546644844517185,0.0,0.0,0.0032733224222585926,0.0,0.0016366612111292963,0.0,0.0,0.0,0.0016366612111292963,0.060556464811783964,0.8788870703764321,0.004909983633387889,0.0,0.0016366612111292963,0.031096563011456628,0.054009819967266774,0.022913256955810146,0.016366612111292964,0.0,0.016366612111292964,0.019639934533551555,0.016366612111292964,0.014729950900163666,0.004909983633387889,0.004909983633387889,0.006546644844517185,0.0016366612111292963,0.004909983633387889,0.0,0.008183306055646482,0.0,0.0032733224222585926,0.0,0.011456628477905073,0.011456628477905073,0.008183306055646482,0.004909983633387889,0.006546644844517185,0.0,0.01309328968903437,0.0,0.006546644844517185,0.0032733224222585926,0.0032733224222585926,0.0,0.0016366612111292963,0.0032733224222585926,0.0016366612111292963,0.0,0.0016366612111292963,0.0,0.0016366612111292963,0.0,0.04091653027823241,0.019639934533551555,0.0016366612111292963,0.0016366612111292963,0.0,0.008183306055646482,0.0016366612111292963,0.0,0.0016366612111292963,0.004909983633387889,0.0016366612111292963,0.004909983633387889,0.0016366612111292963,0.0032733224222585926,0.0016366612111292963,0.004909983633387889,0.0016366612111292963,0.0,0.0,0.0032733224222585926,0.0032733224222585926,0.0016366612111292963,0.0016366612111292963,0.0,0.0,0.0032733224222585926,0.0016366612111292963,0.006546644844517185,0.0,0.0,0.0,0.0016366612111292963,0.004909983633387889,0.004909983633387889,0.004909983633387889,0.0016366612111292963,0.0,0.0
29,29.0,7540.0,0.016180371352785147,0.001326259946949602,0.0010610079575596816,0.0007957559681697613,0.0009283819628647215,0.0003978779840848806,0.000663129973474801,0.0003978779840848806,0.0005305039787798408,0.9525198938992042,0.9545092838196286,1.0,0.010742705570291777,0.000663129973474801,0.0009283819628647215,0.005968169761273209,0.0034482758620689655,0.002652519893899204,0.0007957559681697613,0.0015915119363395225,0.0014588859416445623,0.0,0.0,0.0,0.0,0.0,0.0,0.0,0.0,0.0001326259946949602,0.0,0.0001326259946949602,0.0,0.0001326259946949602,0.0,0.0,0.0001326259946949602,0.0,0.0,0.008753315649867375,0.0009283819628647215,0.000663129973474801,0.0002652519893899204,0.0005305039787798408,0.0,0.000663129973474801,0.0022546419098143236,0.0003978779840848806,0.0003978779840848806,0.0009283819628647215,0.0,0.0022546419098143236,0.0002652519893899204,0.0,0.0001326259946949602,0.0001326259946949602,0.001856763925729443,0.000663129973474801,0.007957559681697613,0.0002652519893899204,0.0,0.0,0.0,0.0002652519893899204,0.0,0.000663129973474801,0.0011936339522546418,0.0007957559681697613,0.0,0.0,0.0,0.0001326259946949602,0.0,0.0007957559681697613,0.0,0.0,0.0001326259946949602,0.0,0.0027851458885941646,0.0,0.0,0.0,0.0,0.0,0.0001326259946949602,0.0,0.0023872679045092837,0.002519893899204244,0.0001326259946949602,0.0009283819628647215,0.000663129973474801,0.0005305039787798408,0.0,0.0007957559681697613,0.0001326259946949602,0.000663129973474801,0.0001326259946949602,0.0002652519893899204,0.000663129973474801,0.0,0.0,0.0,0.0001326259946949602,0.0,0.0,0.0009283819628647215,0.0,0.0,0.0002652519893899204,0.0,0.0,0.0001326259946949602,0.0,0.0001326259946949602,0.0,0.0,0.0001326259946949602,0.0,0.0,0.0,0.0
30,30.0,222.0,0.0,0.6666666666666666,1.0,0.6756756756756757,0.0,1.0,0.0,0.0,1.0,0.0,0.0,0.0,0.0,0.0,0.0,0.0,0.0,0.0,0.0,0.0,0.0,0.0,0.03153153153153153,0.018018018018018018,0.04504504504504504,0.036036036036036036,0.04504504504504504,0.02702702702702703,0.009009009009009009,0.02702702702702703,0.009009009009009009,0.036036036036036036,0.02702702702702703,0.018018018018018018,0.0,0.013513513513513514,0.013513513513513514,0.0,0.02252252252252252,0.0,0.0,0.0,0.0,0.0,0.0,0.0,0.0,0.0,0.0,0.0,0.0,0.0,0.0,0.0,0.0,0.0,0.0,0.0,0.0,0.0,0.0,0.0,0.0,0.0,0.0,0.0,0.0,0.0,0.0,0.0,0.0,0.0,0.0,0.0,0.0,0.0,0.0,0.0,0.0,0.0,0.0,0.0,0.0,0.0,0.0,0.0,0.0,0.0,0.0,0.0,0.0,0.0,0.0,0.0,0.0,0.0,0.0,0.0,0.0,0.0,0.0,0.0,0.0,0.0,0.0,0.0,0.0,0.0,0.0,0.0,0.0,0.0,0.0,0.0,0.0,0.0,0.0,0.0,0.0,0.0,0.0
31,31.0,124.0,0.0,0.8387096774193549,1.0,0.9354838709677419,1.0,0.9032258064516129,0.9838709677419355,0.0,0.7661290322580645,0.0,0.0,0.0,0.0,0.0,0.0,0.016129032258064516,0.0,0.0,0.0,0.0,0.0,0.0,0.03225806451612903,0.08870967741935484,0.08870967741935484,0.056451612903225805,0.04032258064516129,1.0,0.07258064516129033,0.04838709677419355,0.04032258064516129,0.08064516129032258,0.07258064516129033,0.06451612903225806,0.0,0.03225806451612903,0.024193548387096774,0.016129032258064516,0.03225806451612903,0.008064516129032258,0.016129032258064516,0.0,0.0,0.0,0.008064516129032258,0.0,0.0,0.0,0.0,0.0,0.0,0.0,0.0,0.0,0.0,0.0,0.0,0.0,0.0,0.0,0.0,0.0,0.0,0.0,0.0,0.008064516129032258,0.0,0.0,0.0,0.0,0.0,0.0,0.0,0.0,0.0,0.0,0.0,0.0,0.0,0.0,0.0,0.0,0.0,0.0,0.0,0.0,0.0,0.0,0.0,0.0,0.0,0.0,0.0,0.0,0.0,0.0,0.0,0.0,0.0,0.0,0.008064516129032258,0.0,0.0,0.0,0.0,0.0,0.0,0.0,0.0,0.0,0.0,0.0,0.0,0.0,0.0,0.0,0.0,0.0,0.0,0.0,0.0
32,32.0,121.0,0.0,1.0,1.0,0.9834710743801653,1.0,1.0,0.9834710743801653,1.0,0.9338842975206612,0.0,0.0,0.0,0.0,0.0,0.0,0.0,0.0,0.0,0.0,0.0,0.0,0.0,0.33884297520661155,0.2727272727272727,0.04132231404958678,0.1487603305785124,1.0,0.17355371900826447,0.19834710743801653,0.01652892561983471,0.19008264462809918,0.09090909090909091,1.0,0.14049586776859505,0.0,0.09917355371900827,0.10743801652892562,0.1652892561983471,0.0743801652892562,0.0,0.0,0.0,0.0,0.0,0.0,0.0,0.0,0.0,0.0,0.0,0.0,0.0,0.0,0.0,0.0,0.0,0.0,0.0,0.0,0.0,0.0,0.0,0.0,0.0,0.0,0.0,0.0,0.0,0.0,0.0,0.0,0.0,0.0,0.0,0.0,0.0,0.0,0.0,0.0,0.0,0.0,0.0,0.0,0.0,0.008264462809917356,0.0,0.0,0.0,0.0,0.0,0.0,0.0,0.0,0.0,0.0,0.0,0.0,0.0,0.0,0.0,0.0,0.0,0.0,0.0,0.0,0.0,0.0,0.0,0.0,0.0,0.0,0.0,0.0,0.0,0.0,0.0,0.0,0.0,0.0,0.0,0.0
33,33.0,1003.0,0.0,0.0019940179461615153,0.0029910269192422734,0.0,0.0029910269192422734,0.0009970089730807576,0.0019940179461615153,0.0019940179461615153,0.0,0.9850448654037887,0.9830508474576272,1.0,0.8843469591226321,0.996011964107677,0.7627118644067796,0.7766699900299102,0.7986041874376869,0.8195413758723828,0.7866400797607178,0.7936191425722832,0.7806580259222333,0.0,0.0,0.0,0.0,0.0,0.0,0.0009970089730807576,0.0,0.0,0.0,0.0,0.0,0.0,0.0,0.0,0.0,0.0,0.0,0.0019940179461615153,0.0009970089730807576,0.0,0.0,0.0,0.0,0.0029910269192422734,0.003988035892323031,0.0029910269192422734,0.0,0.003988035892323031,0.0019940179461615153,0.0,0.0009970089730807576,0.005982053838484547,0.0,0.0009970089730807576,0.0009970089730807576,0.0,0.0,0.0019940179461615153,0.0,0.0,0.0,0.0009970089730807576,0.0,0.0,0.0,0.0,0.0,0.0,0.0,0.0,0.0,0.0,0.0,0.0,0.0,0.0,0.0009970089730807576,0.0,0.0,0.0,0.0,0.0,0.0,0.0,0.0,0.0,0.0,0.0,0.0,0.0,0.0,0.0,0.0,0.0,0.0,0.0,0.0,0.0,0.0,0.0,0.0,0.0,0.0,0.0,0.0,0.0,0.0,0.0,0.0,0.0,0.0,0.0,0.0,0.0,0.0,0.0,0.0,0.0,0.0
34,34.0,666.0,0.0,0.0,0.0,1.0,1.0,0.0,0.0,0.0,0.0,0.0,0.0,0.0,0.0,0.0,0.0,0.0015015015015015015,0.0,0.0,0.0,0.0,0.0,0.0075075075075075074,0.009009009009009009,0.009009009009009009,0.009009009009009009,0.0075075075075075074,0.009009009009009009,0.0075075075075075074,0.010510510510510511,0.0075075075075075074,0.010510510510510511,0.010510510510510511,0.013513513513513514,0.0075075075075075074,0.0015015015015015015,0.006006006006006006,0.0075075075075075074,0.006006006006006006,0.003003003003003003,0.0015015015015015015,0.0,0.0,0.0,0.0,0.0015015015015015015,0.0,0.0,0.0,0.0,0.0,0.0,0.0,0.0,0.0,0.0,0.0,0.0,0.0,0.0,0.0,0.0,0.0,0.0,0.0,0.0,0.0,0.0,0.0015015015015015015,0.0,0.0,0.0,0.0,0.0,0.0,0.0,0.0,0.0015015015015015015,0.0,0.0,0.0,0.0,0.0,0.0,0.0,0.0,0.0,0.0,0.0,0.0,0.0,0.0,0.0,0.0,0.0,0.0,0.0,0.0,0.0,0.0,0.0,0.0,0.0,0.0,0.0,0.0,0.0,0.0,0.0,0.0,0.0,0.0,0.0,0.0,0.0,0.0,0.0,0.0,0.0,0.0,0.0,0.0
35,35.0,56.0,0.0,1.0,1.0,1.0,1.0,1.0,1.0,1.0,0.9821428571428571,0.0,0.0,0.0,0.0,0.0,0.0,0.0,0.0,0.0,0.0,0.0,0.0,0.0,0.07142857142857142,0.07142857142857142,0.0,0.4107142857142857,0.2857142857142857,0.75,0.39285714285714285,0.08928571428571429,0.48214285714285715,0.375,0.9642857142857143,0.9821428571428571,0.0,0.5,0.2857142857142857,0.21428571428571427,0.16071428571428573,0.0,0.0,0.0,0.0,0.0,0.0,0.0,0.0,0.0,0.0,0.0,0.0,0.0,0.0,0.0,0.0,0.0,0.0,0.0,0.0,0.0,0.0,0.0,0.0,0.0,0.0,0.0,0.0,0.0,0.0,0.0,0.0,0.0,0.0,0.0,0.0,0.0,0.0,0.0,0.0,0.0,0.0,0.0,0.0,0.0,0.0,0.0,0.0,0.0,0.0,0.0,0.0,0.0,0.0,0.0,0.0,0.0,0.0,0.0,0.0,0.0,0.0,0.0,0.0,0.0,0.0,0.0,0.0,0.0,0.0,0.0,0.0,0.0,0.0,0.0,0.0,0.0,0.0,0.0,0.0,0.0,0.0
36,36.0,109.0,0.0,0.0,1.0,0.0,1.0,0.0,0.0,1.0,0.0,0.0,0.0,0.0,0.0,0.0,0.0,0.0,0.0,0.0,0.0,0.0,0.0,0.0,0.027522935779816515,0.0,0.027522935779816515,0.0,0.009174311926605505,0.01834862385321101,0.0,0.027522935779816515,0.009174311926605505,0.009174311926605505,0.01834862385321101,0.009174311926605505,0.0,0.0,0.009174311926605505,0.0,0.009174311926605505,0.0,0.0,0.0,0.0,0.0,0.0,0.0,0.0,0.0,0.0,0.0,0.0,0.0,0.0,0.0,0.0,0.0,0.0,0.0,0.0,0.0,0.0,0.0,0.0,0.0,0.0,0.0,0.0,0.0,0.0,0.0,0.0,0.0,0.0,0.0,0.0,0.0,0.0,0.0,0.0,0.0,0.0,0.0,0.0,0.0,0.0,0.0,0.0,0.0,0.0,0.0,0.0,0.0,0.0,0.0,0.0,0.0,0.0,0.0,0.0,0.0,0.0,0.0,0.0,0.0,0.0,0.0,0.0,0.0,0.0,0.0,0.0,0.0,0.0,0.0,0.0,0.0,0.0,0.0,0.0,0.0,0.0
37,37.0,699.0,0.0,0.0,0.0,0.0,1.0,0.0,1.0,0.0,0.0,0.0,0.0,0.0,0.0,0.0,0.0,0.0,0.0,0.0,0.0,0.0,0.0,0.002861230329041488,0.010014306151645207,0.008583690987124463,0.005722460658082976,0.010014306151645207,0.01430615164520744,0.004291845493562232,0.005722460658082976,0.005722460658082976,0.011444921316165951,0.00715307582260372,0.004291845493562232,0.011444921316165951,0.0,0.005722460658082976,0.002861230329041488,0.005722460658082976,0.008583690987124463,0.001430615164520744,0.0,0.0,0.0,0.0,0.002861230329041488,0.0,0.0,0.0,0.0,0.0,0.0,0.0,0.0,0.0,0.0,0.0,0.0,0.0,0.0,0.0,0.0,0.0,0.0,0.0,0.0,0.001430615164520744,0.0,0.0,0.0,0.0,0.0,0.0,0.0,0.0,0.0,0.0,0.0,0.0,0.0,0.0,0.0,0.0,0.0,0.0,0.0,0.0,0.0,0.0,0.0,0.0,0.0,0.0,0.0,0.0,0.0,0.0,0.0,0.0,0.0,0.0,0.0,0.0,0.0,0.0,0.0,0.0,0.0,0.0,0.0,0.0,0.0,0.0,0.0,0.0,0.0,0.0,0.0,0.0,0.0,0.0,0.0
38,38.0,440.0,0.0,0.0,0.0,0.0,0.0,0.0,1.0,0.0,0.0,0.006818181818181818,0.0022727272727272726,0.0022727272727272726,0.0,0.0,0.0,0.006818181818181818,0.0,0.0,0.0,0.0,0.0,0.08181818181818182,0.05,0.05227272727272727,0.0,0.05454545454545454,0.056818181818181816,0.05227272727272727,0.045454545454545456,0.031818181818181815,0.031818181818181815,0.0,0.056818181818181816,0.04318181818181818,0.0,0.029545454545454545,0.020454545454545454,0.01818181818181818,0.020454545454545454,0.056818181818181816,0.02727272727272727,0.0,0.0,0.0,0.00909090909090909,0.0,0.0,0.0,0.0,0.0,0.0,0.0,0.0,0.0,0.0,0.0,0.0,0.0,0.0,0.0,0.0,0.0,0.0,0.0,0.0,0.004545454545454545,0.0,0.004545454545454545,0.0,0.0,0.0,0.0,0.0,0.0,0.0022727272727272726,0.0,0.006818181818181818,0.0,0.0,0.0,0.0,0.0,0.0,0.0,0.0,0.0,0.0,0.0,0.0,0.0,0.0,0.0,0.0,0.0,0.0,0.0,0.0,0.0,0.0,0.0,0.0022727272727272726,0.0,0.0,0.0,0.0,0.0,0.0,0.0,0.0,0.0,0.0,0.0,0.0,0.0,0.0,0.0,0.0,0.0,0.0,0.0,0.0
39,39.0,119.0,0.0,0.0,0.7394957983193278,0.7815126050420168,0.0,1.0,1.0,1.0,1.0,0.0,0.0,0.0,0.0,0.0,0.0,0.0,0.0,0.0,0.0,0.0,0.0,0.0,0.008403361344537815,0.04201680672268908,0.07563025210084033,0.05042016806722689,0.05042016806722689,0.008403361344537815,0.01680672268907563,0.008403361344537815,0.03361344537815126,0.025210084033613446,0.03361344537815126,0.05042016806722689,0.0,0.008403361344537815,0.01680672268907563,0.025210084033613446,0.03361344537815126,0.0,0.0,0.0,0.0,0.0,0.0,0.0,0.0,0.0,0.0,0.0,0.0,0.0,0.0,0.0,0.0,0.0,0.0,0.0,0.0,0.0,0.0,0.0,0.0,0.0,0.0,0.0,0.0,0.0,0.0,0.0,0.0,0.0,0.0,0.0,0.0,0.0,0.0,0.0,0.0,0.0,0.0,0.0,0.0,0.0,0.0,0.0,0.0,0.0,0.0,0.0,0.0,0.0,0.0,0.0,0.0,0.0,0.0,0.0,0.0,0.0,0.0,0.0,0.0,0.0,0.0,0.0,0.0,0.0,0.0,0.0,0.0,0.0,0.0,0.0,0.0,0.0,0.0,0.0,0.0,0.0,0.0
40,40.0,323.0,0.0,1.0,1.0,0.4179566563467492,0.0,0.0,1.0,0.0,0.0,0.0,0.0,0.0,0.0,0.0,0.0,0.0,0.0,0.0,0.0,0.0,0.0,0.006191950464396285,0.015479876160990712,0.01238390092879257,0.021671826625386997,0.021671826625386997,0.018575851393188854,0.015479876160990712,0.015479876160990712,0.009287925696594427,0.018575851393188854,0.02476780185758514,0.01238390092879257,0.009287925696594427,0.0,0.009287925696594427,0.018575851393188854,0.01238390092879257,0.0030959752321981426,0.0,0.0,0.0,0.0,0.0,0.0,0.0,0.0,0.0,0.0,0.0,0.0,0.0,0.0,0.0,0.0,0.0,0.0,0.0,0.0,0.0,0.0,0.0,0.0,0.0,0.0,0.0,0.0,0.0,0.0,0.0,0.0,0.0,0.0,0.0,0.0,0.0,0.0,0.0,0.0,0.0,0.0,0.0,0.0,0.0,0.0,0.0,0.0,0.0,0.0,0.0,0.0,0.0,0.0,0.0,0.0,0.0,0.0,0.0,0.0,0.0,0.0,0.0,0.0,0.0,0.0,0.0,0.0,0.0,0.0,0.0,0.0,0.0,0.0,0.0,0.0,0.0,0.0,0.0,0.0,0.0,0.0
41,41.0,23.0,0.0,1.0,0.391304347826087,1.0,1.0,0.30434782608695654,0.17391304347826086,0.13043478260869565,0.043478260869565216,0.0,0.0,0.0,0.0,0.0,0.0,0.043478260869565216,0.0,0.0,0.0,0.0,0.0,0.0,0.0,0.0,1.0,0.043478260869565216,0.0,0.0,0.0,0.0,0.0,0.0,0.0,0.043478260869565216,0.0,0.0,0.043478260869565216,0.0,0.0,0.0,0.0,0.0,0.0,0.0,0.0,0.0,0.0,0.0,0.0,0.0,0.0,0.0,0.0,0.0,0.0,0.0,0.0,0.0,0.0,0.0,0.0,0.0,0.0,0.0,0.0,0.0,0.0,0.0,0.0,0.0,0.0,0.0,0.0,0.0,0.0,0.0,0.0,0.0,0.0,0.0,0.0,0.0,0.0,0.0,0.0,0.0,0.0,0.0,0.0,0.0,0.0,0.0,0.0,0.0,0.0,0.0,0.0,0.0,0.0,0.0,0.0,0.0,0.0,0.0,0.0,0.0,0.0,0.0,0.0,0.0,0.0,0.0,0.0,0.0,0.0,0.0,0.0,0.0,0.0,0.0,0.0
42,42.0,60.0,0.0,0.0,0.0,0.016666666666666666,0.0,0.0,0.0,0.0,0.0,0.7333333333333333,0.95,0.6333333333333333,0.6333333333333333,0.5166666666666667,0.4,0.21666666666666667,0.21666666666666667,0.15,0.1,0.15,0.16666666666666666,0.0,0.0,0.0,0.0,0.0,0.0,0.0,0.0,0.0,0.0,0.0,0.0,0.0,0.0,0.0,0.0,0.0,0.0,0.016666666666666666,0.9333333333333333,0.03333333333333333,0.0,0.0,0.0,0.9166666666666666,0.9666666666666667,0.95,0.0,0.95,0.9,0.016666666666666666,0.9333333333333333,0.9333333333333333,0.9333333333333333,0.9333333333333333,0.016666666666666666,0.0,0.0,0.95,0.0,0.0,0.0,0.8,0.7166666666666667,0.0,0.0,0.0,0.0,0.0,0.0,0.0,0.03333333333333333,0.016666666666666666,0.0,0.016666666666666666,0.0,0.016666666666666666,0.016666666666666666,0.0,0.0,0.016666666666666666,0.0,0.0,0.0,0.016666666666666666,0.0,0.0,0.016666666666666666,0.0,0.016666666666666666,0.0,0.03333333333333333,0.0,0.03333333333333333,0.016666666666666666,0.0,0.0,0.016666666666666666,0.0,0.0,0.016666666666666666,0.0,0.0,0.016666666666666666,0.0,0.0,0.03333333333333333,0.016666666666666666,0.0,0.0,0.0,0.03333333333333333,0.016666666666666666,0.03333333333333333,0.0,0.0,0.016666666666666666,0.0,0.03333333333333333,0.0
43,43.0,1266.0,0.8665086887835703,0.0,0.0,0.0,0.0,0.0,0.0,0.0,0.0,0.029225908372827805,0.06872037914691943,0.985781990521327,0.995260663507109,0.009478672985781991,0.02843601895734597,0.013428120063191154,0.015007898894154818,0.007898894154818325,0.014218009478672985,0.008688783570300158,0.011058451816745656,0.0007898894154818325,0.0,0.0,0.0,0.0,0.0,0.0,0.0,0.0,0.0007898894154818325,0.0,0.0,0.0,0.0,0.0,0.0,0.0,0.0,0.001579778830963665,0.002369668246445498,0.0007898894154818325,0.0,0.0,0.0,0.0,0.0,0.0007898894154818325,0.0,0.0,0.0,0.001579778830963665,0.0007898894154818325,0.0007898894154818325,0.0,0.0,0.001579778830963665,0.0,0.04107424960505529,0.0,0.0,0.0,0.0,0.0007898894154818325,0.0007898894154818325,0.0,0.0,0.0,0.0,0.0,0.0,0.0,0.0,0.0,0.0,0.0007898894154818325,0.0,0.0,0.0007898894154818325,0.0,0.0,0.0,0.0,0.0,0.0,0.0,0.0,0.0,0.0,0.0,0.0,0.0,0.0,0.0,0.0,0.0,0.0,0.0,0.0,0.0,0.0,0.0,0.0,0.0,0.0,0.0,0.0,0.0,0.0,0.0,0.0,0.0,0.0,0.0,0.0,0.0,0.0,0.0,0.0,0.0,0.0
44,44.0,109.0,0.0,1.0,1.0,0.981651376146789,0.981651376146789,0.981651376146789,0.9908256880733946,0.9908256880733946,0.926605504587156,0.0,0.0,0.0,0.0,0.0,0.0,0.0,0.0,0.0,0.0,0.0,0.0,0.0,0.07339449541284404,0.11009174311926606,0.11009174311926606,0.1651376146788991,0.13761467889908258,1.0,0.1926605504587156,0.11926605504587157,0.0,0.1743119266055046,0.06422018348623854,1.0,0.0,0.09174311926605505,0.13761467889908258,0.07339449541284404,0.09174311926605505,0.009174311926605505,0.009174311926605505,0.0,0.0,0.0,0.009174311926605505,0.0,0.0,0.0,0.0,0.0,0.0,0.0,0.0,0.0,0.0,0.0,0.0,0.0,0.0,0.0,0.0,0.0,0.0,0.0,0.0,0.0,0.0,0.0,0.0,0.0,0.0,0.0,0.0,0.0,0.0,0.0,0.0,0.0,0.0,0.0,0.0,0.0,0.0,0.0,0.0,0.0,0.0,0.0,0.0,0.0,0.0,0.0,0.0,0.0,0.0,0.0,0.0,0.0,0.0,0.0,0.0,0.0,0.0,0.0,0.0,0.0,0.0,0.0,0.0,0.0,0.0,0.0,0.0,0.0,0.0,0.0,0.0,0.0,0.0,0.0,0.0
45,45.0,191.0,0.0,1.0,0.6492146596858639,1.0,1.0,1.0,0.0,1.0,0.0,0.0,0.0,0.0,0.0,0.0,0.0,0.0,0.0,0.0,0.0,0.0,0.0,0.005235602094240838,0.05759162303664921,0.0,0.0,0.015706806282722512,0.04712041884816754,0.031413612565445025,0.031413612565445025,0.020942408376963352,0.031413612565445025,0.031413612565445025,0.020942408376963352,0.08376963350785341,0.005235602094240838,0.031413612565445025,0.010471204188481676,0.02617801047120419,0.03664921465968586,0.0,0.005235602094240838,0.0,0.0,0.0,0.0,0.0,0.0,0.0,0.0,0.0,0.0,0.0,0.0,0.0,0.0,0.0,0.0,0.0,0.0,0.0,0.0,0.0,0.0,0.0,0.0,0.0,0.0,0.0,0.0,0.0,0.0,0.0,0.0,0.0,0.0,0.0,0.0,0.0,0.0,0.0,0.0,0.0,0.0,0.0,0.0,0.0,0.0,0.0,0.0,0.0,0.0,0.0,0.0,0.0,0.0,0.0,0.0,0.0,0.0,0.0,0.0,0.0,0.0,0.0,0.0,0.0,0.0,0.0,0.0,0.0,0.0,0.0,0.0,0.0,0.0,0.0,0.0,0.0,0.0,0.0,0.0
46,46.0,138.0,0.0,1.0,1.0,1.0,0.0,1.0,1.0,0.0,1.0,0.0,0.0,0.0,0.0,0.0,0.0,0.0,0.0,0.0,0.0,0.0,0.0,0.0,0.0,0.007246376811594203,0.06521739130434782,0.050724637681159424,0.06521739130434782,0.043478260869565216,0.057971014492753624,0.050724637681159424,0.036231884057971016,0.07246376811594203,0.028985507246376812,0.014492753623188406,0.0,0.021739130434782608,0.050724637681159424,0.014492753623188406,0.043478260869565216,0.0,0.0,0.0,0.0,0.0,0.0,0.0,0.0,0.0,0.0,0.0,0.0,0.0,0.0,0.0,0.0,0.0,0.0,0.0,0.0,0.0,0.0,0.0,0.0,0.0,0.0,0.0,0.0,0.0,0.0,0.0,0.0,0.0,0.0,0.0,0.0,0.0,0.0,0.0,0.0,0.0,0.0,0.0,0.0,0.0,0.0,0.0,0.0,0.0,0.0,0.0,0.0,0.0,0.0,0.0,0.0,0.0,0.0,0.0,0.0,0.0,0.0,0.0,0.0,0.0,0.0,0.0,0.0,0.0,0.0,0.0,0.0,0.0,0.0,0.0,0.0,0.0,0.0,0.0,0.0,0.0,0.0
47,47.0,45.0,0.0,0.0,0.1111111111111111,0.0,0.08888888888888889,1.0,0.0,0.044444444444444446,0.044444444444444446,0.0,0.0,0.0,0.0,0.0,0.0,0.0,0.0,0.0,0.0,0.0,0.0,0.0,0.0,0.022222222222222223,1.0,0.0,0.0,0.0,0.044444444444444446,0.0,0.022222222222222223,0.022222222222222223,0.0,0.022222222222222223,0.0,0.0,0.0,0.0,0.022222222222222223,0.0,0.044444444444444446,0.0,0.0,0.0,0.0,0.0,0.0,0.0,0.0,0.0,0.0,0.0,0.0,0.0,0.0,0.0,0.0,0.0,0.0,0.0,0.0,0.0,0.0,0.0,0.0,0.0,0.0,0.0,0.0,0.0,0.0,0.0,0.0,0.0,0.0,0.0,0.0,0.0,0.0,0.0,0.0,0.0,0.0,0.0,0.0,0.0,0.0,0.0,0.0,0.0,0.0,0.0,0.0,0.0,0.0,0.0,0.0,0.0,0.0,0.0,0.0,0.0,0.0,0.0,0.0,0.0,0.0,0.0,0.0,0.0,0.0,0.0,0.0,0.0,0.0,0.0,0.0,0.0,0.0,0.0,0.0
48,48.0,223.0,0.0,1.0,0.8251121076233184,0.0,0.820627802690583,1.0,1.0,1.0,1.0,0.0,0.0,0.0,0.0,0.0,0.0,0.0,0.0,0.0,0.0,0.0,0.0,0.008968609865470852,0.07623318385650224,0.026905829596412557,0.04932735426008968,0.03587443946188341,0.04932735426008968,0.004484304932735426,0.017937219730941704,0.07174887892376682,0.04484304932735426,0.017937219730941704,0.004484304932735426,0.03587443946188341,0.0,0.004484304932735426,0.004484304932735426,0.013452914798206279,0.013452914798206279,0.0,0.0,0.0,0.0,0.0,0.0,0.0,0.0,0.0,0.0,0.0,0.0,0.0,0.0,0.0,0.0,0.0,0.0,0.0,0.0,0.0,0.0,0.0,0.0,0.0,0.0,0.0,0.0,0.0,0.0,0.0,0.0,0.0,0.0,0.0,0.0,0.0,0.0,0.0,0.0,0.0,0.0,0.0,0.0,0.0,0.0,0.0,0.0,0.0,0.0,0.0,0.0,0.0,0.0,0.0,0.0,0.0,0.0,0.0,0.0,0.0,0.0,0.0,0.0,0.0,0.0,0.0,0.0,0.0,0.0,0.0,0.0,0.0,0.0,0.0,0.0,0.0,0.0,0.0,0.0,0.0,0.0
49,49.0,77.0,0.0,1.0,1.0,0.987012987012987,1.0,1.0,0.987012987012987,0.987012987012987,1.0,0.0,0.0,0.0,0.0,0.0,0.0,0.0,0.0,0.0,0.0,0.0,0.0,0.0,0.7012987012987013,0.6883116883116883,0.8051948051948052,0.922077922077922,0.8961038961038961,0.8701298701298701,0.8831168831168831,0.012987012987012988,0.7272727272727273,0.6233766233766234,0.8311688311688312,0.8311688311688312,0.0,0.7532467532467533,0.7532467532467533,0.7922077922077922,0.6233766233766234,0.012987012987012988,0.0,0.0,0.0,0.0,0.0,0.0,0.0,0.0,0.0,0.0,0.0,0.0,0.0,0.0,0.0,0.0,0.0,0.0,0.0,0.0,0.0,0.0,0.0,0.0,0.0,0.0,0.0,0.0,0.0,0.0,0.0,0.0,0.0,0.0,0.0,0.0,0.0,0.0,0.0,0.0,0.0,0.0,0.0,0.0,0.0,0.0,0.0,0.0,0.0,0.0,0.0,0.0,0.0,0.0,0.0,0.0,0.0,0.0,0.0,0.0,0.012987012987012988,0.0,0.0,0.0,0.0,0.0,0.0,0.0,0.0,0.0,0.0,0.0,0.0,0.0,0.0,0.0,0.0,0.0,0.0,0.0,0.0
50,50.0,256.0,0.0,1.0,1.0,1.0,1.0,1.0,1.0,1.0,1.0,0.0,0.0,0.0,0.0,0.0,0.0,0.0,0.0,0.0,0.0,0.0,0.0,0.0,0.98046875,0.97265625,0.96484375,0.99609375,0.984375,0.95703125,0.984375,1.0,0.96875,0.94921875,0.94921875,0.96484375,0.0,1.0,0.90234375,0.92578125,0.859375,0.00390625,0.0,0.00390625,0.00390625,0.00390625,0.0,0.0,0.0,0.0,0.0,0.0,0.0,0.0,0.0,0.0,0.0,0.0,0.0,0.0,0.0,0.0,0.0,0.0,0.0,0.0,0.0,0.0,0.0,0.0,0.0,0.0,0.0,0.0,0.0,0.0,0.0,0.0,0.0,0.0,0.0,0.0,0.0,0.0,0.0,0.0,0.0,0.0,0.0,0.0,0.0,0.0,0.0,0.0,0.0,0.0,0.0,0.0,0.0,0.0,0.0,0.0,0.0,0.0,0.0,0.0,0.0,0.0,0.0,0.0,0.0,0.0,0.0,0.0,0.0,0.0,0.0,0.0,0.0,0.0,0.0,0.0,0.0
51,51.0,65.0,0.0,1.0,1.0,1.0,1.0,1.0,1.0,0.9846153846153847,0.9846153846153847,0.0,0.0,0.0,0.0,0.0,0.0,0.0,0.0,0.0,0.0,0.0,0.0,0.0,0.5846153846153846,0.1076923076923077,0.49230769230769234,0.36923076923076925,0.8923076923076924,0.24615384615384617,0.8615384615384616,0.8615384615384616,0.8615384615384616,0.16923076923076924,0.8307692307692308,0.5384615384615384,0.0,0.07692307692307693,0.36923076923076925,0.2923076923076923,0.23076923076923078,0.0,0.0,0.0,0.0,0.0,0.0,0.0,0.0,0.0,0.0,0.0,0.0,0.0,0.0,0.0,0.0,0.0,0.0,0.0,0.0,0.0,0.0,0.0,0.0,0.0,0.0,0.0,0.0,0.0,0.0,0.0,0.0,0.0,0.0,0.0,0.0,0.0,0.0,0.0,0.0,0.0,0.0,0.0,0.0,0.0,0.0,0.0,0.0,0.0,0.0,0.0,0.0,0.0,0.0,0.0,0.0,0.0,0.0,0.0,0.0,0.0,0.0,0.0,0.0,0.0,0.0,0.0,0.0,0.0,0.0,0.0,0.0,0.0,0.0,0.0,0.0,0.0,0.0,0.0,0.0,0.0,0.0
52,52.0,116.0,0.0,0.9913793103448276,0.9827586206896551,0.9741379310344828,1.0,0.9741379310344828,0.9913793103448276,0.9224137931034483,0.9568965517241379,0.0,0.0,0.0,0.008620689655172414,0.0,0.0,0.0,0.0,0.0,0.0,0.0,0.0,0.0,0.2413793103448276,0.08620689655172414,1.0,0.1724137931034483,0.1896551724137931,0.09482758620689655,1.0,0.2413793103448276,0.04310344827586207,0.0603448275862069,0.0603448275862069,0.1206896551724138,0.0,0.08620689655172414,0.07758620689655173,0.1896551724137931,0.09482758620689655,0.0,0.0,0.0,0.0,0.0,0.0,0.0,0.0,0.0,0.0,0.0,0.0,0.0,0.0,0.0,0.0,0.0,0.0,0.0,0.0,0.0,0.0,0.0,0.0,0.0,0.0,0.0,0.0,0.0,0.0,0.0,0.0,0.0,0.0,0.0,0.0,0.0,0.0,0.0,0.0,0.0,0.0,0.0,0.0,0.0,0.0,0.0,0.0,0.0,0.0,0.0,0.0,0.0,0.0,0.0,0.0,0.0,0.0,0.0,0.0,0.0,0.0,0.0,0.0,0.0,0.0,0.0,0.0,0.0,0.0,0.0,0.0,0.0,0.0,0.0,0.0,0.0,0.0,0.0,0.0,0.0,0.0
53,53.0,344.0,0.0,1.0,1.0,1.0,0.0,0.0,0.0,0.20930232558139536,0.19186046511627908,0.0,0.0,0.0,0.0,0.0,0.0,0.0,0.0,0.0,0.0,0.0,0.0,0.0,0.03197674418604651,0.01744186046511628,0.011627906976744186,0.020348837209302327,0.005813953488372093,0.01744186046511628,0.005813953488372093,0.014534883720930232,0.005813953488372093,0.020348837209302327,0.029069767441860465,0.014534883720930232,0.0,0.005813953488372093,0.011627906976744186,0.014534883720930232,0.011627906976744186,0.0,0.0,0.0,0.0,0.0,0.0,0.0,0.0,0.0,0.0,0.0,0.0,0.0,0.0,0.0,0.0,0.0,0.0,0.0,0.0,0.0,0.0,0.0,0.0,0.0,0.0,0.0,0.0,0.0,0.0,0.0,0.0,0.0,0.0,0.0,0.0,0.0,0.0029069767441860465,0.0,0.0,0.0,0.0,0.0,0.0,0.0,0.0,0.0,0.0,0.0,0.0,0.0,0.0,0.0,0.0,0.0,0.0,0.0,0.0,0.0,0.0,0.0,0.0,0.0,0.0,0.0,0.0,0.0,0.0,0.0,0.0,0.0,0.0,0.0,0.0,0.0,0.0,0.0,0.0,0.0,0.0,0.0,0.0
54,54.0,541.0,0.0,0.16635859519408502,0.0,0.0,0.16820702402957485,0.0,1.0,0.0,1.0,0.0,0.0,0.0,0.0,0.0,0.0,0.0,0.0,0.0,0.0,0.0,0.0,0.0036968576709796672,0.005545286506469501,0.014787430683918669,0.0018484288354898336,0.0,0.0073937153419593345,0.0166358595194085,0.009242144177449169,0.012939001848428836,0.009242144177449169,0.0073937153419593345,0.005545286506469501,0.005545286506469501,0.0,0.005545286506469501,0.0073937153419593345,0.005545286506469501,0.0036968576709796672,0.0018484288354898336,0.0073937153419593345,0.0,0.0,0.0,0.0,0.0,0.0,0.0,0.0,0.0,0.0,0.0,0.0,0.0,0.0,0.0,0.0,0.0,0.0,0.0,0.0,0.0,0.0,0.0,0.0,0.0,0.0,0.0,0.0,0.0,0.0,0.0,0.0,0.0,0.0,0.0,0.0,0.0,0.0,0.0,0.0,0.0,0.0,0.0,0.0,0.0,0.0,0.0,0.0,0.0,0.0,0.0,0.0,0.0,0.0,0.0,0.0,0.0,0.0,0.0,0.0,0.0,0.0,0.0,0.0,0.0,0.0,0.0,0.0,0.0,0.0,0.0,0.0,0.0,0.0,0.0,0.0,0.0,0.0,0.0,0.0
55,55.0,98.0,0.0,0.0,1.0,0.37755102040816324,1.0,0.0,0.673469387755102,1.0,1.0,0.0,0.0,0.0,0.0,0.0,0.0,0.0,0.0,0.0,0.0,0.0,0.0,0.0,0.04081632653061224,0.02040816326530612,0.030612244897959183,0.02040816326530612,0.0,0.02040816326530612,0.05102040816326531,0.04081632653061224,0.04081632653061224,0.030612244897959183,0.030612244897959183,0.030612244897959183,0.0,0.030612244897959183,0.02040816326530612,0.02040816326530612,0.02040816326530612,0.0,0.01020408163265306,0.0,0.0,0.0,0.0,0.0,0.0,0.0,0.0,0.0,0.0,0.0,0.0,0.0,0.0,0.0,0.0,0.0,0.0,0.0,0.0,0.0,0.0,0.0,0.0,0.0,0.0,0.0,0.0,0.0,0.0,0.0,0.0,0.0,0.0,0.0,0.0,0.0,0.0,0.0,0.0,0.0,0.0,0.0,0.0,0.0,0.0,0.0,0.0,0.0,0.0,0.0,0.0,0.0,0.0,0.0,0.0,0.0,0.0,0.0,0.0,0.0,0.0,0.0,0.0,0.0,0.0,0.0,0.0,0.0,0.0,0.0,0.0,0.0,0.0,0.0,0.0,0.0,0.0,0.0,0.0
56,56.0,119.0,0.0,0.0,0.0,0.0,0.0,0.0,0.0,0.0,0.0,1.0,1.0,0.6470588235294118,0.9663865546218487,0.9327731092436975,0.9159663865546218,0.9327731092436975,0.9243697478991597,0.8907563025210085,0.9327731092436975,0.907563025210084,0.957983193277311,0.0,0.0,0.0,0.0,0.0,0.0,0.0,0.0,0.0,0.0,0.0,0.0,0.0,0.0,0.0,0.0,0.0,0.0,0.0,0.9831932773109243,0.0,0.0,0.0,0.0,0.9831932773109243,1.0,0.9831932773109243,0.0,0.9663865546218487,0.9747899159663865,0.0,0.9831932773109243,0.9915966386554622,0.9915966386554622,0.9747899159663865,0.0,0.0,0.0,0.9747899159663865,0.0,0.0,0.0,0.8151260504201681,0.6974789915966386,0.0,0.0,0.0,0.0,0.0,0.0,0.0,0.0,0.0,0.0,0.0,0.0,0.0,0.0,0.0,0.0,0.0,0.0,0.0,0.0,0.0,0.0,0.0,0.0,0.0,0.0,0.0,0.0,0.0,0.0,0.0,0.0,0.0,0.0,0.0,0.0,0.0,0.0,0.0,0.0,0.0,0.0,0.0,0.0,0.0,0.0,0.0,0.0,0.0,0.0,0.0,0.0,0.0,0.0,0.0,0.0
57,57.0,75.0,0.0,1.0,1.0,1.0,1.0,1.0,1.0,0.9866666666666667,0.9866666666666667,0.0,0.0,0.0,0.0,0.0,0.0,0.0,0.0,0.0,0.0,0.0,0.0,0.0,0.22666666666666666,0.9733333333333334,0.38666666666666666,0.14666666666666667,0.05333333333333334,0.22666666666666666,0.76,0.36,0.18666666666666668,0.64,0.13333333333333333,0.18666666666666668,0.0,0.8666666666666667,0.16,0.4,0.29333333333333333,0.0,0.013333333333333334,0.0,0.0,0.0,0.0,0.0,0.0,0.0,0.0,0.0,0.0,0.0,0.0,0.0,0.0,0.0,0.0,0.0,0.0,0.0,0.0,0.0,0.0,0.0,0.0,0.0,0.0,0.0,0.0,0.0,0.0,0.0,0.0,0.0,0.0,0.0,0.0,0.0,0.0,0.0,0.0,0.0,0.0,0.0,0.0,0.0,0.0,0.0,0.0,0.0,0.0,0.0,0.0,0.0,0.0,0.0,0.0,0.0,0.0,0.0,0.0,0.0,0.0,0.0,0.0,0.0,0.0,0.0,0.0,0.0,0.0,0.0,0.0,0.0,0.0,0.0,0.0,0.0,0.0,0.0,0.0
58,58.0,132.0,0.0,1.0,0.0,0.0,1.0,1.0,1.0,0.0,0.0,0.0,0.0,0.0,0.0,0.0,0.0,0.0,0.0,0.0,0.0,0.0,0.0,0.0,0.007575757575757576,0.0,0.045454545454545456,0.022727272727272728,0.0,0.030303030303030304,0.022727272727272728,0.022727272727272728,0.045454545454545456,0.030303030303030304,0.03787878787878788,0.03787878787878788,0.0,0.022727272727272728,0.007575757575757576,0.0,0.015151515151515152,0.0,0.0,0.0,0.0,0.0,0.0,0.0,0.0,0.0,0.0,0.0,0.0,0.0,0.0,0.0,0.0,0.0,0.0,0.0,0.0,0.0,0.0,0.0,0.0,0.0,0.0,0.0,0.0,0.0,0.0,0.0,0.0,0.0,0.0,0.0,0.0,0.0,0.0,0.0,0.0,0.0,0.0,0.0,0.0,0.0,0.0,0.0,0.0,0.0,0.0,0.0,0.0,0.0,0.0,0.0,0.0,0.0,0.0,0.0,0.0,0.0,0.0,0.0,0.0,0.0,0.0,0.0,0.0,0.0,0.0,0.0,0.0,0.0,0.0,0.0,0.0,0.0,0.0,0.0,0.0,0.0,0.0
59,59.0,525.0,0.0,0.0019047619047619048,0.0019047619047619048,0.0038095238095238095,0.0038095238095238095,0.0038095238095238095,0.0,0.0019047619047619048,0.0019047619047619048,0.015238095238095238,0.013333333333333334,0.013333333333333334,0.0,0.0,0.0,0.0,0.0,0.0,0.0,0.0,0.0,0.0761904761904762,0.0019047619047619048,0.0,0.0,0.0,0.0,0.0,0.0,0.0,0.0,0.0,0.0,0.0,0.0,0.0,0.0,0.0019047619047619048,0.0,0.09523809523809523,0.0019047619047619048,0.9638095238095238,0.9714285714285714,0.9847619047619047,0.0019047619047619048,0.0,0.0,0.0,0.0,0.0,0.0,0.0,0.0,0.0,0.0,0.0,0.0,0.0,0.0,0.0,0.0,0.0,0.0,0.0,0.0,0.0,0.0,0.0019047619047619048,0.0,0.0,0.0,0.0,0.0,0.0,0.0,0.0,0.0,0.0,0.0,0.0,0.0,0.0,0.0,0.0,0.0,0.0,0.0,0.0,0.0,0.0,0.0,0.0,0.0,0.0,0.0,0.0,0.0,0.0,0.0,0.0,0.0,0.0,0.0,0.0,0.0,0.0,0.0,0.0,0.0,0.0,0.0,0.0,0.0,0.0,0.0,0.0,0.0,0.0,0.0,0.0,0.0
60,60.0,63.0,0.0,1.0,1.0,1.0,1.0,1.0,1.0,1.0,1.0,0.0,0.0,0.0,0.0,0.0,0.0,0.0,0.0,0.0,0.0,0.0,0.0,0.0,0.8253968253968254,0.8253968253968254,0.8888888888888888,0.873015873015873,0.6190476190476191,0.9365079365079365,0.2222222222222222,0.14285714285714285,0.8253968253968254,0.8253968253968254,0.6349206349206349,0.8571428571428571,0.0,0.4603174603174603,0.14285714285714285,0.12698412698412698,0.3492063492063492,0.0,0.031746031746031744,0.0,0.0,0.0,0.0,0.0,0.0,0.0,0.0,0.0,0.0,0.0,0.0,0.0,0.0,0.0,0.0,0.0,0.0,0.0,0.0,0.0,0.0,0.0,0.0,0.0,0.0,0.0,0.0,0.0,0.0,0.0,0.0,0.0,0.0,0.0,0.0,0.0,0.0,0.0,0.0,0.0,0.0,0.0,0.0,0.0,0.0,0.0,0.0,0.0,0.0,0.0,0.0,0.0,0.0,0.0,0.0,0.0,0.0,0.0,0.0,0.0,0.0,0.0,0.0,0.0,0.0,0.0,0.0,0.0,0.0,0.0,0.0,0.0,0.0,0.0,0.0,0.0,0.0,0.0,0.0
61,61.0,113.0,0.0,0.9469026548672567,1.0,0.911504424778761,0.9469026548672567,0.9469026548672567,0.9203539823008849,0.0,1.0,0.0,0.0,0.0,0.0,0.0,0.0,0.0,0.0,0.0,0.0,0.0,0.0,0.0,1.0,0.07079646017699115,0.09734513274336283,0.061946902654867256,0.10619469026548672,0.035398230088495575,0.02654867256637168,0.07079646017699115,0.08849557522123894,0.11504424778761062,0.02654867256637168,0.061946902654867256,0.0,0.017699115044247787,0.017699115044247787,0.04424778761061947,0.02654867256637168,0.0,0.008849557522123894,0.0,0.0,0.0,0.0,0.0,0.0,0.0,0.0,0.0,0.0,0.0,0.0,0.0,0.0,0.0,0.0,0.0,0.0,0.0,0.0,0.0,0.0,0.0,0.0,0.0,0.0,0.0,0.0,0.0,0.0,0.0,0.0,0.0,0.0,0.0,0.0,0.0,0.0,0.0,0.0,0.0,0.0,0.0,0.0,0.0,0.0,0.0,0.0,0.0,0.0,0.0,0.0,0.0,0.0,0.0,0.0,0.0,0.0,0.0,0.0,0.0,0.0,0.0,0.0,0.0,0.0,0.0,0.0,0.0,0.0,0.0,0.0,0.0,0.0,0.0,0.0,0.0,0.0,0.0,0.0
62,62.0,60.0,0.0,1.0,1.0,1.0,1.0,1.0,1.0,1.0,1.0,0.0,0.0,0.0,0.0,0.0,0.0,0.0,0.0,0.0,0.0,0.0,0.0,0.0,0.95,0.13333333333333333,0.35,0.7,0.75,0.8,0.5,0.21666666666666667,0.6166666666666667,0.06666666666666667,0.08333333333333333,1.0,0.0,0.23333333333333334,0.15,0.21666666666666667,0.18333333333333332,0.0,0.0,0.0,0.0,0.0,0.0,0.0,0.0,0.0,0.0,0.0,0.0,0.0,0.0,0.0,0.0,0.0,0.0,0.0,0.0,0.0,0.0,0.0,0.0,0.0,0.0,0.0,0.0,0.0,0.0,0.0,0.0,0.0,0.0,0.0,0.0,0.0,0.0,0.0,0.0,0.0,0.0,0.0,0.0,0.0,0.0,0.0,0.0,0.0,0.0,0.0,0.0,0.0,0.0,0.0,0.0,0.0,0.0,0.0,0.0,0.0,0.0,0.0,0.0,0.0,0.0,0.0,0.0,0.0,0.0,0.0,0.0,0.0,0.0,0.0,0.0,0.0,0.0,0.0,0.0,0.0,0.0
63,63.0,276.0,0.0,1.0,1.0,0.7536231884057971,0.7355072463768116,0.0,1.0,0.0,1.0,0.0,0.0,0.0,0.0,0.0,0.0,0.0,0.0,0.0,0.0,0.0,0.0,0.0,0.007246376811594203,0.050724637681159424,0.05434782608695652,0.043478260869565216,0.018115942028985508,0.014492753623188406,0.021739130434782608,0.05434782608695652,0.04710144927536232,0.036231884057971016,0.021739130434782608,0.010869565217391304,0.0,0.018115942028985508,0.018115942028985508,0.021739130434782608,0.021739130434782608,0.0,0.0036231884057971015,0.0,0.0,0.0,0.0,0.0,0.0,0.0,0.0,0.0,0.0,0.0,0.0,0.0,0.0,0.0,0.0,0.0,0.0,0.0,0.0,0.0,0.0,0.0,0.0,0.0,0.0,0.0,0.0,0.0,0.0,0.0,0.0,0.0,0.0,0.0,0.0,0.0,0.0,0.0,0.0,0.0,0.0,0.0,0.0,0.0,0.0,0.0,0.0,0.0,0.0,0.0,0.0,0.0,0.0,0.0,0.0,0.0,0.0,0.0,0.0,0.0,0.0,0.0,0.0,0.0,0.0,0.0,0.0,0.0,0.0,0.0,0.0,0.0,0.0,0.0,0.0,0.0,0.0,0.0,0.0
64,64.0,127.0,0.0,0.8976377952755905,0.968503937007874,0.9921259842519685,0.952755905511811,0.9763779527559056,0.9763779527559056,0.7716535433070866,0.0,0.0,0.0,0.0,0.0,0.0,0.0,0.0,0.0,0.0,0.0,0.0,0.0,0.0,0.10236220472440945,0.09448818897637795,0.047244094488188976,0.11023622047244094,0.023622047244094488,0.07086614173228346,0.10236220472440945,0.11811023622047244,0.11023622047244094,1.0,0.07086614173228346,0.10236220472440945,0.0,0.06299212598425197,0.023622047244094488,0.023622047244094488,0.023622047244094488,0.0,0.0,0.0,0.0,0.0,0.0,0.0,0.0,0.0,0.0,0.0,0.0,0.0,0.0,0.0,0.0,0.0,0.0,0.0,0.0,0.0,0.0,0.0,0.0,0.0,0.0,0.0,0.0,0.0,0.0,0.0,0.0,0.0,0.0,0.0,0.0,0.0,0.0,0.0,0.0,0.0,0.0,0.0,0.0,0.0,0.0,0.0,0.0,0.0,0.0,0.0,0.0,0.0,0.0,0.0,0.0,0.0,0.0,0.0,0.0,0.0,0.0,0.0,0.0,0.0,0.0,0.0,0.0,0.0,0.0,0.0,0.0,0.0,0.0,0.0,0.0,0.0,0.0,0.0,0.0,0.0,0.0
65,65.0,211.0,0.0,1.0,0.0,0.7061611374407583,1.0,1.0,1.0,0.0,1.0,0.0,0.0,0.0,0.0,0.0,0.0,0.0,0.0,0.0,0.0,0.0,0.0,0.0,0.02843601895734597,0.03317535545023697,0.037914691943127965,0.04265402843601896,0.009478672985781991,0.07109004739336493,0.05687203791469194,0.07109004739336493,0.10426540284360189,0.02843601895734597,0.037914691943127965,0.04739336492890995,0.0,0.018957345971563982,0.03317535545023697,0.02843601895734597,0.009478672985781991,0.0,0.0,0.0,0.0,0.0,0.004739336492890996,0.0,0.0,0.0,0.0,0.0,0.0,0.0,0.0,0.0,0.0,0.0,0.0,0.0,0.0,0.0,0.0,0.0,0.0,0.0,0.0,0.0,0.0,0.0,0.0,0.0,0.0,0.0,0.0,0.0,0.0,0.0,0.0,0.0,0.0,0.0,0.0,0.0,0.0,0.0,0.0,0.0,0.0,0.0,0.0,0.0,0.0,0.0,0.0,0.0,0.0,0.0,0.0,0.0,0.0,0.0,0.0,0.0,0.0,0.0,0.0,0.0,0.0,0.0,0.0,0.0,0.0,0.0,0.0,0.0,0.0,0.0,0.0,0.0,0.0,0.0,0.0
66,66.0,320.0,0.0,0.996875,0.959375,0.990625,0.99375,0.99375,0.996875,1.0,0.953125,0.0,0.0,0.0,0.0,0.0,0.0,0.0,0.0,0.0,0.0,0.0,0.0,0.0,1.0,0.159375,0.096875,0.0,0.125,0.0,0.059375,0.08125,0.0,0.090625,0.0,0.128125,0.0,0.078125,0.084375,0.084375,0.05625,0.0,0.00625,0.0,0.0,0.0,0.0,0.0,0.0,0.0,0.0,0.0,0.0,0.0,0.0,0.0,0.0,0.0,0.0,0.0,0.0,0.0,0.0,0.0,0.0,0.0,0.0,0.0,0.0,0.0,0.0,0.0,0.0,0.0,0.0,0.0,0.0,0.0,0.0,0.0,0.0,0.0,0.0,0.0,0.0,0.0,0.003125,0.0,0.0,0.0,0.0,0.0,0.0,0.0,0.0,0.0,0.0,0.0,0.0,0.0,0.0,0.0,0.0,0.0,0.0,0.0,0.0,0.0,0.0,0.0,0.0,0.0,0.0,0.0,0.0,0.0,0.0,0.0,0.0,0.0,0.0,0.0,0.0
67,67.0,811.0,0.0,0.21331689272503082,0.0,0.0,1.0,1.0,0.0,0.0,0.0,0.0,0.0,0.0,0.0,0.0,0.0,0.0,0.0,0.0,0.0,0.0,0.0,0.0036991368680641184,0.007398273736128237,0.004932182490752158,0.0012330456226880395,0.0036991368680641184,0.008631319358816275,0.009864364981504316,0.007398273736128237,0.007398273736128237,0.007398273736128237,0.002466091245376079,0.006165228113440197,0.004932182490752158,0.0,0.006165228113440197,0.004932182490752158,0.006165228113440197,0.002466091245376079,0.0036991368680641184,0.004932182490752158,0.0,0.0,0.0,0.0,0.0,0.0,0.0,0.0,0.0,0.0,0.0,0.0,0.0,0.0,0.0,0.0,0.0,0.0,0.0,0.0,0.0,0.0,0.0,0.0,0.0,0.0,0.0,0.0,0.0,0.0,0.0,0.0,0.0,0.0,0.0,0.0,0.0,0.0,0.0,0.0,0.0,0.0,0.0,0.0,0.0,0.0,0.0,0.0,0.0,0.0,0.0,0.0,0.0,0.0,0.0,0.0,0.0,0.0,0.0,0.0012330456226880395,0.0,0.0,0.0,0.0,0.0,0.0,0.0,0.0,0.0,0.0,0.0,0.0,0.0,0.0,0.0,0.0,0.0,0.0,0.0,0.0
68,68.0,78.0,0.0,0.0,1.0,0.3717948717948718,0.2948717948717949,1.0,0.0,1.0,1.0,0.0,0.0,0.0,0.0,0.0,0.0,0.0,0.0,0.0,0.0,0.0,0.0,0.0,0.02564102564102564,0.0,0.01282051282051282,0.01282051282051282,0.02564102564102564,0.02564102564102564,0.01282051282051282,0.01282051282051282,0.038461538461538464,0.0,0.07692307692307693,0.02564102564102564,0.0,0.0,0.0,0.01282051282051282,0.02564102564102564,0.01282051282051282,0.0,0.0,0.0,0.0,0.0,0.0,0.0,0.0,0.0,0.0,0.0,0.0,0.0,0.0,0.0,0.0,0.0,0.0,0.0,0.0,0.0,0.0,0.0,0.0,0.0,0.01282051282051282,0.0,0.0,0.0,0.0,0.0,0.0,0.0,0.0,0.0,0.0,0.0,0.0,0.0,0.0,0.0,0.0,0.0,0.0,0.0,0.0,0.0,0.0,0.0,0.0,0.0,0.0,0.0,0.0,0.0,0.0,0.0,0.0,0.0,0.0,0.0,0.0,0.0,0.0,0.0,0.0,0.0,0.0,0.0,0.0,0.0,0.0,0.0,0.0,0.0,0.0,0.0,0.0,0.0,0.0,0.0
69,69.0,123.0,0.0,1.0,0.983739837398374,0.991869918699187,0.983739837398374,1.0,0.983739837398374,0.9186991869918699,0.8861788617886179,0.0,0.0,0.0,0.0,0.0,0.0,0.008130081300813009,0.0,0.0,0.0,0.0,0.0,0.0,0.1951219512195122,0.032520325203252036,0.14634146341463414,0.15447154471544716,0.1951219512195122,0.13821138211382114,0.15447154471544716,1.0,0.06504065040650407,0.23577235772357724,1.0,0.4065040650406504,0.0,0.0975609756097561,0.08943089430894309,0.11382113821138211,0.16260162601626016,0.0,0.0,0.0,0.0,0.0,0.0,0.0,0.0,0.0,0.0,0.0,0.0,0.0,0.0,0.0,0.0,0.0,0.0,0.0,0.0,0.0,0.0,0.0,0.0,0.0,0.0,0.0,0.0,0.0,0.0,0.0,0.0,0.0,0.0,0.0,0.0,0.0,0.0,0.0,0.0,0.0,0.0,0.0,0.0,0.0,0.0,0.0,0.0,0.0,0.0,0.0,0.0,0.0,0.0,0.0,0.0,0.0,0.0,0.0,0.0,0.0,0.0,0.0,0.0,0.0,0.0,0.0,0.0,0.0,0.0,0.0,0.0,0.0,0.0,0.0,0.0,0.0,0.0,0.0,0.0,0.0,0.0
70,70.0,189.0,0.0,1.0,0.9523809523809523,1.0,0.9735449735449735,0.9470899470899471,0.9629629629629629,1.0,0.9841269841269841,0.005291005291005291,0.005291005291005291,0.005291005291005291,0.0,0.0,0.0,0.005291005291005291,0.0,0.0,0.0,0.0,0.0,0.005291005291005291,0.0,0.10582010582010581,0.0,1.0,0.0,0.0,0.0,0.0,0.0,0.005291005291005291,0.08994708994708994,0.0,0.0,0.0582010582010582,0.09523809523809523,0.07936507936507936,0.0582010582010582,0.0,0.0,0.0,0.0,0.0,0.0,0.0,0.0,0.0,0.0,0.0,0.0,0.005291005291005291,0.0,0.0,0.0,0.0,0.0,0.0,0.0,0.0,0.0,0.0,0.0,0.0,0.0,0.0,0.0,0.0,0.0,0.0,0.0,0.0,0.0,0.0,0.0,0.0,0.005291005291005291,0.0,0.0,0.0,0.0,0.0,0.0,0.0,0.0,0.0,0.0,0.0,0.0,0.0,0.0,0.0,0.0,0.0,0.0,0.0,0.0,0.0,0.0,0.0,0.0,0.0,0.0,0.0,0.0,0.0,0.0,0.0,0.0,0.0,0.0,0.0,0.0,0.0,0.0,0.0,0.0,0.0,0.0,0.0,0.0
71,71.0,77.0,0.0,1.0,1.0,0.987012987012987,1.0,1.0,1.0,1.0,1.0,0.0,0.0,0.0,0.0,0.0,0.0,0.0,0.0,0.0,0.0,0.0,0.0,0.0,0.8701298701298701,0.03896103896103896,0.6623376623376623,0.8701298701298701,0.1038961038961039,0.8571428571428571,0.6493506493506493,0.8701298701298701,0.5584415584415584,0.7012987012987013,0.8311688311688312,0.6753246753246753,0.0,0.14285714285714285,0.6753246753246753,0.38961038961038963,0.36363636363636365,0.0,0.0,0.0,0.0,0.0,0.0,0.0,0.0,0.0,0.0,0.0,0.0,0.0,0.0,0.0,0.0,0.0,0.0,0.0,0.0,0.0,0.0,0.0,0.0,0.0,0.0,0.0,0.0,0.0,0.0,0.0,0.0,0.0,0.0,0.0,0.0,0.0,0.0,0.0,0.0,0.0,0.0,0.0,0.0,0.0,0.0,0.0,0.0,0.0,0.0,0.0,0.0,0.0,0.0,0.0,0.0,0.0,0.0,0.0,0.0,0.0,0.012987012987012988,0.0,0.0,0.0,0.0,0.0,0.0,0.0,0.0,0.0,0.0,0.0,0.0,0.0,0.0,0.0,0.0,0.0,0.0,0.0,0.0
72,72.0,563.0,0.0,0.0,0.0,0.0,0.69449378330373,0.0,0.0,1.0,0.09591474245115453,0.0,0.0,0.0,0.0,0.0,0.0,0.0017761989342806395,0.0,0.0,0.0,0.0,0.0,0.0017761989342806395,0.003552397868561279,0.023090586145648313,0.02664298401420959,0.02664298401420959,0.02486678507992895,0.015985790408525755,0.02664298401420959,0.010657193605683837,0.02664298401420959,0.008880994671403197,0.015985790408525755,0.014209591474245116,0.0,0.0053285968028419185,0.012433392539964476,0.014209591474245116,0.010657193605683837,0.023090586145648313,0.015985790408525755,0.0017761989342806395,0.0,0.0,0.007104795737122558,0.0,0.0,0.0,0.0,0.0,0.0,0.0,0.0,0.0,0.0,0.0,0.0017761989342806395,0.0017761989342806395,0.0,0.0,0.0,0.0,0.0,0.0,0.0,0.0,0.0,0.0,0.0,0.0,0.0,0.0,0.0,0.0,0.0,0.0,0.0,0.0,0.0,0.0,0.0,0.0,0.0,0.0,0.0,0.0,0.0,0.0,0.0,0.0,0.0,0.0,0.0,0.0,0.0,0.0,0.0,0.0,0.0,0.0,0.0017761989342806395,0.0,0.0,0.0,0.0,0.0,0.0,0.0,0.0,0.0,0.0,0.0,0.0,0.0,0.0,0.0,0.0,0.0,0.0,0.0,0.0
73,73.0,71.0,0.0,0.9859154929577465,1.0,0.9859154929577465,1.0,1.0,1.0,1.0,0.971830985915493,0.0,0.0,0.0,0.0,0.0,0.0,0.0,0.0,0.0,0.0,0.0,0.0,0.014084507042253521,0.5492957746478874,0.014084507042253521,0.8309859154929577,0.4084507042253521,0.7183098591549296,0.09859154929577464,0.7183098591549296,0.16901408450704225,0.5352112676056338,0.9577464788732394,0.28169014084507044,0.9295774647887324,0.0,0.11267605633802817,0.23943661971830985,0.09859154929577464,0.11267605633802817,0.0,0.014084507042253521,0.0,0.0,0.0,0.0,0.0,0.0,0.0,0.0,0.0,0.0,0.0,0.0,0.0,0.0,0.0,0.0,0.0,0.0,0.0,0.0,0.0,0.0,0.0,0.0,0.0,0.0,0.0,0.0,0.0,0.0,0.0,0.0,0.0,0.0,0.0,0.0,0.0,0.0,0.0,0.0,0.0,0.0,0.0,0.0,0.0,0.0,0.0,0.0,0.0,0.0,0.0,0.0,0.0,0.0,0.0,0.0,0.0,0.0,0.0,0.0,0.0,0.0,0.0,0.0,0.0,0.0,0.0,0.0,0.0,0.0,0.0,0.0,0.0,0.0,0.0,0.0,0.0,0.0,0.0,0.0
74,74.0,83.0,0.0,1.0,0.9879518072289156,1.0,0.9879518072289156,0.9879518072289156,1.0,1.0,1.0,0.0,0.0,0.0,0.0,0.0,0.0,0.0,0.0,0.0,0.0,0.0,0.0,0.0,0.0963855421686747,0.08433734939759036,1.0,0.024096385542168676,0.3132530120481928,0.5662650602409639,0.1686746987951807,0.060240963855421686,0.3493975903614458,0.08433734939759036,1.0,0.43373493975903615,0.0,0.27710843373493976,0.1927710843373494,0.1566265060240964,0.30120481927710846,0.0,0.0,0.0,0.0,0.0,0.0,0.0,0.0,0.0,0.0,0.0,0.0,0.0,0.0,0.0,0.0,0.0,0.0,0.0,0.0,0.0,0.0,0.0,0.0,0.0,0.0,0.0,0.0,0.0,0.0,0.0,0.0,0.0,0.0,0.0,0.0,0.0,0.0,0.0,0.0,0.0,0.0,0.0,0.0,0.0,0.0,0.0,0.0,0.0,0.0,0.0,0.0,0.0,0.0,0.0,0.0,0.0,0.0,0.0,0.0,0.0,0.0,0.0,0.0,0.0,0.0,0.0,0.0,0.0,0.0,0.0,0.0,0.0,0.0,0.0,0.0,0.0,0.0,0.0,0.0,0.0,0.0
75,75.0,176.0,0.0,0.9829545454545454,0.9886363636363636,0.9943181818181818,0.9772727272727273,0.9886363636363636,0.9772727272727273,0.9772727272727273,0.9886363636363636,0.005681818181818182,0.005681818181818182,0.005681818181818182,0.0,0.0,0.0,0.0,0.0,0.0,0.0,0.0,0.0,0.0,0.0,0.06818181818181818,0.028409090909090908,0.4147727272727273,0.03409090909090909,0.03409090909090909,0.05113636363636364,1.0,0.0,0.056818181818181816,0.0,0.045454545454545456,0.0,0.09090909090909091,0.10227272727272728,0.07386363636363637,0.08522727272727272,0.0,0.0,0.0,0.0,0.0,0.005681818181818182,0.0,0.0,0.0,0.0,0.0,0.0,0.005681818181818182,0.0,0.0,0.0,0.0,0.0,0.0,0.0,0.0,0.0,0.0,0.0,0.0,0.0,0.0,0.0,0.0,0.0,0.0,0.0,0.0,0.0,0.0,0.0,0.0,0.0,0.0,0.0,0.0,0.0,0.0,0.0,0.0,0.0,0.0,0.0,0.0,0.0,0.0,0.0,0.0,0.0,0.0,0.0,0.0,0.0,0.0,0.0,0.0,0.0,0.0,0.0,0.0,0.0,0.0,0.0,0.0,0.0,0.0,0.0,0.0,0.0,0.0,0.0,0.0,0.0,0.0,0.0,0.0,0.0
76,76.0,306.0,0.0,0.8071895424836601,0.0,0.7843137254901961,0.8169934640522876,0.0,0.8006535947712419,0.0,1.0,0.0,0.0,0.0,0.0,0.0,0.0,0.0032679738562091504,0.0,0.0,0.0,0.0,0.0,0.006535947712418301,0.032679738562091505,0.013071895424836602,0.013071895424836602,0.03594771241830065,0.026143790849673203,0.042483660130718956,0.049019607843137254,0.029411764705882353,0.02287581699346405,0.0196078431372549,0.02287581699346405,0.013071895424836602,0.0,0.006535947712418301,0.026143790849673203,0.013071895424836602,0.016339869281045753,0.0,0.00980392156862745,0.0,0.0,0.0,0.0032679738562091504,0.0,0.0,0.0,0.0,0.0,0.0,0.0,0.0,0.0,0.0,0.0,0.0,0.0,0.0,0.0,0.0,0.0,0.0,0.0,0.0,0.0,0.0,0.0,0.0,0.0,0.0,0.0,0.0,0.0,0.0,0.0,0.0,0.0,0.0,0.0,0.0,0.0,0.0,0.0,0.0,0.0,0.0,0.0,0.0,0.0,0.0,0.0,0.0,0.0,0.0,0.0,0.0,0.0,0.0,0.0,0.0,0.0,0.0,0.0,0.0,0.0,0.0,0.0,0.0,0.0,0.0,0.0,0.0,0.0,0.0,0.0,0.0,0.0,0.0,0.0,0.0
77,77.0,123.0,0.0,1.0,1.0,1.0,1.0,1.0,1.0,1.0,1.0,0.0,0.0,0.0,0.0,0.0,0.0,0.0,0.0,0.0,0.0,0.0,0.0,0.0,0.9024390243902439,0.8943089430894309,0.9186991869918699,0.943089430894309,0.9105691056910569,0.8211382113821138,0.943089430894309,0.975609756097561,0.959349593495935,0.8943089430894309,0.926829268292683,0.8211382113821138,0.0,0.08130081300813008,0.7398373983739838,0.6097560975609756,0.5609756097560976,0.008130081300813009,0.0,0.0,0.0,0.0,0.0,0.0,0.0,0.0,0.0,0.0,0.0,0.0,0.0,0.0,0.0,0.0,0.0,0.0,0.0,0.0,0.0,0.0,0.0,0.0,0.0,0.0,0.0,0.0,0.0,0.0,0.0,0.0,0.0,0.0,0.0,0.0,0.0,0.0,0.0,0.0,0.0,0.0,0.0,0.0,0.016260162601626018,0.0,0.0,0.0,0.0,0.0,0.0,0.0,0.0,0.0,0.0,0.0,0.0,0.0,0.0,0.0,0.0,0.0,0.0,0.0,0.0,0.0,0.0,0.0,0.0,0.0,0.0,0.0,0.0,0.0,0.0,0.0,0.0,0.0,0.0,0.0,0.0
78,78.0,254.0,0.0,1.0,1.0,1.0,1.0,0.0,0.7598425196850394,1.0,1.0,0.0,0.0,0.0,0.0,0.0,0.0,0.0,0.0,0.0,0.0,0.0,0.0,0.0,0.06299212598425197,0.05511811023622047,0.06692913385826772,0.023622047244094488,0.08661417322834646,0.027559055118110236,0.011811023622047244,0.027559055118110236,0.023622047244094488,0.03543307086614173,0.01968503937007874,0.03543307086614173,0.0,0.007874015748031496,0.047244094488188976,0.04330708661417323,0.027559055118110236,0.0,0.003937007874015748,0.0,0.0,0.0,0.003937007874015748,0.0,0.0,0.0,0.0,0.0,0.0,0.0,0.0,0.0,0.0,0.0,0.0,0.0,0.0,0.0,0.0,0.0,0.0,0.0,0.0,0.0,0.0,0.0,0.0,0.0,0.0,0.0,0.0,0.0,0.0,0.0,0.0,0.0,0.0,0.0,0.0,0.0,0.0,0.0,0.0,0.0,0.0,0.0,0.0,0.0,0.0,0.0,0.0,0.0,0.0,0.0,0.0,0.0,0.0,0.0,0.0,0.0,0.0,0.0,0.0,0.0,0.0,0.0,0.0,0.0,0.0,0.0,0.0,0.0,0.0,0.0,0.0,0.0,0.0,0.0,0.0
79,79.0,735.0,0.0,0.0,0.0,1.0,0.0,0.0,1.0,0.0,0.11428571428571428,0.0,0.0,0.0,0.0,0.0,0.0,0.0,0.0,0.0,0.0,0.0,0.0,0.0027210884353741495,0.0027210884353741495,0.006802721088435374,0.012244897959183673,0.0,0.005442176870748299,0.009523809523809525,0.005442176870748299,0.013605442176870748,0.006802721088435374,0.010884353741496598,0.005442176870748299,0.0013605442176870747,0.0013605442176870747,0.0027210884353741495,0.00816326530612245,0.005442176870748299,0.009523809523809525,0.0027210884353741495,0.0,0.0,0.0,0.0,0.0,0.0,0.0,0.0,0.0,0.0,0.0,0.0,0.0,0.0,0.0,0.0,0.0,0.0,0.0,0.0,0.0,0.0,0.0,0.0,0.0,0.0,0.0,0.0,0.0,0.0,0.0,0.0,0.0,0.0,0.0,0.0,0.0,0.0,0.0,0.0,0.0,0.0,0.0,0.0,0.0,0.0,0.0,0.0,0.0,0.0,0.0,0.0,0.0,0.0,0.0,0.0,0.0,0.0,0.0,0.0,0.0,0.0,0.0,0.0,0.0,0.0,0.0,0.0,0.0,0.0,0.0,0.0,0.0,0.0,0.0,0.0,0.0,0.0,0.0,0.0,0.0
80,80.0,381.0,0.0,0.0,0.0,0.34908136482939633,1.0,1.0,1.0,0.0,0.13910761154855644,0.0,0.0,0.0,0.0,0.0,0.0,0.0,0.0,0.0,0.0,0.0,0.0,0.005249343832020997,0.023622047244094488,0.026246719160104987,0.015748031496062992,0.023622047244094488,0.02099737532808399,0.026246719160104987,0.01837270341207349,0.02099737532808399,0.015748031496062992,0.013123359580052493,0.02099737532808399,0.01837270341207349,0.0,0.010498687664041995,0.0026246719160104987,0.007874015748031496,0.007874015748031496,0.0026246719160104987,0.0026246719160104987,0.0,0.0,0.0,0.0,0.0,0.0,0.0,0.0,0.0,0.0,0.0,0.0,0.0,0.0,0.0,0.0,0.0,0.0,0.0,0.0,0.0,0.0,0.0,0.0,0.0,0.0,0.0,0.0,0.0,0.0,0.0,0.0,0.0,0.0,0.0,0.0,0.0,0.0,0.0,0.0,0.0,0.0,0.0,0.0,0.0,0.0,0.0,0.0,0.0,0.0,0.0,0.0,0.0,0.0,0.0,0.0,0.0,0.0,0.0,0.0,0.0,0.0,0.0,0.0,0.0,0.0,0.0,0.0,0.0,0.0,0.0,0.0,0.0,0.0,0.0,0.0,0.0,0.0,0.0,0.0
81,81.0,421.0,0.0,0.0,1.0,0.0,0.0,0.0,0.0,0.0,0.0,0.0,0.0,0.0023752969121140144,0.0,0.0,0.0,0.007125890736342043,0.0,0.0,0.0,0.0,0.0,0.08076009501187649,0.0,0.0498812351543943,0.04513064133016627,0.05463182897862233,0.035629453681710214,0.0498812351543943,0.04275534441805225,0.047505938242280284,0.047505938242280284,0.0498812351543943,0.04275534441805225,0.028503562945368172,0.0,0.014251781472684086,0.011876484560570071,0.021377672209026127,0.019002375296912115,0.04513064133016627,0.04513064133016627,0.007125890736342043,0.0,0.0,0.023752969121140142,0.0,0.0,0.0,0.0,0.0,0.0,0.0,0.0,0.0,0.0,0.0,0.007125890736342043,0.007125890736342043,0.0,0.0,0.0,0.0,0.0,0.0,0.0,0.0,0.0,0.0023752969121140144,0.0,0.0,0.0,0.0,0.0,0.0,0.0,0.0,0.0023752969121140144,0.0,0.0,0.0,0.0,0.0,0.0,0.0,0.0,0.0,0.0,0.0,0.0,0.0,0.0,0.0,0.0,0.0,0.0,0.0,0.0,0.0,0.0,0.0,0.0023752969121140144,0.0,0.0,0.0,0.0,0.0,0.0,0.0,0.0,0.0,0.0,0.0,0.0,0.0,0.0,0.0,0.0,0.0,0.0,0.0,0.0
82,82.0,520.0,0.0,1.0,1.0,1.0,1.0,1.0,1.0,0.0,1.0,0.0,0.0,0.0019230769230769232,0.0,0.0,0.0,0.0019230769230769232,0.0,0.0,0.0,0.0,0.0,0.0,0.0,0.06538461538461539,0.0,0.06923076923076923,0.0,0.0,0.08269230769230769,0.08269230769230769,0.03461538461538462,0.08461538461538462,0.04038461538461539,0.0,0.0,0.023076923076923078,0.04807692307692308,0.04038461538461539,0.038461538461538464,0.0,0.0019230769230769232,0.0,0.0,0.0,0.0019230769230769232,0.0019230769230769232,0.0,0.0,0.0,0.0,0.0,0.0,0.0,0.0,0.0,0.0,0.0,0.0,0.0,0.0,0.0,0.0,0.0,0.0,0.0,0.0,0.0,0.0,0.0,0.0,0.0,0.0,0.0,0.0,0.0,0.0,0.0,0.0,0.0,0.0,0.0,0.0,0.0,0.0019230769230769232,0.0,0.0,0.0,0.0,0.0,0.0,0.0,0.0,0.0,0.0,0.0,0.0,0.0,0.0,0.0,0.0,0.0,0.0,0.0,0.0,0.0,0.0,0.0,0.0,0.0,0.0,0.0,0.0,0.0,0.0,0.0,0.0,0.0,0.0,0.0,0.0,0.0
83,83.0,412.0,0.01699029126213592,0.0,0.0,0.0,0.0,0.0,0.0,0.0,0.0,0.8567961165048543,0.8106796116504854,1.0,0.8883495145631068,0.38106796116504854,0.5315533980582524,0.3422330097087379,0.35194174757281554,0.3786407766990291,0.33980582524271846,0.30339805825242716,0.28398058252427183,0.0048543689320388345,0.0,0.0,0.0,0.0,0.0,0.0,0.0,0.0,0.0,0.0,0.0,0.0,0.0,0.0,0.0,0.0,0.0,0.0,0.0024271844660194173,0.0024271844660194173,0.0,0.0,0.0,0.0048543689320388345,0.01699029126213592,0.0,0.0,0.0024271844660194173,0.0048543689320388345,0.012135922330097087,0.0024271844660194173,0.0024271844660194173,0.0024271844660194173,0.0048543689320388345,0.012135922330097087,0.0,0.0,0.0024271844660194173,0.0,0.0,0.0,0.0,0.0024271844660194173,0.0,0.0,0.0,0.0,0.0024271844660194173,0.0,0.0024271844660194173,0.0,0.0,0.0,0.0,0.0,0.0,0.012135922330097087,0.0,0.0,0.0,0.0,0.0024271844660194173,0.0,0.0,0.0,0.0,0.0,0.0,0.0,0.0,0.0,0.0,0.0,0.0,0.0024271844660194173,0.0,0.0,0.0,0.0,0.0,0.0,0.0,0.0,0.0,0.0,0.0,0.0,0.0,0.0,0.0,0.0,0.0,0.0,0.0,0.0,0.0,0.0,0.0,0.0
84,84.0,416.0,0.0,1.0,0.0,1.0,0.29086538461538464,1.0,0.0,0.16346153846153846,0.0,0.002403846153846154,0.0,0.0,0.0,0.0,0.0,0.0,0.0,0.0,0.0,0.0,0.0,0.004807692307692308,0.004807692307692308,0.009615384615384616,0.014423076923076924,0.016826923076923076,0.014423076923076924,0.021634615384615384,0.01201923076923077,0.014423076923076924,0.026442307692307692,0.007211538461538462,0.019230769230769232,0.016826923076923076,0.0,0.014423076923076924,0.01201923076923077,0.014423076923076924,0.004807692307692308,0.004807692307692308,0.004807692307692308,0.002403846153846154,0.0,0.0,0.004807692307692308,0.0,0.0,0.0,0.0,0.0,0.0,0.0,0.0,0.0,0.0,0.0,0.002403846153846154,0.002403846153846154,0.0,0.0,0.0,0.0,0.0,0.0,0.0,0.0,0.0,0.0,0.0,0.0,0.0,0.0,0.0,0.0,0.0,0.0,0.0,0.0,0.0,0.002403846153846154,0.0,0.0,0.0,0.0,0.0,0.0,0.0,0.0,0.0,0.0,0.0,0.0,0.0,0.0,0.0,0.0,0.0,0.0,0.0,0.0,0.0,0.0,0.0,0.0,0.0,0.0,0.0,0.0,0.0,0.0,0.0,0.0,0.0,0.0,0.0,0.0,0.0,0.0,0.0,0.0,0.0
85,85.0,190.0,0.0,1.0,0.0,1.0,1.0,1.0,1.0,0.0,0.0,0.0,0.0,0.0,0.0,0.0,0.0,0.0,0.0,0.0,0.0,0.0,0.0,0.005263157894736842,0.02631578947368421,0.042105263157894736,0.04736842105263158,0.02631578947368421,0.06315789473684211,0.06315789473684211,0.02631578947368421,0.042105263157894736,0.05263157894736842,0.031578947368421054,0.04736842105263158,0.06842105263157895,0.005263157894736842,0.04736842105263158,0.021052631578947368,0.021052631578947368,0.010526315789473684,0.0,0.005263157894736842,0.0,0.0,0.0,0.0,0.0,0.0,0.0,0.0,0.0,0.0,0.0,0.0,0.0,0.0,0.0,0.0,0.0,0.0,0.0,0.0,0.0,0.0,0.0,0.0,0.0,0.0,0.0,0.0,0.0,0.0,0.0,0.0,0.0,0.0,0.0,0.0,0.0,0.0,0.0,0.0,0.0,0.0,0.0,0.0,0.0,0.0,0.0,0.0,0.0,0.0,0.0,0.0,0.0,0.0,0.0,0.0,0.0,0.0,0.0,0.0,0.0,0.0,0.0,0.0,0.0,0.0,0.0,0.0,0.0,0.0,0.0,0.0,0.0,0.0,0.0,0.0,0.0,0.0,0.0,0.0
86,86.0,270.0,0.0,0.2,1.0,0.2037037037037037,0.21481481481481482,0.0,1.0,1.0,0.0,0.0,0.0,0.0,0.0,0.0,0.0,0.0,0.0,0.0,0.0,0.0,0.0,0.0,0.03333333333333333,0.007407407407407408,0.011111111111111112,0.025925925925925925,0.014814814814814815,0.011111111111111112,0.007407407407407408,0.022222222222222223,0.018518518518518517,0.011111111111111112,0.018518518518518517,0.018518518518518517,0.0,0.011111111111111112,0.0,0.007407407407407408,0.0,0.003703703703703704,0.0,0.003703703703703704,0.0,0.0,0.0,0.0,0.0,0.0,0.0,0.0,0.0,0.0,0.0,0.0,0.0,0.0,0.0,0.0,0.0,0.0,0.0,0.0,0.0,0.0,0.0,0.0,0.0,0.0,0.0,0.0,0.0,0.0,0.0,0.0,0.0,0.0,0.0,0.0,0.0,0.0,0.0,0.0,0.0,0.0,0.0,0.0,0.0,0.0,0.0,0.0,0.0,0.0,0.0,0.0,0.0,0.0,0.0,0.0,0.0,0.0,0.003703703703703704,0.0,0.0,0.0,0.0,0.003703703703703704,0.0,0.0,0.0,0.0,0.0,0.0,0.0,0.0,0.0,0.0,0.0,0.0,0.0,0.0,0.0
87,87.0,267.0,0.003745318352059925,0.003745318352059925,0.0,0.0,0.0,0.0,0.0,0.0,0.0,0.9213483146067416,0.8801498127340824,0.0,0.8689138576779026,0.4044943820224719,0.6104868913857678,0.47191011235955055,0.5580524344569289,0.5393258426966292,0.49812734082397003,0.49812734082397003,0.5056179775280899,0.0,0.0,0.0,0.0,0.0,0.0,0.0,0.0,0.0,0.0,0.0,0.0,0.0,0.0,0.0,0.0,0.0,0.0,0.0,0.00749063670411985,0.00749063670411985,0.0,0.0,0.0,0.0,0.011235955056179775,0.003745318352059925,0.0,0.0,0.0,0.00749063670411985,0.003745318352059925,0.0,0.0,0.003745318352059925,0.00749063670411985,0.003745318352059925,0.003745318352059925,0.0,0.0,0.0,0.0,0.0,0.011235955056179775,0.003745318352059925,0.0,0.003745318352059925,0.0,0.003745318352059925,0.0,0.0,0.00749063670411985,0.00749063670411985,0.0,0.00749063670411985,0.0,0.003745318352059925,0.011235955056179775,0.0,0.0,0.0,0.003745318352059925,0.0,0.0,0.00749063670411985,0.0,0.0,0.00749063670411985,0.0,0.00749063670411985,0.0,0.003745318352059925,0.0,0.003745318352059925,0.0,0.0,0.003745318352059925,0.0,0.0,0.0,0.003745318352059925,0.003745318352059925,0.00749063670411985,0.003745318352059925,0.0,0.003745318352059925,0.00749063670411985,0.0,0.0,0.0,0.0,0.0,0.00749063670411985,0.00749063670411985,0.0,0.0,0.003745318352059925,0.0,0.003745318352059925,0.0
88,88.0,209.0,0.0,0.3349282296650718,0.0,0.0,1.0,0.0,1.0,1.0,0.13875598086124402,0.0,0.0,0.0,0.0,0.0,0.0,0.0,0.0,0.0,0.0,0.0,0.0,0.004784688995215311,0.009569377990430622,0.023923444976076555,0.009569377990430622,0.028708133971291867,0.023923444976076555,0.014354066985645933,0.019138755980861243,0.019138755980861243,0.019138755980861243,0.023923444976076555,0.014354066985645933,0.004784688995215311,0.0,0.0,0.014354066985645933,0.023923444976076555,0.004784688995215311,0.004784688995215311,0.019138755980861243,0.0,0.0,0.0,0.004784688995215311,0.0,0.0,0.0,0.0,0.0,0.0,0.0,0.0,0.0,0.0,0.0,0.0,0.0,0.0,0.0,0.0,0.0,0.0,0.0,0.0,0.0,0.0,0.0,0.0,0.0,0.0,0.0,0.0,0.0,0.0,0.0,0.0,0.0,0.0,0.004784688995215311,0.0,0.0,0.0,0.0,0.0,0.0,0.0,0.0,0.0,0.0,0.0,0.0,0.0,0.0,0.0,0.0,0.0,0.0,0.0,0.0,0.0,0.0,0.0,0.0,0.0,0.0,0.0,0.0,0.0,0.0,0.0,0.0,0.0,0.0,0.0,0.0,0.0,0.0,0.0,0.0,0.0
89,89.0,270.0,0.0,0.7222222222222222,1.0,0.8,1.0,1.0,0.0,0.0,1.0,0.0,0.0,0.0,0.0,0.0,0.0,0.0,0.0,0.0,0.0,0.0,0.0,0.0,0.007407407407407408,0.0,0.040740740740740744,0.040740740740740744,0.011111111111111112,0.044444444444444446,0.040740740740740744,0.05185185185185185,0.04814814814814815,0.037037037037037035,0.018518518518518517,0.037037037037037035,0.0,0.014814814814814815,0.018518518518518517,0.007407407407407408,0.022222222222222223,0.003703703703703704,0.007407407407407408,0.0,0.0,0.0,0.0,0.0,0.0,0.0,0.0,0.0,0.0,0.0,0.0,0.0,0.0,0.0,0.0,0.0,0.0,0.0,0.0,0.0,0.0,0.0,0.0,0.0,0.0,0.0,0.0,0.0,0.0,0.0,0.0,0.0,0.0,0.0,0.0,0.0,0.0,0.0,0.0,0.0,0.0,0.0,0.0,0.003703703703703704,0.0,0.0,0.0,0.0,0.0,0.0,0.0,0.0,0.0,0.0,0.0,0.0,0.0,0.0,0.003703703703703704,0.0,0.0,0.0,0.0,0.0,0.0,0.0,0.0,0.0,0.0,0.0,0.0,0.0,0.0,0.0,0.0,0.0,0.0,0.0,0.0
90,90.0,87.0,0.0,1.0,0.9885057471264368,1.0,0.9770114942528736,1.0,0.9885057471264368,0.9770114942528736,0.9885057471264368,0.0,0.0,0.0,0.0,0.0,0.0,0.0,0.0,0.0,0.0,0.0,0.0,0.011494252873563218,0.8735632183908046,0.14942528735632185,0.09195402298850575,0.08045977011494253,0.7011494252873564,0.47126436781609193,0.20689655172413793,0.896551724137931,0.25287356321839083,0.8620689655172413,0.08045977011494253,0.11494252873563218,0.0,0.25287356321839083,0.1724137931034483,0.20689655172413793,0.1839080459770115,0.011494252873563218,0.011494252873563218,0.0,0.0,0.0,0.0,0.0,0.0,0.0,0.0,0.0,0.0,0.0,0.0,0.0,0.0,0.0,0.0,0.0,0.0,0.0,0.0,0.0,0.0,0.0,0.0,0.0,0.0,0.0,0.0,0.0,0.0,0.0,0.0,0.0,0.0,0.0,0.0,0.0,0.0,0.0,0.0,0.0,0.0,0.0,0.0,0.0,0.0,0.0,0.0,0.0,0.0,0.0,0.0,0.0,0.0,0.0,0.0,0.0,0.0,0.0,0.0,0.0,0.0,0.0,0.0,0.0,0.0,0.0,0.0,0.0,0.0,0.0,0.0,0.0,0.0,0.0,0.0,0.0,0.0,0.0,0.0
91,91.0,481.0,0.0,0.6881496881496881,1.0,1.0,1.0,1.0,1.0,0.0,0.0,0.0,0.0,0.0,0.0,0.0,0.0,0.0,0.0,0.0,0.0,0.0,0.0,0.0,0.05405405405405406,0.006237006237006237,0.010395010395010396,0.062370062370062374,0.004158004158004158,0.0,0.04573804573804574,0.037422037422037424,0.033264033264033266,0.0,0.04158004158004158,0.04365904365904366,0.0,0.031185031185031187,0.016632016632016633,0.02494802494802495,0.02079002079002079,0.004158004158004158,0.004158004158004158,0.0,0.0,0.0,0.0,0.0,0.0,0.0,0.0,0.0,0.0,0.0,0.0,0.0,0.0,0.0,0.0,0.0,0.0,0.0,0.0,0.0,0.0,0.0,0.0,0.0,0.0,0.0,0.0,0.0,0.0,0.0,0.0,0.0,0.0,0.0,0.0,0.0,0.0,0.0,0.0,0.0,0.0,0.0,0.0,0.0,0.0,0.0,0.0,0.0,0.0,0.0,0.0,0.0,0.0,0.0,0.0,0.0,0.0,0.0,0.0,0.0,0.0,0.0,0.0,0.0,0.0,0.0,0.0,0.0,0.0,0.0,0.0,0.0,0.0,0.0,0.0,0.0,0.0,0.0,0.0
92,92.0,107.0,0.0,0.9719626168224299,0.9813084112149533,0.9813084112149533,0.9719626168224299,0.9719626168224299,0.9532710280373832,0.9719626168224299,0.8504672897196262,0.0,0.0,0.0,0.0,0.0,0.0,0.0,0.0,0.0,0.0,0.0,0.0,0.009345794392523364,0.09345794392523364,0.09345794392523364,0.07476635514018691,0.056074766355140186,1.0,0.06542056074766354,0.6542056074766355,0.5700934579439252,0.009345794392523364,0.04672897196261682,0.037383177570093455,0.056074766355140186,0.0,0.07476635514018691,0.09345794392523364,0.06542056074766354,0.08411214953271028,0.0,0.009345794392523364,0.0,0.0,0.0,0.0,0.0,0.0,0.0,0.0,0.0,0.0,0.0,0.0,0.0,0.0,0.0,0.0,0.0,0.0,0.0,0.0,0.0,0.0,0.0,0.0,0.009345794392523364,0.0,0.0,0.0,0.0,0.0,0.0,0.0,0.0,0.0,0.0,0.0,0.0,0.0,0.0,0.0,0.0,0.0,0.0,0.0,0.0,0.0,0.0,0.0,0.0,0.0,0.0,0.0,0.0,0.0,0.0,0.0,0.0,0.0,0.0,0.0,0.0,0.0,0.0,0.0,0.0,0.0,0.0,0.0,0.0,0.0,0.0,0.0,0.0,0.0,0.0,0.0,0.0,0.0,0.0,0.0
93,93.0,98.0,0.0,0.9795918367346939,0.9693877551020408,0.9591836734693877,1.0,0.9795918367346939,0.9693877551020408,0.9489795918367347,0.9183673469387755,0.0,0.0,0.0,0.0,0.0,0.0,0.0,0.0,0.0,0.0,0.0,0.0,0.0,0.12244897959183673,0.2857142857142857,0.17346938775510204,0.0,0.20408163265306123,0.24489795918367346,0.01020408163265306,0.25510204081632654,1.0,0.11224489795918367,0.05102040816326531,1.0,0.0,0.10204081632653061,0.09183673469387756,0.07142857142857142,0.08163265306122448,0.0,0.01020408163265306,0.0,0.0,0.0,0.0,0.0,0.0,0.0,0.0,0.0,0.0,0.0,0.0,0.0,0.0,0.0,0.0,0.0,0.0,0.0,0.0,0.0,0.0,0.0,0.0,0.0,0.0,0.0,0.0,0.0,0.0,0.0,0.0,0.0,0.0,0.0,0.0,0.0,0.0,0.0,0.0,0.0,0.0,0.0,0.0,0.0,0.0,0.0,0.0,0.0,0.0,0.0,0.0,0.0,0.0,0.0,0.0,0.0,0.0,0.0,0.0,0.0,0.0,0.0,0.0,0.0,0.0,0.0,0.0,0.0,0.0,0.0,0.0,0.0,0.0,0.0,0.0,0.0,0.0,0.0,0.0
94,94.0,85.0,0.0,0.0,1.0,1.0,0.0,0.0,0.0,1.0,0.0,0.0,0.0,0.0,0.0,0.0,0.0,0.0,0.0,0.0,0.0,0.0,0.0,0.0,0.023529411764705882,0.011764705882352941,0.03529411764705882,0.0,0.03529411764705882,0.023529411764705882,0.011764705882352941,0.011764705882352941,0.0,0.023529411764705882,0.011764705882352941,0.023529411764705882,0.0,0.011764705882352941,0.011764705882352941,0.0,0.0,0.0,0.0,0.0,0.0,0.0,0.0,0.0,0.0,0.0,0.0,0.0,0.0,0.0,0.0,0.0,0.0,0.0,0.0,0.0,0.0,0.0,0.0,0.0,0.0,0.0,0.0,0.0,0.0,0.0,0.0,0.0,0.0,0.0,0.0,0.0,0.0,0.0,0.0,0.0,0.0,0.0,0.0,0.0,0.0,0.0,0.0,0.0,0.0,0.0,0.0,0.0,0.0,0.0,0.0,0.0,0.0,0.0,0.0,0.0,0.0,0.0,0.0,0.0,0.0,0.0,0.0,0.0,0.0,0.0,0.0,0.0,0.0,0.0,0.0,0.0,0.0,0.0,0.0,0.0,0.0,0.0,0.0
95,95.0,636.0,0.0,0.0,1.0,0.0,1.0,0.0,0.0,0.0,0.0,0.0015723270440251573,0.0015723270440251573,0.0,0.0015723270440251573,0.0,0.0,0.0,0.0,0.0,0.0,0.0,0.0,0.0031446540880503146,0.009433962264150943,0.006289308176100629,0.012578616352201259,0.009433962264150943,0.0,0.007861635220125786,0.006289308176100629,0.006289308176100629,0.009433962264150943,0.007861635220125786,0.0015723270440251573,0.0110062893081761,0.0,0.012578616352201259,0.006289308176100629,0.0047169811320754715,0.0031446540880503146,0.0031446540880503146,0.0,0.0,0.0,0.0,0.0,0.0,0.0,0.0,0.0,0.0,0.0,0.0,0.0,0.0,0.0,0.0,0.0,0.0,0.0015723270440251573,0.0,0.0,0.0,0.0,0.0,0.0,0.0015723270440251573,0.0,0.0,0.0,0.0,0.0,0.0,0.0,0.0,0.0,0.0,0.0,0.0,0.0,0.0,0.0,0.0,0.0,0.0,0.0,0.0,0.0,0.0,0.0,0.0,0.0,0.0,0.0,0.0,0.0,0.0,0.0,0.0,0.0,0.0,0.0015723270440251573,0.0,0.0,0.0,0.0,0.0,0.0,0.0,0.0,0.0,0.0,0.0,0.0,0.0,0.0,0.0,0.0,0.0,0.0,0.0,0.0
96,96.0,40.0,0.0,0.0,0.3,1.0,0.0,0.0,0.3,0.0,0.05,0.0,0.0,0.0,0.0,0.0,0.0,0.0,0.0,0.0,0.0,0.0,0.0,0.0,0.05,0.05,0.025,1.0,0.025,0.0,0.0,0.0,0.0,0.025,0.0,0.0,0.0,0.025,0.0,0.0,0.025,0.0,0.0,0.0,0.0,0.0,0.0,0.0,0.0,0.0,0.0,0.0,0.0,0.0,0.0,0.0,0.0,0.0,0.0,0.0,0.0,0.0,0.0,0.0,0.0,0.0,0.0,0.0,0.0,0.0,0.0,0.0,0.0,0.0,0.0,0.0,0.0,0.0,0.0,0.0,0.0,0.0,0.0,0.0,0.0,0.0,0.0,0.0,0.0,0.0,0.0,0.0,0.0,0.0,0.0,0.0,0.0,0.0,0.0,0.0,0.0,0.0,0.0,0.0,0.0,0.0,0.0,0.0,0.0,0.0,0.0,0.0,0.0,0.0,0.0,0.0,0.0,0.0,0.0,0.0,0.0,0.0,0.0
97,97.0,429.0,0.0,0.0,0.0,0.0,0.0,1.0,0.0,0.0,0.0,0.002331002331002331,0.002331002331002331,0.0,0.0,0.0,0.0,0.009324009324009324,0.0,0.0,0.0,0.0,0.002331002331002331,0.06060606060606061,0.053613053613053616,0.04428904428904429,0.0,0.06993006993006994,0.053613053613053616,0.04195804195804196,0.039627039627039624,0.05128205128205128,0.04895104895104895,0.037296037296037296,0.04428904428904429,0.02564102564102564,0.0,0.03263403263403263,0.023310023310023312,0.018648018648018648,0.013986013986013986,0.04428904428904429,0.04195804195804196,0.0,0.002331002331002331,0.0,0.006993006993006993,0.0,0.0,0.002331002331002331,0.0,0.0,0.002331002331002331,0.0,0.0,0.0,0.0,0.0,0.0,0.0,0.0,0.0,0.0,0.0,0.0,0.0,0.0,0.004662004662004662,0.0,0.004662004662004662,0.0,0.0,0.0,0.0,0.0,0.0,0.002331002331002331,0.0,0.0,0.0,0.0,0.002331002331002331,0.0,0.0,0.0,0.0,0.0,0.0,0.0,0.0,0.0,0.0,0.0,0.0,0.0,0.0,0.0,0.0,0.0,0.0,0.0,0.0,0.006993006993006993,0.0,0.0,0.0,0.0,0.0,0.0,0.0,0.0,0.0,0.0,0.0,0.0,0.0,0.0,0.0,0.0,0.0,0.0,0.0,0.0
98,98.0,663.0,0.0,0.0,1.0,0.0,0.0,1.0,0.0,0.0,0.0,0.0,0.0,0.0,0.0,0.0,0.0,0.0,0.0,0.0,0.0,0.0,0.0,0.0030165912518853697,0.00904977375565611,0.004524886877828055,0.0,0.006033182503770739,0.004524886877828055,0.007541478129713424,0.006033182503770739,0.00904977375565611,0.0030165912518853697,0.010558069381598794,0.010558069381598794,0.00904977375565611,0.0,0.0015082956259426848,0.00904977375565611,0.0015082956259426848,0.0030165912518853697,0.0015082956259426848,0.004524886877828055,0.0015082956259426848,0.0,0.0,0.0030165912518853697,0.0,0.0,0.0,0.0,0.0,0.0,0.0,0.0,0.0,0.0,0.0,0.0015082956259426848,0.0015082956259426848,0.0,0.0,0.0,0.0,0.0,0.0015082956259426848,0.0,0.0,0.0,0.0,0.0,0.0,0.0,0.0,0.0,0.0,0.0,0.0,0.0,0.0,0.0,0.0,0.0,0.0,0.0,0.0,0.0,0.0,0.0,0.0,0.0,0.0,0.0,0.0,0.0,0.0,0.0,0.0,0.0,0.0,0.0,0.0,0.0,0.0,0.0,0.0,0.0,0.0,0.0,0.0,0.0,0.0,0.0,0.0,0.0,0.0,0.0,0.0,0.0,0.0,0.0,0.0,0.0
99,99.0,443.0,0.0,0.19187358916478556,1.0,0.0,0.0,0.0,0.0,1.0,0.0,0.0,0.0,0.0,0.0,0.0,0.0,0.0,0.0,0.0,0.0,0.0,0.0,0.004514672686230248,0.006772009029345372,0.0,0.009029345372460496,0.01805869074492099,0.004514672686230248,0.004514672686230248,0.004514672686230248,0.011286681715575621,0.006772009029345372,0.009029345372460496,0.004514672686230248,0.002257336343115124,0.0,0.009029345372460496,0.009029345372460496,0.01580135440180587,0.002257336343115124,0.002257336343115124,0.0,0.0,0.0,0.0,0.0,0.0,0.0,0.0,0.0,0.0,0.0,0.0,0.0,0.0,0.0,0.0,0.0,0.0,0.0,0.0,0.0,0.0,0.0,0.0,0.0,0.0,0.0,0.0,0.0,0.0,0.0,0.0,0.0,0.0,0.0,0.0,0.0,0.0,0.0,0.0,0.0,0.0,0.0,0.0,0.0,0.0,0.0,0.0,0.0,0.0,0.0,0.0,0.0,0.0,0.0,0.0,0.0,0.0,0.0,0.0,0.0,0.0,0.0,0.0,0.0,0.0,0.0,0.002257336343115124,0.0,0.0,0.0,0.0,0.0,0.0,0.0,0.0,0.0,0.0,0.0,0.0,0.0
100,100.0,102.0,0.0,0.9901960784313726,0.9901960784313726,0.9705882352941176,0.9705882352941176,0.9705882352941176,0.9607843137254902,0.9215686274509803,0.8333333333333334,0.0,0.0,0.0,0.0,0.0,0.0,0.00980392156862745,0.0,0.0,0.0,0.0,0.0,0.0,0.0,1.0,0.09803921568627451,0.09803921568627451,0.0,0.13725490196078433,0.16666666666666666,0.13725490196078433,0.13725490196078433,0.0784313725490196,1.0,0.14705882352941177,0.0,0.08823529411764706,0.0392156862745098,0.049019607843137254,0.11764705882352941,0.0,0.00980392156862745,0.0,0.0,0.0,0.0,0.0,0.0,0.0,0.0,0.0,0.0,0.0,0.0,0.0,0.0,0.0,0.0,0.0,0.0,0.0,0.0,0.0,0.0,0.0,0.0,0.0,0.0,0.0,0.0,0.0,0.0,0.0,0.0,0.0,0.0,0.0,0.0,0.0,0.0,0.0,0.0,0.0,0.0,0.0,0.0,0.0,0.0,0.0,0.0,0.0,0.0,0.0,0.0,0.0,0.0,0.0,0.0,0.0,0.0,0.0,0.0,0.0,0.0,0.0,0.0,0.0,0.0,0.0,0.0,0.0,0.0,0.0,0.0,0.0,0.0,0.0,0.0,0.0,0.0,0.0,0.0
101,101.0,375.0,0.0,0.808,0.8293333333333334,0.8053333333333333,0.0,1.0,1.0,1.0,0.0,0.0,0.0,0.0,0.0,0.0,0.0,0.0,0.0,0.0,0.0,0.0,0.0,0.0026666666666666666,0.021333333333333333,0.010666666666666666,0.042666666666666665,0.034666666666666665,0.032,0.024,0.058666666666666666,0.042666666666666665,0.050666666666666665,0.013333333333333334,0.034666666666666665,0.013333333333333334,0.0,0.010666666666666666,0.018666666666666668,0.021333333333333333,0.029333333333333333,0.0026666666666666666,0.008,0.0,0.0,0.0,0.0,0.0,0.0,0.0,0.0,0.0,0.0,0.0,0.0,0.0,0.0,0.0,0.0,0.0,0.0,0.0,0.0,0.0,0.0,0.0,0.0,0.0,0.0,0.0,0.0,0.0,0.0,0.0,0.0,0.0,0.0,0.0,0.0,0.0,0.0,0.0,0.0,0.0,0.0,0.0,0.0,0.0,0.0,0.0,0.0,0.0,0.0,0.0,0.0,0.0,0.0,0.0,0.0,0.0,0.0,0.0,0.0,0.0,0.0,0.0,0.0,0.0,0.0,0.0,0.0,0.0,0.0,0.0,0.0,0.0,0.0,0.0,0.0,0.0,0.0,0.0,0.0
102,102.0,259.0,0.0,0.9961389961389961,0.9575289575289575,0.9806949806949807,0.9922779922779923,0.9922779922779923,1.0,1.0,0.9536679536679536,0.0,0.0,0.0,0.0,0.0,0.0,0.0,0.0,0.0,0.0,0.0,0.0,0.0,0.019305019305019305,0.14285714285714285,0.011583011583011582,0.11583011583011583,1.0,0.03088803088803089,0.0,0.015444015444015444,0.21621621621621623,0.02702702702702703,0.0,0.15444015444015444,0.0,0.08494208494208494,0.06563706563706563,0.0694980694980695,0.08108108108108109,0.0,0.0,0.0,0.0,0.0,0.0,0.0,0.0,0.0,0.0,0.0,0.0,0.0,0.0,0.0,0.0,0.0,0.0,0.0,0.0,0.0,0.0,0.0,0.0,0.0,0.0,0.0,0.0,0.0,0.0,0.0,0.0,0.0,0.0,0.0,0.0,0.0,0.0,0.0,0.0,0.0,0.0,0.0,0.0,0.0,0.0,0.0,0.0,0.0,0.0,0.0,0.0,0.0,0.0,0.0,0.0,0.0,0.0,0.0,0.0,0.0,0.0,0.0,0.0,0.0,0.0,0.0,0.0,0.0,0.0,0.0,0.0,0.0,0.0,0.0,0.0,0.0,0.0,0.0,0.0,0.0,0.0
103,103.0,66.0,0.0,1.0,0.9848484848484849,0.9696969696969697,1.0,0.9848484848484849,0.9848484848484849,1.0,0.9696969696969697,0.0,0.0,0.0,0.0,0.0,0.0,0.0,0.0,0.0,0.0,0.0,0.0,0.0,0.2878787878787879,0.6515151515151515,0.12121212121212122,0.21212121212121213,0.09090909090909091,0.8787878787878788,0.9393939393939394,0.8939393939393939,0.36363636363636365,0.12121212121212122,0.5606060606060606,0.030303030303030304,0.0,0.2727272727272727,0.18181818181818182,0.19696969696969696,0.19696969696969696,0.0,0.0,0.0,0.0,0.0,0.0,0.0,0.0,0.0,0.0,0.0,0.0,0.0,0.0,0.0,0.0,0.0,0.0,0.0,0.0,0.0,0.0,0.0,0.0,0.0,0.0,0.0,0.0,0.0,0.0,0.0,0.0,0.0,0.0,0.0,0.0,0.0,0.0,0.0,0.0,0.0,0.0,0.0,0.0,0.0,0.0,0.0,0.0,0.0,0.0,0.0,0.0,0.0,0.0,0.0,0.0,0.0,0.0,0.0,0.0,0.0,0.0,0.0,0.0,0.0,0.0,0.0,0.0,0.0,0.0,0.0,0.0,0.0,0.0,0.0,0.0,0.0,0.0,0.0,0.0,0.0,0.0
104,104.0,782.0,0.0,1.0,0.0,1.0,0.0,0.0,0.0,0.11253196930946291,0.0,0.0,0.0,0.0012787723785166241,0.0,0.0,0.0,0.0012787723785166241,0.0,0.0,0.0,0.0,0.0,0.0038363171355498722,0.0076726342710997444,0.01278772378516624,0.0076726342710997444,0.008951406649616368,0.008951406649616368,0.008951406649616368,0.010230179028132993,0.014066496163682864,0.005115089514066497,0.005115089514066497,0.00639386189258312,0.00639386189258312,0.0,0.008951406649616368,0.0038363171355498722,0.00639386189258312,0.00639386189258312,0.0,0.0025575447570332483,0.0,0.0,0.0,0.0,0.0,0.0,0.0,0.0,0.0,0.0,0.0,0.0,0.0,0.0,0.0,0.0,0.0012787723785166241,0.0,0.0,0.0,0.0,0.0,0.0,0.0,0.0012787723785166241,0.0,0.0,0.0,0.0,0.0,0.0,0.0,0.0,0.0,0.0,0.0,0.0,0.0,0.0,0.0,0.0,0.0,0.0,0.0,0.0,0.0,0.0,0.0,0.0,0.0,0.0,0.0,0.0,0.0,0.0,0.0,0.0,0.0,0.0,0.0,0.0,0.0,0.0,0.0,0.0,0.0,0.0,0.0,0.0,0.0,0.0,0.0,0.0,0.0,0.0,0.0,0.0,0.0,0.0,0.0
105,105.0,441.0,0.0,0.3378684807256236,1.0,0.5941043083900227,1.0,1.0,0.0,0.0,0.0,0.0,0.0,0.0,0.0,0.0,0.0,0.0,0.0,0.0,0.0,0.0,0.0,0.0,0.036281179138321996,0.011337868480725623,0.02040816326530612,0.02947845804988662,0.0022675736961451248,0.022675736961451247,0.027210884353741496,0.027210884353741496,0.02040816326530612,0.0,0.015873015873015872,0.022675736961451247,0.0,0.015873015873015872,0.013605442176870748,0.02040816326530612,0.009070294784580499,0.0022675736961451248,0.0045351473922902496,0.0,0.0,0.0,0.0,0.0,0.0,0.0,0.0,0.0,0.0,0.0,0.0,0.0,0.0,0.0,0.0,0.0,0.0,0.0,0.0,0.0,0.0,0.0,0.0,0.0,0.0,0.0,0.0,0.0,0.0,0.0,0.0,0.0,0.0,0.0,0.0,0.0,0.0,0.0,0.0,0.0,0.0,0.0,0.0,0.0,0.0,0.0,0.0,0.0,0.0,0.0,0.0,0.0,0.0,0.0,0.0,0.0,0.0,0.0,0.0,0.0,0.0,0.0,0.0,0.0,0.0,0.0,0.0,0.0,0.0,0.0,0.0,0.0,0.0,0.0,0.0,0.0,0.0,0.0,0.0
106,106.0,122.0,0.0,0.5245901639344263,0.0,1.0,1.0,0.0,1.0,1.0,0.0,0.0,0.0,0.0,0.0,0.0,0.0,0.0,0.0,0.0,0.0,0.0,0.0,0.0,0.03278688524590164,0.06557377049180328,0.08196721311475409,0.01639344262295082,0.01639344262295082,0.05737704918032787,0.00819672131147541,0.02459016393442623,0.01639344262295082,0.02459016393442623,0.040983606557377046,0.040983606557377046,0.0,0.0,0.0,0.02459016393442623,0.0,0.0,0.0,0.0,0.0,0.0,0.00819672131147541,0.0,0.0,0.0,0.0,0.0,0.0,0.0,0.0,0.0,0.0,0.0,0.0,0.0,0.0,0.0,0.0,0.0,0.0,0.0,0.0,0.0,0.0,0.0,0.0,0.0,0.0,0.0,0.0,0.0,0.0,0.0,0.0,0.0,0.0,0.0,0.0,0.0,0.0,0.0,0.0,0.0,0.0,0.0,0.0,0.0,0.0,0.0,0.0,0.0,0.0,0.0,0.0,0.0,0.0,0.0,0.0,0.0,0.0,0.0,0.0,0.0,0.0,0.0,0.0,0.0,0.0,0.0,0.0,0.0,0.0,0.0,0.0,0.0,0.0,0.0,0.0
107,107.0,209.0,0.0,0.6698564593301436,1.0,0.0,1.0,1.0,1.0,0.0,1.0,0.0,0.0,0.0,0.0,0.0,0.0,0.0,0.0,0.0,0.0,0.0,0.0,0.0,0.009569377990430622,0.04784688995215311,0.05263157894736842,0.04784688995215311,0.03827751196172249,0.009569377990430622,0.03827751196172249,0.05741626794258373,0.03349282296650718,0.0861244019138756,0.0430622009569378,0.03349282296650718,0.0,0.023923444976076555,0.03349282296650718,0.028708133971291867,0.023923444976076555,0.0,0.0,0.0,0.0,0.0,0.0,0.0,0.0,0.0,0.0,0.0,0.0,0.0,0.0,0.0,0.0,0.0,0.0,0.0,0.0,0.0,0.0,0.0,0.0,0.0,0.0,0.0,0.0,0.0,0.0,0.0,0.0,0.0,0.0,0.0,0.0,0.0,0.0,0.0,0.0,0.0,0.0,0.0,0.0,0.0,0.0,0.0,0.0,0.0,0.0,0.0,0.0,0.0,0.0,0.0,0.0,0.0,0.0,0.0,0.0,0.0,0.0,0.0,0.0,0.0,0.0,0.0,0.0,0.0,0.0,0.0,0.0,0.0,0.0,0.0,0.0,0.0,0.0,0.0,0.0,0.0,0.0
108,108.0,1004.0,0.0,1.0,0.0,0.2241035856573705,1.0,0.0,0.0,0.0,0.08366533864541832,0.0,0.0,0.0,0.0,0.0,0.0,0.0,0.0,0.0,0.0,0.0,0.0,0.00298804780876494,0.010956175298804782,0.01593625498007968,0.008964143426294821,0.00796812749003984,0.010956175298804782,0.00796812749003984,0.00796812749003984,0.00796812749003984,0.008964143426294821,0.00398406374501992,0.008964143426294821,0.013944223107569721,0.0,0.00398406374501992,0.00597609561752988,0.00597609561752988,0.0049800796812749,0.00099601593625498,0.00597609561752988,0.0,0.0,0.0,0.00199203187250996,0.0,0.0,0.0,0.0,0.0,0.0,0.0,0.0,0.0,0.0,0.0,0.0,0.0,0.0,0.0,0.0,0.0,0.0,0.0,0.0,0.0,0.0,0.0,0.0,0.0,0.0,0.0,0.0,0.0,0.0,0.0,0.0,0.0,0.0,0.0,0.0,0.0,0.0,0.0,0.0,0.0,0.0,0.0,0.0,0.0,0.0,0.0,0.0,0.0,0.0,0.0,0.0,0.0,0.0,0.0,0.0,0.0,0.0,0.0,0.0,0.0,0.0,0.0,0.0,0.0,0.0,0.0,0.0,0.0,0.0,0.0,0.0,0.0,0.0,0.0,0.0
109,109.0,194.0,0.0,0.9896907216494846,0.9484536082474226,0.9845360824742269,0.9896907216494846,1.0,0.9896907216494846,1.0,1.0,0.0,0.0,0.0,0.0,0.0,0.0,0.005154639175257732,0.0,0.0,0.0,0.0,0.0,0.0,0.015463917525773196,1.0,0.041237113402061855,0.020618556701030927,0.015463917525773196,0.28350515463917525,0.015463917525773196,0.08247422680412371,0.02577319587628866,0.0,0.0,0.0,0.0,0.03608247422680412,0.12371134020618557,0.07731958762886598,0.07731958762886598,0.0,0.005154639175257732,0.0,0.0,0.0,0.0,0.0,0.0,0.0,0.0,0.0,0.0,0.0,0.0,0.0,0.0,0.0,0.0,0.0,0.0,0.0,0.0,0.0,0.0,0.0,0.0,0.0,0.0,0.0,0.0,0.0,0.0,0.0,0.0,0.0,0.0,0.0,0.0,0.0,0.0,0.0,0.0,0.0,0.0,0.0,0.0,0.0,0.0,0.0,0.0,0.0,0.0,0.0,0.0,0.0,0.0,0.0,0.0,0.0,0.0,0.0,0.0,0.0,0.0,0.0,0.0,0.0,0.0,0.0,0.0,0.0,0.0,0.0,0.0,0.0,0.0,0.0,0.0,0.0,0.0,0.0,0.0
110,110.0,246.0,0.0,0.6382113821138211,0.0,1.0,1.0,0.6707317073170732,1.0,1.0,1.0,0.0,0.0,0.0,0.0,0.0,0.0,0.0,0.0,0.0,0.0,0.0,0.0,0.0040650406504065045,0.024390243902439025,0.02032520325203252,0.044715447154471545,0.032520325203252036,0.012195121951219513,0.02032520325203252,0.02032520325203252,0.04878048780487805,0.02032520325203252,0.02032520325203252,0.012195121951219513,0.02032520325203252,0.0,0.04065040650406504,0.04878048780487805,0.032520325203252036,0.008130081300813009,0.0040650406504065045,0.0,0.0,0.0,0.0,0.0,0.0,0.0,0.0,0.0,0.0,0.0,0.0,0.0,0.0,0.0,0.0,0.0,0.0,0.0,0.0,0.0,0.0,0.0,0.0,0.0,0.0,0.0,0.0,0.0,0.0,0.0,0.0,0.0,0.0,0.0,0.0,0.0,0.0,0.0,0.0,0.0,0.0,0.0,0.0,0.0,0.0,0.0,0.0,0.0,0.0,0.0,0.0,0.0,0.0,0.0,0.0,0.0,0.0,0.0,0.0,0.0,0.0,0.0,0.0,0.0,0.0,0.0,0.0,0.0,0.0,0.0,0.0,0.0,0.0,0.0,0.0,0.0,0.0,0.0,0.0,0.0
111,111.0,555.0,0.0,0.16576576576576577,0.0,0.1945945945945946,0.0,0.0,1.0,1.0,0.0,0.0,0.0,0.0,0.0,0.0,0.0,0.0,0.0,0.0,0.0,0.0,0.0,0.0,0.009009009009009009,0.014414414414414415,0.005405405405405406,0.007207207207207207,0.016216216216216217,0.007207207207207207,0.0036036036036036037,0.009009009009009009,0.012612612612612612,0.012612612612612612,0.007207207207207207,0.012612612612612612,0.0,0.012612612612612612,0.0018018018018018018,0.010810810810810811,0.007207207207207207,0.0036036036036036037,0.005405405405405406,0.0,0.0,0.0,0.0,0.0,0.0,0.0,0.0,0.0,0.0,0.0,0.0,0.0,0.0,0.0,0.0,0.0,0.0,0.0,0.0,0.0,0.0,0.0,0.0,0.0018018018018018018,0.0,0.0,0.0,0.0,0.0,0.0,0.0,0.0,0.0,0.0,0.0,0.0,0.0,0.0,0.0,0.0,0.0,0.0,0.0,0.0,0.0,0.0,0.0,0.0,0.0,0.0,0.0,0.0,0.0,0.0,0.0,0.0,0.0,0.0,0.0,0.0,0.0,0.0,0.0,0.0,0.0,0.0,0.0,0.0,0.0,0.0,0.0,0.0,0.0,0.0,0.0,0.0,0.0,0.0,0.0
112,112.0,58.0,0.0,1.0,1.0,1.0,1.0,1.0,1.0,1.0,1.0,0.0,0.0,0.0,0.0,0.0,0.0,0.0,0.0,0.0,0.0,0.0,0.0,0.0,0.3620689655172414,0.896551724137931,0.8448275862068966,0.8275862068965517,0.1206896551724138,0.034482758620689655,0.2413793103448276,0.20689655172413793,0.3793103448275862,0.1724137931034483,0.9137931034482759,0.8620689655172413,0.0,0.22413793103448276,0.1724137931034483,0.1896551724137931,0.1724137931034483,0.0,0.0,0.0,0.0,0.0,0.0,0.0,0.0,0.0,0.0,0.0,0.0,0.0,0.0,0.0,0.0,0.0,0.0,0.0,0.0,0.0,0.0,0.0,0.0,0.0,0.0,0.0,0.0,0.0,0.0,0.0,0.0,0.0,0.0,0.0,0.0,0.0,0.0,0.0,0.0,0.0,0.0,0.0,0.0,0.0,0.0,0.0,0.0,0.0,0.0,0.0,0.0,0.0,0.0,0.0,0.0,0.0,0.0,0.0,0.0,0.0,0.0,0.0,0.0,0.0,0.0,0.0,0.0,0.0,0.0,0.0,0.0,0.0,0.0,0.0,0.0,0.0,0.0,0.0,0.0,0.0,0.0
113,113.0,323.0,0.0,1.0,1.0,0.0,1.0,0.0,0.0,0.17337461300309598,0.15170278637770898,0.0,0.0,0.0,0.0,0.0,0.0,0.0,0.0,0.0,0.0,0.0,0.0,0.0030959752321981426,0.015479876160990712,0.018575851393188854,0.018575851393188854,0.021671826625386997,0.006191950464396285,0.006191950464396285,0.021671826625386997,0.030959752321981424,0.021671826625386997,0.030959752321981424,0.01238390092879257,0.018575851393188854,0.0,0.009287925696594427,0.009287925696594427,0.0030959752321981426,0.0030959752321981426,0.0030959752321981426,0.006191950464396285,0.0,0.0,0.0,0.0,0.0,0.0,0.0,0.0,0.0,0.0,0.0,0.0,0.0,0.0,0.0,0.0,0.0,0.0,0.0,0.0,0.0,0.0,0.0,0.0,0.0,0.0,0.0,0.0,0.0,0.0,0.0,0.0,0.0,0.0,0.0,0.0,0.0,0.0,0.0,0.0,0.0,0.0,0.0,0.0,0.0,0.0,0.0,0.0,0.0,0.0,0.0,0.0,0.0,0.0,0.0,0.0,0.0,0.0,0.0,0.0,0.0,0.0,0.0,0.0,0.0,0.0,0.0,0.0,0.0,0.0,0.0,0.0,0.0,0.0,0.0,0.0,0.0,0.0,0.0,0.0
114,114.0,57.0,0.0,1.0,1.0,1.0,1.0,1.0,0.9824561403508771,1.0,0.9649122807017544,0.0,0.0,0.0,0.0,0.0,0.0,0.0,0.0,0.0,0.0,0.0,0.0,0.0,0.14035087719298245,0.21052631578947367,0.8421052631578947,0.12280701754385964,0.7719298245614035,0.8947368421052632,0.15789473684210525,0.10526315789473684,0.22807017543859648,0.5087719298245614,0.05263157894736842,0.12280701754385964,0.0,0.7368421052631579,0.14035087719298245,0.15789473684210525,0.12280701754385964,0.0,0.017543859649122806,0.0,0.0,0.0,0.0,0.0,0.0,0.0,0.0,0.0,0.0,0.0,0.0,0.0,0.0,0.0,0.0,0.0,0.0,0.0,0.0,0.0,0.0,0.0,0.0,0.0,0.0,0.0,0.0,0.0,0.0,0.0,0.0,0.0,0.0,0.0,0.0,0.0,0.0,0.0,0.0,0.0,0.0,0.0,0.0,0.0,0.0,0.0,0.0,0.0,0.0,0.0,0.0,0.0,0.0,0.0,0.0,0.0,0.0,0.0,0.0,0.0,0.0,0.0,0.0,0.0,0.0,0.0,0.0,0.0,0.0,0.0,0.0,0.0,0.0,0.0,0.0,0.0,0.0,0.0,0.0
115,115.0,264.0,0.0,0.0,1.0,0.4810606060606061,0.7916666666666666,1.0,1.0,1.0,0.0,0.0,0.0,0.0,0.0,0.0,0.0,0.0,0.0,0.0,0.0,0.0,0.0,0.0,0.04924242424242424,0.007575757575757576,0.015151515151515152,0.03787878787878788,0.026515151515151516,0.041666666666666664,0.03409090909090909,0.04924242424242424,0.03409090909090909,0.022727272727272728,0.03409090909090909,0.04924242424242424,0.0,0.011363636363636364,0.03409090909090909,0.030303030303030304,0.011363636363636364,0.0,0.0,0.0,0.0,0.0,0.003787878787878788,0.0,0.0,0.0,0.0,0.0,0.0,0.0,0.0,0.0,0.0,0.0,0.0,0.0,0.0,0.0,0.0,0.0,0.0,0.0,0.0,0.0,0.0,0.0,0.0,0.0,0.0,0.0,0.0,0.0,0.0,0.0,0.0,0.0,0.0,0.0,0.0,0.0,0.0,0.0,0.0,0.0,0.0,0.0,0.0,0.0,0.0,0.0,0.0,0.0,0.0,0.0,0.0,0.0,0.0,0.0,0.0,0.0,0.0,0.0,0.0,0.0,0.0,0.0,0.0,0.0,0.0,0.0,0.0,0.0,0.0,0.0,0.0,0.0,0.0,0.0,0.0
116,116.0,254.0,0.0,0.9921259842519685,0.968503937007874,1.0,0.9881889763779528,0.9881889763779528,0.9763779527559056,0.9921259842519685,0.9881889763779528,0.0,0.0,0.0,0.0,0.0,0.0,0.0,0.0,0.0,0.0,0.0,0.0,0.0,0.1141732283464567,0.09448818897637795,0.07874015748031496,0.0,0.0,0.007874015748031496,0.0,0.11023622047244094,1.0,0.023622047244094488,0.11811023622047244,0.0,0.0,0.0984251968503937,0.07874015748031496,0.09448818897637795,0.11023622047244094,0.0,0.007874015748031496,0.0,0.0,0.0,0.0,0.0,0.0,0.0,0.0,0.0,0.0,0.0,0.0,0.0,0.0,0.0,0.0,0.0,0.0,0.0,0.0,0.0,0.0,0.0,0.0,0.0,0.0,0.0,0.0,0.0,0.0,0.0,0.0,0.0,0.0,0.0,0.0,0.0,0.0,0.0,0.0,0.0,0.0,0.0,0.0,0.0,0.0,0.0,0.0,0.0,0.0,0.0,0.0,0.0,0.0,0.0,0.0,0.0,0.0,0.0,0.0,0.0,0.0,0.0,0.0,0.0,0.0,0.0,0.0,0.0,0.0,0.0,0.0,0.0,0.0,0.0,0.0,0.0,0.0,0.0,0.0
117,117.0,139.0,0.0,1.0,0.0,1.0,0.0,1.0,0.5035971223021583,0.0,1.0,0.0,0.0,0.0,0.0,0.0,0.0,0.007194244604316547,0.0,0.0,0.0,0.0,0.0,0.0,0.03597122302158273,0.02158273381294964,0.02877697841726619,0.007194244604316547,0.02877697841726619,0.02158273381294964,0.02158273381294964,0.04316546762589928,0.02158273381294964,0.03597122302158273,0.04316546762589928,0.050359712230215826,0.0,0.014388489208633094,0.014388489208633094,0.007194244604316547,0.014388489208633094,0.0,0.014388489208633094,0.0,0.0,0.0,0.0,0.0,0.0,0.0,0.0,0.0,0.0,0.0,0.0,0.0,0.0,0.0,0.0,0.0,0.0,0.0,0.0,0.0,0.0,0.0,0.0,0.0,0.0,0.0,0.0,0.0,0.0,0.0,0.0,0.0,0.0,0.0,0.0,0.0,0.0,0.0,0.0,0.0,0.0,0.0,0.0,0.0,0.0,0.0,0.0,0.0,0.0,0.0,0.0,0.0,0.0,0.0,0.0,0.0,0.0,0.0,0.0,0.0,0.0,0.0,0.0,0.0,0.0,0.0,0.0,0.0,0.0,0.0,0.0,0.0,0.0,0.0,0.0,0.0,0.0,0.0,0.0
118,118.0,79.0,0.0,1.0,1.0,1.0,1.0,1.0,0.9873417721518988,1.0,0.9873417721518988,0.0,0.0,0.0,0.0,0.0,0.0,0.0,0.0,0.0,0.0,0.0,0.0,0.0,0.27848101265822783,0.6582278481012658,0.16455696202531644,0.9240506329113924,0.8860759493670886,0.7341772151898734,0.35443037974683544,0.9113924050632911,0.25316455696202533,0.5949367088607594,0.8227848101265823,0.05063291139240506,0.0,0.11392405063291139,0.34177215189873417,0.3037974683544304,0.25316455696202533,0.0,0.0,0.0,0.0,0.0,0.012658227848101266,0.0,0.0,0.0,0.0,0.0,0.0,0.0,0.0,0.0,0.0,0.0,0.0,0.0,0.0,0.0,0.0,0.0,0.0,0.0,0.0,0.0,0.0,0.0,0.0,0.0,0.0,0.0,0.0,0.0,0.0,0.0,0.0,0.0,0.0,0.0,0.0,0.0,0.0,0.0,0.0,0.0,0.0,0.0,0.0,0.0,0.0,0.0,0.0,0.0,0.0,0.0,0.0,0.0,0.0,0.0,0.0,0.0,0.0,0.0,0.0,0.0,0.0,0.0,0.0,0.0,0.0,0.0,0.0,0.0,0.0,0.0,0.0,0.0,0.0,0.0,0.0
119,119.0,69.0,0.0,0.36231884057971014,0.0,0.0,0.0,0.0,0.4492753623188406,0.17391304347826086,0.0,0.0,0.0,0.0,0.0,0.0,0.0,0.0,0.0,0.0,0.0,0.0,0.0,0.0,0.0,0.0,0.014492753623188406,0.0,0.028985507246376812,0.014492753623188406,0.028985507246376812,0.0,0.014492753623188406,1.0,0.0,0.014492753623188406,0.0,0.0,0.0,0.0,0.014492753623188406,0.0,0.0,0.0,0.0,0.0,0.0,0.0,0.0,0.0,0.0,0.0,0.0,0.0,0.0,0.0,0.0,0.0,0.0,0.0,0.0,0.0,0.0,0.0,0.0,0.0,0.0,0.0,0.0,0.0,0.0,0.0,0.0,0.0,0.0,0.0,0.0,0.0,0.0,0.0,0.0,0.0,0.0,0.0,0.0,0.0,0.0,0.0,0.0,0.0,0.0,0.0,0.0,0.0,0.0,0.0,0.0,0.0,0.0,0.0,0.0,0.0,0.0,0.0,0.0,0.0,0.0,0.0,0.0,0.0,0.0,0.0,0.0,0.0,0.0,0.0,0.0,0.0,0.0,0.0,0.0,0.0,0.0
120,120.0,142.0,0.0,0.0,0.0,1.0,0.3873239436619718,1.0,0.0,0.0,1.0,0.0,0.0,0.0,0.0,0.0,0.0,0.0,0.0,0.0,0.0,0.0,0.0,0.007042253521126761,0.014084507042253521,0.007042253521126761,0.028169014084507043,0.014084507042253521,0.02112676056338028,0.007042253521126761,0.04225352112676056,0.028169014084507043,0.028169014084507043,0.014084507042253521,0.02112676056338028,0.014084507042253521,0.0,0.0,0.02112676056338028,0.014084507042253521,0.007042253521126761,0.0,0.0,0.0,0.0,0.0,0.0,0.0,0.0,0.0,0.0,0.0,0.0,0.0,0.0,0.0,0.0,0.0,0.0,0.0,0.0,0.0,0.0,0.0,0.0,0.0,0.0,0.0,0.0,0.0,0.0,0.0,0.0,0.0,0.0,0.0,0.0,0.0,0.0,0.0,0.0,0.0,0.0,0.0,0.0,0.0,0.0,0.0,0.0,0.0,0.0,0.0,0.0,0.0,0.0,0.0,0.0,0.0,0.0,0.0,0.0,0.0,0.0,0.0,0.0,0.0,0.0,0.0,0.0,0.0,0.0,0.0,0.0,0.0,0.0,0.0,0.0,0.0,0.0,0.0,0.0,0.0,0.0
121,121.0,253.0,0.0,1.0,0.9723320158102767,0.9841897233201581,0.9802371541501976,0.9960474308300395,0.9881422924901185,0.8379446640316206,1.0,0.0,0.0,0.0,0.0,0.0,0.0,0.0,0.0,0.0,0.0,0.0,0.0,0.0,0.0,0.09090909090909091,1.0,0.06324110671936758,0.06324110671936758,0.0,0.0,0.07509881422924901,0.007905138339920948,0.011857707509881422,0.05533596837944664,0.0,0.0,0.07114624505928854,0.04743083003952569,0.07509881422924901,0.07509881422924901,0.0,0.0,0.0,0.0,0.0,0.003952569169960474,0.0,0.0,0.0,0.0,0.0,0.0,0.0,0.0,0.0,0.0,0.0,0.0,0.0,0.0,0.0,0.0,0.0,0.0,0.0,0.0,0.0,0.0,0.0,0.0,0.0,0.0,0.0,0.0,0.0,0.0,0.0,0.0,0.0,0.0,0.0,0.0,0.0,0.0,0.0,0.0,0.0,0.0,0.0,0.0,0.0,0.0,0.0,0.0,0.0,0.0,0.0,0.0,0.0,0.0,0.0,0.0,0.0,0.0,0.0,0.0,0.0,0.0,0.0,0.0,0.0,0.0,0.0,0.0,0.0,0.0,0.0,0.0,0.0,0.0,0.0,0.0
122,122.0,207.0,0.0,1.0,1.0,0.0,1.0,1.0,0.0,0.34299516908212563,0.0,0.0,0.0,0.0,0.0,0.0,0.0,0.0,0.0,0.0,0.0,0.0,0.0,0.004830917874396135,0.0,0.014492753623188406,0.01932367149758454,0.024154589371980676,0.033816425120772944,0.028985507246376812,0.028985507246376812,0.00966183574879227,0.014492753623188406,0.01932367149758454,0.028985507246376812,0.01932367149758454,0.0,0.00966183574879227,0.004830917874396135,0.01932367149758454,0.0,0.0,0.004830917874396135,0.0,0.0,0.0,0.0,0.0,0.0,0.0,0.0,0.0,0.0,0.0,0.0,0.0,0.0,0.0,0.0,0.0,0.0,0.0,0.0,0.0,0.0,0.0,0.0,0.0,0.0,0.0,0.0,0.0,0.0,0.0,0.0,0.0,0.0,0.0,0.0,0.0,0.0,0.0,0.0,0.0,0.0,0.0,0.004830917874396135,0.0,0.0,0.0,0.0,0.0,0.0,0.0,0.0,0.0,0.0,0.0,0.0,0.0,0.0,0.0,0.0,0.0,0.0,0.0,0.0,0.0,0.0,0.0,0.0,0.0,0.0,0.0,0.0,0.0,0.0,0.0,0.0,0.0,0.0,0.0,0.0
123,123.0,41.0,0.0,0.8536585365853658,0.7804878048780488,0.8048780487804879,0.975609756097561,0.6829268292682927,0.0,0.0,0.8292682926829268,0.0,0.0,0.0,0.0,0.0,0.0,0.0,0.0,0.0,0.0,0.0,0.0,0.0,0.024390243902439025,1.0,0.024390243902439025,0.0975609756097561,0.07317073170731707,0.07317073170731707,0.07317073170731707,0.024390243902439025,0.04878048780487805,0.0,0.0,0.14634146341463414,0.0,0.0975609756097561,0.024390243902439025,0.024390243902439025,0.04878048780487805,0.0,0.0,0.0,0.0,0.0,0.0,0.0,0.0,0.0,0.0,0.0,0.0,0.0,0.0,0.0,0.0,0.0,0.0,0.0,0.0,0.0,0.0,0.0,0.0,0.0,0.0,0.0,0.0,0.0,0.0,0.0,0.0,0.0,0.0,0.0,0.0,0.0,0.0,0.0,0.0,0.0,0.0,0.0,0.0,0.0,0.0,0.0,0.0,0.0,0.0,0.0,0.0,0.0,0.0,0.0,0.0,0.0,0.0,0.0,0.0,0.0,0.0,0.0,0.0,0.0,0.0,0.0,0.0,0.0,0.0,0.0,0.0,0.0,0.0,0.0,0.0,0.0,0.0,0.0,0.0,0.0,0.0
124,124.0,282.0,0.0,0.41134751773049644,1.0,0.4645390070921986,0.0,1.0,0.0,1.0,0.0,0.0,0.0,0.0,0.0,0.0,0.0,0.0,0.0,0.0,0.0,0.0,0.0,0.0035460992907801418,0.0035460992907801418,0.0035460992907801418,0.02127659574468085,0.03546099290780142,0.031914893617021274,0.010638297872340425,0.010638297872340425,0.014184397163120567,0.028368794326241134,0.01773049645390071,0.014184397163120567,0.010638297872340425,0.0,0.010638297872340425,0.01773049645390071,0.014184397163120567,0.010638297872340425,0.0,0.0035460992907801418,0.0035460992907801418,0.0035460992907801418,0.0035460992907801418,0.0035460992907801418,0.0,0.0,0.0,0.0,0.0,0.0,0.0,0.0,0.0,0.0,0.0,0.0,0.0,0.0,0.0,0.0,0.0,0.0,0.0,0.0,0.0,0.0,0.0,0.0,0.0,0.0,0.0,0.0,0.0,0.0,0.0,0.0,0.0,0.0,0.0,0.0,0.0,0.0,0.0,0.0070921985815602835,0.0,0.0,0.0,0.0,0.0,0.0,0.0,0.0,0.0,0.0,0.0,0.0,0.0,0.0,0.0,0.0,0.0,0.0,0.0,0.0,0.0,0.0,0.0,0.0,0.0,0.0,0.0,0.0,0.0,0.0,0.0,0.0,0.0,0.0,0.0,0.0
125,125.0,324.0,0.0,0.0,0.0,1.0,0.0,1.0,1.0,0.15432098765432098,0.2222222222222222,0.0,0.0,0.0,0.0,0.0,0.0,0.0,0.0,0.0,0.0,0.0,0.0,0.0,0.021604938271604937,0.024691358024691357,0.021604938271604937,0.009259259259259259,0.030864197530864196,0.015432098765432098,0.012345679012345678,0.0030864197530864196,0.012345679012345678,0.012345679012345678,0.015432098765432098,0.009259259259259259,0.0,0.009259259259259259,0.0,0.009259259259259259,0.024691358024691357,0.0,0.006172839506172839,0.0,0.0,0.0,0.0,0.0,0.0,0.0,0.0,0.0,0.0,0.0,0.0,0.0,0.0,0.0,0.0,0.0,0.0,0.0,0.0,0.0,0.0,0.0,0.0,0.0,0.0,0.0,0.0,0.0,0.0,0.0,0.0,0.0,0.0,0.0,0.0,0.0,0.0,0.0,0.0,0.0,0.0,0.0,0.0,0.0,0.0,0.0,0.0,0.0,0.0,0.0,0.0,0.0,0.0,0.0,0.0,0.0,0.0,0.0,0.0,0.0,0.0,0.0,0.0,0.0,0.0,0.0,0.0,0.0,0.0,0.0,0.0,0.0,0.0,0.0,0.0,0.0,0.0,0.0,0.0
126,126.0,62.0,0.0,1.0,0.967741935483871,0.9516129032258065,0.9838709677419355,0.967741935483871,1.0,0.9838709677419355,0.967741935483871,0.0,0.0,0.0,0.0,0.0,0.0,0.0,0.0,0.0,0.0,0.0,0.0,0.0,0.1935483870967742,0.8064516129032258,0.7903225806451613,0.04838709677419355,0.6612903225806451,0.11290322580645161,0.7580645161290323,0.27419354838709675,0.7419354838709677,0.8709677419354839,0.3870967741935484,0.0967741935483871,0.0,0.03225806451612903,0.11290322580645161,0.11290322580645161,0.11290322580645161,0.0,0.016129032258064516,0.0,0.0,0.0,0.0,0.0,0.0,0.0,0.0,0.0,0.0,0.0,0.0,0.0,0.0,0.0,0.0,0.0,0.0,0.0,0.0,0.0,0.0,0.0,0.0,0.0,0.0,0.0,0.0,0.0,0.0,0.0,0.0,0.0,0.0,0.0,0.0,0.0,0.0,0.0,0.0,0.0,0.0,0.0,0.0,0.0,0.0,0.0,0.0,0.0,0.0,0.0,0.0,0.0,0.0,0.0,0.0,0.0,0.0,0.0,0.0,0.0,0.0,0.0,0.0,0.0,0.0,0.0,0.0,0.0,0.0,0.0,0.0,0.0,0.0,0.0,0.0,0.0,0.0,0.0,0.0
127,127.0,94.0,0.0,0.9893617021276596,0.9893617021276596,0.9680851063829787,0.9680851063829787,0.9893617021276596,0.9680851063829787,0.9042553191489362,0.925531914893617,0.0,0.0,0.0,0.0,0.0,0.0,0.0,0.0,0.0,0.0,0.0,0.0,0.0,0.1595744680851064,0.1702127659574468,0.0,0.11702127659574468,0.1702127659574468,0.0,1.0,0.1595744680851064,0.0,0.11702127659574468,0.0425531914893617,1.0,0.0,0.06382978723404255,0.10638297872340426,0.10638297872340426,0.10638297872340426,0.0,0.0,0.010638297872340425,0.0,0.0,0.010638297872340425,0.0,0.0,0.0,0.0,0.0,0.0,0.0,0.0,0.0,0.0,0.0,0.010638297872340425,0.010638297872340425,0.0,0.0,0.0,0.0,0.0,0.0,0.0,0.0,0.0,0.0,0.0,0.0,0.0,0.0,0.0,0.0,0.0,0.0,0.0,0.0,0.0,0.0,0.0,0.0,0.0,0.0,0.0,0.0,0.0,0.0,0.0,0.0,0.0,0.0,0.0,0.0,0.0,0.0,0.0,0.0,0.0,0.0,0.0,0.0,0.0,0.0,0.0,0.0,0.0,0.0,0.0,0.0,0.0,0.0,0.0,0.0,0.0,0.0,0.0,0.0,0.0,0.0,0.0
128,128.0,439.0,0.0,0.0,0.0,0.0,1.0,0.0,0.0,0.0,0.0,0.0,0.0,0.004555808656036446,0.0,0.0,0.0,0.00683371298405467,0.0,0.0,0.0,0.0,0.0,0.06150341685649203,0.06605922551252848,0.03416856492027335,0.04555808656036447,0.03644646924829157,0.02733485193621868,0.06378132118451026,0.06378132118451026,0.04783599088838269,0.04783599088838269,0.04100227790432802,0.022779043280182234,0.05694760820045558,0.0,0.022779043280182234,0.02050113895216401,0.01366742596810934,0.018223234624145785,0.029612756264236904,0.03644646924829157,0.0,0.0,0.0,0.011389521640091117,0.0,0.0,0.0,0.0,0.0,0.0,0.0,0.0,0.0,0.0,0.0,0.0,0.0,0.0,0.0,0.0,0.0,0.0,0.0,0.0,0.0,0.0,0.0,0.0,0.0,0.0,0.0,0.0,0.0,0.0,0.0,0.00683371298405467,0.0,0.0,0.0,0.0,0.0,0.0,0.0,0.002277904328018223,0.0,0.0,0.0,0.0,0.0,0.0,0.0,0.0,0.0,0.0,0.0,0.0,0.0,0.0,0.0,0.002277904328018223,0.0,0.0,0.0,0.0,0.0,0.0,0.0,0.0,0.0,0.0,0.0,0.0,0.0,0.0,0.0,0.0,0.0,0.0,0.0,0.0
129,129.0,108.0,0.0,0.9814814814814815,0.9814814814814815,1.0,1.0,0.9722222222222222,0.9722222222222222,0.9814814814814815,0.9259259259259259,0.0,0.0,0.0,0.0,0.0,0.0,0.009259259259259259,0.0,0.0,0.0,0.0,0.0,0.0,1.0,0.07407407407407407,0.07407407407407407,1.0,0.1111111111111111,0.1111111111111111,0.17592592592592593,0.1388888888888889,0.0,0.06481481481481481,0.17592592592592593,0.12962962962962962,0.0,0.14814814814814814,0.08333333333333333,0.12962962962962962,0.08333333333333333,0.0,0.018518518518518517,0.0,0.0,0.0,0.0,0.0,0.0,0.0,0.0,0.0,0.0,0.0,0.0,0.0,0.0,0.0,0.0,0.0,0.0,0.0,0.0,0.0,0.0,0.0,0.0,0.0,0.0,0.0,0.0,0.0,0.0,0.0,0.0,0.0,0.0,0.0,0.0,0.0,0.0,0.0,0.0,0.0,0.0,0.0,0.0,0.0,0.0,0.0,0.0,0.0,0.0,0.0,0.0,0.0,0.0,0.0,0.0,0.0,0.0,0.0,0.0,0.0,0.0,0.0,0.0,0.0,0.0,0.0,0.0,0.0,0.0,0.0,0.0,0.0,0.0,0.0,0.0,0.0,0.0,0.0,0.0
130,130.0,65.0,0.0,1.0,1.0,1.0,1.0,1.0,1.0,1.0,1.0,0.0,0.0,0.0,0.0,0.0,0.0,0.0,0.0,0.0,0.0,0.0,0.0,0.0,0.5538461538461539,0.8615384615384616,0.09230769230769231,0.2923076923076923,0.9384615384615385,0.15384615384615385,0.38461538461538464,0.26153846153846155,0.9538461538461539,0.7846153846153846,0.7538461538461538,0.7538461538461538,0.0,0.26153846153846155,0.5538461538461539,0.46153846153846156,0.2923076923076923,0.0,0.0,0.0,0.0,0.0,0.0,0.0,0.0,0.0,0.0,0.0,0.0,0.0,0.0,0.0,0.0,0.0,0.0,0.0,0.0,0.0,0.0,0.0,0.0,0.0,0.0,0.0,0.0,0.0,0.0,0.0,0.0,0.0,0.0,0.0,0.0,0.0,0.0,0.0,0.0,0.0,0.0,0.0,0.0,0.0,0.0,0.0,0.0,0.0,0.0,0.0,0.0,0.0,0.0,0.0,0.0,0.0,0.0,0.0,0.0,0.0,0.0,0.0,0.0,0.0,0.0,0.0,0.0,0.0,0.0,0.0,0.0,0.0,0.0,0.0,0.0,0.0,0.0,0.0,0.0,0.0,0.0
131,131.0,82.0,0.0,0.975609756097561,1.0,1.0,0.9878048780487805,1.0,1.0,0.975609756097561,1.0,0.0,0.0,0.0,0.0,0.0,0.0,0.012195121951219513,0.0,0.0,0.0,0.0,0.0,0.0,0.47560975609756095,0.9146341463414634,0.8170731707317073,0.06097560975609756,0.6585365853658537,0.2804878048780488,0.024390243902439025,0.7560975609756098,0.10975609756097561,0.13414634146341464,0.06097560975609756,0.45121951219512196,0.0,0.14634146341463414,0.35365853658536583,0.3170731707317073,0.2073170731707317,0.0,0.0,0.0,0.0,0.0,0.012195121951219513,0.0,0.0,0.0,0.0,0.0,0.0,0.0,0.0,0.0,0.0,0.0,0.0,0.0,0.0,0.0,0.0,0.0,0.0,0.0,0.0,0.0,0.0,0.0,0.0,0.0,0.0,0.0,0.0,0.0,0.0,0.0,0.0,0.0,0.0,0.0,0.0,0.0,0.0,0.0,0.0,0.0,0.0,0.0,0.0,0.0,0.0,0.0,0.0,0.0,0.0,0.0,0.0,0.0,0.0,0.0,0.0,0.0,0.0,0.0,0.0,0.0,0.0,0.0,0.0,0.0,0.0,0.0,0.0,0.0,0.0,0.0,0.0,0.0,0.0,0.0,0.0
132,132.0,26.0,0.0,1.0,0.15384615384615385,0.2692307692307692,0.0,0.7307692307692307,1.0,0.23076923076923078,0.038461538461538464,0.0,0.0,0.0,0.0,0.0,0.0,0.0,0.0,0.0,0.0,0.0,0.0,0.0,0.038461538461538464,0.038461538461538464,0.038461538461538464,0.0,0.038461538461538464,0.038461538461538464,0.038461538461538464,0.0,0.038461538461538464,0.038461538461538464,0.038461538461538464,1.0,0.0,0.0,0.0,0.0,0.0,0.0,0.0,0.0,0.0,0.0,0.0,0.0,0.0,0.0,0.0,0.0,0.0,0.0,0.0,0.0,0.0,0.0,0.0,0.0,0.0,0.0,0.0,0.0,0.0,0.0,0.0,0.0,0.0,0.0,0.0,0.0,0.0,0.0,0.0,0.0,0.0,0.0,0.0,0.0,0.0,0.0,0.0,0.0,0.0,0.0,0.0,0.0,0.0,0.0,0.0,0.0,0.0,0.0,0.0,0.0,0.0,0.0,0.0,0.0,0.0,0.0,0.0,0.0,0.0,0.0,0.0,0.0,0.0,0.0,0.0,0.0,0.0,0.0,0.0,0.0,0.0,0.0,0.0,0.0,0.0,0.0,0.0
133,133.0,373.0,0.0,1.0,0.0,1.0,0.35656836461126007,0.0,1.0,0.13941018766756033,0.0,0.0,0.0,0.0,0.0,0.0,0.0,0.0,0.0,0.0,0.0,0.0,0.0,0.0,0.02680965147453083,0.0160857908847185,0.0,0.0160857908847185,0.03485254691689008,0.03485254691689008,0.032171581769437,0.02680965147453083,0.021447721179624665,0.013404825737265416,0.0160857908847185,0.02680965147453083,0.0,0.005361930294906166,0.005361930294906166,0.021447721179624665,0.00804289544235925,0.002680965147453083,0.0,0.0,0.0,0.0,0.0,0.0,0.0,0.0,0.0,0.0,0.0,0.0,0.0,0.0,0.0,0.0,0.0,0.0,0.0,0.0,0.0,0.0,0.0,0.0,0.0,0.005361930294906166,0.0,0.0,0.0,0.0,0.0,0.0,0.0,0.0,0.0,0.0,0.002680965147453083,0.0,0.0,0.0,0.0,0.0,0.0,0.0,0.0,0.0,0.0,0.0,0.0,0.0,0.0,0.0,0.0,0.0,0.0,0.0,0.0,0.0,0.0,0.0,0.0,0.0,0.0,0.0,0.0,0.0,0.0,0.0,0.0,0.0,0.0,0.0,0.0,0.0,0.0,0.0,0.0,0.0,0.0,0.0,0.0
134,134.0,432.0,0.0,1.0,0.2013888888888889,0.0,0.0,0.0,0.0,0.0,1.0,0.0,0.0,0.0,0.0,0.0,0.0,0.0,0.0,0.0,0.0,0.0,0.0,0.004629629629629629,0.0,0.009259259259259259,0.006944444444444444,0.009259259259259259,0.004629629629629629,0.011574074074074073,0.011574074074074073,0.006944444444444444,0.004629629629629629,0.016203703703703703,0.0,0.013888888888888888,0.0,0.0023148148148148147,0.0023148148148148147,0.004629629629629629,0.0,0.0023148148148148147,0.006944444444444444,0.0,0.0,0.0,0.0,0.0,0.0,0.0,0.0,0.0,0.0,0.0,0.0,0.0,0.0,0.0,0.0,0.0,0.0,0.0,0.0,0.0,0.0,0.0,0.0,0.0,0.0,0.0,0.0,0.0,0.0,0.0,0.0,0.0,0.0,0.0,0.0,0.0,0.0,0.0,0.0,0.0,0.0,0.0,0.0,0.0,0.0,0.0,0.0,0.0,0.0,0.0,0.0,0.0,0.0,0.0,0.0,0.0,0.0,0.0,0.0,0.0,0.0,0.0,0.0,0.0,0.0,0.0,0.0,0.0,0.0,0.0,0.0,0.0,0.0,0.0,0.0,0.0,0.0,0.0,0.0
135,135.0,774.0,0.0,0.0,0.0,0.0,0.0,1.0,1.0,0.0,0.12015503875968993,0.0,0.0,0.0,0.0,0.0,0.0,0.0,0.0,0.0,0.0,0.0,0.0,0.002583979328165375,0.007751937984496124,0.00904392764857881,0.003875968992248062,0.00904392764857881,0.012919896640826873,0.014211886304909561,0.003875968992248062,0.0103359173126615,0.003875968992248062,0.00904392764857881,0.012919896640826873,0.007751937984496124,0.0,0.003875968992248062,0.002583979328165375,0.00516795865633075,0.006459948320413436,0.00516795865633075,0.00516795865633075,0.0,0.0,0.0,0.0012919896640826874,0.0,0.0,0.0,0.0,0.0,0.0,0.0,0.0,0.0,0.0,0.0,0.0,0.0,0.0,0.0,0.0,0.0,0.0,0.0,0.0,0.0012919896640826874,0.0,0.0,0.0,0.0,0.0,0.0,0.0,0.0,0.0,0.0,0.0,0.0,0.0,0.0,0.0,0.0,0.0,0.0,0.0,0.0,0.0,0.0,0.0,0.0,0.0,0.0,0.0,0.0,0.0,0.0,0.0,0.0,0.0,0.0,0.0,0.0,0.0,0.0,0.0,0.0,0.0,0.0,0.0,0.0,0.0,0.0,0.0,0.0,0.0,0.0,0.0,0.0,0.0,0.0,0.0
136,136.0,45.0,0.0,0.9555555555555556,0.24444444444444444,0.2,0.9111111111111111,0.9777777777777777,0.4444444444444444,0.9555555555555556,0.28888888888888886,0.0,0.0,0.0,0.0,0.0,0.0,0.0,0.0,0.0,0.0,0.0,0.0,0.0,0.022222222222222223,0.1111111111111111,0.0,0.022222222222222223,0.08888888888888889,0.044444444444444446,0.022222222222222223,1.0,0.044444444444444446,0.022222222222222223,0.06666666666666667,0.044444444444444446,0.0,0.0,0.044444444444444446,0.0,0.06666666666666667,0.0,0.022222222222222223,0.0,0.0,0.0,0.0,0.0,0.0,0.0,0.0,0.0,0.0,0.0,0.0,0.0,0.0,0.0,0.0,0.0,0.0,0.0,0.0,0.0,0.0,0.0,0.0,0.0,0.0,0.0,0.0,0.0,0.0,0.0,0.0,0.0,0.0,0.0,0.0,0.0,0.0,0.0,0.0,0.0,0.0,0.0,0.0,0.0,0.0,0.0,0.0,0.0,0.0,0.0,0.0,0.0,0.0,0.0,0.0,0.0,0.0,0.0,0.0,0.0,0.0,0.0,0.0,0.0,0.0,0.0,0.0,0.0,0.0,0.0,0.0,0.0,0.0,0.0,0.0,0.0,0.0,0.0,0.0
137,137.0,693.0,0.0,1.0,1.0,0.0,0.0,0.0,0.0,0.0,0.0,0.0,0.0,0.0,0.0,0.0,0.0,0.0,0.0,0.0,0.0,0.0,0.0,0.0,0.007215007215007215,0.011544011544011544,0.008658008658008658,0.008658008658008658,0.005772005772005772,0.004329004329004329,0.015873015873015872,0.008658008658008658,0.008658008658008658,0.008658008658008658,0.010101010101010102,0.010101010101010102,0.0,0.007215007215007215,0.002886002886002886,0.005772005772005772,0.005772005772005772,0.001443001443001443,0.001443001443001443,0.0,0.0,0.0,0.001443001443001443,0.0,0.0,0.0,0.0,0.0,0.0,0.0,0.0,0.0,0.0,0.0,0.0,0.0,0.0,0.0,0.0,0.0,0.0,0.0,0.0,0.001443001443001443,0.0,0.0,0.0,0.0,0.0,0.0,0.0,0.0,0.0,0.0,0.0,0.0,0.0,0.0,0.0,0.0,0.0,0.0,0.0,0.0,0.0,0.0,0.0,0.0,0.0,0.0,0.0,0.0,0.0,0.0,0.0,0.0,0.0,0.0,0.0,0.0,0.0,0.0,0.0,0.0,0.0,0.0,0.0,0.0,0.0,0.0,0.0,0.0,0.0,0.0,0.0,0.0,0.0,0.0,0.0
138,138.0,709.0,0.0,1.0,0.8716502115655853,0.8222849083215797,1.0,1.0,1.0,1.0,0.0,0.0,0.0,0.0,0.0,0.0,0.0,0.0,0.0,0.0,0.0,0.0,0.0,0.0,0.03526093088857546,0.0,0.0,0.045133991537376586,0.02538787023977433,0.005641748942172073,0.0014104372355430183,0.04090267983074753,0.05218617771509168,0.0,0.04090267983074753,0.0465444287729196,0.0,0.029619181946403384,0.03244005641748942,0.019746121297602257,0.036671368124118475,0.0028208744710860366,0.00846262341325811,0.0,0.0,0.0,0.0,0.0,0.0,0.0,0.0,0.0,0.0,0.0014104372355430183,0.0,0.0,0.0,0.0,0.0,0.0,0.0,0.0,0.0,0.0,0.0,0.0,0.0,0.0,0.0,0.0,0.0,0.0,0.0,0.0,0.0,0.0,0.0,0.0,0.0,0.0,0.0,0.0,0.0,0.0,0.0,0.0,0.0,0.0,0.0,0.0,0.0,0.0,0.0,0.0,0.0,0.0,0.0,0.0,0.0,0.0,0.0,0.0,0.0,0.0,0.0,0.0,0.0,0.0,0.0,0.0,0.0,0.0,0.0,0.0,0.0,0.0,0.0,0.0,0.0,0.0,0.0,0.0,0.0
139,139.0,29.0,0.0,0.0,1.0,0.0,1.0,0.41379310344827586,0.4482758620689655,0.034482758620689655,0.13793103448275862,0.0,0.0,0.0,0.0,0.0,0.0,0.0,0.0,0.0,0.0,0.0,0.0,0.0,0.0,0.0,0.034482758620689655,0.034482758620689655,1.0,0.034482758620689655,0.06896551724137931,0.034482758620689655,0.034482758620689655,0.034482758620689655,0.06896551724137931,0.0,0.0,0.0,0.0,0.034482758620689655,0.034482758620689655,0.0,0.0,0.0,0.0,0.0,0.0,0.0,0.0,0.0,0.0,0.0,0.0,0.0,0.0,0.0,0.0,0.0,0.0,0.0,0.0,0.0,0.0,0.0,0.0,0.0,0.0,0.0,0.0,0.0,0.0,0.0,0.0,0.0,0.0,0.0,0.0,0.0,0.0,0.0,0.0,0.0,0.0,0.0,0.0,0.0,0.0,0.0,0.0,0.0,0.0,0.0,0.0,0.0,0.0,0.0,0.0,0.0,0.0,0.0,0.0,0.0,0.0,0.0,0.0,0.0,0.0,0.0,0.0,0.0,0.0,0.0,0.0,0.0,0.0,0.0,0.0,0.0,0.0,0.0,0.0,0.0,0.0
140,140.0,87.0,0.0,1.0,0.9885057471264368,1.0,1.0,1.0,1.0,1.0,1.0,0.0,0.0,0.0,0.0,0.0,0.0,0.0,0.0,0.0,0.0,0.0,0.0,0.011494252873563218,0.8505747126436781,0.8735632183908046,0.9195402298850575,0.9080459770114943,0.8735632183908046,0.7126436781609196,0.7471264367816092,0.8850574712643678,0.5632183908045977,0.8735632183908046,0.896551724137931,0.3793103448275862,0.0,0.9425287356321839,0.16091954022988506,0.4367816091954023,0.5632183908045977,0.0,0.011494252873563218,0.0,0.0,0.0,0.0,0.0,0.0,0.0,0.0,0.0,0.0,0.0,0.0,0.0,0.0,0.0,0.0,0.0,0.0,0.0,0.0,0.0,0.0,0.0,0.0,0.0,0.0,0.0,0.0,0.0,0.0,0.0,0.0,0.0,0.0,0.0,0.011494252873563218,0.0,0.0,0.0,0.0,0.0,0.0,0.0,0.0,0.0,0.0,0.0,0.0,0.0,0.0,0.0,0.0,0.0,0.0,0.0,0.0,0.0,0.0,0.0,0.0,0.0,0.0,0.0,0.0,0.0,0.0,0.0,0.0,0.0,0.0,0.0,0.0,0.0,0.0,0.0,0.0,0.0,0.0,0.0,0.0
141,141.0,79.0,0.0,1.0,1.0,1.0,1.0,0.9873417721518988,0.9873417721518988,0.9240506329113924,0.9493670886075949,0.0,0.0,0.0,0.0,0.0,0.0,0.0,0.0,0.0,0.0,0.0,0.0,0.0,0.189873417721519,0.0759493670886076,0.6455696202531646,0.7974683544303798,0.24050632911392406,0.13924050632911392,0.11392405063291139,0.0759493670886076,0.24050632911392406,0.8734177215189873,0.9493670886075949,0.06329113924050633,0.0,0.20253164556962025,0.12658227848101267,0.16455696202531644,0.24050632911392406,0.0,0.0,0.0,0.0,0.0,0.0,0.0,0.0,0.0,0.0,0.0,0.0,0.0,0.0,0.0,0.0,0.0,0.0,0.0,0.0,0.0,0.0,0.0,0.0,0.0,0.0,0.0,0.0,0.0,0.0,0.0,0.0,0.0,0.0,0.0,0.0,0.0,0.0,0.0,0.0,0.0,0.0,0.0,0.0,0.0,0.0,0.0,0.0,0.0,0.0,0.0,0.0,0.0,0.0,0.0,0.0,0.0,0.0,0.0,0.0,0.0,0.0,0.0,0.0,0.0,0.0,0.0,0.0,0.0,0.0,0.0,0.0,0.0,0.0,0.0,0.0,0.0,0.0,0.0,0.0,0.0,0.0
142,142.0,270.0,0.0,0.9925925925925926,0.9740740740740741,0.9555555555555556,0.9555555555555556,1.0,0.9814814814814815,1.0,1.0,0.0,0.0,0.0,0.0,0.0,0.0,0.0,0.0,0.0,0.0,0.0,0.0,0.0,0.0,0.08888888888888889,0.11851851851851852,0.044444444444444446,0.07037037037037037,0.0,0.0,0.11851851851851852,0.1037037037037037,1.0,0.0,0.0,0.0,0.07777777777777778,0.08888888888888889,0.06296296296296296,0.05925925925925926,0.0,0.0,0.0,0.0,0.0,0.0,0.0,0.0,0.0,0.0,0.0,0.0,0.0,0.0,0.0,0.0,0.0,0.0,0.0,0.0,0.0,0.0,0.0,0.0,0.0,0.0,0.0,0.0,0.0,0.0,0.0,0.0,0.0,0.0,0.0,0.0,0.0,0.0,0.0,0.0,0.0,0.0,0.0,0.0,0.0,0.0,0.0,0.0,0.0,0.0,0.0,0.0,0.0,0.0,0.0,0.0,0.0,0.0,0.0,0.0,0.0,0.0,0.0,0.0,0.0,0.0,0.0,0.0,0.0,0.0,0.0,0.0,0.0,0.0,0.0,0.0,0.0,0.0,0.0,0.0,0.0,0.0
143,143.0,683.0,0.0,0.0,1.0,1.0,0.0,0.0,0.0,0.0,0.0,0.0,0.004392386530014641,0.0029282576866764276,0.0,0.0,0.0,0.0014641288433382138,0.0,0.0,0.0,0.0,0.0,0.0029282576866764276,0.004392386530014641,0.008784773060029283,0.010248901903367497,0.0,0.005856515373352855,0.013177159590043924,0.008784773060029283,0.005856515373352855,0.008784773060029283,0.007320644216691069,0.005856515373352855,0.005856515373352855,0.0,0.010248901903367497,0.0029282576866764276,0.007320644216691069,0.01171303074670571,0.0014641288433382138,0.0029282576866764276,0.0,0.0,0.0,0.0,0.0,0.0,0.0,0.0,0.0,0.0,0.0,0.0,0.0,0.0,0.0,0.0,0.0,0.0,0.0,0.0,0.0,0.0,0.0,0.0,0.0014641288433382138,0.0014641288433382138,0.0014641288433382138,0.0,0.0,0.0,0.0,0.0,0.0,0.0,0.0,0.0,0.0014641288433382138,0.0,0.0,0.0,0.0,0.0,0.0,0.0014641288433382138,0.0,0.0,0.0,0.0014641288433382138,0.0,0.0,0.0,0.0,0.0,0.0,0.0,0.0,0.0,0.0,0.0,0.0,0.0,0.0,0.0,0.0,0.0,0.0,0.0,0.0,0.0014641288433382138,0.0,0.0,0.0,0.0,0.0,0.0,0.0,0.0,0.0014641288433382138,0.0,0.0
144,144.0,187.0,0.0,1.0,0.9572192513368984,0.9358288770053476,0.9893048128342246,0.983957219251337,0.9732620320855615,0.9572192513368984,0.9679144385026738,0.0,0.0,0.0,0.0,0.0,0.0,0.0053475935828877,0.0,0.0,0.0,0.0,0.0,0.0053475935828877,0.0,0.0,0.0,0.0106951871657754,0.0,0.053475935828877004,0.0,0.0,0.0,0.10160427807486631,1.0,0.17647058823529413,0.0,0.11229946524064172,0.08021390374331551,0.09090909090909091,0.12299465240641712,0.0,0.0106951871657754,0.0,0.0,0.0,0.0,0.0,0.0,0.0,0.0,0.0,0.0,0.0,0.0,0.0,0.0,0.0,0.0,0.0,0.0,0.0,0.0,0.0,0.0,0.0,0.0,0.0,0.0,0.0,0.0,0.0,0.0,0.0,0.0,0.0,0.0,0.0,0.0,0.0,0.0,0.0,0.0,0.0,0.0,0.0,0.0053475935828877,0.0,0.0,0.0,0.0,0.0,0.0,0.0,0.0,0.0,0.0,0.0,0.0,0.0,0.0,0.0,0.0,0.0,0.0,0.0,0.0,0.0,0.0,0.0,0.0,0.0,0.0,0.0,0.0,0.0,0.0,0.0,0.0,0.0,0.0,0.0,0.0
145,145.0,58.0,0.0,1.0,0.0,0.0,0.0,0.5172413793103449,1.0,1.0,1.0,0.0,0.0,0.0,0.0,0.0,0.0,0.0,0.0,0.0,0.0,0.0,0.0,0.0,0.034482758620689655,0.017241379310344827,0.017241379310344827,0.017241379310344827,0.017241379310344827,0.017241379310344827,0.017241379310344827,0.017241379310344827,0.017241379310344827,0.05172413793103448,0.05172413793103448,0.0,0.0,0.0,0.0,0.017241379310344827,0.034482758620689655,0.0,0.0,0.0,0.0,0.0,0.0,0.0,0.0,0.0,0.0,0.0,0.0,0.0,0.0,0.0,0.0,0.0,0.0,0.0,0.0,0.0,0.0,0.0,0.0,0.0,0.0,0.0,0.0,0.0,0.0,0.0,0.0,0.0,0.0,0.0,0.0,0.0,0.0,0.0,0.0,0.0,0.0,0.0,0.0,0.0,0.0,0.0,0.0,0.0,0.0,0.0,0.0,0.0,0.0,0.0,0.0,0.0,0.0,0.0,0.0,0.0,0.0,0.0,0.0,0.0,0.0,0.0,0.0,0.0,0.0,0.0,0.0,0.0,0.0,0.0,0.0,0.0,0.0,0.0,0.0,0.0,0.0
146,146.0,41.0,0.0,0.5853658536585366,0.926829268292683,1.0,0.3902439024390244,0.24390243902439024,0.9512195121951219,0.024390243902439025,0.7560975609756098,0.0,0.0,0.0,0.0,0.0,0.0,0.0,0.0,0.0,0.0,0.0,0.0,0.0,0.024390243902439025,0.024390243902439025,0.0,0.14634146341463414,0.07317073170731707,0.0,0.024390243902439025,0.024390243902439025,0.04878048780487805,0.024390243902439025,0.024390243902439025,1.0,0.0,0.024390243902439025,0.024390243902439025,0.0,0.024390243902439025,0.0,0.0,0.0,0.0,0.0,0.024390243902439025,0.0,0.0,0.0,0.0,0.0,0.0,0.0,0.0,0.0,0.0,0.0,0.0,0.0,0.0,0.0,0.0,0.0,0.0,0.0,0.0,0.0,0.0,0.0,0.0,0.0,0.0,0.0,0.0,0.0,0.0,0.0,0.0,0.0,0.0,0.0,0.0,0.0,0.0,0.0,0.024390243902439025,0.0,0.0,0.0,0.0,0.0,0.0,0.0,0.0,0.0,0.0,0.0,0.0,0.0,0.0,0.0,0.0,0.0,0.0,0.0,0.0,0.0,0.0,0.0,0.0,0.0,0.0,0.0,0.0,0.0,0.0,0.0,0.0,0.0,0.0,0.0,0.0
147,147.0,286.0,0.0,0.0,0.0,0.0,0.0,0.0,0.0,0.0,0.0,0.986013986013986,0.9615384615384616,1.0,1.0,0.0,0.8986013986013986,0.7622377622377622,0.7727272727272727,0.7342657342657343,0.8216783216783217,0.7622377622377622,0.7167832167832168,0.0,0.0,0.0,0.0,0.0,0.0,0.0,0.0,0.0,0.0,0.0,0.0,0.0,0.0,0.0,0.0,0.0,0.0,0.0,0.0,0.0,0.0,0.0,0.0,0.0,0.0,0.0,0.0,0.0,0.0,0.0,0.0,0.0,0.0,0.0,0.0,0.0,0.0,0.0,0.0,0.0,0.0,0.0,0.0,0.0,0.0,0.0,0.0,0.0,0.0,0.0,0.0,0.0,0.0,0.0,0.0,0.0,0.0,0.0,0.0,0.0,0.0,0.0,0.0,0.0,0.0,0.0,0.0,0.0,0.0,0.0,0.0,0.0,0.0,0.0,0.0,0.0,0.0,0.0,0.0,0.0,0.0,0.0,0.0,0.0,0.0,0.0,0.0,0.0,0.0,0.0,0.0,0.0,0.0,0.0,0.0,0.0,0.0,0.0,0.0
148,148.0,130.0,0.0,0.0,1.0,0.46923076923076923,1.0,1.0,0.0,1.0,0.0,0.0,0.0,0.0,0.0,0.0,0.0,0.0,0.0,0.0,0.0,0.0,0.0,0.007692307692307693,0.023076923076923078,0.023076923076923078,0.015384615384615385,0.06923076923076923,0.038461538461538464,0.038461538461538464,0.03076923076923077,0.015384615384615385,0.03076923076923077,0.03076923076923077,0.0,0.03076923076923077,0.0,0.007692307692307693,0.0,0.007692307692307693,0.023076923076923078,0.007692307692307693,0.007692307692307693,0.0,0.0,0.0,0.0,0.0,0.0,0.0,0.0,0.0,0.0,0.0,0.0,0.0,0.0,0.0,0.0,0.0,0.0,0.0,0.0,0.0,0.0,0.0,0.0,0.007692307692307693,0.0,0.0,0.0,0.0,0.0,0.0,0.0,0.0,0.0,0.0,0.0,0.0,0.0,0.0,0.0,0.0,0.0,0.0,0.0,0.0,0.0,0.0,0.0,0.0,0.0,0.0,0.0,0.0,0.0,0.0,0.0,0.0,0.0,0.0,0.0,0.0,0.0,0.0,0.0,0.0,0.0,0.0,0.0,0.0,0.0,0.0,0.0,0.0,0.0,0.0,0.0,0.0,0.0,0.0,0.0
149,149.0,306.0,0.0,1.0,1.0,0.0,0.5718954248366013,1.0,1.0,0.0,0.0,0.0,0.0,0.0,0.0,0.0,0.0,0.0,0.0,0.0,0.0,0.0,0.0,0.0,0.006535947712418301,0.029411764705882353,0.032679738562091505,0.0392156862745098,0.032679738562091505,0.032679738562091505,0.032679738562091505,0.0392156862745098,0.02287581699346405,0.029411764705882353,0.042483660130718956,0.02287581699346405,0.0,0.006535947712418301,0.032679738562091505,0.02287581699346405,0.006535947712418301,0.0,0.0,0.0,0.0,0.0,0.0,0.0,0.0,0.0,0.0,0.0,0.0,0.0,0.0,0.0,0.0,0.0,0.0,0.0,0.0,0.0,0.0,0.0,0.0,0.0,0.0,0.0,0.0,0.0,0.0,0.0,0.0,0.0,0.0,0.0,0.0,0.0,0.0,0.0,0.0,0.0,0.0,0.0,0.0,0.0,0.0,0.0,0.0,0.0,0.0,0.0,0.0,0.0,0.0,0.0,0.0,0.0,0.0,0.0,0.0,0.0,0.0,0.0,0.0,0.0,0.0,0.0,0.0,0.0,0.0,0.0,0.0,0.0,0.0,0.0,0.0,0.0,0.0,0.0,0.0,0.0,0.0
150,150.0,87.0,0.0,1.0,1.0,1.0,1.0,0.9885057471264368,0.9885057471264368,1.0,0.9770114942528736,0.0,0.0,0.0,0.0,0.0,0.0,0.0,0.0,0.0,0.0,0.0,0.0,0.0,0.9080459770114943,0.41379310344827586,0.1839080459770115,0.5862068965517241,0.8505747126436781,0.8620689655172413,0.4367816091954023,0.034482758620689655,0.45977011494252873,0.08045977011494253,0.1724137931034483,0.0,0.0,0.42528735632183906,0.13793103448275862,0.1724137931034483,0.22988505747126436,0.011494252873563218,0.0,0.0,0.0,0.0,0.0,0.0,0.0,0.0,0.0,0.0,0.0,0.0,0.0,0.0,0.0,0.0,0.0,0.0,0.0,0.0,0.0,0.0,0.0,0.0,0.0,0.0,0.0,0.0,0.0,0.0,0.0,0.0,0.0,0.0,0.0,0.0,0.0,0.0,0.0,0.0,0.0,0.0,0.0,0.0,0.0,0.0,0.0,0.0,0.0,0.0,0.0,0.0,0.0,0.0,0.0,0.0,0.0,0.0,0.0,0.0,0.0,0.0,0.0,0.0,0.0,0.0,0.0,0.0,0.0,0.0,0.0,0.0,0.0,0.0,0.0,0.0,0.0,0.0,0.0,0.0,0.0
151,151.0,386.0,0.0,0.9974093264248705,0.9559585492227979,0.9689119170984456,0.9533678756476683,0.9974093264248705,0.961139896373057,1.0,0.8756476683937824,0.0,0.0,0.0,0.0,0.0,0.0,0.0,0.0,0.0,0.0,0.0,0.0,0.0,0.08290155440414508,0.0,0.09067357512953368,0.10621761658031088,0.07253886010362694,1.0,0.10621761658031088,0.08549222797927461,0.08031088082901554,0.0,0.05699481865284974,0.0,0.0,0.031088082901554404,0.05699481865284974,0.06476683937823834,0.05699481865284974,0.0,0.007772020725388601,0.0,0.0,0.0,0.0051813471502590676,0.0,0.0,0.0,0.0,0.0,0.0,0.0,0.0,0.0,0.0,0.0,0.0,0.0,0.0,0.0,0.0,0.0,0.0,0.0,0.0,0.0,0.0,0.0,0.0,0.0,0.0,0.0,0.0,0.0,0.0,0.0,0.0,0.0,0.0,0.0,0.0,0.0,0.0,0.0,0.0025906735751295338,0.0,0.0,0.0,0.0,0.0,0.0,0.0,0.0,0.0,0.0,0.0,0.0,0.0,0.0,0.0,0.0,0.0,0.0,0.0,0.0,0.0,0.0,0.0,0.0,0.0,0.0,0.0,0.0,0.0,0.0,0.0,0.0,0.0,0.0,0.0,0.0
152,152.0,216.0,0.0,0.0,0.0,1.0,1.0,0.0,1.0,0.0,0.0,0.0,0.0,0.0,0.0,0.0,0.0,0.0,0.0,0.0,0.0,0.0,0.0,0.0,0.018518518518518517,0.023148148148148147,0.023148148148148147,0.013888888888888888,0.013888888888888888,0.013888888888888888,0.009259259259259259,0.009259259259259259,0.013888888888888888,0.009259259259259259,0.013888888888888888,0.013888888888888888,0.0,0.004629629629629629,0.004629629629629629,0.009259259259259259,0.009259259259259259,0.0,0.004629629629629629,0.0,0.0,0.0,0.004629629629629629,0.0,0.0,0.0,0.0,0.0,0.0,0.0,0.0,0.0,0.0,0.0,0.0,0.0,0.0,0.0,0.0,0.0,0.0,0.0,0.0,0.0,0.0,0.0,0.0,0.0,0.0,0.0,0.0,0.0,0.0,0.0,0.0,0.0,0.0,0.0,0.0,0.0,0.0,0.0,0.0,0.0,0.0,0.0,0.0,0.0,0.0,0.0,0.0,0.0,0.0,0.0,0.0,0.0,0.0,0.0,0.0,0.0,0.0,0.0,0.0,0.0,0.0,0.0,0.0,0.0,0.0,0.0,0.0,0.0,0.0,0.0,0.0,0.0,0.0,0.0,0.0
153,153.0,114.0,0.0,0.9912280701754386,0.9473684210526315,0.9649122807017544,0.9736842105263158,0.9736842105263158,0.9649122807017544,0.956140350877193,0.9912280701754386,0.0,0.0,0.0,0.0,0.0,0.0,0.0,0.0,0.0,0.0,0.0,0.0,0.0,0.14912280701754385,0.16666666666666666,0.21052631578947367,0.14035087719298245,0.043859649122807015,1.0,0.07894736842105263,0.08771929824561403,0.2807017543859649,1.0,0.15789473684210525,0.0,0.0,0.08771929824561403,0.09649122807017543,0.09649122807017543,0.10526315789473684,0.0,0.0,0.0,0.0,0.0,0.0,0.0,0.0,0.0,0.0,0.0,0.0,0.0,0.0,0.0,0.0,0.0,0.0,0.0,0.0,0.0,0.0,0.0,0.0,0.0,0.0,0.0,0.0,0.0,0.0,0.0,0.0,0.0,0.0,0.0,0.0,0.0,0.0,0.0,0.0,0.0,0.0,0.0,0.0,0.0,0.0,0.0,0.0,0.0,0.0,0.0,0.0,0.0,0.0,0.0,0.0,0.0,0.0,0.0,0.0,0.0,0.0,0.0,0.0,0.0,0.0,0.0,0.0,0.0,0.0,0.0,0.0,0.0,0.0,0.0,0.0,0.0,0.0,0.0,0.0,0.0,0.0
154,154.0,854.0,0.0,1.0,0.0,0.0,0.2224824355971897,0.0,1.0,0.0,0.0,0.0,0.0,0.0,0.0,0.0,0.0,0.0,0.0,0.0,0.0,0.0,0.0,0.00234192037470726,0.00936768149882904,0.01756440281030445,0.0,0.0117096018735363,0.01053864168618267,0.01288056206088993,0.00936768149882904,0.0117096018735363,0.00936768149882904,0.00234192037470726,0.01053864168618267,0.00351288056206089,0.00117096018735363,0.00468384074941452,0.00819672131147541,0.00234192037470726,0.00819672131147541,0.00234192037470726,0.00117096018735363,0.0,0.0,0.0,0.00117096018735363,0.0,0.0,0.0,0.0,0.0,0.0,0.0,0.0,0.0,0.0,0.0,0.0,0.0,0.0,0.0,0.0,0.0,0.0,0.0,0.0,0.0,0.0,0.00117096018735363,0.0,0.0,0.0,0.0,0.0,0.0,0.0,0.0,0.0,0.0,0.0,0.0,0.0,0.0,0.0,0.0,0.0,0.0,0.0,0.0,0.0,0.0,0.0,0.0,0.0,0.0,0.0,0.0,0.0,0.0,0.0,0.0,0.0,0.0,0.0,0.0,0.0,0.0,0.0,0.0,0.0,0.0,0.0,0.0,0.0,0.0,0.0,0.0,0.0,0.0,0.0,0.0,0.0
155,155.0,316.0,0.0,0.9873417721518988,0.9462025316455697,0.9651898734177216,0.9746835443037974,0.9651898734177216,0.9651898734177216,1.0,0.870253164556962,0.0,0.0,0.0,0.0,0.0,0.0,0.0,0.0,0.0,0.0,0.0,0.0,0.0,0.006329113924050633,0.060126582278481014,0.0,0.10759493670886076,0.0,0.0,1.0,0.07911392405063292,0.0,0.07911392405063292,0.07911392405063292,0.0,0.0,0.056962025316455694,0.05379746835443038,0.0759493670886076,0.06962025316455696,0.0031645569620253164,0.006329113924050633,0.0,0.0,0.0,0.0,0.0,0.0,0.0,0.0,0.0,0.0,0.0,0.0,0.0,0.0,0.0,0.0,0.0,0.0,0.0,0.0,0.0,0.0,0.0,0.0,0.0,0.0,0.0,0.0,0.0,0.0,0.0,0.0,0.0,0.0,0.0,0.0,0.0,0.0,0.0,0.0,0.0,0.0,0.0,0.0,0.0,0.0,0.0,0.0,0.0,0.0,0.0,0.0,0.0,0.0,0.0,0.0,0.0,0.0,0.0,0.0,0.0,0.0,0.0,0.0,0.0,0.0,0.0,0.0,0.0,0.0,0.0,0.0,0.0,0.0,0.0,0.0,0.0,0.0,0.0,0.0
156,156.0,202.0,0.0,1.0,1.0,1.0,0.7475247524752475,1.0,0.0,1.0,1.0,0.0,0.0,0.0,0.0,0.0,0.0,0.0,0.0,0.0,0.0,0.0,0.0,0.0049504950495049506,0.06930693069306931,0.06435643564356436,0.034653465346534656,0.0049504950495049506,0.054455445544554455,0.01485148514851485,0.01485148514851485,0.039603960396039604,0.0297029702970297,0.04950495049504951,0.0297029702970297,0.039603960396039604,0.0,0.04455445544554455,0.01485148514851485,0.04455445544554455,0.019801980198019802,0.0049504950495049506,0.0049504950495049506,0.0,0.0,0.0,0.0,0.0,0.0,0.0,0.0,0.0,0.0,0.0,0.0,0.0,0.0,0.0,0.0,0.0,0.0,0.0,0.0,0.0,0.0,0.0,0.0,0.0,0.0,0.0,0.0,0.0,0.0,0.0,0.0,0.0,0.0,0.0,0.0,0.0,0.0,0.0,0.0,0.0,0.0,0.0,0.0,0.0,0.0,0.0,0.0,0.0,0.0,0.0,0.0,0.0,0.0,0.0,0.0,0.0,0.0,0.0,0.0,0.0,0.0,0.0,0.0,0.0,0.0,0.0,0.0,0.0,0.0,0.0,0.0,0.0,0.0,0.0,0.0,0.0,0.0,0.0,0.0
157,157.0,72.0,0.0,1.0,0.9861111111111112,1.0,1.0,1.0,1.0,0.9722222222222222,0.9722222222222222,0.0,0.0,0.0,0.0,0.0,0.0,0.0,0.0,0.0,0.0,0.0,0.0,0.0,0.2777777777777778,0.8194444444444444,0.875,0.9444444444444444,0.1388888888888889,0.7916666666666666,0.5277777777777778,0.6527777777777778,0.8472222222222222,0.19444444444444445,0.041666666666666664,0.18055555555555555,0.0,0.16666666666666666,0.18055555555555555,0.18055555555555555,0.1388888888888889,0.0,0.0,0.0,0.0,0.0,0.0,0.0,0.0,0.0,0.0,0.0,0.0,0.0,0.0,0.0,0.0,0.0,0.0,0.0,0.0,0.0,0.0,0.0,0.0,0.0,0.0,0.0,0.0,0.0,0.0,0.0,0.0,0.0,0.0,0.0,0.0,0.0,0.0,0.0,0.0,0.0,0.0,0.0,0.0,0.0,0.0,0.0,0.0,0.0,0.0,0.0,0.0,0.0,0.0,0.0,0.0,0.0,0.0,0.0,0.0,0.0,0.0,0.0,0.0,0.0,0.0,0.0,0.0,0.0,0.0,0.0,0.0,0.0,0.0,0.0,0.0,0.0,0.0,0.0,0.0,0.0,0.0
158,158.0,196.0,0.0,1.0,0.0,0.0,0.6989795918367347,1.0,0.6428571428571429,1.0,0.0,0.0,0.0,0.0,0.0,0.0,0.0,0.0,0.0,0.0,0.0,0.0,0.0,0.0,0.015306122448979591,0.030612244897959183,0.015306122448979591,0.02040816326530612,0.015306122448979591,0.025510204081632654,0.04081632653061224,0.0,0.01020408163265306,0.025510204081632654,0.02040816326530612,0.02040816326530612,0.0,0.01020408163265306,0.015306122448979591,0.02040816326530612,0.00510204081632653,0.0,0.0,0.0,0.0,0.0,0.0,0.0,0.0,0.0,0.0,0.0,0.0,0.0,0.0,0.0,0.0,0.0,0.0,0.0,0.0,0.0,0.0,0.0,0.0,0.0,0.0,0.0,0.0,0.0,0.0,0.0,0.0,0.0,0.0,0.0,0.0,0.0,0.0,0.0,0.0,0.0,0.0,0.0,0.0,0.0,0.0,0.0,0.0,0.0,0.0,0.0,0.0,0.0,0.0,0.0,0.0,0.0,0.0,0.0,0.0,0.0,0.0,0.0,0.0,0.0,0.0,0.0,0.0,0.0,0.0,0.0,0.0,0.0,0.0,0.0,0.0,0.0,0.0,0.0,0.0,0.0,0.0
159,159.0,321.0,0.0,1.0,1.0,0.5763239875389408,1.0,0.0,1.0,0.0,0.0,0.0,0.0,0.0,0.0,0.0,0.0,0.0,0.0,0.0,0.0,0.0,0.0,0.006230529595015576,0.040498442367601244,0.024922118380062305,0.03115264797507788,0.028037383177570093,0.04361370716510903,0.04361370716510903,0.037383177570093455,0.037383177570093455,0.056074766355140186,0.01557632398753894,0.018691588785046728,0.028037383177570093,0.0,0.018691588785046728,0.009345794392523364,0.01557632398753894,0.018691588785046728,0.006230529595015576,0.006230529595015576,0.0,0.0,0.0,0.0,0.0,0.0,0.0,0.0,0.0,0.0,0.0,0.0,0.0,0.0,0.0,0.0,0.0,0.0,0.0,0.0,0.0,0.0,0.0,0.0,0.003115264797507788,0.0,0.0,0.0,0.0,0.0,0.0,0.0,0.0,0.0,0.0,0.0,0.0,0.0,0.0,0.0,0.0,0.0,0.0,0.0,0.0,0.0,0.0,0.0,0.0,0.0,0.0,0.0,0.0,0.0,0.0,0.0,0.0,0.0,0.0,0.0,0.0,0.0,0.0,0.0,0.0,0.0,0.0,0.0,0.0,0.0,0.0,0.0,0.0,0.0,0.0,0.0,0.0,0.0,0.0,0.0
160,160.0,570.0,0.0,0.16842105263157894,0.0,1.0,0.18771929824561404,0.0,0.0,0.0,1.0,0.0,0.0,0.0,0.0,0.0,0.0,0.0017543859649122807,0.0017543859649122807,0.0,0.0,0.0,0.0,0.0017543859649122807,0.012280701754385965,0.008771929824561403,0.012280701754385965,0.012280701754385965,0.014035087719298246,0.010526315789473684,0.007017543859649123,0.007017543859649123,0.007017543859649123,0.005263157894736842,0.015789473684210527,0.005263157894736842,0.0,0.008771929824561403,0.007017543859649123,0.005263157894736842,0.007017543859649123,0.0035087719298245615,0.0017543859649122807,0.0,0.0,0.0,0.0,0.0,0.0,0.0,0.0,0.0,0.0,0.0,0.0,0.0,0.0,0.0,0.0,0.0,0.0,0.0,0.0,0.0,0.0,0.0,0.0,0.0,0.0,0.0017543859649122807,0.0,0.0,0.0,0.0,0.0,0.0,0.0,0.0,0.0,0.0,0.0,0.0,0.0,0.0,0.0,0.0,0.0,0.0,0.0,0.0,0.0,0.0,0.0,0.0,0.0,0.0,0.0,0.0,0.0,0.0,0.0,0.0,0.0,0.0,0.0,0.0,0.0,0.0,0.0,0.0,0.0,0.0,0.0,0.0,0.0,0.0,0.0,0.0,0.0,0.0,0.0,0.0,0.0
161,161.0,274.0,0.0,0.4562043795620438,1.0,0.0,0.0,0.3978102189781022,1.0,0.0,1.0,0.0,0.0036496350364963502,0.0,0.0,0.0,0.0,0.0036496350364963502,0.0,0.0,0.0,0.0,0.0,0.0036496350364963502,0.014598540145985401,0.0364963503649635,0.014598540145985401,0.010948905109489052,0.01824817518248175,0.01824817518248175,0.025547445255474453,0.01824817518248175,0.025547445255474453,0.040145985401459854,0.025547445255474453,0.0072992700729927005,0.0,0.025547445255474453,0.0036496350364963502,0.0072992700729927005,0.0072992700729927005,0.0,0.0036496350364963502,0.0,0.0,0.0,0.0036496350364963502,0.0,0.0,0.0,0.0,0.0,0.0,0.0,0.0,0.0,0.0,0.0,0.0,0.0,0.0,0.0,0.0,0.0,0.0,0.0,0.0,0.0,0.0,0.0,0.0,0.0,0.0,0.0,0.0,0.0,0.0,0.0,0.0,0.0,0.0,0.0,0.0,0.0,0.0,0.0,0.0,0.0,0.0,0.0,0.0,0.0,0.0,0.0,0.0,0.0,0.0,0.0,0.0,0.0,0.0,0.0,0.0,0.0,0.0,0.0,0.0,0.0,0.0,0.0,0.0,0.0,0.0,0.0,0.0,0.0,0.0,0.0,0.0,0.0,0.0,0.0,0.0
162,162.0,230.0,0.0,0.21739130434782608,0.21739130434782608,0.8869565217391304,0.9173913043478261,1.0,0.0,1.0,0.7391304347826086,0.0,0.0,0.0,0.0,0.0,0.0,0.0,0.0,0.0,0.0,0.0,0.0,0.004347826086956522,0.034782608695652174,0.013043478260869565,0.04782608695652174,0.0391304347826087,0.021739130434782608,0.04782608695652174,0.030434782608695653,0.02608695652173913,0.021739130434782608,0.013043478260869565,0.030434782608695653,0.017391304347826087,0.0,0.02608695652173913,0.030434782608695653,0.017391304347826087,0.021739130434782608,0.0,0.008695652173913044,0.0,0.0,0.0,0.0,0.0,0.0,0.0,0.0,0.0,0.0,0.0,0.0,0.0,0.0,0.0,0.0,0.0,0.0,0.0,0.0,0.0,0.0,0.0,0.0,0.0,0.0,0.0,0.0,0.0,0.0,0.0,0.0,0.0,0.0,0.0,0.0,0.0,0.0,0.0,0.0,0.0,0.0,0.0,0.004347826086956522,0.0,0.0,0.0,0.0,0.0,0.0,0.0,0.0,0.0,0.0,0.0,0.0,0.0,0.0,0.0,0.0,0.0,0.0,0.0,0.0,0.0,0.0,0.0,0.0,0.0,0.0,0.0,0.0,0.0,0.0,0.0,0.0,0.0,0.0,0.0,0.0
163,163.0,62.0,0.0,1.0,1.0,1.0,1.0,0.0,0.0,0.0,1.0,0.0,0.0,0.0,0.0,0.0,0.0,0.0,0.0,0.0,0.0,0.0,0.0,0.0,0.04838709677419355,0.0,0.03225806451612903,0.016129032258064516,0.016129032258064516,0.04838709677419355,0.04838709677419355,0.04838709677419355,0.0,0.03225806451612903,0.0,0.016129032258064516,0.0,0.03225806451612903,0.04838709677419355,0.016129032258064516,0.0,0.0,0.0,0.0,0.0,0.0,0.0,0.0,0.0,0.0,0.0,0.0,0.0,0.0,0.0,0.0,0.0,0.0,0.0,0.0,0.0,0.0,0.0,0.0,0.0,0.0,0.0,0.0,0.0,0.0,0.0,0.0,0.0,0.0,0.0,0.0,0.0,0.0,0.0,0.0,0.0,0.0,0.0,0.0,0.0,0.0,0.0,0.0,0.0,0.0,0.0,0.0,0.0,0.0,0.0,0.0,0.0,0.0,0.0,0.0,0.0,0.0,0.0,0.0,0.0,0.0,0.0,0.0,0.0,0.0,0.0,0.0,0.0,0.0,0.0,0.0,0.0,0.0,0.0,0.0,0.0,0.0,0.0
164,164.0,177.0,0.0,0.0,0.0,1.0,1.0,1.0,0.0,0.0,0.0,0.0,0.0,0.005649717514124294,0.0,0.0,0.0,0.0,0.0,0.0,0.0,0.0,0.0,0.005649717514124294,0.03389830508474576,0.005649717514124294,0.02824858757062147,0.022598870056497175,0.03389830508474576,0.005649717514124294,0.011299435028248588,0.005649717514124294,0.03389830508474576,0.0,0.01694915254237288,0.011299435028248588,0.005649717514124294,0.005649717514124294,0.01694915254237288,0.0,0.022598870056497175,0.005649717514124294,0.0,0.0,0.0,0.0,0.0,0.0,0.0,0.0,0.0,0.0,0.0,0.0,0.0,0.0,0.0,0.0,0.0,0.0,0.0,0.0,0.0,0.0,0.0,0.0,0.0,0.0,0.0,0.0,0.0,0.0,0.0,0.0,0.0,0.0,0.0,0.0,0.0,0.0,0.0,0.0,0.0,0.0,0.0,0.0,0.0,0.0,0.0,0.0,0.0,0.0,0.0,0.0,0.0,0.0,0.0,0.0,0.0,0.0,0.0,0.0,0.0,0.0,0.0,0.0,0.0,0.0,0.0,0.0,0.0,0.0,0.0,0.0,0.0,0.0,0.0,0.0,0.0,0.0,0.0,0.0,0.0
165,165.0,297.0,0.0,0.98989898989899,0.9629629629629629,0.9932659932659933,0.9966329966329966,0.9932659932659933,0.9865319865319865,0.8451178451178452,0.98989898989899,0.0,0.0,0.0,0.0,0.0,0.0,0.0,0.0,0.0,0.0,0.0,0.0,0.0,0.0,0.11784511784511785,0.09427609427609428,0.09764309764309764,0.0,0.0,0.0,0.10101010101010101,0.0,0.12457912457912458,0.0,1.0,0.0,0.1111111111111111,0.09427609427609428,0.08417508417508418,0.07407407407407407,0.003367003367003367,0.003367003367003367,0.0,0.0,0.0,0.0,0.0,0.0,0.0,0.0,0.0,0.0,0.0,0.0,0.0,0.0,0.0,0.0,0.0,0.0,0.0,0.0,0.0,0.0,0.0,0.0,0.0,0.0,0.0,0.0,0.0,0.0,0.0,0.0,0.0,0.0,0.0,0.0,0.0,0.0,0.0,0.0,0.0,0.0,0.0,0.0,0.0,0.0,0.0,0.0,0.0,0.0,0.0,0.0,0.0,0.0,0.0,0.0,0.0,0.0,0.0,0.0,0.0,0.0,0.0,0.0,0.0,0.0,0.0,0.0,0.0,0.0,0.0,0.0,0.0,0.0,0.0,0.0,0.0,0.0,0.0,0.0
166,166.0,121.0,0.0,0.0,0.01652892561983471,0.0,0.008264462809917356,0.0,0.008264462809917356,0.0,0.01652892561983471,0.8842975206611571,0.8677685950413223,0.9917355371900827,0.0,0.03305785123966942,0.0,0.01652892561983471,0.0,0.0,0.0,0.0,0.0,0.9917355371900827,0.0,0.0,0.0,0.0,0.0,0.0,0.0,0.0,0.0,0.0,0.0,0.0,0.06611570247933884,0.0,0.0,0.0,0.0,0.10743801652892562,0.008264462809917356,0.024793388429752067,0.024793388429752067,0.03305785123966942,0.0,0.0,0.0,0.0,0.0,0.0,0.0,0.0,0.0,0.0,0.0,0.0,0.0,0.0,0.0,0.0,0.0,0.0,0.0,0.0,0.0,0.0,0.008264462809917356,0.0,0.0,0.0,0.0,0.0,0.0,0.0,0.0,0.0,0.0,0.0,0.0,0.0,0.0,0.0,0.0,0.0,0.0,0.0,0.0,0.0,0.0,0.0,0.0,0.0,0.0,0.0,0.0,0.0,0.0,0.0,0.0,0.0,0.0,0.0,0.0,0.0,0.0,0.0,0.0,0.0,0.0,0.0,0.0,0.0,0.0,0.0,0.0,0.0,0.0,0.0,0.0,0.0,0.0
167,167.0,102.0,0.0,0.9803921568627451,0.9411764705882353,1.0,1.0,0.9313725490196079,0.9117647058823529,0.0,0.7745098039215687,0.0,0.0,0.0,0.0,0.0,0.0,0.0,0.0,0.0,0.0,0.0,0.0,0.0,0.00980392156862745,0.06862745098039216,0.058823529411764705,0.0196078431372549,1.0,0.0,0.06862745098039216,0.09803921568627451,0.049019607843137254,0.0392156862745098,0.0784313725490196,0.0196078431372549,0.0,0.029411764705882353,0.029411764705882353,0.058823529411764705,0.029411764705882353,0.0,0.0,0.0,0.0,0.0,0.0,0.0,0.0,0.0,0.0,0.0,0.0,0.0,0.0,0.0,0.0,0.0,0.0,0.0,0.0,0.0,0.0,0.0,0.0,0.0,0.0,0.0,0.0,0.0,0.0,0.0,0.0,0.0,0.0,0.0,0.0,0.0,0.0,0.0,0.0,0.0,0.0,0.0,0.0,0.0,0.0,0.0,0.0,0.0,0.0,0.0,0.0,0.0,0.0,0.0,0.0,0.0,0.0,0.0,0.0,0.0,0.0,0.0,0.0,0.0,0.0,0.0,0.0,0.0,0.0,0.0,0.0,0.0,0.0,0.0,0.0,0.0,0.0,0.0,0.0,0.0,0.0
168,168.0,411.0,0.0,0.0,0.0,1.0,0.0,0.2141119221411192,0.0,1.0,0.0,0.0,0.0,0.0024330900243309003,0.0,0.0,0.0,0.0,0.0,0.0,0.0,0.0,0.0,0.0024330900243309003,0.004866180048661801,0.0267639902676399,0.0072992700729927005,0.012165450121654502,0.012165450121654502,0.004866180048661801,0.009732360097323601,0.014598540145985401,0.009732360097323601,0.012165450121654502,0.024330900243309004,0.0072992700729927005,0.0,0.0024330900243309003,0.0024330900243309003,0.0024330900243309003,0.004866180048661801,0.0,0.0024330900243309003,0.0,0.0,0.0,0.0,0.0,0.0,0.0,0.0,0.0,0.0,0.0,0.0,0.0,0.0,0.0,0.0,0.0,0.0,0.0,0.0,0.0,0.0,0.0,0.0,0.0,0.0,0.0,0.0,0.0,0.0,0.0,0.0,0.0,0.0,0.0,0.0,0.0,0.0,0.0,0.0,0.0,0.0,0.0,0.0,0.0,0.0,0.0,0.0,0.0,0.0,0.0,0.0,0.0,0.0,0.0,0.0,0.0,0.0,0.0,0.0,0.0,0.0,0.0,0.0,0.0,0.0,0.0,0.0,0.0,0.0,0.0,0.0,0.0,0.0,0.0,0.0,0.0,0.0,0.0,0.0
169,169.0,329.0,0.0,0.1762917933130699,0.14285714285714285,0.0,0.0,0.18541033434650456,0.0,1.0,1.0,0.0,0.0,0.0,0.0,0.0,0.0,0.0,0.0,0.0,0.0,0.0,0.0,0.00303951367781155,0.00911854103343465,0.00911854103343465,0.015197568389057751,0.015197568389057751,0.0060790273556231,0.0060790273556231,0.0182370820668693,0.0060790273556231,0.02127659574468085,0.0182370820668693,0.0121580547112462,0.0,0.0,0.00303951367781155,0.00911854103343465,0.0060790273556231,0.0182370820668693,0.0,0.0,0.00303951367781155,0.0,0.0,0.00911854103343465,0.0,0.0,0.00303951367781155,0.0,0.0,0.0,0.0,0.0,0.0,0.0,0.0,0.00303951367781155,0.00303951367781155,0.0,0.0,0.0,0.0,0.0,0.0,0.0,0.0,0.0,0.0,0.0,0.0,0.0,0.0,0.0,0.0,0.0,0.0,0.0,0.0,0.0,0.0,0.0,0.0,0.0,0.0,0.0,0.0,0.0,0.0,0.0,0.0,0.0,0.0,0.0,0.0,0.0,0.0,0.0,0.0,0.0,0.0,0.00303951367781155,0.0,0.0,0.0,0.0,0.0,0.0,0.0,0.0,0.0,0.0,0.0,0.0,0.0,0.0,0.0,0.0,0.0,0.0,0.0,0.0
170,170.0,68.0,0.0,0.0,0.45588235294117646,0.0,0.0,0.0,0.0,0.1323529411764706,0.22058823529411764,0.0,0.0,0.0,0.0,0.0,0.0,0.0,0.0,0.0,0.0,0.0,0.0,0.0,1.0,0.0,0.014705882352941176,0.0,0.029411764705882353,0.014705882352941176,0.014705882352941176,0.014705882352941176,0.0,0.014705882352941176,0.014705882352941176,0.014705882352941176,0.0,0.0,0.0,0.014705882352941176,0.0,0.04411764705882353,0.0,0.0,0.0,0.0,0.014705882352941176,0.0,0.0,0.0,0.0,0.0,0.0,0.0,0.0,0.0,0.0,0.0,0.0,0.0,0.0,0.0,0.0,0.0,0.0,0.0,0.0,0.0,0.0,0.0,0.0,0.0,0.0,0.0,0.0,0.0,0.0,0.0,0.0,0.0,0.0,0.0,0.0,0.0,0.0,0.0,0.0,0.0,0.0,0.0,0.0,0.0,0.0,0.0,0.0,0.0,0.0,0.0,0.0,0.0,0.0,0.0,0.014705882352941176,0.0,0.0,0.0,0.0,0.0,0.0,0.0,0.0,0.0,0.0,0.0,0.0,0.0,0.0,0.0,0.0,0.0,0.0,0.0,0.0
171,171.0,350.0,0.0,1.0,0.0,0.32,0.0,1.0,1.0,0.0,0.15142857142857144,0.0,0.0,0.0,0.0,0.0,0.0,0.0,0.0,0.0,0.0,0.0,0.0,0.0,0.017142857142857144,0.025714285714285714,0.011428571428571429,0.017142857142857144,0.008571428571428572,0.02,0.025714285714285714,0.025714285714285714,0.025714285714285714,0.014285714285714285,0.017142857142857144,0.0,0.0,0.011428571428571429,0.008571428571428572,0.005714285714285714,0.014285714285714285,0.002857142857142857,0.011428571428571429,0.0,0.0,0.0,0.0,0.0,0.0,0.0,0.0,0.0,0.0,0.0,0.0,0.0,0.0,0.0,0.0,0.0,0.0,0.0,0.0,0.0,0.0,0.0,0.0,0.002857142857142857,0.0,0.0,0.0,0.0,0.0,0.0,0.0,0.0,0.0,0.0,0.0,0.0,0.0,0.002857142857142857,0.0,0.0,0.0,0.0,0.0,0.0,0.0,0.0,0.0,0.0,0.0,0.0,0.0,0.0,0.0,0.0,0.0,0.0,0.0,0.0,0.0,0.0,0.0,0.0,0.0,0.0,0.0,0.0,0.0,0.0,0.0,0.0,0.0,0.0,0.0,0.0,0.0,0.0,0.0,0.0,0.0
172,172.0,564.0,0.0,0.0,0.2801418439716312,0.0,0.2783687943262411,1.0,0.0,0.0,1.0,0.0,0.0,0.0,0.0,0.0,0.0,0.0,0.0,0.0,0.0,0.0,0.0,0.0035460992907801418,0.014184397163120567,0.014184397163120567,0.005319148936170213,0.010638297872340425,0.008865248226950355,0.005319148936170213,0.010638297872340425,0.012411347517730497,0.0070921985815602835,0.014184397163120567,0.010638297872340425,0.008865248226950355,0.0,0.0,0.005319148936170213,0.0070921985815602835,0.008865248226950355,0.0035460992907801418,0.0017730496453900709,0.0,0.0,0.0,0.005319148936170213,0.0,0.0,0.0,0.0,0.0,0.0,0.0,0.0,0.0,0.0,0.0,0.0,0.0,0.0,0.0,0.0,0.0,0.0,0.0,0.0,0.0017730496453900709,0.0,0.0,0.0,0.0,0.0,0.0,0.0,0.0,0.0,0.0,0.0,0.0,0.0,0.0,0.0,0.0,0.0,0.0,0.0017730496453900709,0.0,0.0,0.0,0.0,0.0,0.0,0.0,0.0,0.0,0.0,0.0,0.0,0.0,0.0,0.0,0.0,0.0,0.0,0.0,0.0,0.0,0.0,0.0,0.0,0.0,0.0,0.0,0.0,0.0,0.0,0.0,0.0,0.0,0.0,0.0,0.0
173,173.0,140.0,0.0,0.0,1.0,1.0,0.0,1.0,1.0,0.0,0.0,0.0,0.0,0.0,0.0,0.0,0.0,0.0,0.0,0.0,0.0,0.0,0.0,0.0,0.02857142857142857,0.03571428571428571,0.0,0.02142857142857143,0.02142857142857143,0.02142857142857143,0.05,0.014285714285714285,0.02142857142857143,0.03571428571428571,0.02142857142857143,0.03571428571428571,0.0,0.0,0.02142857142857143,0.007142857142857143,0.0,0.0,0.0,0.0,0.0,0.0,0.007142857142857143,0.0,0.0,0.0,0.0,0.0,0.0,0.007142857142857143,0.0,0.0,0.0,0.0,0.0,0.0,0.0,0.0,0.0,0.0,0.0,0.0,0.0,0.0,0.0,0.0,0.0,0.0,0.0,0.0,0.0,0.0,0.0,0.0,0.0,0.0,0.0,0.0,0.0,0.0,0.0,0.0,0.0,0.0,0.0,0.0,0.0,0.0,0.0,0.0,0.0,0.0,0.0,0.0,0.0,0.0,0.0,0.0,0.0,0.0,0.0,0.0,0.0,0.0,0.0,0.0,0.0,0.0,0.0,0.0,0.0,0.0,0.0,0.0,0.0,0.0,0.0,0.0,0.0
174,174.0,70.0,0.0,1.0,1.0,1.0,1.0,1.0,1.0,1.0,1.0,0.0,0.0,0.0,0.0,0.0,0.0,0.0,0.0,0.0,0.0,0.0,0.0,0.0,0.44285714285714284,0.9,0.8571428571428571,0.1,0.6571428571428571,0.9142857142857143,0.6571428571428571,0.9142857142857143,0.9,0.9142857142857143,0.7,0.8285714285714286,0.0,0.6285714285714286,0.6857142857142857,0.6428571428571429,0.5285714285714286,0.0,0.0,0.0,0.0,0.0,0.0,0.0,0.0,0.0,0.0,0.0,0.0,0.0,0.0,0.0,0.0,0.0,0.0,0.0,0.0,0.0,0.0,0.0,0.0,0.0,0.0,0.0,0.0,0.0,0.0,0.0,0.0,0.0,0.0,0.0,0.0,0.0,0.0,0.0,0.0,0.0,0.0,0.0,0.0,0.0,0.0,0.0,0.0,0.0,0.0,0.0,0.0,0.0,0.0,0.0,0.0,0.0,0.0,0.0,0.0,0.0,0.0,0.0,0.0,0.0,0.0,0.0,0.0,0.0,0.0,0.0,0.0,0.0,0.0,0.0,0.0,0.0,0.0,0.0,0.0,0.0,0.0
175,175.0,115.0,0.0,0.9565217391304348,0.9826086956521739,0.9478260869565217,0.9739130434782609,0.9826086956521739,0.991304347826087,0.9304347826086956,0.9391304347826087,0.0,0.0,0.0,0.0,0.0,0.0,0.008695652173913044,0.0,0.0,0.0,0.0,0.0,0.0,0.1391304347826087,0.0782608695652174,0.06086956521739131,0.1826086956521739,0.02608695652173913,0.0782608695652174,1.0,0.10434782608695652,1.0,0.06956521739130435,0.11304347826086956,0.1565217391304348,0.0,0.06086956521739131,0.08695652173913043,0.09565217391304348,0.13043478260869565,0.0,0.017391304347826087,0.0,0.0,0.0,0.0,0.0,0.0,0.0,0.0,0.0,0.0,0.0,0.0,0.0,0.0,0.0,0.0,0.0,0.0,0.0,0.0,0.0,0.0,0.0,0.0,0.0,0.0,0.0,0.0,0.0,0.0,0.0,0.0,0.0,0.0,0.0,0.0,0.0,0.0,0.0,0.0,0.0,0.0,0.0,0.0,0.0,0.0,0.0,0.0,0.0,0.0,0.0,0.0,0.0,0.0,0.0,0.0,0.0,0.0,0.0,0.0,0.0,0.0,0.0,0.0,0.0,0.0,0.0,0.0,0.0,0.0,0.0,0.0,0.0,0.0,0.0,0.0,0.0,0.0,0.0,0.0
176,176.0,79.0,0.0,0.4050632911392405,0.0,0.0,0.06329113924050633,0.0,0.4810126582278481,0.012658227848101266,0.27848101265822783,0.0,0.0,0.0,0.0,0.0,0.0,0.0,0.0,0.0,0.0,0.0,0.0,0.0,0.0,0.012658227848101266,1.0,0.0,0.012658227848101266,0.02531645569620253,0.0379746835443038,0.012658227848101266,0.0379746835443038,0.0,0.0379746835443038,0.012658227848101266,0.0,0.012658227848101266,0.02531645569620253,0.012658227848101266,0.012658227848101266,0.0,0.0,0.0,0.0,0.0,0.0,0.0,0.0,0.0,0.0,0.0,0.0,0.0,0.0,0.0,0.0,0.0,0.0,0.0,0.0,0.0,0.0,0.0,0.0,0.0,0.0,0.0,0.0,0.0,0.0,0.0,0.0,0.0,0.0,0.0,0.0,0.0,0.0,0.0,0.0,0.0,0.0,0.0,0.0,0.0,0.0,0.0,0.0,0.0,0.0,0.0,0.0,0.0,0.0,0.0,0.0,0.0,0.0,0.0,0.0,0.0,0.0,0.0,0.0,0.0,0.0,0.0,0.0,0.0,0.0,0.0,0.0,0.0,0.0,0.0,0.0,0.0,0.0,0.0,0.0,0.0,0.0
177,177.0,309.0,0.0,0.0,1.0,0.0,0.3818770226537217,1.0,1.0,0.0,0.0,0.0,0.0,0.0,0.0,0.0,0.0,0.0,0.0,0.0,0.0,0.0,0.0,0.0,0.019417475728155338,0.003236245954692557,0.016181229773462782,0.016181229773462782,0.009708737864077669,0.009708737864077669,0.022653721682847898,0.025889967637540454,0.038834951456310676,0.003236245954692557,0.012944983818770227,0.009708737864077669,0.0,0.003236245954692557,0.009708737864077669,0.012944983818770227,0.006472491909385114,0.0,0.006472491909385114,0.0,0.0,0.0,0.003236245954692557,0.0,0.0,0.0,0.0,0.0,0.0,0.0,0.0,0.0,0.0,0.0,0.0,0.0,0.0,0.0,0.0,0.0,0.0,0.0,0.0,0.0,0.0,0.0,0.0,0.0,0.0,0.0,0.0,0.0,0.0,0.0,0.0,0.0,0.0,0.0,0.0,0.0,0.0,0.0,0.0,0.0,0.0,0.0,0.0,0.0,0.0,0.0,0.0,0.0,0.0,0.0,0.0,0.0,0.0,0.0,0.0,0.0,0.0,0.0,0.0,0.0,0.0,0.0,0.0,0.0,0.0,0.0,0.0,0.0,0.0,0.0,0.0,0.0,0.0,0.0,0.0
178,178.0,19.0,0.0,1.0,0.0,0.0,0.0,0.05263157894736842,0.0,0.05263157894736842,0.0,0.0,0.0,0.0,0.0,0.0,0.0,0.0,0.0,0.0,0.0,0.0,0.0,0.10526315789473684,0.0,0.0,0.0,0.0,0.0,0.0,0.0,0.0,0.0,0.0,0.0,0.0,0.0,0.0,0.7368421052631579,0.3157894736842105,0.0,0.0,0.0,0.0,0.0,0.0,0.0,0.0,0.0,0.0,0.0,0.0,0.0,0.0,0.0,0.0,0.0,0.0,0.0,0.0,0.0,0.0,0.0,0.0,0.0,0.0,0.0,0.0,0.0,0.0,0.0,0.0,0.0,0.0,0.0,0.0,0.0,0.0,0.0,0.0,0.0,0.0,0.0,0.0,0.0,0.0,0.0,0.0,0.0,0.0,0.0,0.0,0.0,0.0,0.0,0.0,0.0,0.0,0.0,0.0,0.0,0.0,0.0,0.0,0.0,0.0,0.0,0.0,0.0,0.0,0.0,0.0,0.0,0.0,0.0,0.0,0.0,0.0,0.0,0.0,0.0,0.0,0.0
179,179.0,122.0,0.0,0.0,0.4262295081967213,1.0,0.45901639344262296,0.0,0.0,1.0,1.0,0.0,0.0,0.0,0.0,0.0,0.0,0.0,0.0,0.0,0.0,0.0,0.0,0.0,0.01639344262295082,0.03278688524590164,0.02459016393442623,0.03278688524590164,0.02459016393442623,0.040983606557377046,0.03278688524590164,0.03278688524590164,0.02459016393442623,0.02459016393442623,0.0,0.03278688524590164,0.0,0.00819672131147541,0.00819672131147541,0.0,0.01639344262295082,0.00819672131147541,0.0,0.0,0.0,0.0,0.0,0.0,0.0,0.0,0.0,0.0,0.0,0.0,0.0,0.0,0.0,0.0,0.0,0.0,0.0,0.0,0.0,0.0,0.0,0.0,0.0,0.0,0.0,0.0,0.0,0.0,0.0,0.0,0.0,0.0,0.0,0.0,0.0,0.0,0.0,0.0,0.0,0.0,0.0,0.0,0.0,0.0,0.0,0.0,0.0,0.0,0.0,0.0,0.0,0.0,0.0,0.0,0.0,0.0,0.0,0.0,0.0,0.0,0.0,0.0,0.0,0.0,0.0,0.0,0.0,0.0,0.0,0.0,0.0,0.0,0.0,0.0,0.0,0.0,0.0,0.0,0.0
180,180.0,785.0,0.0,0.0,0.5388535031847134,0.0,0.5923566878980892,0.0,0.0,0.0,1.0,0.0,0.0,0.0,0.0,0.0,0.0,0.0,0.0,0.0,0.0,0.0,0.0,0.005095541401273885,0.006369426751592357,0.008917197452229299,0.006369426751592357,0.011464968152866241,0.005095541401273885,0.008917197452229299,0.008917197452229299,0.007643312101910828,0.006369426751592357,0.003821656050955414,0.01019108280254777,0.011464968152866241,0.0,0.003821656050955414,0.0012738853503184713,0.0025477707006369425,0.0025477707006369425,0.0,0.0012738853503184713,0.0,0.0,0.0,0.0,0.0,0.0,0.0,0.0,0.0,0.0,0.0,0.0012738853503184713,0.0,0.0,0.0,0.0,0.0,0.0,0.0,0.0,0.0,0.0,0.0,0.0,0.0,0.0,0.0,0.0,0.0,0.0,0.0,0.0,0.0,0.0,0.0,0.0,0.0,0.0,0.0,0.0,0.0,0.0,0.0,0.0,0.0,0.0,0.0,0.0,0.0,0.0,0.0,0.0,0.0,0.0,0.0,0.0,0.0,0.0,0.0,0.0,0.0,0.0,0.0,0.0,0.0,0.0,0.0,0.0,0.0,0.0012738853503184713,0.0,0.0,0.0,0.0,0.0,0.0,0.0,0.0,0.0,0.0
181,181.0,932.0,0.0,1.0,0.0,0.0,0.0,1.0,0.0,0.10944206008583691,0.0944206008583691,0.0,0.0,0.0,0.0,0.0,0.0,0.0,0.0,0.0,0.0,0.0,0.0,0.002145922746781116,0.012875536480686695,0.009656652360515022,0.0075107296137339056,0.013948497854077254,0.0075107296137339056,0.003218884120171674,0.01072961373390558,0.00536480686695279,0.0075107296137339056,0.012875536480686695,0.003218884120171674,0.006437768240343348,0.0,0.009656652360515022,0.00536480686695279,0.001072961373390558,0.003218884120171674,0.002145922746781116,0.004291845493562232,0.0,0.0,0.0,0.0,0.0,0.0,0.0,0.0,0.0,0.0,0.0,0.0,0.0,0.0,0.0,0.0,0.0,0.0,0.0,0.0,0.0,0.0,0.0,0.0,0.002145922746781116,0.0,0.0,0.0,0.0,0.0,0.0,0.0,0.0,0.0,0.0,0.001072961373390558,0.0,0.0,0.0,0.0,0.0,0.0,0.0,0.0,0.0,0.0,0.0,0.0,0.0,0.0,0.0,0.0,0.0,0.0,0.0,0.0,0.0,0.0,0.0,0.0,0.0,0.0,0.0,0.0,0.0,0.0,0.0,0.0,0.0,0.0,0.0,0.0,0.0,0.0,0.0,0.0,0.0,0.0,0.0,0.0
182,182.0,64.0,0.0,1.0,0.96875,1.0,1.0,1.0,1.0,1.0,1.0,0.0,0.0,0.0,0.0,0.0,0.0,0.0,0.0,0.0,0.0,0.0,0.0,0.0,0.640625,0.953125,0.5,0.546875,0.546875,0.75,0.953125,0.9375,0.125,0.140625,0.78125,0.984375,0.0,0.421875,0.265625,0.3125,0.21875,0.0,0.046875,0.0,0.0,0.0,0.0,0.0,0.0,0.0,0.0,0.0,0.0,0.0,0.0,0.0,0.0,0.0,0.0,0.0,0.0,0.0,0.0,0.0,0.0,0.0,0.0,0.0,0.0,0.0,0.0,0.0,0.0,0.0,0.0,0.0,0.0,0.0,0.0,0.0,0.0,0.0,0.0,0.0,0.0,0.0,0.0,0.0,0.0,0.0,0.0,0.0,0.0,0.0,0.0,0.0,0.0,0.0,0.0,0.0,0.0,0.0,0.0,0.0,0.0,0.0,0.0,0.0,0.0,0.0,0.0,0.0,0.0,0.0,0.0,0.0,0.0,0.0,0.0,0.0,0.0,0.0,0.0
183,183.0,810.0,0.0,0.0,1.0,0.22469135802469137,0.0,0.0,1.0,0.0,0.0,0.0,0.0,0.0,0.0,0.0,0.0,0.0,0.0,0.0,0.0,0.0,0.0,0.0049382716049382715,0.007407407407407408,0.013580246913580247,0.008641975308641974,0.0024691358024691358,0.011111111111111112,0.0024691358024691358,0.012345679012345678,0.009876543209876543,0.006172839506172839,0.008641975308641974,0.012345679012345678,0.0049382716049382715,0.0,0.0012345679012345679,0.007407407407407408,0.0024691358024691358,0.0049382716049382715,0.003703703703703704,0.0012345679012345679,0.0,0.0,0.0,0.0,0.0,0.0,0.0,0.0,0.0,0.0,0.0,0.0,0.0,0.0,0.0,0.0,0.0,0.0,0.0,0.0,0.0,0.0,0.0,0.0,0.0012345679012345679,0.0,0.0,0.0,0.0,0.0,0.0,0.0,0.0,0.0,0.0,0.0,0.0,0.0,0.0,0.0,0.0,0.0,0.0,0.0012345679012345679,0.0,0.0,0.0,0.0,0.0,0.0,0.0,0.0,0.0,0.0,0.0,0.0,0.0,0.0,0.0,0.0,0.0,0.0,0.0,0.0,0.0,0.0,0.0,0.0,0.0,0.0,0.0,0.0,0.0,0.0,0.0,0.0,0.0,0.0,0.0,0.0
184,184.0,136.0,0.0,1.0,1.0,1.0,1.0,0.0,0.0,0.0,0.0,0.0,0.0,0.0,0.0,0.0,0.0,0.0,0.0,0.0,0.0,0.0,0.0,0.007352941176470588,0.014705882352941176,0.014705882352941176,0.0,0.029411764705882353,0.014705882352941176,0.051470588235294115,0.014705882352941176,0.03676470588235294,0.014705882352941176,0.014705882352941176,0.022058823529411766,0.022058823529411766,0.0,0.014705882352941176,0.0,0.022058823529411766,0.029411764705882353,0.0,0.007352941176470588,0.0,0.0,0.0,0.0,0.0,0.0,0.0,0.0,0.0,0.0,0.0,0.0,0.0,0.0,0.0,0.0,0.0,0.0,0.0,0.0,0.0,0.0,0.0,0.0,0.0,0.0,0.0,0.0,0.0,0.0,0.0,0.0,0.0,0.0,0.0,0.0,0.0,0.0,0.0,0.0,0.0,0.0,0.0,0.0,0.0,0.0,0.0,0.0,0.0,0.0,0.0,0.0,0.0,0.0,0.0,0.0,0.0,0.0,0.0,0.0,0.0,0.0,0.0,0.0,0.0,0.0,0.0,0.0,0.0,0.0,0.0,0.0,0.0,0.0,0.0,0.0,0.0,0.0,0.0,0.0
185,185.0,404.0,0.0,0.0,0.0,1.0,0.0,0.0,0.0,0.0,0.0,0.0024752475247524753,0.0,0.0,0.0,0.0,0.0,0.0049504950495049506,0.0,0.0,0.0,0.0,0.0,0.12128712871287128,0.034653465346534656,0.054455445544554455,0.034653465346534656,0.0,0.039603960396039604,0.04455445544554455,0.04950495049504951,0.0297029702970297,0.04702970297029703,0.0594059405940594,0.03712871287128713,0.05198019801980198,0.0024752475247524753,0.01485148514851485,0.01485148514851485,0.01485148514851485,0.009900990099009901,0.034653465346534656,0.034653465346534656,0.0024752475247524753,0.0,0.0,0.019801980198019802,0.0,0.0,0.0,0.0,0.0,0.0024752475247524753,0.0,0.0,0.0,0.0,0.0,0.0024752475247524753,0.0024752475247524753,0.0,0.0,0.0,0.0,0.0,0.0,0.0,0.0,0.0,0.0049504950495049506,0.0,0.0024752475247524753,0.0,0.0,0.0,0.0,0.0,0.0,0.0,0.0,0.0,0.0,0.0,0.0,0.0,0.0,0.0,0.0,0.0,0.0,0.0024752475247524753,0.0,0.0,0.0,0.0,0.0,0.0,0.0,0.0,0.0,0.0,0.0,0.0,0.0,0.0,0.0,0.0,0.0,0.0,0.0,0.0,0.0,0.0,0.0,0.0,0.0,0.0,0.0,0.0,0.0,0.0,0.0,0.0
186,186.0,1293.0,0.0,0.0007733952049497294,0.0007733952049497294,0.0030935808197989174,0.0,0.0007733952049497294,0.0007733952049497294,0.0007733952049497294,0.0,1.0,0.9976798143851509,1.0,1.0,1.0,1.0,1.0,1.0,1.0,1.0,1.0,1.0,0.0,0.0,0.0,0.0,0.0,0.0,0.0,0.0,0.0,0.0,0.0,0.0,0.0,0.0,0.0,0.0,0.0,0.0,0.0,0.0007733952049497294,0.0,0.0,0.0,0.0,0.002320185614849188,0.0015467904098994587,0.002320185614849188,0.0,0.002320185614849188,0.0007733952049497294,0.0,0.0,0.0015467904098994587,0.0038669760247486465,0.0007733952049497294,0.0,0.0,0.0,0.0030935808197989174,0.0,0.0,0.0,0.0,0.0,0.0,0.0,0.0,0.0,0.0,0.0,0.0,0.0,0.0,0.0,0.0,0.0,0.0,0.0,0.0,0.0,0.0,0.0,0.0,0.0,0.0,0.0,0.0,0.0,0.0,0.0,0.0,0.0,0.0,0.0,0.0,0.0,0.0,0.0,0.0,0.0,0.0,0.0,0.0,0.0,0.0,0.0,0.0,0.0,0.0,0.0,0.0,0.0,0.0,0.0,0.0,0.0,0.0,0.0,0.0,0.0
187,187.0,65.0,0.0,1.0,1.0,1.0,1.0,1.0,1.0,0.9846153846153847,0.9846153846153847,0.0,0.0,0.015384615384615385,0.0,0.0,0.0,0.0,0.0,0.0,0.0,0.0,0.0,0.0,0.5692307692307692,0.46153846153846156,0.4307692307692308,0.8923076923076924,0.5384615384615384,0.03076923076923077,0.7846153846153846,0.8923076923076924,0.6153846153846154,0.9076923076923077,0.23076923076923078,0.8153846153846154,0.0,0.7846153846153846,0.23076923076923078,0.24615384615384617,0.4307692307692308,0.0,0.015384615384615385,0.0,0.0,0.0,0.0,0.0,0.0,0.0,0.0,0.0,0.0,0.0,0.0,0.0,0.0,0.0,0.0,0.0,0.0,0.0,0.0,0.0,0.0,0.0,0.0,0.0,0.0,0.0,0.0,0.0,0.0,0.0,0.0,0.0,0.0,0.0,0.0,0.0,0.0,0.0,0.0,0.0,0.0,0.0,0.0,0.0,0.0,0.0,0.0,0.0,0.0,0.0,0.0,0.0,0.0,0.0,0.0,0.0,0.0,0.0,0.0,0.0,0.0,0.0,0.0,0.0,0.0,0.0,0.0,0.0,0.0,0.0,0.0,0.0,0.0,0.0,0.0,0.0,0.0,0.0,0.0
188,188.0,139.0,0.0,0.35251798561151076,0.0,1.0,1.0,0.0,0.0,1.0,0.0,0.0,0.007194244604316547,0.0,0.0,0.0,0.0,0.007194244604316547,0.0,0.0,0.0,0.0,0.0,0.0,0.007194244604316547,0.02877697841726619,0.02158273381294964,0.02877697841726619,0.02158273381294964,0.007194244604316547,0.007194244604316547,0.02158273381294964,0.007194244604316547,0.02877697841726619,0.007194244604316547,0.02158273381294964,0.0,0.0,0.0,0.007194244604316547,0.007194244604316547,0.0,0.007194244604316547,0.0,0.0,0.0,0.0,0.0,0.0,0.0,0.0,0.0,0.0,0.0,0.0,0.0,0.0,0.0,0.0,0.0,0.0,0.0,0.0,0.0,0.0,0.0,0.0,0.0,0.0,0.0,0.0,0.0,0.0,0.0,0.0,0.0,0.0,0.0,0.0,0.0,0.0,0.0,0.0,0.0,0.0,0.0,0.0,0.0,0.0,0.0,0.0,0.0,0.0,0.0,0.0,0.0,0.0,0.0,0.0,0.0,0.0,0.0,0.0,0.0,0.0,0.0,0.0,0.0,0.0,0.0,0.0,0.0,0.0,0.0,0.0,0.0,0.0,0.0,0.0,0.0,0.0,0.0,0.0
189,189.0,38.0,0.0,1.0,0.9473684210526315,0.0,0.9473684210526315,0.9473684210526315,0.631578947368421,0.6842105263157895,0.0,0.0,0.0,0.0,0.0,0.0,0.0,0.0,0.0,0.0,0.0,0.0,0.0,0.0,1.0,0.10526315789473684,0.0,0.02631578947368421,0.05263157894736842,0.05263157894736842,0.02631578947368421,0.02631578947368421,0.05263157894736842,0.07894736842105263,0.05263157894736842,0.02631578947368421,0.0,0.02631578947368421,0.05263157894736842,0.05263157894736842,0.05263157894736842,0.0,0.0,0.0,0.0,0.0,0.0,0.0,0.0,0.0,0.0,0.0,0.0,0.0,0.0,0.0,0.0,0.0,0.0,0.0,0.0,0.0,0.0,0.0,0.0,0.0,0.0,0.0,0.0,0.0,0.0,0.0,0.0,0.0,0.0,0.0,0.0,0.0,0.0,0.0,0.0,0.0,0.0,0.0,0.0,0.0,0.0,0.0,0.0,0.0,0.0,0.0,0.0,0.0,0.0,0.0,0.0,0.0,0.0,0.0,0.0,0.0,0.0,0.0,0.0,0.0,0.0,0.0,0.0,0.0,0.0,0.0,0.0,0.0,0.0,0.0,0.0,0.0,0.0,0.0,0.0,0.0,0.0
190,190.0,191.0,0.0,0.0,0.6596858638743456,1.0,1.0,1.0,1.0,0.0,1.0,0.005235602094240838,0.005235602094240838,0.005235602094240838,0.0,0.0,0.0,0.0,0.0,0.0,0.0,0.0,0.0,0.005235602094240838,0.010471204188481676,0.05759162303664921,0.07329842931937172,0.041884816753926704,0.010471204188481676,0.0,0.031413612565445025,0.041884816753926704,0.03664921465968586,0.04712041884816754,0.010471204188481676,0.04712041884816754,0.0,0.03664921465968586,0.005235602094240838,0.02617801047120419,0.020942408376963352,0.005235602094240838,0.0,0.0,0.0,0.0,0.0,0.0,0.0,0.0,0.0,0.0,0.0,0.005235602094240838,0.0,0.0,0.0,0.0,0.0,0.0,0.0,0.0,0.0,0.0,0.0,0.0,0.0,0.005235602094240838,0.0,0.0,0.0,0.0,0.0,0.0,0.0,0.0,0.0,0.0,0.0,0.0,0.0,0.0,0.0,0.0,0.0,0.0,0.0,0.0,0.0,0.0,0.0,0.0,0.0,0.0,0.0,0.0,0.0,0.0,0.0,0.0,0.0,0.0,0.0,0.0,0.005235602094240838,0.0,0.0,0.0,0.0,0.0,0.0,0.0,0.0,0.0,0.005235602094240838,0.0,0.0,0.0,0.0,0.0,0.0,0.005235602094240838,0.0
191,191.0,106.0,0.0,0.0,1.0,1.0,0.0,0.0,0.0,0.0,1.0,0.0,0.0,0.0,0.0,0.0,0.0,0.0,0.0,0.0,0.0,0.0,0.0,0.0,0.009433962264150943,0.009433962264150943,0.009433962264150943,0.03773584905660377,0.009433962264150943,0.009433962264150943,0.009433962264150943,0.02830188679245283,0.0,0.009433962264150943,0.018867924528301886,0.018867924528301886,0.0,0.0,0.009433962264150943,0.0,0.018867924528301886,0.0,0.009433962264150943,0.0,0.0,0.0,0.0,0.0,0.0,0.0,0.0,0.0,0.0,0.0,0.0,0.0,0.0,0.0,0.0,0.0,0.0,0.0,0.0,0.0,0.0,0.0,0.0,0.0,0.0,0.0,0.0,0.0,0.0,0.0,0.0,0.0,0.0,0.0,0.0,0.0,0.0,0.0,0.0,0.0,0.0,0.0,0.0,0.0,0.0,0.0,0.0,0.0,0.0,0.0,0.0,0.0,0.0,0.0,0.0,0.0,0.0,0.0,0.0,0.0,0.0,0.0,0.0,0.0,0.0,0.0,0.0,0.0,0.0,0.0,0.0,0.0,0.0,0.0,0.0,0.0,0.0,0.0,0.0
192,192.0,197.0,0.0,1.0,0.7411167512690355,0.0,0.5532994923857868,0.583756345177665,0.0,1.0,1.0,0.0,0.0,0.0,0.0,0.0,0.0,0.0,0.0,0.0,0.0,0.0,0.0,0.0,0.025380710659898477,0.030456852791878174,0.05583756345177665,0.030456852791878174,0.025380710659898477,0.030456852791878174,0.03553299492385787,0.01015228426395939,0.04060913705583756,0.04060913705583756,0.025380710659898477,0.015228426395939087,0.0,0.01015228426395939,0.03553299492385787,0.01015228426395939,0.025380710659898477,0.0,0.005076142131979695,0.0,0.0,0.0,0.0,0.0,0.0,0.0,0.0,0.0,0.0,0.0,0.0,0.0,0.0,0.0,0.0,0.0,0.0,0.0,0.0,0.0,0.0,0.0,0.0,0.0,0.0,0.0,0.0,0.0,0.0,0.0,0.0,0.0,0.0,0.0,0.0,0.0,0.0,0.0,0.0,0.0,0.0,0.0,0.0,0.0,0.0,0.0,0.0,0.0,0.0,0.0,0.0,0.0,0.0,0.0,0.0,0.0,0.0,0.0,0.0,0.0,0.0,0.0,0.0,0.0,0.0,0.0,0.0,0.0,0.0,0.0,0.0,0.0,0.0,0.0,0.0,0.0,0.0,0.0,0.0
193,193.0,71.0,0.0,0.9859154929577465,1.0,1.0,0.9859154929577465,1.0,0.9859154929577465,0.9577464788732394,0.9859154929577465,0.0,0.0,0.0,0.0,0.0,0.0,0.0,0.0,0.0,0.0,0.0,0.0,0.0,0.09859154929577464,0.23943661971830985,0.4788732394366197,0.8169014084507042,0.15492957746478872,0.11267605633802817,0.18309859154929578,0.014084507042253521,0.11267605633802817,0.36619718309859156,0.09859154929577464,0.18309859154929578,0.0,0.15492957746478872,0.7605633802816901,0.7464788732394366,0.323943661971831,0.0,0.014084507042253521,0.0,0.0,0.0,0.0,0.0,0.0,0.0,0.0,0.0,0.0,0.0,0.0,0.0,0.0,0.0,0.0,0.0,0.0,0.0,0.0,0.0,0.0,0.014084507042253521,0.014084507042253521,0.0,0.0,0.0,0.0,0.0,0.0,0.0,0.0,0.0,0.0,0.0,0.0,0.0,0.0,0.0,0.0,0.0,0.0,0.0,0.0,0.0,0.0,0.0,0.0,0.0,0.0,0.0,0.0,0.0,0.0,0.0,0.0,0.0,0.0,0.0,0.0,0.0,0.0,0.0,0.0,0.0,0.0,0.0,0.0,0.0,0.0,0.0,0.0,0.0,0.0,0.0,0.0,0.0,0.0,0.0,0.0
194,194.0,74.0,0.0,1.0,1.0,1.0,0.9864864864864865,0.9864864864864865,1.0,0.972972972972973,0.972972972972973,0.0,0.0,0.0,0.0,0.0,0.0,0.0,0.0,0.0,0.0,0.0,0.0,0.013513513513513514,0.6351351351351351,0.8243243243243243,0.1891891891891892,0.7297297297297297,0.7702702702702703,0.10810810810810811,0.17567567567567569,0.12162162162162163,0.0945945945945946,0.9324324324324325,0.0945945945945946,0.4594594594594595,0.0,0.17567567567567569,0.05405405405405406,0.08108108108108109,0.0945945945945946,0.0,0.013513513513513514,0.0,0.0,0.0,0.0,0.0,0.0,0.0,0.0,0.0,0.0,0.0,0.0,0.0,0.0,0.0,0.0,0.0,0.0,0.0,0.0,0.0,0.0,0.0,0.0,0.0,0.0,0.0,0.0,0.0,0.0,0.0,0.0,0.0,0.0,0.0,0.0,0.0,0.0,0.0,0.0,0.0,0.0,0.0,0.0,0.0,0.0,0.0,0.0,0.0,0.0,0.0,0.0,0.0,0.0,0.0,0.0,0.0,0.0,0.0,0.0,0.0,0.0,0.0,0.0,0.0,0.0,0.0,0.0,0.0,0.0,0.0,0.0,0.0,0.0,0.0,0.0,0.0,0.0,0.0,0.0
195,195.0,176.0,0.0,1.0,1.0,1.0,0.0,1.0,1.0,0.0,0.0,0.0,0.0,0.0,0.0,0.0,0.0,0.0,0.0,0.0,0.0,0.0,0.0,0.005681818181818182,0.03409090909090909,0.03409090909090909,0.03409090909090909,0.028409090909090908,0.028409090909090908,0.03977272727272727,0.045454545454545456,0.0625,0.022727272727272728,0.03409090909090909,0.07386363636363637,0.028409090909090908,0.0,0.017045454545454544,0.022727272727272728,0.011363636363636364,0.005681818181818182,0.0,0.0,0.0,0.0,0.0,0.0,0.0,0.0,0.0,0.0,0.0,0.0,0.0,0.0,0.0,0.0,0.0,0.0,0.0,0.0,0.0,0.0,0.0,0.0,0.0,0.0,0.0,0.0,0.0,0.0,0.0,0.0,0.0,0.0,0.0,0.0,0.0,0.0,0.0,0.0,0.0,0.0,0.0,0.0,0.0,0.0,0.0,0.0,0.0,0.0,0.0,0.0,0.0,0.0,0.0,0.0,0.0,0.0,0.0,0.0,0.0,0.0,0.0,0.0,0.0,0.0,0.0,0.0,0.0,0.0,0.0,0.0,0.0,0.0,0.0,0.0,0.0,0.0,0.0,0.0,0.0,0.0
196,196.0,44.0,0.0,0.2727272727272727,0.8181818181818182,0.8636363636363636,0.8863636363636364,1.0,0.13636363636363635,0.022727272727272728,0.13636363636363635,0.0,0.0,0.0,0.0,0.0,0.0,0.0,0.0,0.0,0.0,0.0,0.0,0.0,0.0,0.045454545454545456,0.045454545454545456,0.06818181818181818,0.0,0.0,0.045454545454545456,0.045454545454545456,0.0,1.0,0.06818181818181818,0.06818181818181818,0.0,0.022727272727272728,0.0,0.0,0.0,0.0,0.0,0.0,0.0,0.0,0.0,0.0,0.0,0.0,0.0,0.0,0.0,0.0,0.0,0.0,0.0,0.0,0.0,0.0,0.0,0.0,0.0,0.0,0.0,0.0,0.0,0.0,0.0,0.0,0.0,0.0,0.0,0.0,0.0,0.0,0.0,0.0,0.0,0.0,0.0,0.0,0.0,0.0,0.0,0.0,0.0,0.0,0.0,0.0,0.0,0.0,0.0,0.0,0.0,0.0,0.0,0.0,0.0,0.0,0.0,0.0,0.0,0.0,0.0,0.0,0.0,0.0,0.0,0.0,0.0,0.0,0.0,0.0,0.0,0.0,0.0,0.0,0.0,0.0,0.0,0.0,0.0
197,197.0,631.0,0.0,0.0,0.0,0.0,0.0,0.0,0.0,0.028526148969889066,0.0,0.03169572107765452,0.03169572107765452,0.0491283676703645,0.0,0.0,0.0,0.01901743264659271,0.0,0.0,0.0,0.001584786053882726,0.003169572107765452,0.993660855784469,0.0,0.003169572107765452,0.003169572107765452,0.0,0.0,0.003169572107765452,0.003169572107765452,0.003169572107765452,0.003169572107765452,0.0,0.004754358161648178,0.001584786053882726,0.006339144215530904,0.001584786053882726,0.0,0.0,0.0,0.5388272583201268,0.039619651347068144,0.0,0.0,0.003169572107765452,0.009508716323296355,0.0,0.0,0.006339144215530904,0.0,0.0,0.001584786053882726,0.0,0.0,0.0,0.0,0.0,0.0,0.0,0.0,0.0,0.0,0.0,0.0,0.0,0.0,0.001584786053882726,0.02377179080824089,0.011093502377179081,0.0,0.0,0.0,0.0,0.0,0.0,0.1473851030110935,0.0,0.006339144215530904,0.0,0.0,0.0,0.0,0.0,0.0,0.0,0.0,0.001584786053882726,0.0,0.0,0.0,0.0,0.0,0.0,0.0,0.0,0.0,0.0,0.0,0.0,0.0,0.0,0.0,0.0,0.0,0.0,0.0,0.0,0.0,0.0,0.0,0.0,0.0,0.0,0.0,0.0,0.0,0.0,0.0,0.0,0.0,0.0,0.0
198,198.0,135.0,0.0,0.9333333333333333,0.9777777777777777,0.9111111111111111,0.9925925925925926,0.8740740740740741,0.9481481481481482,0.8074074074074075,0.0,0.0,0.0,0.0,0.0,0.0,0.0,0.0,0.0,0.0,0.0,0.0,0.0,0.0,0.06666666666666667,0.07407407407407407,1.0,0.08888888888888889,0.05185185185185185,0.05925925925925926,0.05185185185185185,0.11851851851851852,0.06666666666666667,0.0,0.08148148148148149,0.1037037037037037,0.0,0.022222222222222223,0.02962962962962963,0.02962962962962963,0.05185185185185185,0.007407407407407408,0.007407407407407408,0.0,0.0,0.0,0.0,0.0,0.0,0.0,0.0,0.0,0.0,0.0,0.0,0.0,0.0,0.0,0.0,0.0,0.0,0.0,0.0,0.0,0.0,0.0,0.0,0.0,0.0,0.0,0.0,0.0,0.0,0.0,0.0,0.0,0.0,0.0,0.0,0.0,0.0,0.0,0.0,0.0,0.0,0.0,0.0,0.0,0.0,0.0,0.0,0.0,0.0,0.0,0.0,0.0,0.0,0.0,0.0,0.0,0.0,0.0,0.0,0.0,0.0,0.0,0.0,0.0,0.0,0.0,0.0,0.0,0.0,0.0,0.0,0.0,0.0,0.0,0.0,0.0,0.0,0.0,0.0
199,199.0,235.0,0.0,1.0,0.7531914893617021,1.0,0.0,0.7446808510638298,1.0,1.0,1.0,0.0,0.0,0.0,0.0,0.0,0.0,0.0,0.0,0.0,0.0,0.0,0.0,0.00425531914893617,0.05531914893617021,0.059574468085106386,0.02127659574468085,0.01702127659574468,0.029787234042553193,0.029787234042553193,0.02127659574468085,0.03404255319148936,0.059574468085106386,0.0,0.05106382978723404,0.0425531914893617,0.0,0.02127659574468085,0.01702127659574468,0.02553191489361702,0.02127659574468085,0.0,0.00425531914893617,0.0,0.0,0.0,0.00425531914893617,0.0,0.0,0.0,0.0,0.0,0.0,0.0,0.0,0.0,0.0,0.0,0.0,0.0,0.0,0.0,0.0,0.0,0.0,0.0,0.0,0.0,0.0,0.0,0.0,0.0,0.0,0.0,0.0,0.0,0.0,0.0,0.0,0.0,0.0,0.0,0.0,0.0,0.0,0.0,0.0,0.0,0.0,0.0,0.0,0.0,0.0,0.0,0.0,0.0,0.0,0.0,0.0,0.0,0.0,0.0,0.0,0.0,0.0,0.0,0.0,0.0,0.0,0.0,0.0,0.0,0.0,0.0,0.0,0.0,0.0,0.0,0.0,0.0,0.0,0.0,0.0
