,cluster ID,size,mirai_ratio,Port17140,Port17132,Port17128,Port17130,Port17138,Port17136,Port17134,Port17142,Port80,Port8080,Port23,Port2323,Port81,Port5555,Port1023,Port52869,Port8443,Port49152,Port7574,Port37215,Port54594,Port34218,Port34226,Port34224,Port34228,Port34216,Port34220,Port33964,Port33960,Port33962,Port33970,Port33972,Port33968,Port50401,Port34222,Port34230,Port33966,Port33974,Port445,Port0,Port22,Port8291,Port8728,Port1433,Port8000,Port8081,Port5353,Port2004,Port11211,Port6881,Port8082,Port443,Port4000,Port5060,Port8083,Port8088,Port6379,Port30301,Port7001,Port9527,Port7002,Port9200,Port1027,Port3389,Port1900,Port21,Port5900,Port6380,Port88,Port389,Port8181,Port35,Port5000,Port5001,Port8008,Port4444,Port49153,Port137,Port7547,Port56880,Port5984,Port2222,Port8001,Port2480,Port8888,Port139,Port53,Port3544,Port873,Port50070,Port161,Port631,Port9000,Port4786,Port27017,Port111,Port1883,Port8090,Port554,Port3306,Port60001,Port82,Port83,Port3443,Port85,Port12866,Port3000,Port587,Port5901,Port143,Port50075,Port444,Port995,Port1521,Port465,Port993,Port110,Port10001,Port7777,Port548
0,0.0,4391.0,0.0,0.2193122295604646,0.9779093600546572,0.0,0.0,0.0,0.0,1.0,0.0,0.0,0.0,0.0,0.0,0.0,0.0,0.0,0.0,0.0,0.0,0.0,0.0,0.0036438168982008655,0.010248235026189934,0.01161466636301526,0.01002049647005238,0.010703712138465042,0.010475973582327488,0.010703712138465042,0.032566613527670235,0.0084263265770895,0.010931450694602596,0.007515372352539285,0.007970849464814394,0.009109542245502164,0.0002277385561375541,0.005237986791163744,0.002732862673650649,0.006604418127989069,0.005465725347301298,0.002505124117513095,0.0036438168982008655,0.0,0.0,0.0,0.0015941698929628787,0.0,0.0,0.0,0.0,0.0,0.0,0.0,0.0,0.0,0.0,0.0,0.0,0.0,0.0,0.0,0.0,0.0,0.0,0.0,0.0004554771122751082,0.0,0.0,0.0,0.0,0.0,0.0,0.0,0.0,0.0,0.0,0.0,0.0,0.0,0.0002277385561375541,0.0,0.0,0.0,0.0,0.0,0.0,0.0,0.0,0.0,0.0002277385561375541,0.0,0.0,0.0,0.0,0.0,0.0,0.0,0.0,0.0,0.0,0.0,0.0,0.0,0.0,0.0,0.0,0.0,0.0,0.0,0.0,0.0,0.0,0.0,0.0,0.0,0.0,0.0002277385561375541,0.0,0.0,0.0,0.0,0.0
1,1.0,2105.0,0.0,0.6688836104513064,1.0,1.0,0.0,1.0,1.0,1.0,0.0,0.0,0.0,0.0,0.0,0.0,0.0,0.0,0.0,0.0,0.0,0.0,0.0,0.0019002375296912114,0.04655581947743468,0.039429928741092635,0.04228028503562945,0.04275534441805225,0.05368171021377672,0.048456057007125894,0.011401425178147268,0.05558194774346793,0.0342042755344418,0.04180522565320665,0.040380047505938245,0.04560570071258907,0.0,0.02327790973871734,0.019477434679334917,0.019477434679334917,0.018052256532066508,0.0009501187648456057,0.003800475059382423,0.00047505938242280285,0.0,0.0,0.00047505938242280285,0.0,0.0,0.0,0.0,0.0,0.0,0.0,0.0,0.0,0.0,0.0,0.00047505938242280285,0.00047505938242280285,0.0,0.0,0.0,0.0,0.0,0.0,0.0,0.0,0.0,0.0,0.0,0.0,0.0,0.0,0.0,0.0,0.0,0.0,0.0,0.0,0.0,0.0,0.0,0.0,0.0,0.0,0.0,0.0,0.0,0.0,0.00047505938242280285,0.0,0.0,0.0,0.0,0.0,0.0,0.0,0.0,0.0,0.0,0.0,0.0,0.0,0.0,0.0,0.0,0.0,0.00047505938242280285,0.0,0.0,0.0,0.0,0.0,0.0,0.0,0.0,0.0,0.0,0.0,0.0,0.0,0.0
2,2.0,9344.0,0.04516267123287671,0.0011772260273972602,0.0006421232876712328,0.0005351027397260274,0.0008561643835616438,0.001819349315068493,0.0006421232876712328,0.0009631849315068493,0.0006421232876712328,0.9631849315068493,0.9189854452054794,0.0,0.00684931506849315,0.052226027397260275,0.01252140410958904,0.00449486301369863,0.010916095890410957,0.010595034246575341,0.010380993150684931,0.011772260273972601,0.01723030821917808,0.018086472602739725,0.0,0.0,0.00010702054794520547,0.00010702054794520547,0.0,0.00010702054794520547,0.0,0.0,0.00010702054794520547,0.0,0.00010702054794520547,0.0003210616438356164,0.0003210616438356164,0.00010702054794520547,0.0,0.00010702054794520547,0.00010702054794520547,0.023116438356164382,0.0007491438356164383,0.004601883561643835,0.0008561643835616438,0.001819349315068493,0.0031035958904109587,0.029537671232876712,0.00995291095890411,0.002889554794520548,0.0,0.0017123287671232876,0.003210616438356164,0.002889554794520548,0.0,0.0011772260273972602,0.0008561643835616438,0.002033390410958904,0.006956335616438356,0.0010702054794520547,0.0014982876712328766,0.005244006849315069,0.0017123287671232876,0.003210616438356164,0.002247431506849315,0.0010702054794520547,0.002247431506849315,0.0007491438356164383,0.0009631849315068493,0.008454623287671232,0.0012842465753424657,0.040560787671232876,0.0,0.0023544520547945204,0.00010702054794520547,0.0008561643835616438,0.0007491438356164383,0.0,0.00010702054794520547,0.00010702054794520547,0.0005351027397260274,0.0005351027397260274,0.00021404109589041095,0.0012842465753424657,0.0,0.0005351027397260274,0.0006421232876712328,0.007170376712328766,0.002247431506849315,0.0017123287671232876,0.00010702054794520547,0.0,0.00010702054794520547,0.001605308219178082,0.00021404109589041095,0.004601883561643835,0.00010702054794520547,0.00010702054794520547,0.0,0.0,0.004387842465753425,0.0003210616438356164,0.0003210616438356164,0.007491438356164383,0.005351027397260274,0.004708904109589041,0.00021404109589041095,0.012949486301369863,0.0,0.00010702054794520547,0.00021404109589041095,0.00010702054794520547,0.0011772260273972602,0.00010702054794520547,0.0,0.0,0.0,0.00021404109589041095,0.0005351027397260274,0.00021404109589041095,0.0007491438356164383,0.00021404109589041095,0.00021404109589041095
3,3.0,3742.0,0.0,0.0,0.0,0.0,0.9999999999999999,0.0,0.0,0.0,0.0,0.0005344735435595938,0.0010689470871191875,0.0034740780331373594,0.0002672367717797969,0.0002672367717797969,0.0056119722073757344,0.0,0.0002672367717797969,0.0,0.0005344735435595938,0.0,0.0,0.0013361838588989844,0.06066274719401389,0.05505077498663816,0.04623196151790486,0.04863709246392303,0.0,0.05024051309460181,0.05451630144307856,0.043292357028327094,0.05665419561731694,0.05318011758417958,0.051843933725280594,0.05398182789951897,0.0010689470871191875,0.028861571352218063,0.0,0.02298236237306253,0.024318546231961516,0.05050774986638161,0.0013361838588989844,0.002405130946018172,0.0,0.0,0.015766969535008016,0.0002672367717797969,0.0,0.0002672367717797969,0.0,0.0,0.0002672367717797969,0.0002672367717797969,0.0002672367717797969,0.0,0.0,0.0,0.002405130946018172,0.0026723677177979688,0.0,0.0,0.0,0.0002672367717797969,0.0,0.0002672367717797969,0.0008017103153393906,0.0,0.0016034206306787813,0.0010689470871191875,0.0,0.0,0.0,0.0,0.0,0.0002672367717797969,0.0002672367717797969,0.0,0.0,0.0005344735435595938,0.002137894174238375,0.0,0.0002672367717797969,0.0,0.0,0.0,0.0,0.0,0.0,0.0005344735435595938,0.004810261892036344,0.0,0.0,0.0,0.0,0.0,0.0002672367717797969,0.0002672367717797969,0.0,0.0,0.0,0.0,0.0,0.0,0.0,0.0,0.0005344735435595938,0.0,0.0018706574024585781,0.0002672367717797969,0.0,0.0002672367717797969,0.0,0.0,0.0,0.0,0.0,0.0,0.0,0.0,0.0,0.0,0.0
4,4.0,10566.0,0.0,0.18521673291690327,0.0,1.0,1.0,0.18228279386712096,0.0,0.0,0.0,0.0001892863903085368,0.0003785727806170736,0.0005678591709256105,9.46431951542684e-05,0.0,0.000473215975771342,0.0,0.0,0.0,0.0,0.0,0.0,0.002271436683702442,0.010789324247586598,0.010032178686352452,0.01249290176036343,0.007950028392958546,0.002650009464319515,0.011073253833049404,0.010978610637895136,0.009937535491198182,0.008517887563884156,0.006719666855953057,0.011357183418512209,0.011167897028203672,9.46431951542684e-05,0.006246450880181715,0.0,0.005962521294718909,0.0040696573916335415,0.002744652659473784,0.0019875070982396364,0.0001892863903085368,0.0,0.0,0.0003785727806170736,0.0,0.0,9.46431951542684e-05,0.0,0.0,0.0,0.0,0.0,0.0,0.0,0.0,0.0001892863903085368,9.46431951542684e-05,0.0,0.0,0.0,0.0,0.0,0.0,0.0005678591709256105,0.0,9.46431951542684e-05,0.0,0.0,0.0,0.0,0.0,0.0,0.0,0.0,0.0,0.0,9.46431951542684e-05,9.46431951542684e-05,0.0,0.0,0.0,0.0,0.0,0.0,0.0001892863903085368,0.0,9.46431951542684e-05,0.0001892863903085368,0.0,0.0,0.0,0.0,0.0,0.0,0.0,0.0,9.46431951542684e-05,0.0,0.0,0.0,0.0,0.0,0.0,0.0,0.0,0.00028392958546280523,0.0,0.0,0.0,0.0,0.0,0.0,9.46431951542684e-05,0.0,0.0,0.0001892863903085368,0.0,0.0,0.0,0.0
5,5.0,9996.0,0.026910764305722288,0.0007002801120448179,0.0006002400960384154,0.0008003201280512205,0.0010004001600640256,0.0018007202881152463,0.00040016006402561027,0.0008003201280512205,0.0005002000800320128,0.008303321328531413,0.005402160864345739,0.9973989595838336,0.0,0.8594437775110044,0.008303321328531413,0.006502601040416167,0.025410164065626253,0.007703081232492998,0.008903561424569828,0.007603041216486595,0.00740296118447379,0.005902360944377751,0.0,0.00010004001600640257,0.0,0.00010004001600640257,0.0,0.00010004001600640257,0.00010004001600640257,0.0,0.0,0.0,0.0,0.00010004001600640257,0.0015006002400960385,0.00010004001600640257,0.0,0.0,0.0,0.02771108443377351,0.00010004001600640257,0.0036014405762304926,0.00010004001600640257,0.00020008003201280514,0.0,0.00020008003201280514,0.0008003201280512205,0.025910364145658265,0.0,0.00020008003201280514,0.0003001200480192077,0.00020008003201280514,0.0,0.00010004001600640257,0.00010004001600640257,0.0,0.00020008003201280514,0.00010004001600640257,0.00010004001600640257,0.0,0.0005002000800320128,0.0,0.00010004001600640257,0.00010004001600640257,0.0007002801120448179,0.00010004001600640257,0.0006002400960384154,0.0019007603041216487,0.0,0.0005002000800320128,0.00010004001600640257,0.00020008003201280514,0.0,0.00010004001600640257,0.0,0.0,0.0,0.0,0.00020008003201280514,0.0005002000800320128,0.0,0.00020008003201280514,0.0022008803521408565,0.0,0.00040016006402561027,0.00010004001600640257,0.0,0.0,0.00010004001600640257,0.0,0.0,0.00010004001600640257,0.0,0.0003001200480192077,0.0,0.00010004001600640257,0.00010004001600640257,0.0,0.0,0.0,0.00010004001600640257,0.0028011204481792717,0.0,0.0,0.00010004001600640257,0.0005002000800320128,0.0,0.0,0.00010004001600640257,0.0,0.0,0.0,0.00010004001600640257,0.0,0.0,0.0,0.0,0.0,0.00010004001600640257,0.0,0.00010004001600640257
6,6.0,1838.0,0.0,0.001088139281828074,0.001088139281828074,0.000544069640914037,0.000544069640914037,0.001088139281828074,0.001088139281828074,0.001088139281828074,0.001088139281828074,0.9216539717083787,0.9956474428726877,0.7094668117519043,0.8645266594124048,0.809031556039173,0.7301414581066377,0.7529923830250272,0.7290533188248096,0.7187159956474429,0.7187159956474429,0.7181719260065289,0.719804134929271,0.001632208922742111,0.000544069640914037,0.0,0.000544069640914037,0.0,0.0,0.0,0.000544069640914037,0.0,0.0,0.000544069640914037,0.0,0.0,0.0,0.0,0.000544069640914037,0.0,0.0,0.000544069640914037,0.9238302502720348,0.000544069640914037,0.0,0.0,0.0,0.9782372143634386,0.9798694232861807,0.9793253536452666,0.0,0.956474428726877,0.9738846572361263,0.9836779107725789,0.000544069640914037,0.9744287268770403,0.969532100108814,0.9771490750816104,0.0,0.0,0.9738846572361263,0.0,0.0,0.0,0.0,0.8618063112078346,0.000544069640914037,0.7132752992383026,0.0,0.0,0.0,0.0,0.0,0.0,0.0,0.0,0.0,0.0,0.0,0.0,0.0,0.0,0.0,0.0,0.000544069640914037,0.0,0.0,0.000544069640914037,0.0,0.0,0.0,0.0,0.0,0.0,0.0,0.000544069640914037,0.0,0.0,0.0,0.0,0.0,0.0,0.0,0.0,0.0,0.0,0.0,0.0,0.0,0.0,0.0,0.0,0.0,0.0,0.000544069640914037,0.0,0.0,0.0,0.0,0.0,0.0,0.000544069640914037,0.0
7,7.0,5317.0,0.0,0.2525860447620839,0.26180176791423737,0.0,1.0,1.0,1.0,0.11265751363550874,0.0,0.0001880759826970096,0.0003761519653940192,0.0007523039307880384,0.0,0.0,0.000940379913485048,0.0,0.0,0.0,0.0001880759826970096,0.0,0.0,0.0016926838442730863,0.02313334587173218,0.020312206131277037,0.021064510062065077,0.021628738010156103,0.02482602971600527,0.01391762271957871,0.022757193906338163,0.022945269889035173,0.022192965958247133,0.022381041940944143,0.020876434079368067,0.022192965958247133,0.0005642279480910288,0.008463419221365433,0.010720331013729547,0.012977242806093662,0.009779951100244499,0.001880759826970096,0.003761519653940192,0.0,0.0,0.0,0.0013165318788790673,0.0,0.0,0.0,0.0,0.0,0.0,0.0,0.0,0.0,0.0,0.0,0.0,0.0,0.0,0.0,0.0,0.0,0.0,0.0,0.0007523039307880384,0.0,0.0,0.0001880759826970096,0.0,0.0,0.0,0.0,0.0,0.0,0.0,0.0,0.0,0.0,0.0,0.0,0.0,0.0,0.0,0.0,0.0,0.0,0.0001880759826970096,0.0001880759826970096,0.0003761519653940192,0.0,0.0,0.0,0.0,0.0,0.0,0.0,0.0,0.0,0.0,0.0,0.0,0.0,0.0,0.0,0.0,0.0,0.0003761519653940192,0.0,0.0,0.0,0.0,0.0,0.0,0.0003761519653940192,0.0,0.0,0.0,0.0001880759826970096,0.0,0.0,0.0
8,8.0,816.0,0.0,0.9926289926289926,0.9877149877149877,0.9901719901719902,0.9901719901719902,0.9852579852579852,0.9889434889434889,0.9889434889434889,0.9582309582309582,0.0,0.0,0.0012285012285012285,0.0,0.0,0.0012285012285012285,0.0,0.0,0.0,0.0,0.0,0.0,0.0,0.4877149877149877,0.1855036855036855,0.8206388206388207,0.12653562653562653,0.7751842751842751,0.0773955773955774,0.10687960687960688,0.28869778869778867,0.8820638820638821,0.11916461916461916,0.7653562653562653,0.1375921375921376,0.0,0.21375921375921375,0.05773955773955774,0.14127764127764128,0.14619164619164618,0.0012285012285012285,0.0036855036855036856,0.0012285012285012285,0.0,0.0,0.0012285012285012285,0.0,0.0,0.0,0.0,0.0,0.0,0.0,0.0,0.0,0.0,0.0,0.0012285012285012285,0.0012285012285012285,0.0,0.0,0.0,0.0,0.0,0.0,0.0012285012285012285,0.0,0.0,0.0,0.0,0.0,0.0,0.0,0.0,0.0,0.0,0.0,0.0,0.0,0.002457002457002457,0.0,0.0,0.0,0.0,0.0,0.0,0.0,0.0,0.0,0.0,0.0,0.0,0.0,0.0,0.0,0.0,0.0,0.0,0.0,0.0,0.0,0.0,0.0,0.0,0.0,0.0,0.0,0.0,0.0,0.0,0.0,0.0,0.0,0.0,0.0,0.0,0.0,0.0,0.0,0.0,0.0,0.0
9,9.0,1209.0,0.0,0.9288668320926385,0.9404466501240695,0.9114971050454922,0.9189412737799835,0.9172870140612076,0.9172870140612076,0.0,1.0,0.0,0.0,0.0,0.0008271298593879239,0.0,0.0008271298593879239,0.0008271298593879239,0.0,0.0,0.0,0.0,0.0,0.0016542597187758478,0.0727874276261373,0.08354011579818031,0.06699751861042183,0.09263854425144748,0.06865177832919768,0.07030603804797353,0.07030603804797353,1.0,0.07526881720430108,0.05128205128205128,0.07361455748552523,0.06865177832919768,0.0008271298593879239,0.03556658395368073,0.0413564929693962,0.030603804797353185,0.03722084367245657,0.0008271298593879239,0.005789909015715467,0.0,0.0,0.0,0.0016542597187758478,0.0,0.0,0.0,0.0,0.0,0.0,0.0,0.0,0.0,0.0,0.0,0.0,0.0,0.0,0.0,0.0,0.0,0.0,0.0,0.0008271298593879239,0.0,0.0,0.0,0.0,0.0,0.0,0.0,0.0,0.0,0.0,0.0,0.0,0.0,0.0016542597187758478,0.0,0.0,0.0,0.0,0.0,0.0,0.0,0.0,0.0,0.0008271298593879239,0.0,0.0,0.0,0.0,0.0,0.0,0.0,0.0,0.0,0.0,0.0,0.0,0.0,0.0,0.0,0.0,0.0,0.0008271298593879239,0.0,0.0,0.0,0.0,0.0,0.0,0.0,0.0,0.0,0.0,0.0,0.0,0.0,0.0
10,10.0,2235.0,0.0,0.00044742729306487697,0.0,0.0,0.0,0.00044742729306487697,0.0,0.00044742729306487697,0.00044742729306487697,0.9892617449664429,0.9776286353467561,0.6076062639821029,0.9955257270693513,0.9485458612975392,0.0,0.9306487695749441,0.8425055928411633,0.9463087248322148,0.8425055928411633,1.0,0.8389261744966443,0.0022371364653243847,0.0,0.0,0.0,0.0,0.0,0.0,0.0,0.0,0.0,0.0,0.0,0.0,0.0,0.0,0.0,0.0,0.0,0.0,0.00044742729306487697,0.0,0.0,0.0,0.0,0.0,0.00044742729306487697,0.0,0.0,0.00044742729306487697,0.0,0.00044742729306487697,0.0,0.0008948545861297539,0.0,0.00044742729306487697,0.0,0.0,0.00044742729306487697,0.0,0.00044742729306487697,0.0,0.0,0.0,0.0,0.0,0.00044742729306487697,0.0,0.0,0.0,0.0,0.0,0.0,0.0,0.0,0.0,0.0,0.0,0.0,0.0,0.0,0.0,0.0,0.0,0.0,0.0,0.0,0.0,0.0,0.0,0.0,0.0,0.0,0.0,0.0,0.0,0.0,0.0,0.0,0.0,0.0,0.0,0.0,0.0,0.0,0.0,0.0,0.0,0.0,0.0,0.0,0.0,0.0,0.0,0.0,0.0,0.0,0.0,0.0,0.0,0.0
11,11.0,23168.0,0.0,0.001553867403314917,0.001899171270718232,0.001899171270718232,0.0014675414364640883,0.0,0.0018128453038674032,0.0013812154696132596,0.0007769337016574585,0.0003453038674033149,4.316298342541436e-05,0.0005611187845303867,0.0,0.00017265193370165745,0.0001294889502762431,0.0,0.00017265193370165745,0.0,0.00017265193370165745,0.0,0.0,0.9993525552486188,0.0001294889502762431,8.632596685082873e-05,8.632596685082873e-05,4.316298342541436e-05,4.316298342541436e-05,0.0001294889502762431,0.0001294889502762431,0.0,0.0,0.00017265193370165745,0.0,4.316298342541436e-05,1.0,4.316298342541436e-05,8.632596685082873e-05,8.632596685082873e-05,4.316298342541436e-05,0.0,0.001553867403314917,0.0,0.0,0.0,0.0,0.0,0.0,0.00017265193370165745,0.0,0.0,8.632596685082873e-05,0.0,0.0001294889502762431,0.0,0.0,0.0,0.0,0.0,0.0,0.0,0.0,0.0,0.0,0.0,0.0,0.0,4.316298342541436e-05,8.632596685082873e-05,0.0,0.0,0.0,0.0,0.0,0.0,0.0,0.0,0.0,4.316298342541436e-05,0.00021581491712707181,0.0,0.0007337707182320442,0.0,0.0,0.0,0.0,0.0,0.0,0.0,4.316298342541436e-05,0.0,0.00017265193370165745,0.0,0.0,0.0,0.0,0.0,0.0,0.0,0.0,0.0,0.0,4.316298342541436e-05,0.0,0.0,0.0,0.0,0.0,0.0,0.0,0.0,0.0,8.632596685082873e-05,0.0,0.0,0.0,0.0,0.0,0.0,0.0,0.0,0.0
12,12.0,7342.0,0.0,0.7299101062380823,0.7303187142467993,0.1829201852356306,1.0,1.0,0.0,0.0,0.08267502043040044,0.000681013347861618,0.0025878507218741486,0.002179242713157178,0.0,0.0,0.0008172160174339417,0.0,0.0,0.0,0.0,0.0,0.0,0.0025878507218741486,0.0172977390356851,0.02070280577499319,0.013484064287660039,0.014028874965949333,0.014573685644238627,0.01838736039226369,0.023563061836011985,0.013347861618087715,0.013756469626804685,0.010078997548351948,0.024652683192590574,0.01280305093979842,0.00013620266957232362,0.009125578861345683,0.011577226913647508,0.012122037591936802,0.011168618904930537,0.001089621356578589,0.004086080087169709,0.0,0.0,0.0,0.001362026695723236,0.0,0.00013620266957232362,0.0,0.00013620266957232362,0.0,0.0,0.0,0.0,0.0,0.0,0.0,0.0,0.0,0.0,0.0,0.0,0.0,0.0,0.0,0.00013620266957232362,0.0,0.00013620266957232362,0.0,0.0,0.0,0.0,0.0,0.0,0.0,0.0,0.0,0.0,0.0,0.0,0.0,0.0,0.0,0.0,0.0,0.0,0.00013620266957232362,0.00013620266957232362,0.0,0.0,0.0,0.0,0.0,0.0,0.0,0.0,0.0,0.0,0.0,0.0,0.0,0.00013620266957232362,0.00013620266957232362,0.0,0.0,0.00013620266957232362,0.0,0.00027240533914464724,0.0,0.0,0.0,0.00013620266957232362,0.0,0.0,0.0,0.0,0.0,0.0,0.00013620266957232362,0.0,0.0,0.0
13,13.0,74473.0,0.011359821680340526,0.0009399379640943698,0.0012219193533226807,0.001047359445705155,0.0011950639829199845,0.00115478092731594,0.001141353242114592,0.0004968243524498812,0.0006311012044633626,0.9538759013333692,0.9595423844883381,1.0,0.0022692787990278357,0.000953365649295718,0.001436762316544251,0.00045654129684583673,0.00021484296322157024,0.0008325164824835847,0.0011010701865105475,0.0010742148161078512,0.0010742148161078512,0.009453090381749091,2.685537040269628e-05,2.685537040269628e-05,4.028305560404442e-05,4.028305560404442e-05,2.685537040269628e-05,0.0,4.028305560404442e-05,0.0001342768520134814,2.685537040269628e-05,4.028305560404442e-05,4.028305560404442e-05,4.028305560404442e-05,0.0003759751856377479,1.342768520134814e-05,6.71384260067407e-05,1.342768520134814e-05,2.685537040269628e-05,0.009184536677722129,0.0008727995380876291,0.0002954090744296591,0.0001745599076175258,0.00041625824124179236,5.371074080539256e-05,0.00021484296322157024,0.00021484296322157024,0.0001745599076175258,0.0001745599076175258,9.399379640943698e-05,9.399379640943698e-05,0.00014770453721482955,0.0002551260188256147,5.371074080539256e-05,2.685537040269628e-05,0.00010742148161078512,0.00014770453721482955,2.685537040269628e-05,8.056611120808884e-05,4.028305560404442e-05,0.00020141527802022211,6.71384260067407e-05,0.0,8.056611120808884e-05,0.00012084916681213326,6.71384260067407e-05,0.00038940287083909605,0.0008325164824835847,1.342768520134814e-05,5.371074080539256e-05,1.342768520134814e-05,0.00012084916681213326,2.685537040269628e-05,4.028305560404442e-05,1.342768520134814e-05,2.685537040269628e-05,2.685537040269628e-05,0.0,1.342768520134814e-05,0.0001342768520134814,0.0,4.028305560404442e-05,0.0,2.685537040269628e-05,9.399379640943698e-05,2.685537040269628e-05,2.685537040269628e-05,4.028305560404442e-05,0.0,1.342768520134814e-05,1.342768520134814e-05,5.371074080539256e-05,0.0,0.0,0.0,0.0,2.685537040269628e-05,2.685537040269628e-05,5.371074080539256e-05,2.685537040269628e-05,2.685537040269628e-05,5.371074080539256e-05,2.685537040269628e-05,0.0,0.0,4.028305560404442e-05,0.0,1.342768520134814e-05,0.0,6.71384260067407e-05,2.685537040269628e-05,0.0,2.685537040269628e-05,2.685537040269628e-05,0.0,2.685537040269628e-05,2.685537040269628e-05,0.0,2.685537040269628e-05,1.342768520134814e-05,2.685537040269628e-05
14,14.0,7611.0,0.0,1.0,0.0,0.0,1.0,0.0,0.0,0.12324267507554855,0.0,0.00026277755879647877,0.001051110235185915,0.0011824990145841545,0.00013138877939823938,0.00013138877939823938,0.0006569438969911969,0.0,0.0,0.0,0.0,0.0,0.0,0.0022336092497700693,0.007489160425699645,0.007620549205097884,0.00854027066088556,0.009985547234266194,0.00643805019051373,0.007883326763894364,0.01037971357246091,0.00827749310208908,0.009985547234266194,0.0,0.009591380896071476,0.01064249113125739,0.0,0.006569438969911969,0.0032847194849559844,0.005124162396531336,0.004598607278938379,0.0018394429115753514,0.0036788858231507028,0.00039416633819471815,0.0,0.0,0.001051110235185915,0.0,0.0,0.00013138877939823938,0.0,0.0,0.0,0.0,0.00013138877939823938,0.0,0.0,0.0,0.00026277755879647877,0.00026277755879647877,0.0,0.0,0.0,0.0,0.0,0.0,0.0011824990145841545,0.0,0.00039416633819471815,0.00026277755879647877,0.0,0.0,0.00013138877939823938,0.0,0.0,0.0,0.0,0.00013138877939823938,0.0,0.0,0.0,0.0,0.0,0.0,0.0,0.0,0.0,0.0,0.0,0.00039416633819471815,0.00039416633819471815,0.0,0.0,0.00013138877939823938,0.0,0.0,0.0,0.0,0.00039416633819471815,0.0,0.0,0.00013138877939823938,0.00026277755879647877,0.0,0.0,0.0,0.0,0.0,0.00013138877939823938,0.00013138877939823938,0.00013138877939823938,0.0,0.0,0.0,0.0,0.00013138877939823938,0.0,0.0,0.0,0.00013138877939823938,0.00013138877939823938,0.0,0.0
15,15.0,489.0,0.0,1.0,0.06339468302658487,0.18813905930470348,0.36400817995910023,0.08384458077709613,0.0,0.02044989775051125,0.1226993865030675,0.002044989775051125,0.0,0.0,0.002044989775051125,0.0,0.0,0.0,0.0,0.002044989775051125,0.002044989775051125,0.002044989775051125,0.0,0.002044989775051125,0.016359918200409,0.02044989775051125,0.022494887525562373,0.014314928425357875,0.034764826175869123,0.014314928425357875,0.014314928425357875,0.01226993865030675,0.026584867075664625,1.0,0.02044989775051125,0.022494887525562373,0.0,0.014314928425357875,0.006134969325153375,0.0081799591002045,0.010224948875255624,0.00408997955010225,0.002044989775051125,0.002044989775051125,0.0,0.002044989775051125,0.0,0.0,0.0,0.0,0.0,0.0,0.0,0.002044989775051125,0.0,0.0,0.0,0.0,0.0,0.0,0.0,0.002044989775051125,0.0,0.0,0.0,0.0,0.0,0.0,0.0,0.0,0.0,0.0,0.0,0.0,0.0,0.002044989775051125,0.002044989775051125,0.0,0.0,0.0,0.0,0.0,0.0,0.0,0.0,0.0,0.0,0.002044989775051125,0.0,0.0,0.0,0.0,0.0,0.002044989775051125,0.0,0.0,0.0,0.0,0.002044989775051125,0.0,0.0,0.0,0.0,0.0,0.0,0.0,0.0,0.002044989775051125,0.0,0.002044989775051125,0.0,0.002044989775051125,0.0,0.0,0.0,0.0,0.0,0.0,0.0,0.0,0.0,0.0,0.0
16,16.0,71773.0,0.0015186769397963022,0.0,0.0,0.0,0.0,0.038050520390676155,0.0,0.020146851880233515,0.0,0.0,4.1798447884301894e-05,0.0,0.00011146252769147172,0.0007105736140331322,0.0027168991124796233,0.0006548423501873963,0.0006269767182645284,0.00040405166288158496,0.00039011884692015104,0.0005712454544187926,0.00040405166288158496,0.0,0.0,0.006074707759185209,0.005433798224959247,0.0026611678486338874,0.0,0.0,0.004528165187466039,0.0,0.0025775709528652836,0.0,0.0056706560963036235,0.005141209089769133,8.359689576860379e-05,0.0029676897997854344,0.002786563192286793,0.0029537569838240007,0.0026333022167110195,0.027141125492873362,0.0,0.004402769843813133,0.00020899223942150947,0.00026472350326724533,0.0,0.0033299430147827177,0.0008917002215317738,0.0009056330374932077,0.00033438758307441515,0.0003204547671129812,0.002020258314407925,0.00047371574268875483,0.0,0.0005294470065344907,0.00020899223942150947,0.0002925891351901133,0.0006966407980716982,0.0005433798224959246,0.00025079068730581136,0.0006827079821102643,0.0009195658534546417,0.0006548423501873963,0.0005294470065344907,0.00041798447884301894,0.004263441684198794,0.00026472350326724533,0.004082315076700152,0.003566800886127095,0.0004319172948044529,0.0006548423501873963,0.0003622532149972831,0.0006548423501873963,0.008136764521477435,0.0003204547671129812,0.00040405166288158496,0.00012539534365290568,0.00026472350326724533,6.966407980716983e-05,0.002006325498446491,9.752971173003776e-05,0.00045978292672732086,0.00033438758307441515,0.0037339946776643027,0.0029258913519011327,0.00030652195115154726,0.0012539534365290568,0.0031766820392069442,0.0008220361417246039,0.007328661195714265,0.0003204547671129812,0.00012539534365290568,0.0005015813746116227,0.0003483203990358491,0.0005712454544187926,0.00037618603095871707,0.00023685787134437741,0.0002786563192286793,0.00015326097557577363,0.00026472350326724533,0.00040405166288158496,0.0003622532149972831,0.0004458501107658869,5.573126384573586e-05,0.00013932815961433965,0.0015883410196034721,0.0003483203990358491,0.007147534588215624,0.00020899223942150947,0.00022292505538294344,0.00026472350326724533,0.00011146252769147172,0.00011146252769147172,0.00022292505538294344,0.00018112660749864155,0.00023685787134437741,0.00025079068730581136,0.00023685787134437741,0.00025079068730581136,0.0004319172948044529,0.0003483203990358491,0.00030652195115154726
17,17.0,1075.0,0.0,0.9796672828096118,0.9824399260628466,0.9695009242144177,0.9731977818853974,0.9768946395563771,0.9759704251386322,0.9325323475046211,0.9334565619223659,0.0,0.0,0.0,0.0,0.0,0.0,0.0,0.0,0.0,0.0,0.0,0.0,0.0009242144177449168,0.2208872458410351,0.16266173752310537,0.12292051756007394,0.1709796672828096,0.13493530499075784,1.0,0.0,0.1256931608133087,0.0,0.20702402957486138,1.0,0.1210720887245841,0.0,0.08502772643253234,0.1099815157116451,0.0711645101663586,0.1099815157116451,0.0009242144177449168,0.004621072088724584,0.0,0.0,0.0,0.0018484288354898336,0.0,0.0,0.0,0.0,0.0,0.0,0.0,0.0009242144177449168,0.0,0.0,0.0,0.0,0.0,0.0,0.0,0.0,0.0,0.0,0.0,0.0009242144177449168,0.0,0.0,0.0,0.0,0.0,0.0,0.0,0.0,0.0,0.0,0.0,0.0,0.0,0.0027726432532347504,0.0,0.0,0.0,0.0,0.0,0.0,0.0,0.0,0.0,0.0,0.0,0.0,0.0,0.0,0.0,0.0,0.0,0.0,0.0,0.0,0.0,0.0,0.0,0.0,0.0,0.0,0.0,0.0,0.0,0.0,0.0,0.0,0.0,0.0,0.0,0.0,0.0,0.0,0.0,0.0,0.0,0.0
18,18.0,5284.0,0.0,1.0,0.0,0.0,0.0,0.18111279333838,0.1816805450416351,1.0,0.0,0.0,0.00018925056775170325,0.0003785011355034065,0.00018925056775170325,0.00018925056775170325,0.0003785011355034065,0.00018925056775170325,0.0,0.0,0.0,0.0,0.0,0.0028387585162755486,0.00927327781983346,0.012301286903860712,0.013436790310370931,0.007948523845571537,0.010408781226343679,0.013815291445874338,0.00813777441332324,0.00870552611657835,0.00870552611657835,0.005677517032551097,0.010787282361847086,0.011165783497350493,0.0,0.005109765329295988,0.005109765329295988,0.005677517032551097,0.006056018168054504,0.0024602573807721425,0.0024602573807721425,0.00018925056775170325,0.0,0.0,0.0009462528387585163,0.0,0.0,0.0,0.0,0.0,0.0,0.0,0.0,0.0,0.0,0.0,0.0,0.00018925056775170325,0.0,0.0,0.0,0.00018925056775170325,0.0,0.0,0.0,0.0,0.0003785011355034065,0.0,0.0,0.0,0.0,0.0,0.0,0.0,0.0,0.0,0.0,0.0,0.0,0.0,0.0,0.0,0.0,0.00018925056775170325,0.0,0.0,0.0,0.0,0.0005677517032551098,0.0,0.0,0.0,0.00018925056775170325,0.0,0.00018925056775170325,0.0,0.0,0.0,0.0,0.0,0.0,0.0,0.0,0.0,0.0,0.00018925056775170325,0.0,0.00018925056775170325,0.0,0.0,0.0,0.0,0.0,0.0,0.0,0.0,0.0,0.0,0.0,0.0,0.0
19,19.0,3013.0,0.0,0.9601725854629938,0.9651510122801196,0.9644872220378361,0.9664785927646864,0.9644872220378361,0.9644872220378361,1.0,0.9734483903086625,0.0006637902422834385,0.0006637902422834385,0.0,0.0,0.00033189512114171923,0.00033189512114171923,0.0,0.00033189512114171923,0.00033189512114171923,0.00033189512114171923,0.00033189512114171923,0.00033189512114171923,0.001327580484566877,0.1224692997012944,0.0916030534351145,1.0,0.01294390972452705,0.08762031198141387,0.012280119482243612,0.05741785595751743,0.13342183869897115,0.0,0.08363757052771324,0.10089611682708265,0.0,0.0,0.08164619980086293,0.0,0.011284434118818455,0.05310321938267508,0.0,0.005642217059409227,0.0,0.0,0.0,0.002655160969133754,0.0,0.0,0.0,0.00033189512114171923,0.0,0.0,0.0,0.0,0.0,0.0,0.0,0.0,0.0,0.0,0.0,0.0,0.0,0.0,0.0,0.00033189512114171923,0.0,0.00033189512114171923,0.0,0.0,0.0,0.0,0.0,0.0,0.0,0.0,0.0,0.0,0.0,0.00033189512114171923,0.0,0.0,0.0,0.0,0.0,0.0,0.0,0.0,0.0,0.00033189512114171923,0.0,0.0,0.0,0.0,0.0,0.0,0.0,0.0,0.0,0.0,0.0,0.0,0.0,0.0,0.0,0.0,0.0006637902422834385,0.0006637902422834385,0.0,0.0,0.0,0.0,0.0,0.0,0.0,0.0,0.0,0.0,0.0,0.0,0.0,0.0
20,20.0,3520.0,0.0,0.7758229284903518,1.0,0.0,0.7834846765039727,1.0,1.0,0.6589103291713961,1.0,0.000851305334846765,0.000851305334846765,0.00028376844494892167,0.0005675368898978433,0.0,0.0,0.0,0.0,0.0,0.0,0.00028376844494892167,0.0,0.0011350737797956867,0.030079455164585697,0.033200908059023836,0.013053348467650397,0.02695800227014756,0.034619750283768444,0.02866061293984109,0.026674233825198637,0.015039727582292849,0.03234960272417707,0.05278093076049943,0.026674233825198637,0.027809307604994324,0.000851305334846765,0.016458569807037457,0.02894438138479001,0.01362088535754824,0.016458569807037457,0.00170261066969353,0.004824063564131668,0.0,0.0,0.0,0.000851305334846765,0.0,0.0,0.0,0.00028376844494892167,0.0,0.00028376844494892167,0.0,0.0,0.0,0.0,0.0,0.0,0.0,0.0,0.0,0.00028376844494892167,0.0,0.0,0.0,0.000851305334846765,0.0,0.0,0.0,0.0,0.0,0.0,0.0,0.0,0.0,0.0,0.0,0.0,0.0,0.000851305334846765,0.00028376844494892167,0.0,0.0,0.0,0.0,0.0,0.0,0.0,0.00028376844494892167,0.0005675368898978433,0.0,0.0,0.0,0.0,0.0,0.0,0.0,0.0,0.0,0.0,0.0,0.0,0.0,0.0,0.0,0.0,0.0,0.00028376844494892167,0.0,0.0,0.0,0.0,0.0,0.0,0.0,0.0,0.0,0.0,0.0,0.0,0.0,0.0
21,21.0,6338.0,0.0,0.1628273903439571,0.14878510571158093,0.15541180183023037,1.0,0.0,0.0,0.0,1.0,0.0003155569580309246,0.0003155569580309246,0.0003155569580309246,0.0,0.0,0.0004733354370463869,0.0,0.0,0.0,0.0,0.0,0.0,0.0029977911012937838,0.012937835279267909,0.010255601136005049,0.011044493531082361,0.010255601136005049,0.011202272010097823,0.012148942884190597,0.012148942884190597,0.01167560744714421,0.0108867150520669,0.009151151782896813,0.014515620069422532,0.011991164405175135,0.0,0.006311139160618492,0.0045755758914484065,0.0045755758914484065,0.007100031555695803,0.0011044493531082362,0.003313348059324708,0.0001577784790154623,0.0,0.0,0.0009466708740927738,0.0,0.0,0.0001577784790154623,0.0,0.0,0.0,0.0001577784790154623,0.0001577784790154623,0.0,0.0,0.0,0.0,0.0,0.0,0.0,0.0,0.0,0.0,0.0,0.0007888923950773115,0.0,0.0001577784790154623,0.0001577784790154623,0.0,0.0,0.0,0.0,0.0,0.0,0.0,0.0,0.0,0.0,0.0001577784790154623,0.0,0.0,0.0,0.0,0.0,0.0,0.0001577784790154623,0.0003155569580309246,0.0,0.0001577784790154623,0.0,0.0,0.0,0.0,0.0,0.0,0.0,0.0001577784790154623,0.0,0.0,0.0001577784790154623,0.0001577784790154623,0.0,0.0,0.0001577784790154623,0.0,0.0,0.0,0.0,0.0001577784790154623,0.0,0.0,0.0,0.0001577784790154623,0.0,0.0,0.0,0.0001577784790154623,0.0,0.0001577784790154623,0.0,0.0
22,22.0,470.0,0.0,0.03404255319148936,0.0574468085106383,0.06170212765957447,0.010638297872340425,1.0,0.0425531914893617,0.031914893617021274,0.023404255319148935,0.00425531914893617,0.0,0.002127659574468085,0.0,0.0,0.002127659574468085,0.0,0.0,0.0,0.0,0.0,0.0,1.0,0.002127659574468085,0.002127659574468085,0.002127659574468085,0.00425531914893617,0.0,0.002127659574468085,0.006382978723404256,0.002127659574468085,0.00425531914893617,0.006382978723404256,0.00425531914893617,0.006382978723404256,0.11914893617021277,0.002127659574468085,0.002127659574468085,0.00425531914893617,0.00425531914893617,0.06595744680851064,0.006382978723404256,0.0,0.0,0.0,0.0,0.0,0.0,0.010638297872340425,0.0,0.0,0.0,0.0,0.0,0.0,0.0,0.0,0.0,0.0,0.0,0.0,0.0,0.0,0.0,0.0,0.0,0.0,0.0,0.002127659574468085,0.0,0.0,0.0,0.0,0.0,0.0,0.0,0.0,0.0,0.0,0.0,0.0,0.00851063829787234,0.0,0.0,0.0,0.0,0.0,0.0,0.0,0.002127659574468085,0.0,0.0,0.0,0.0,0.0,0.0,0.0,0.0,0.0,0.0,0.0,0.0,0.0,0.0,0.0,0.0,0.0,0.0,0.0,0.0,0.0,0.0,0.0,0.0,0.0,0.0,0.0,0.0,0.0,0.0,0.0,0.0
23,23.0,2082.0,0.0,0.0,0.4048991354466859,0.0,1.0,0.0,1.0,0.2737752161383285,1.0,0.0,0.0,0.0004803073967339097,0.0004803073967339097,0.0,0.0009606147934678194,0.0,0.0,0.0004803073967339097,0.0004803073967339097,0.0,0.0,0.001440922190201729,0.022574447646493755,0.021613832853025938,0.021613832853025938,0.014889529298751201,0.021613832853025938,0.022574447646493755,0.02737752161383285,0.020653218059558116,0.021133525456292025,0.018731988472622477,0.01633045148895293,0.025936599423631124,0.0,0.01536983669548511,0.009125840537944284,0.009606147934678193,0.012487992315081652,0.0004803073967339097,0.0019212295869356388,0.0,0.0,0.0,0.0009606147934678194,0.0,0.0004803073967339097,0.0,0.0,0.0004803073967339097,0.0,0.0,0.0004803073967339097,0.0004803073967339097,0.0004803073967339097,0.0,0.0,0.0,0.0,0.0004803073967339097,0.0004803073967339097,0.0,0.0,0.0,0.0004803073967339097,0.0,0.0,0.0,0.0,0.0,0.0,0.0004803073967339097,0.0,0.0004803073967339097,0.0,0.0004803073967339097,0.0,0.0,0.0,0.0,0.0,0.0,0.0,0.0,0.0,0.0,0.0,0.0,0.0,0.0,0.0,0.0,0.0,0.0,0.0,0.0,0.0,0.0,0.0,0.0004803073967339097,0.0,0.0,0.0,0.0,0.0,0.0,0.0,0.0,0.0,0.0004803073967339097,0.0,0.0,0.0,0.0004803073967339097,0.0,0.0,0.0,0.0,0.0004803073967339097,0.0,0.0004803073967339097
24,24.0,762.0,0.0,0.9933510638297872,0.9893617021276595,0.988031914893617,0.9933510638297872,0.988031914893617,0.9840425531914894,0.9840425531914894,0.9654255319148936,0.0,0.0,0.0,0.0,0.0,0.003989361702127659,0.0,0.0,0.0,0.0,0.0,0.0,0.0,0.8976063829787234,0.13164893617021275,0.16090425531914893,0.13430851063829788,0.19148936170212766,0.09840425531914894,0.8776595744680851,0.8949468085106382,0.16356382978723405,0.1422872340425532,0.5877659574468085,0.1675531914893617,0.0,0.12632978723404256,0.11037234042553191,0.09308510638297872,0.15425531914893617,0.0,0.005319148936170213,0.0013297872340425532,0.0,0.0,0.0013297872340425532,0.0,0.0,0.0,0.0,0.0,0.0,0.0,0.0,0.0,0.0,0.0,0.0013297872340425532,0.0013297872340425532,0.0,0.0,0.0,0.0,0.0,0.0,0.0,0.0,0.0,0.0,0.0,0.0,0.0,0.0,0.0,0.0,0.0,0.0,0.0,0.0,0.0013297872340425532,0.0,0.0,0.0,0.0,0.0,0.0,0.0,0.0,0.0,0.0026595744680851063,0.0,0.0,0.0,0.0,0.0,0.0,0.0,0.0,0.0,0.0,0.0,0.0,0.0,0.0,0.0,0.0,0.0,0.0,0.0,0.0,0.0,0.0,0.0,0.0,0.0,0.0,0.0,0.0,0.0,0.0,0.0,0.0
25,25.0,1266.0,0.017377567140600316,0.0007898894154818325,0.0,0.0,0.001579778830963665,0.0,0.0,0.0,0.0,0.7788309636650869,0.660347551342812,0.7717219589257504,0.966824644549763,0.0,0.0,0.6658767772511848,0.165086887835703,0.0,0.3104265402843602,0.3988941548183254,0.39731437598736175,0.00315955766192733,0.0,0.0,0.0,0.0,0.0,0.0,0.0007898894154818325,0.0007898894154818325,0.0,0.0,0.0,0.0,0.0,0.0,0.0,0.0,0.0,0.002369668246445498,0.002369668246445498,0.0007898894154818325,0.0,0.0007898894154818325,0.0,0.00315955766192733,0.001579778830963665,0.0007898894154818325,0.0,0.0007898894154818325,0.0007898894154818325,0.002369668246445498,0.0,0.001579778830963665,0.0007898894154818325,0.002369668246445498,0.0,0.0,0.001579778830963665,0.0,0.0007898894154818325,0.0,0.0,0.001579778830963665,0.0,0.001579778830963665,0.0,0.0,0.0,0.0,0.0007898894154818325,0.0,0.0,0.0,0.0,0.0007898894154818325,0.0,0.0,0.0007898894154818325,0.0,0.0,0.0,0.0007898894154818325,0.0007898894154818325,0.0,0.0,0.0,0.0,0.0,0.0,0.0,0.0007898894154818325,0.0,0.0,0.0,0.0,0.0,0.0007898894154818325,0.0,0.0,0.0,0.0007898894154818325,0.0,0.0,0.0007898894154818325,0.0,0.0,0.0,0.0,0.0,0.0,0.0,0.0,0.0,0.0,0.0,0.0,0.0,0.0,0.0,0.0
26,26.0,4363.0,0.0,1.0,0.0,0.2243868897547559,0.0,0.0,0.0,0.0,1.0,0.0,0.0,0.00022920009168003668,0.0,0.0,0.00045840018336007336,0.0,0.00022920009168003668,0.0,0.0,0.0,0.0,0.0016044006417602567,0.009855603942241577,0.00962640385056154,0.008709603483841394,0.00962640385056154,0.00756360302544121,0.007334402933761174,0.011001604400641761,0.006646802658721064,0.009168003667201467,0.0,0.00756360302544121,0.010772404308961724,0.0,0.005271602108640844,0.005271602108640844,0.0027504011001604402,0.005271602108640844,0.0032088012835205133,0.0025212010084804033,0.0,0.0,0.0,0.0006876002750401101,0.0,0.0,0.0,0.00022920009168003668,0.0,0.0,0.0,0.0,0.0,0.0,0.0,0.0,0.0,0.0,0.0,0.0,0.0,0.0,0.0,0.0,0.0,0.0,0.0,0.0,0.0,0.0,0.0,0.0,0.0,0.00022920009168003668,0.0,0.0,0.0,0.0,0.0,0.0,0.0,0.0,0.0,0.0,0.0,0.0,0.0,0.0006876002750401101,0.0,0.0,0.0,0.0,0.0,0.0,0.0,0.0,0.0,0.0,0.0,0.0,0.0,0.0,0.0,0.0,0.0,0.0,0.0,0.0,0.0,0.0,0.0,0.0,0.0,0.0,0.0,0.0,0.0,0.0,0.0,0.0
27,27.0,1635.0,0.0,0.0,0.37614678899082565,0.9999999999999999,0.0,0.0,0.9999999999999999,0.9999999999999999,0.0,0.0,0.0,0.0,0.0,0.0,0.0,0.0,0.0,0.0,0.0,0.0,0.0,0.0006116207951070336,0.020183486238532108,0.016513761467889906,0.020795107033639144,0.01529051987767584,0.021406727828746176,0.021406727828746176,0.015902140672782873,0.02874617737003058,0.01712538226299694,0.019571865443425075,0.016513761467889906,0.020795107033639144,0.0,0.00672782874617737,0.009174311926605503,0.012232415902140671,0.00672782874617737,0.003058103975535168,0.0036697247706422016,0.0,0.0,0.0,0.004892966360856269,0.0,0.0,0.0,0.0,0.0,0.0,0.0,0.0,0.0,0.0,0.0,0.0,0.0,0.0,0.0,0.0,0.0,0.0,0.0,0.0,0.0,0.0,0.0,0.0,0.0,0.0,0.0,0.0,0.0,0.0,0.0,0.0,0.0012232415902140672,0.0006116207951070336,0.0,0.0,0.0,0.0,0.0,0.0,0.0,0.0,0.0,0.0006116207951070336,0.0,0.0,0.0,0.0,0.0,0.0,0.0,0.0,0.0,0.0,0.0,0.0,0.0,0.0,0.0,0.0,0.0,0.0,0.0,0.0,0.0,0.0,0.0,0.0,0.0,0.0,0.0,0.0,0.0,0.0,0.0,0.0
28,28.0,568.0,0.0,0.0,0.0,0.0,0.0,0.0,0.0,0.0,0.0,1.0,1.0,0.9982394366197184,1.0,0.9929577464788732,1.0,0.9982394366197184,0.8732394366197184,1.0,1.0,0.0,0.875,0.0,0.0,0.0,0.0,0.0,0.0,0.0,0.0,0.0,0.0,0.0,0.0,0.0,0.0,0.0,0.0,0.0,0.0,0.9964788732394366,0.869718309859155,1.0,0.8767605633802817,0.0,0.875,1.0,0.9982394366197184,1.0,0.0,1.0,1.0,0.8556338028169014,1.0,1.0,0.9788732394366197,0.875,0.8573943661971831,0.9982394366197184,0.0,1.0,0.8556338028169014,0.8573943661971831,1.0,0.0035211267605633804,1.0,0.017605633802816902,0.9982394366197184,0.9982394366197184,0.0,1.0,0.8767605633802817,0.9964788732394366,0.8573943661971831,1.0,1.0,1.0,0.9982394366197184,0.8767605633802817,0.9964788732394366,1.0,0.0,1.0,1.0,1.0,0.9964788732394366,1.0,0.8556338028169014,1.0,0.0,1.0,0.9982394366197184,1.0,1.0,0.9929577464788732,1.0,0.8767605633802817,1.0,1.0,1.0,1.0,1.0,0.8732394366197184,0.9929577464788732,1.0,0.8556338028169014,0.8573943661971831,0.0,1.0,1.0,1.0,1.0,0.8556338028169014,0.9929577464788732,1.0,1.0,0.9964788732394366,1.0,1.0,1.0,0.9982394366197184,0.875
29,29.0,11738.0,0.9061168853296984,0.00025558016697904245,0.0004259669449650707,0.0001703867779860283,0.00025558016697904245,0.00025558016697904245,0.0003407735559720566,0.0003407735559720566,0.00025558016697904245,0.015760776963707618,0.017209064576588856,0.987646958596013,1.0,0.01678309763162379,0.005963537229510991,0.011330720736070882,0.009200886011245527,0.007241438064406203,0.009200886011245527,0.006900664508434146,0.006133924007497018,0.0012779008348952122,8.519338899301415e-05,0.0003407735559720566,8.519338899301415e-05,0.00025558016697904245,0.0003407735559720566,0.0001703867779860283,0.0003407735559720566,0.0003407735559720566,0.000596353722951099,0.0001703867779860283,8.519338899301415e-05,8.519338899301415e-05,0.0005111603339580849,0.0,0.00025558016697904245,0.00025558016697904245,0.0003407735559720566,0.0016186743908672687,0.0034077355597205657,0.0008519338899301414,0.0003407735559720566,0.0007667405009371273,0.0001703867779860283,0.002300221502811382,0.0025558016697904244,0.0005111603339580849,0.00025558016697904245,0.0003407735559720566,0.0004259669449650707,0.0027261884477764527,0.0025558016697904244,0.0008519338899301414,0.0003407735559720566,0.00025558016697904245,0.0007667405009371273,0.0001703867779860283,0.00025558016697904245,0.0005111603339580849,0.0017038677798602829,0.0001703867779860283,0.00025558016697904245,0.000596353722951099,8.519338899301415e-05,0.0006815471119441132,0.0001703867779860283,0.0005111603339580849,0.0001703867779860283,0.002385414891804396,0.0001703867779860283,0.00247060828079741,0.0005111603339580849,0.00025558016697904245,0.000596353722951099,0.00025558016697904245,0.0005111603339580849,0.0001703867779860283,0.00025558016697904245,0.0001703867779860283,0.0001703867779860283,0.0003407735559720566,0.000596353722951099,0.00025558016697904245,0.00025558016697904245,0.00025558016697904245,8.519338899301415e-05,0.0003407735559720566,0.0004259669449650707,0.0,0.0004259669449650707,0.00025558016697904245,0.0005111603339580849,0.0005111603339580849,0.00025558016697904245,0.000596353722951099,0.0004259669449650707,0.0003407735559720566,0.00025558016697904245,0.0005111603339580849,0.0005111603339580849,0.0020446413358323396,0.00025558016697904245,0.0004259669449650707,0.00025558016697904245,0.00025558016697904245,8.519338899301415e-05,0.00025558016697904245,0.00025558016697904245,0.0001703867779860283,0.00025558016697904245,0.0001703867779860283,0.0004259669449650707,0.0003407735559720566,0.0004259669449650707,0.0003407735559720566,0.00025558016697904245,0.0003407735559720566,0.0001703867779860283,0.0004259669449650707,0.0001703867779860283
30,30.0,443.0,0.0,0.0654627539503386,0.09255079006772009,0.2618510158013544,0.38374717832957106,0.9999999999999999,0.0,0.03160270880361173,0.0,0.0,0.0,0.0,0.002257336343115124,0.0,0.002257336343115124,0.0,0.0,0.0,0.0,0.0,0.002257336343115124,0.0,0.015801354401805866,0.015801354401805866,0.009029345372460496,0.004514672686230248,0.009029345372460496,0.01128668171557562,0.009029345372460496,0.015801354401805866,0.9999999999999999,0.020316027088036117,0.01805869074492099,0.020316027088036117,0.002257336343115124,0.009029345372460496,0.004514672686230248,0.004514672686230248,0.009029345372460496,0.002257336343115124,0.006772009029345372,0.0,0.0,0.0,0.0,0.0,0.0,0.002257336343115124,0.002257336343115124,0.0,0.0,0.002257336343115124,0.0,0.0,0.0,0.0,0.0,0.0,0.0,0.0,0.0,0.0,0.002257336343115124,0.0,0.0,0.0,0.0,0.0,0.0,0.0,0.002257336343115124,0.0,0.002257336343115124,0.0,0.002257336343115124,0.0,0.0,0.0,0.0,0.0,0.0,0.0,0.002257336343115124,0.0,0.0,0.002257336343115124,0.0,0.0,0.0,0.002257336343115124,0.0,0.0,0.0,0.002257336343115124,0.0,0.0,0.0,0.002257336343115124,0.0,0.0,0.0,0.0,0.0,0.0,0.0,0.002257336343115124,0.0,0.0,0.0,0.0,0.0,0.0,0.0,0.0,0.0,0.0,0.0,0.002257336343115124,0.0,0.0,0.0
31,31.0,4197.0,0.0,0.0,0.0,0.2282582797236121,0.0,0.0,1.0,0.0,1.0,0.0,0.0,0.0,0.0,0.0,0.0004765308553728854,0.0,0.0,0.0,0.0,0.0,0.0,0.0028591851322373124,0.007624493685966166,0.00881582082439838,0.005718370264474625,0.010007147962830594,0.00976888253514415,0.009530617107457708,0.011198475101262807,0.01143674052894925,0.007386228258279724,0.002382654276864427,0.009054086252084823,0.007862759113652609,0.0,0.0033357159876101976,0.006433166547533953,0.004050512270669526,0.0061949011198475104,0.0009530617107457708,0.004765308553728854,0.0004765308553728854,0.0,0.0,0.0011913271384322134,0.0,0.0,0.0,0.0,0.0,0.0,0.0,0.0,0.0,0.0,0.0,0.0004765308553728854,0.0004765308553728854,0.0,0.0,0.0,0.0,0.0,0.0,0.0002382654276864427,0.0,0.0,0.0,0.0,0.0,0.0,0.0002382654276864427,0.0,0.0,0.0,0.0,0.0,0.0,0.0,0.0,0.0,0.0,0.0,0.0,0.0,0.0002382654276864427,0.0,0.0,0.0004765308553728854,0.0,0.0,0.0,0.0,0.0,0.0,0.0,0.0,0.0,0.0,0.0,0.0,0.0,0.0,0.0,0.0,0.0,0.0004765308553728854,0.0,0.0,0.0,0.0,0.0,0.0,0.0,0.0,0.0,0.0,0.0,0.0,0.0,0.0
32,32.0,3149.0,0.0,0.9714376388448112,0.9650904474769914,0.974611234528721,0.9708029197080291,0.972389717549984,0.9717549984132021,0.9999999999999999,0.8974928594097111,0.00031735956839098697,0.0,0.0,0.0,0.0,0.0,0.0,0.0,0.0,0.0,0.0,0.0,0.0,0.01808949539828626,0.08695652173913043,0.0012694382735639479,0.10631545541098063,0.08695652173913043,0.12567438908283085,0.06791494763567121,0.9999999999999999,0.0,0.08695652173913043,0.0006347191367819739,0.0,0.0,0.060298317994287524,0.06442399238337035,0.0,0.0609330371310695,0.0015867978419549348,0.00412567438908283,0.0,0.0,0.0,0.0006347191367819739,0.0,0.0,0.0,0.0,0.0,0.0,0.0,0.0,0.0,0.0,0.0,0.0,0.0,0.0,0.0,0.0,0.0,0.0,0.0,0.0,0.0,0.0,0.0,0.0,0.0,0.0,0.0,0.0,0.0,0.0,0.0,0.0,0.0,0.00031735956839098697,0.0,0.0,0.0,0.0,0.0,0.0,0.0,0.0,0.0,0.0006347191367819739,0.0,0.0,0.0,0.0,0.0,0.0,0.0,0.0,0.0,0.0,0.0,0.0,0.0,0.0,0.0,0.00031735956839098697,0.0,0.0,0.0,0.0,0.0,0.0,0.0,0.0,0.0,0.0,0.0,0.0,0.0,0.0,0.0,0.0
33,33.0,264.0,0.0,0.011363636363636364,0.42045454545454547,0.011363636363636364,0.9848484848484849,0.022727272727272728,0.9962121212121212,0.2689393939393939,0.015151515151515152,0.0,0.0,0.0,0.0,0.0,0.0,0.0,0.0,0.0,0.0,0.0,0.0,0.0,0.011363636363636364,0.5113636363636364,0.01893939393939394,0.003787878787878788,0.015151515151515152,0.011363636363636364,0.01893939393939394,0.01893939393939394,0.030303030303030304,0.022727272727272728,0.571969696969697,0.011363636363636364,0.0,0.007575757575757576,0.007575757575757576,0.011363636363636364,0.015151515151515152,0.0,0.011363636363636364,0.0,0.0,0.0,0.0,0.0,0.0,0.0,0.0,0.0,0.0,0.0,0.0,0.0,0.0,0.0,0.0,0.0,0.0,0.0,0.0,0.0,0.0,0.0,0.0,0.0,0.0,0.0,0.0,0.0,0.0,0.0,0.0,0.0,0.0,0.0,0.0,0.0,0.0,0.0,0.0,0.0,0.0,0.0,0.0,0.0,0.0,0.0,0.0,0.0,0.0,0.0,0.0,0.0,0.0,0.0,0.0,0.0,0.0,0.0,0.0,0.0,0.0,0.0,0.0,0.0,0.0,0.0,0.0,0.0,0.0,0.0,0.0,0.0,0.0,0.0,0.0,0.0,0.0,0.0,0.0
34,34.0,2697.0,0.0,0.9992684711046087,0.9981711777615216,0.9981711777615216,0.9989027066569129,0.9978054133138259,0.9985369422092173,0.9992684711046087,0.9989027066569129,0.0010972933430870519,0.000365764447695684,0.0,0.0010972933430870519,0.000365764447695684,0.001463057790782736,0.000365764447695684,0.0010972933430870519,0.000365764447695684,0.0010972933430870519,0.000365764447695684,0.0010972933430870519,0.0010972933430870519,0.9612289685442575,0.958302852962692,0.971104608632041,0.9608632040965619,0.958302852962692,0.9623262618873446,0.9568397951719093,0.9546452084857352,0.9648866130212144,0.9670811997073885,0.951353328456474,0.955010972933431,0.000731528895391368,0.893562545720556,1.0,0.8580833942940747,1.0,0.00365764447695684,0.00548646671543526,0.000365764447695684,0.000365764447695684,0.000365764447695684,0.0010972933430870519,0.000731528895391368,0.0,0.0,0.0,0.0,0.0,0.0,0.0,0.0,0.0,0.0,0.0,0.0,0.0,0.0,0.0,0.0,0.0,0.0,0.0010972933430870519,0.0,0.0,0.0,0.0,0.0,0.0,0.0,0.0,0.0,0.0,0.0,0.0,0.001463057790782736,0.0,0.0,0.000731528895391368,0.0,0.0,0.0,0.0,0.0,0.0,0.000365764447695684,0.000365764447695684,0.0,0.000731528895391368,0.0,0.0,0.0,0.001463057790782736,0.0,0.0,0.0,0.000731528895391368,0.0,0.0,0.000731528895391368,0.0,0.0,0.0,0.0,0.000731528895391368,0.0,0.0,0.0,0.0,0.000731528895391368,0.0,0.0,0.0,0.0,0.0,0.0,0.0,0.0,0.0
35,35.0,15884.0,0.0,0.0016368672878368168,0.0008184336439184084,0.001007302946361118,0.001070259380508688,0.0009443465122135481,0.0009443465122135481,0.0011332158146562577,0.0006925207756232686,0.9990556534877864,0.9971669604633593,0.9999999999999999,0.991941576429111,0.9999999999999999,0.9999999999999999,0.9179048098715687,0.9408209519012842,0.9999999999999999,0.9471795517501888,0.9999999999999999,0.9999999999999999,0.0016368672878368168,0.0,6.295643414756988e-05,0.0,0.00018886930244270964,0.0,6.295643414756988e-05,6.295643414756988e-05,6.295643414756988e-05,0.00012591286829513975,6.295643414756988e-05,0.0,0.00018886930244270964,0.0,0.0,0.0,0.0,6.295643414756988e-05,0.0011332158146562577,0.0012591286829513975,0.0,0.0,0.0,0.0,0.0028959959707882143,0.0028959959707882143,0.0028330395366406446,0.0,0.0032737345756736337,0.0028330395366406446,0.002958952404935784,0.0,0.0030219088390833542,0.0018886930244270963,0.003525560312263913,0.0,0.0,0.003462603878116343,0.0,0.0002518257365902795,0.0,0.0,0.000503651473180559,0.0,0.0002518257365902795,0.0,6.295643414756988e-05,0.0,0.0,0.0,0.0,0.0,0.0,0.0,0.0,0.0,0.0,0.0,0.0,0.0,0.0,0.0,0.0,0.0,0.0,0.0,0.0,0.0,0.0,0.0,0.0,0.0,0.0,0.0,0.0,0.0,0.0,0.0,0.0,0.0,0.0,0.0,0.0,0.0,0.0,0.0,0.0,0.0,0.0,0.0,0.0,0.0,0.0,0.0,0.0,0.0,0.0,0.0,0.0,0.0
36,36.0,8156.0,0.0,0.003678273663560569,0.0002452182442373713,0.0004904364884747426,0.0003678273663560569,0.00012260912211868564,0.0002452182442373713,0.00012260912211868564,0.0003678273663560569,0.9991417361451692,0.9982834722903384,0.0,0.9963217263364395,0.9504659146640511,1.0,0.9917851888180481,0.9513241785188818,1.0,1.0,1.0,1.0,0.0060078469838155965,0.0,0.0,0.0,0.0,0.0,0.0,0.0,0.0,0.0,0.0,0.0,0.00012260912211868564,0.0,0.0,0.0,0.0,0.0,0.004659146640510054,0.000980872976949485,0.0003678273663560569,0.0003678273663560569,0.0003678273663560569,0.0,0.0004904364884747426,0.0007356547327121138,0.0003678273663560569,0.0,0.0006130456105934282,0.0004904364884747426,0.0006130456105934282,0.00012260912211868564,0.0002452182442373713,0.0,0.0003678273663560569,0.0,0.0,0.0007356547327121138,0.0,0.0008582638548307994,0.0,0.0,0.0012260912211868565,0.0,0.0007356547327121138,0.0002452182442373713,0.0,0.0,0.0,0.0,0.0,0.0,0.0,0.0,0.0,0.0,0.0,0.0,0.0,0.0,0.0,0.0,0.0,0.0,0.0,0.0,0.0,0.0,0.0,0.0,0.0,0.0,0.0,0.0,0.0,0.0,0.0,0.0,0.0,0.0,0.0,0.0,0.0,0.0,0.0,0.0,0.0,0.0,0.0,0.0,0.0,0.0,0.0,0.0,0.0,0.0,0.0,0.0,0.0,0.0
37,37.0,3100.0,0.0,0.9699806326662362,0.9625564880568108,0.9715945771465461,0.9693350548741123,0.9677211103938024,0.9703034215622982,0.8996126533247256,0.973208521626856,0.00032278889606197545,0.0,0.0,0.0,0.0,0.00032278889606197545,0.0,0.0,0.0,0.0,0.0,0.0,0.0009683666881859263,0.00032278889606197545,0.08263395739186571,0.0,0.0,0.07843770174306003,0.0,0.08715300193673337,0.08457069076823756,0.0894125242091672,0.08392511297611362,0.9999999999999999,0.08586184635248546,0.0,0.06972240154938669,0.06617172369270496,0.0,0.0,0.0006455777921239509,0.005810200129115558,0.0,0.0,0.0,0.0012911555842479018,0.0,0.0,0.0,0.0,0.0,0.0,0.0,0.0,0.0,0.0,0.0,0.0,0.0,0.0,0.0,0.0,0.0,0.0,0.0,0.0009683666881859263,0.0,0.0,0.0,0.0,0.0,0.0,0.0,0.0,0.0,0.0,0.0,0.0,0.00032278889606197545,0.0012911555842479018,0.0,0.0,0.0,0.0,0.0,0.0,0.0,0.0,0.0,0.00032278889606197545,0.0,0.0,0.0,0.0,0.0,0.0,0.0,0.0,0.0,0.0,0.0,0.0,0.0,0.0,0.0,0.0,0.0,0.00032278889606197545,0.0,0.0,0.0,0.00032278889606197545,0.0,0.0,0.0,0.0,0.0,0.0,0.0,0.0,0.0,0.0
38,38.0,4563.0,0.0,0.0,0.0,0.0,0.0,1.0,0.20096427788735483,1.0,0.10190664036817884,0.0,0.0,0.0,0.0,0.0,0.00043830813061582295,0.0,0.0,0.00021915406530791147,0.0,0.0,0.0,0.0006574621959237344,0.012491781722550954,0.009204470742932281,0.010738549200087662,0.010081087004163929,0.01030024106947184,0.005478851632697786,0.01030024106947184,0.0,0.00745123822046899,0.0,0.010081087004163929,0.008327854481700637,0.0,0.005478851632697786,0.005259697567389875,0.005040543502081964,0.003725619110234495,0.0006574621959237344,0.002410694718387026,0.0,0.0,0.00021915406530791147,0.0006574621959237344,0.0,0.0,0.0,0.0,0.0,0.0,0.00021915406530791147,0.0,0.0,0.0,0.0,0.0,0.0,0.0,0.0,0.0,0.0,0.0,0.00021915406530791147,0.0,0.0,0.00043830813061582295,0.0,0.0,0.0,0.0,0.0,0.0,0.0,0.00021915406530791147,0.00021915406530791147,0.0,0.0,0.00021915406530791147,0.0,0.0,0.0,0.0,0.00021915406530791147,0.0,0.00021915406530791147,0.0,0.0,0.00021915406530791147,0.0,0.0,0.0,0.0,0.0,0.00021915406530791147,0.00021915406530791147,0.0,0.0,0.0,0.0,0.0,0.0,0.0,0.0,0.0,0.0,0.00043830813061582295,0.00021915406530791147,0.0,0.00021915406530791147,0.0,0.0,0.0,0.00021915406530791147,0.0,0.0,0.0,0.0,0.0,0.0,0.00021915406530791147
39,39.0,1239.0,0.0,0.9298952457695406,0.9202256244963739,0.9331184528605962,0.9057211925866236,0.9057211925866236,0.9500402900886381,1.0,0.0,0.0,0.0,0.0,0.0,0.0,0.0008058017727639,0.0,0.0,0.0,0.0,0.0,0.0,0.0016116035455278,0.0781627719580983,0.0676873489121676,0.0781627719580983,0.06607574536663981,0.062046736502820304,0.0991136180499597,1.0,0.0878323932312651,0.07332796132151491,0.0692989524576954,0.0741337630942788,0.0596293311845286,0.0008058017727639,0.0410958904109589,0.0354552780016116,0.0378726833199033,0.0410958904109589,0.0008058017727639,0.0040290088638195,0.0,0.0,0.0,0.0,0.0,0.0,0.0,0.0,0.0,0.0,0.0,0.0,0.0,0.0,0.0,0.0,0.0,0.0,0.0,0.0,0.0,0.0,0.0,0.0,0.0,0.0,0.0,0.0,0.0,0.0,0.0,0.0,0.0,0.0,0.0,0.0,0.0,0.0016116035455278,0.0,0.0,0.0,0.0,0.0,0.0,0.0,0.0,0.0,0.0,0.0,0.0,0.0,0.0,0.0,0.0,0.0,0.0,0.0,0.0,0.0,0.0,0.0,0.0,0.0,0.0,0.0,0.0008058017727639,0.0,0.0,0.0,0.0,0.0,0.0,0.0,0.0,0.0,0.0,0.0,0.0,0.0,0.0
40,40.0,8780.0,0.0,1.0,1.0,0.0,0.22574031890660592,0.0,0.0,0.0,0.0,0.00011389521640091117,0.00011389521640091117,0.00022779043280182233,0.00011389521640091117,0.0,0.00045558086560364467,0.0,0.0,0.0,0.0,0.0,0.0,0.0029612756264236905,0.010478359908883827,0.010364464692482917,0.008997722095671982,0.011389521640091117,0.008428246013667427,0.012186788154897495,0.011958997722095672,0.008314350797266515,0.01161731207289294,0.0046697038724373575,0.011161731207289294,0.010250569476082005,0.0,0.005239179954441914,0.004441913439635536,0.00580865603644647,0.00489749430523918,0.0017084282460136675,0.0037585421412300686,0.0005694760820045559,0.0,0.0,0.0015945330296127562,0.0,0.0,0.0,0.0,0.0,0.0,0.0,0.0,0.0,0.0,0.0,0.0003416856492027335,0.00045558086560364467,0.0,0.0,0.0,0.0,0.0,0.0,0.0005694760820045559,0.0,0.00011389521640091117,0.0,0.0,0.0,0.0,0.0,0.0,0.0,0.0,0.0,0.0,0.0,0.0,0.0,0.00011389521640091117,0.0,0.0,0.0,0.0,0.00011389521640091117,0.0,0.0,0.00045558086560364467,0.0,0.0,0.0,0.0,0.0,0.0,0.0,0.0,0.0,0.0,0.0,0.0,0.0,0.0,0.0,0.0,0.0,0.0,0.0,0.0,0.0,0.0,0.0,0.0,0.0,0.0,0.0,0.0,0.0,0.0,0.0,0.0
41,41.0,762.0,0.0,0.9986824769433466,0.9960474308300395,0.9960474308300395,0.9920948616600791,0.9934123847167325,0.9973649538866931,0.9907773386034257,0.9947299077733861,0.0,0.0,0.0,0.0013175230566534915,0.0,0.002635046113306983,0.0,0.0,0.0,0.0,0.0,0.0,0.0013175230566534915,0.23056653491436102,0.7865612648221344,0.8458498023715415,0.23451910408432147,0.08959156785243742,0.3096179183135705,0.9038208168642952,0.852437417654809,0.6574440052700923,0.6719367588932806,0.32015810276679846,0.3096179183135705,0.0,0.4176548089591568,0.16073781291172595,0.18181818181818182,0.1870882740447958,0.0,0.006587615283267458,0.0,0.0,0.0,0.002635046113306983,0.0,0.0,0.0,0.0,0.0,0.0,0.0,0.0,0.0,0.0,0.0,0.0,0.0,0.0,0.0,0.0,0.0,0.0,0.0,0.0,0.0,0.0,0.0,0.0,0.0,0.0,0.0,0.0,0.0,0.0,0.0,0.0,0.0,0.0,0.0,0.0,0.0,0.0,0.0,0.0,0.0,0.0,0.0,0.0,0.0,0.0,0.0,0.0,0.0,0.0,0.0,0.0,0.0,0.0,0.0,0.0,0.0,0.0,0.0,0.0,0.0,0.0013175230566534915,0.0,0.0,0.0,0.0,0.0,0.0,0.0,0.0,0.0,0.0,0.0,0.0,0.0,0.0
42,42.0,3772.0,0.0,0.0,1.0,0.0,0.0,0.0,0.0,0.0,0.0,0.0007953340402969248,0.0005302226935312832,0.0018557794273594912,0.0,0.0,0.004506892895015907,0.0,0.0002651113467656416,0.0,0.0005302226935312832,0.0002651113467656416,0.0002651113467656416,0.001325556733828208,0.0,0.04957582184517498,0.04878048780487805,0.05010604453870626,0.05090137857900319,0.0,0.05911983032873808,0.04957582184517498,0.05328738069989396,0.05249204665959704,0.04321314952279958,0.050371155885471905,0.0005302226935312832,0.03022269353128314,0.025980911983032876,0.02492046659597031,0.027571580063626727,0.05726405090137859,0.0363202545068929,0.002651113467656416,0.0,0.0,0.015641569459172854,0.0,0.0,0.0007953340402969248,0.0005302226935312832,0.0,0.0002651113467656416,0.0,0.0002651113467656416,0.0,0.0,0.0,0.0029162248144220574,0.0029162248144220574,0.0002651113467656416,0.0,0.0,0.0002651113467656416,0.0,0.0,0.0029162248144220574,0.0,0.0021208907741251328,0.0015906680805938497,0.0,0.0,0.0,0.0002651113467656416,0.0002651113467656416,0.0,0.0,0.0,0.0,0.0002651113467656416,0.002651113467656416,0.0,0.0002651113467656416,0.0,0.0,0.0,0.0002651113467656416,0.0,0.0,0.0002651113467656416,0.0021208907741251328,0.0,0.0,0.0002651113467656416,0.0,0.0002651113467656416,0.0,0.0,0.0,0.0,0.0,0.0,0.0002651113467656416,0.0,0.0002651113467656416,0.0002651113467656416,0.0007953340402969248,0.0,0.0015906680805938497,0.0,0.0,0.0,0.0,0.0,0.0,0.0,0.0002651113467656416,0.0002651113467656416,0.0005302226935312832,0.0,0.0,0.0005302226935312832,0.0
43,43.0,6889.0,0.0,0.0,0.14472347220206125,0.0,0.9999999999999999,0.14341704166061836,0.14240092901727391,0.9999999999999999,0.07316011032080127,0.00029031789809841774,0.00014515894904920887,0.00029031789809841774,0.00029031789809841774,0.00014515894904920887,0.0005806357961968355,0.00029031789809841774,0.0,0.0,0.0,0.0,0.0,0.0026128610828857596,0.012048192771084336,0.01030628538249383,0.011177239076789082,0.008274060095804905,0.010015967484395412,0.00885469589200174,0.0114675569748875,0.00885469589200174,0.01175787487298592,0.009435331688198576,0.008128901146755697,0.009870808535346203,0.0,0.005951516911017564,0.004645086369574684,0.00914501379010016,0.005951516911017564,0.0027580200319349685,0.002467702133836551,0.00029031789809841774,0.00014515894904920887,0.0,0.0013064305414428798,0.0,0.00014515894904920887,0.00029031789809841774,0.0,0.00014515894904920887,0.00014515894904920887,0.00014515894904920887,0.0,0.0,0.00014515894904920887,0.0,0.0,0.0,0.00014515894904920887,0.0,0.00014515894904920887,0.0,0.0,0.0,0.00029031789809841774,0.0,0.00014515894904920887,0.0,0.0,0.0,0.0,0.0,0.0,0.0,0.0,0.00029031789809841774,0.0,0.0,0.0,0.0,0.00029031789809841774,0.00014515894904920887,0.0,0.00014515894904920887,0.0,0.0,0.0,0.00014515894904920887,0.0005806357961968355,0.00014515894904920887,0.0,0.00014515894904920887,0.00029031789809841774,0.0,0.00014515894904920887,0.0,0.0,0.0,0.0,0.0,0.00014515894904920887,0.0,0.0,0.0,0.0,0.0,0.0007257947452460443,0.00014515894904920887,0.0,0.00029031789809841774,0.00014515894904920887,0.00029031789809841774,0.00014515894904920887,0.00014515894904920887,0.0,0.0,0.0,0.0,0.0,0.0,0.0
44,44.0,8558.0,0.0,0.0,1.0,0.0,0.0,1.0,0.0,0.10411311053984576,0.11474643608319701,0.00011684973124561814,0.00035054919373685443,0.0005842486562280907,0.0,0.0,0.00035054919373685443,0.0,0.0,0.0,0.0,0.0,0.0,0.0005842486562280907,0.0,0.01004907688712316,0.008997429305912597,0.008997429305912597,0.010867025005842487,0.0021032951624211267,0.009698527693386305,0.008880579574666978,0.007127833605982707,0.009347978499649452,0.007244683337228324,0.007127833605982707,0.0,0.005959336293526525,0.0051413881748071984,0.003856041131105399,0.00502453844356158,0.002687543818649217,0.003622341668614162,0.0,0.0,0.0,0.0009347978499649451,0.00011684973124561814,0.0,0.0,0.0,0.0,0.0,0.0,0.0,0.0,0.0,0.0,0.0,0.0,0.0,0.0,0.0,0.0,0.0,0.0,0.00046739892498247256,0.0,0.0,0.0,0.0,0.0,0.0,0.0,0.0,0.0,0.0,0.0,0.0,0.00011684973124561814,0.00011684973124561814,0.0,0.00011684973124561814,0.0,0.0,0.0,0.0,0.0,0.0,0.0,0.00035054919373685443,0.0,0.0,0.0,0.0,0.0,0.0,0.0,0.0,0.0,0.0,0.0,0.0,0.0,0.0,0.0,0.0,0.0,0.00011684973124561814,0.0,0.0,0.0,0.0,0.0,0.0,0.0,0.0,0.00011684973124561814,0.0,0.0,0.0,0.0,0.0
45,45.0,3031.0,0.0,0.7859498680738786,1.0,1.0,1.0,1.0,0.0,1.0,0.33344327176781,0.00032981530343007914,0.00032981530343007914,0.0006596306068601583,0.0,0.0,0.0006596306068601583,0.0,0.0,0.0,0.0,0.0,0.0,0.0016490765171503956,0.03067282321899736,0.0379287598944591,0.025395778364116096,0.024406332453825858,0.043535620052770445,0.02275725593667546,0.009564643799472295,0.02308707124010554,0.02671503957783641,0.0,0.027704485488126648,0.04386543535620053,0.0006596306068601583,0.017150395778364115,0.025395778364116096,0.01517150395778364,0.017150395778364115,0.0006596306068601583,0.0079155672823219,0.0,0.0,0.0,0.0013192612137203166,0.0,0.0,0.0,0.0,0.0,0.0,0.0,0.0,0.0,0.0,0.0,0.0,0.0,0.0,0.0,0.0,0.0,0.0,0.0,0.0,0.0,0.00032981530343007914,0.0,0.0,0.0,0.0,0.0,0.0,0.0,0.0,0.0,0.0,0.0,0.00032981530343007914,0.0,0.0,0.0,0.0,0.0,0.0,0.0,0.0,0.0,0.00032981530343007914,0.0,0.0,0.0,0.0,0.0,0.0,0.0,0.0,0.0,0.0,0.0,0.0,0.0,0.0,0.00032981530343007914,0.00032981530343007914,0.0,0.0,0.0,0.0,0.0,0.0,0.0,0.0,0.0,0.0,0.0,0.0,0.0,0.0,0.0,0.0
46,46.0,8755.0,0.0,0.0,0.23221016561964591,1.0,0.0,0.0,1.0,0.0,0.0,0.0,0.0003426613363792119,0.0005711022272986865,0.0001142204454597373,0.0,0.0004568817818389492,0.0,0.0,0.0,0.0,0.0,0.0,0.003083952027412907,0.00925185608223872,0.010051399200456883,0.012335808109651628,0.008909194745859508,0.012335808109651628,0.011079383209594517,0.011422044545973729,0.011307824100513992,0.008223872073101084,0.006624785836664763,0.009480296973158196,0.013021130782410052,0.0001142204454597373,0.006167904054825814,0.006167904054825814,0.004340376927470017,0.004797258709308966,0.0017133066818960595,0.0037692747001713306,0.001142204454597373,0.0,0.0001142204454597373,0.002741290691033695,0.0,0.0,0.0,0.0,0.0,0.0001142204454597373,0.0,0.0,0.0,0.0,0.0,0.001142204454597373,0.001142204454597373,0.0,0.0,0.0,0.0,0.0,0.0,0.0002284408909194746,0.0,0.0,0.0001142204454597373,0.0,0.0,0.0,0.0,0.0,0.0,0.0,0.0,0.0,0.0,0.0001142204454597373,0.0,0.0,0.0,0.0,0.0,0.0,0.0,0.0,0.0,0.0001142204454597373,0.0,0.0,0.0,0.0,0.0,0.0,0.0,0.0,0.0,0.0,0.0,0.0,0.0,0.0,0.0,0.0,0.0,0.0002284408909194746,0.0,0.0,0.0,0.0,0.0,0.0,0.0,0.0,0.0,0.0,0.0,0.0,0.0,0.0
47,47.0,1841.0,0.0,0.9999999999999999,0.0,0.2900597501357957,0.8674633351439435,0.2840847365562194,0.8538837588267245,0.9999999999999999,0.9999999999999999,0.0,0.0010863661053775121,0.001629549158066268,0.001629549158066268,0.0,0.0,0.0,0.0,0.0,0.0,0.0,0.0,0.0010863661053775121,0.044541010320478,0.029875067897881583,0.03693644758283541,0.03041825095057034,0.03367734926670288,0.03367734926670288,0.03367734926670288,0.03367734926670288,0.03259098316132537,0.03041825095057034,0.028788701792504073,0.026615969581749048,0.0,0.02064095600217273,0.025529603476371534,0.022813688212927754,0.021184139054861488,0.0010863661053775121,0.0027159152634437804,0.0,0.0,0.0,0.0010863661053775121,0.0,0.0,0.0,0.0,0.0,0.0,0.0,0.0005431830526887561,0.0,0.0,0.0,0.0,0.0,0.0,0.0,0.0,0.0,0.0,0.0,0.0010863661053775121,0.0,0.0005431830526887561,0.0010863661053775121,0.0,0.0,0.0,0.0,0.0,0.0,0.0,0.0,0.0,0.0,0.0,0.0,0.0,0.0,0.0,0.0,0.0,0.0005431830526887561,0.0010863661053775121,0.0,0.0,0.0,0.0,0.0,0.0,0.0,0.0,0.0,0.0,0.0,0.0,0.0005431830526887561,0.0005431830526887561,0.0,0.0,0.0,0.0,0.0,0.0010863661053775121,0.0,0.0,0.0,0.0010863661053775121,0.0,0.0,0.0005431830526887561,0.0,0.0,0.0,0.0,0.0,0.0,0.0
48,48.0,665.0,0.0,0.0,1.0,1.0,1.0,0.0,1.0,1.0,0.0,0.0,0.0015037593984962407,0.0,0.0,0.0,0.0015037593984962407,0.0,0.0,0.0,0.0,0.0,0.0,0.0030075187969924814,0.04360902255639098,0.03609022556390978,0.03458646616541353,0.04661654135338346,0.03759398496240602,0.03458646616541353,0.03759398496240602,0.03458646616541353,0.03609022556390978,0.030075187969924814,0.031578947368421054,0.039097744360902256,0.0,0.02105263157894737,0.015037593984962407,0.015037593984962407,0.01654135338345865,0.004511278195488722,0.004511278195488722,0.0,0.0,0.0,0.0015037593984962407,0.0,0.0,0.0,0.0,0.0,0.0,0.0,0.0,0.0,0.0,0.0,0.0,0.0,0.0,0.0,0.0,0.0,0.0,0.0,0.0,0.0,0.0,0.0,0.0,0.0,0.0,0.0,0.0,0.0,0.0,0.0,0.0,0.0,0.0030075187969924814,0.0,0.0,0.0,0.0,0.0,0.0,0.0,0.0,0.0,0.0015037593984962407,0.0,0.0,0.0,0.0,0.0,0.0,0.0,0.0,0.0,0.0,0.0,0.0,0.0,0.0,0.0,0.0015037593984962407,0.0,0.0,0.0,0.0,0.0,0.0,0.0,0.0,0.0,0.0,0.0,0.0,0.0,0.0,0.0,0.0
49,49.0,833.0,0.0,0.9927797833935018,0.9939831528279182,0.9975932611311673,0.9927797833935018,0.9939831528279182,0.9975932611311673,0.98676293622142,0.9819494584837546,0.0,0.0,0.0,0.0,0.0,0.0,0.0,0.0,0.0,0.0,0.0,0.0,0.0,0.34416365824308065,0.874849578820698,0.1444043321299639,0.2815884476534296,0.8916967509025271,0.7942238267148015,0.28038507821901326,0.8375451263537906,0.29843561973525873,0.27918170878459686,0.19253910950661854,0.7785800240673887,0.0,0.16125150421179302,0.11672683513838748,0.1732851985559567,0.17809867629362214,0.0,0.012033694344163659,0.0,0.0,0.0,0.0036101083032490976,0.0,0.0,0.0,0.0,0.0,0.0,0.0,0.0,0.0,0.0,0.0,0.0,0.0,0.0,0.0,0.0,0.0,0.0,0.0,0.0,0.0,0.0,0.0,0.0,0.0,0.0,0.0,0.0,0.0,0.0,0.0,0.0,0.0,0.0012033694344163659,0.0,0.0,0.0,0.0,0.0,0.0,0.0,0.0,0.0,0.0,0.0,0.0,0.0,0.0,0.0,0.0,0.0,0.0,0.0,0.0,0.0,0.0,0.0,0.0,0.0,0.0,0.0,0.0012033694344163659,0.0,0.0,0.0,0.0,0.0,0.0,0.0,0.0,0.0,0.0,0.0,0.0,0.0,0.0
50,50.0,2981.0,0.0,0.24790338812479035,0.26400536732640056,0.0,0.0,0.0,0.0,1.0,1.0,0.0,0.0,0.0003354579000335458,0.0,0.0,0.0,0.0,0.0,0.0,0.0,0.0,0.0,0.005367326400536733,0.013753773901375378,0.008050989600805098,0.01274740020127474,0.009728279100972828,0.013418316001341832,0.012411942301241194,0.011741026501174102,0.011405568601140557,0.013753773901375378,0.012076484401207649,0.013418316001341832,0.01274740020127474,0.0006709158000670916,0.007715531700771553,0.009728279100972828,0.007044615900704461,0.008386447500838645,0.001677289500167729,0.0020127474002012745,0.0003354579000335458,0.0,0.0,0.0020127474002012745,0.0,0.0,0.0003354579000335458,0.0,0.0,0.0,0.0,0.0,0.0,0.0,0.0,0.0003354579000335458,0.0003354579000335458,0.0,0.0,0.0,0.0,0.0,0.0,0.0003354579000335458,0.0,0.0,0.0,0.0,0.0,0.0,0.0,0.0,0.0,0.0,0.0,0.0,0.0,0.0003354579000335458,0.0,0.0,0.0,0.0,0.0,0.0,0.0,0.0,0.0,0.0,0.0,0.0,0.0,0.0,0.0,0.0,0.0,0.0,0.0,0.0,0.0,0.0,0.0,0.0,0.0,0.0,0.0,0.0,0.0,0.0,0.0,0.0,0.0,0.0,0.0,0.0,0.0,0.0,0.0,0.0,0.0,0.0
51,51.0,2209.0,0.0,0.9570135746606335,0.969683257918552,0.9660633484162896,0.9597285067873303,0.9737556561085974,0.9692307692307692,0.9683257918552036,1.0,0.0009049773755656109,0.0009049773755656109,0.0009049773755656109,0.0,0.0,0.00045248868778280545,0.0,0.0,0.0,0.0,0.0,0.0,0.0,0.019457013574660634,0.20180995475113123,0.02398190045248869,0.018552036199095023,0.0,0.0,1.0,0.023076923076923078,0.0,0.17330316742081447,0.030316742081447964,0.08778280542986426,0.0,0.07873303167420814,0.07058823529411765,0.01764705882352941,0.011312217194570135,0.0022624434389140274,0.00497737556561086,0.0,0.0,0.0,0.0022624434389140274,0.0,0.0,0.0,0.0,0.0,0.0,0.0,0.00045248868778280545,0.0,0.0,0.0,0.0,0.0,0.0,0.0,0.0,0.0,0.0,0.0,0.00045248868778280545,0.0,0.0,0.0,0.0,0.0,0.0,0.0,0.0,0.0,0.0,0.0,0.0,0.0,0.00045248868778280545,0.0,0.0,0.0,0.0,0.0,0.0,0.0,0.0,0.0,0.0,0.0,0.0,0.0,0.0,0.0,0.0,0.0,0.0,0.0,0.0,0.0,0.0,0.0,0.0,0.0,0.0,0.0,0.00045248868778280545,0.0,0.0,0.0,0.0,0.0,0.0,0.0,0.0,0.0,0.0,0.0,0.0,0.0,0.0
52,52.0,250.0,0.0,0.116,0.10400000000000001,0.136,0.14400000000000002,0.092,0.148,0.124,0.136,0.54,0.552,0.312,0.404,0.42,0.184,0.14400000000000002,0.36,0.544,0.152,0.10400000000000001,0.10400000000000001,0.1,0.112,0.12,0.116,0.136,0.092,0.116,0.10400000000000001,0.132,0.14400000000000002,0.152,0.148,0.12,0.148,0.116,0.124,0.092,0.14400000000000002,0.304,0.428,0.516,0.152,0.164,0.18,0.432,0.6,0.332,0.14400000000000002,0.392,0.184,0.40800000000000003,0.532,0.18,0.18,0.20400000000000001,0.47200000000000003,0.308,0.14400000000000002,0.188,0.08,0.14400000000000002,0.38,0.116,0.41600000000000004,0.464,0.428,0.26,0.18,0.368,0.38,0.176,0.132,0.48,0.356,0.328,0.18,0.176,0.07200000000000001,0.328,0.132,0.308,0.34400000000000003,0.196,0.148,0.47200000000000003,0.34800000000000003,0.532,0.12,0.34,0.32,0.404,0.212,0.484,0.316,0.4,0.516,0.14400000000000002,0.376,0.448,0.196,0.124,0.372,0.328,0.336,0.184,0.10400000000000001,0.444,0.4,0.368,0.392,0.14,0.38,0.36,0.38,0.372,0.304,0.332,0.164,0.3,0.108
53,53.0,2972.0,0.0,1.0,0.0,1.0,1.0,0.5360026917900403,1.0,0.0,0.0,0.0006729475100942127,0.0016823687752355316,0.001009421265141319,0.001009421265141319,0.0,0.0,0.0,0.0,0.0,0.0,0.0,0.0,0.0006729475100942127,0.02725437415881561,0.03600269179004038,0.02725437415881561,0.029946164199192462,0.028263795423956933,0.009757738896366084,0.029946164199192462,0.028263795423956933,0.02860026917900404,0.03667563930013459,0.029946164199192462,0.03600269179004038,0.00033647375504710633,0.01648721399730821,0.01278600269179004,0.016823687752355317,0.017160161507402422,0.0023553162853297443,0.0033647375504710633,0.0006729475100942127,0.0,0.0,0.002018842530282638,0.0,0.0,0.0,0.0,0.0,0.0,0.0,0.0,0.0,0.0,0.0,0.00033647375504710633,0.00033647375504710633,0.0,0.0,0.0,0.0,0.0,0.0,0.002018842530282638,0.0,0.00033647375504710633,0.0,0.0,0.0,0.0,0.0,0.0,0.0,0.0,0.0,0.0,0.0,0.00033647375504710633,0.0,0.0,0.0,0.0,0.0,0.0,0.0,0.0013458950201884253,0.001009421265141319,0.00033647375504710633,0.0,0.0,0.0,0.0,0.0,0.0,0.0,0.0016823687752355316,0.0,0.0,0.001009421265141319,0.0006729475100942127,0.0,0.0,0.0,0.0,0.0,0.0,0.0,0.001009421265141319,0.0,0.001009421265141319,0.0,0.0,0.00033647375504710633,0.0,0.0,0.0013458950201884253,0.00033647375504710633,0.0,0.0,0.0
54,54.0,4255.0,0.0,0.9691982130260993,0.9753115447919116,0.9767223136609453,0.9762520573712674,0.9750764166470727,0.973900775922878,0.9075946390782977,0.9167646367270162,0.00023512814483893723,0.0,0.00023512814483893723,0.0,0.0,0.0009405125793557489,0.0,0.0,0.0,0.0,0.0,0.0,0.0011756407241946861,1.0,0.08370561956266165,0.0,0.09052433576299083,0.09687279567364214,0.0,0.05549024218198919,0.0820597225487891,0.0,0.07430049376910416,0.06842229014813074,0.07853280037620504,0.0,0.06889254643780861,0.06207383023747943,0.06113331765812368,0.04867152598166001,0.00023512814483893723,0.0077592287796849286,0.0,0.0,0.0,0.0016458970138725606,0.0,0.0,0.0,0.0,0.0,0.0,0.0,0.0,0.0,0.0,0.0,0.0,0.0,0.0,0.0,0.0,0.0,0.0,0.0,0.00047025628967787447,0.0,0.0,0.0,0.0,0.0,0.0,0.0,0.0,0.0,0.0,0.0,0.0,0.0,0.0007053844345168117,0.0,0.0,0.0,0.0,0.0,0.0,0.0,0.0,0.0,0.0,0.0,0.0,0.0,0.0,0.0,0.0,0.0,0.0,0.0,0.0,0.0,0.0,0.0,0.0,0.0,0.0,0.0,0.00023512814483893723,0.0,0.0,0.0,0.0,0.0,0.0,0.0,0.0,0.0,0.0,0.0,0.0,0.0,0.0
55,55.0,1561.0,0.0,0.9999999999999999,0.9999999999999999,0.9999999999999999,0.0,0.07623318385650224,0.9999999999999999,0.016015374759769378,0.02882767456758488,0.0,0.0,0.0006406149903907751,0.0006406149903907751,0.0,0.0,0.0,0.0,0.0,0.0,0.0,0.0,0.0012812299807815502,0.02370275464445868,0.018577834721332478,0.03587443946188341,0.038436899423446504,0.033311979500320305,0.027546444586803328,0.08520179372197309,0.03010890454836643,0.01985906470211403,0.029468289557975653,0.10313901345291479,0.02498398462524023,0.0006406149903907751,0.016015374759769378,0.012812299807815501,0.012812299807815501,0.011531069827033951,0.0006406149903907751,0.0032030749519538753,0.0006406149903907751,0.0,0.0,0.0019218449711723253,0.0,0.0,0.0,0.0,0.0,0.0,0.0,0.0,0.0,0.0,0.0,0.0006406149903907751,0.0006406149903907751,0.0,0.0,0.0,0.0,0.0,0.0,0.0,0.0,0.0,0.0,0.0,0.0,0.0,0.0,0.0,0.0,0.0,0.0,0.0,0.0,0.0006406149903907751,0.0,0.0,0.0,0.0,0.0,0.0,0.0,0.0,0.0,0.0,0.0,0.0,0.0,0.0,0.0,0.0,0.0,0.0,0.0,0.0,0.0,0.0,0.0,0.0,0.0,0.0,0.0,0.0,0.0,0.0,0.0,0.0,0.0,0.0,0.0,0.0,0.0,0.0,0.0,0.0,0.0,0.0
56,56.0,871.0,0.0,0.9896432681242808,0.996547756041427,0.9919447640966629,0.9942462600690449,0.9953970080552359,0.9930955120828538,0.9781357882623706,0.9666283084004603,0.0,0.0,0.0,0.0,0.0,0.0023014959723820483,0.0,0.0,0.0,0.0,0.0,0.0,0.0,0.5811277330264673,0.9228998849252014,0.8837744533947065,0.2002301495972382,0.15074798619102417,0.8860759493670886,0.15304948216340622,0.25316455696202533,0.14959723820483314,0.1323360184119678,0.15995397008055237,0.20598388952819333,0.0,0.15074798619102417,0.10701956271576525,0.12888377445339472,0.1334867663981588,0.0011507479861910242,0.005753739930955121,0.0,0.0,0.0,0.0011507479861910242,0.0,0.0,0.0,0.0,0.0,0.0,0.0,0.0,0.0,0.0,0.0,0.0,0.0,0.0,0.0,0.0,0.0,0.0,0.0,0.0,0.0,0.0,0.0,0.0,0.0,0.0,0.0,0.0,0.0,0.0,0.0,0.0,0.0,0.0,0.0,0.0,0.0,0.0,0.0,0.0,0.0,0.0,0.0,0.0,0.0,0.0,0.0,0.0,0.0,0.0,0.0,0.0,0.0,0.0,0.0,0.0,0.0,0.0,0.0,0.0,0.0,0.0,0.0,0.0,0.0,0.0,0.0,0.0,0.0,0.0,0.0,0.0,0.0,0.0,0.0,0.0
57,57.0,1175.0,0.0,0.9875647668393782,0.9906735751295336,0.9875647668393782,0.9958549222797927,0.9948186528497409,0.9844559585492227,0.9709844559585492,0.97720207253886,0.0,0.0,0.0,0.0,0.0,0.0010362694300518134,0.0,0.0,0.0,0.0,0.0,0.0,0.002072538860103627,0.6269430051813472,0.8974093264248705,0.08082901554404144,0.10673575129533679,0.14404145077720207,0.09637305699481864,0.28186528497409324,0.08393782383419689,0.9367875647668393,0.06735751295336788,0.23316062176165803,0.26839378238341965,0.0,0.1544041450777202,0.09948186528497409,0.19170984455958548,0.35854922279792745,0.0010362694300518134,0.0010362694300518134,0.0,0.0,0.0,0.0062176165803108805,0.0,0.0,0.0,0.0,0.0,0.0,0.0,0.0,0.0,0.0,0.0,0.0,0.0,0.0,0.0,0.0,0.0,0.0,0.0,0.0010362694300518134,0.0,0.0,0.0,0.0,0.0,0.0,0.0,0.0,0.0,0.0,0.0,0.0,0.0,0.0010362694300518134,0.0,0.0,0.0,0.0,0.0,0.0,0.0,0.0,0.0,0.0,0.0,0.0,0.0,0.0,0.0,0.0,0.0,0.0,0.0,0.0,0.0,0.0,0.0,0.0,0.0,0.0,0.0,0.0010362694300518134,0.0,0.0,0.0,0.0,0.0010362694300518134,0.0,0.0,0.0,0.0,0.0,0.0,0.0,0.0,0.0
58,58.0,2328.0,0.0,0.0,0.0,0.0,0.0,0.0,0.0,0.0,1.0,0.001288659793814433,0.000429553264604811,0.0030068728522336767,0.001288659793814433,0.000859106529209622,0.006013745704467353,0.000429553264604811,0.0,0.0,0.0,0.000429553264604811,0.001288659793814433,0.0700171821305842,0.045103092783505154,0.03994845360824742,0.0429553264604811,0.044243986254295535,0.0429553264604811,0.041666666666666664,0.05283505154639175,0.05111683848797251,0.042096219931271474,0.048539518900343644,0.042096219931271474,0.042096219931271474,0.0,0.020618556701030927,0.03049828178694158,0.020618556701030927,0.027920962199312713,0.03865979381443299,0.028780068728522335,0.001718213058419244,0.000429553264604811,0.0,0.01331615120274914,0.000429553264604811,0.0,0.001718213058419244,0.000859106529209622,0.000429553264604811,0.0,0.0,0.0,0.0,0.0,0.0,0.001718213058419244,0.002577319587628866,0.0,0.000429553264604811,0.0,0.000429553264604811,0.000429553264604811,0.000429553264604811,0.002147766323024055,0.0,0.002577319587628866,0.001288659793814433,0.0,0.000859106529209622,0.000429553264604811,0.0,0.0,0.0,0.0,0.0,0.0,0.000429553264604811,0.001288659793814433,0.000859106529209622,0.000859106529209622,0.0,0.000429553264604811,0.0,0.000859106529209622,0.000429553264604811,0.000429553264604811,0.0,0.001718213058419244,0.000429553264604811,0.0,0.0,0.0,0.000429553264604811,0.0,0.000429553264604811,0.0,0.000859106529209622,0.0,0.000429553264604811,0.000429553264604811,0.0,0.0,0.000859106529209622,0.000429553264604811,0.000429553264604811,0.001288659793814433,0.000429553264604811,0.0,0.0,0.0,0.0,0.000429553264604811,0.0,0.000429553264604811,0.000429553264604811,0.0,0.000429553264604811,0.0,0.0,0.000429553264604811
59,59.0,2773.0,0.0,0.0003606202668589975,0.000721240533717995,0.000721240533717995,0.000721240533717995,0.000721240533717995,0.000721240533717995,0.0,0.0003606202668589975,0.9736747205192933,0.9029931482149297,0.0,0.000721240533717995,0.0010818608005769925,0.0,0.0,0.0,0.0025243418680129825,0.0003606202668589975,0.0,0.0,0.0010818608005769925,0.0,0.0,0.0,0.0,0.0,0.0,0.0,0.0003606202668589975,0.0,0.0003606202668589975,0.0,0.0,0.0,0.0,0.0,0.0,0.0,0.000721240533717995,0.00144248106743599,0.0018031013342949874,0.0,0.0,0.0,0.0,0.0,0.0,1.0,0.0,0.0,0.0,0.0,0.0,0.0,0.0,0.0,0.0010818608005769925,0.0,0.000721240533717995,0.0,0.0,0.0,0.0,0.0003606202668589975,0.0,0.0,0.0,0.0,0.0,0.0,0.0,0.0,0.0,0.0,0.0,0.0,0.0,0.0,0.0,0.0,0.0,0.0003606202668589975,0.0,0.0,0.0,0.0,0.0,0.0,0.0,0.0003606202668589975,0.0,0.0,0.0,0.0,0.0,0.0,0.0,0.0,0.0,0.0,0.0,0.0,0.0,0.0,0.0,0.0,0.0,0.0,0.0,0.0,0.0,0.0,0.0,0.0,0.0,0.0,0.0,0.0,0.0,0.0
60,60.0,1605.0,0.0,1.0,0.36760124610591904,0.0,0.0,0.0,1.0,0.0,1.0,0.0,0.0,0.0006230529595015577,0.0,0.0,0.0,0.0,0.0,0.0,0.0,0.0,0.0,0.0006230529595015577,0.008722741433021807,0.01806853582554517,0.019314641744548288,0.01869158878504673,0.020560747663551402,0.01806853582554517,0.0161993769470405,0.013707165109034268,0.023052959501557634,0.019937694704049845,0.01557632398753894,0.019937694704049845,0.0,0.00809968847352025,0.00809968847352025,0.009345794392523366,0.007476635514018692,0.0012461059190031153,0.004361370716510903,0.0,0.0,0.0,0.0,0.0,0.0,0.0,0.0,0.0,0.0,0.0,0.0006230529595015577,0.0,0.0,0.0,0.0,0.0,0.0,0.0,0.0,0.0,0.0,0.0,0.0006230529595015577,0.0,0.0,0.0,0.0,0.0,0.0,0.0,0.0,0.0,0.0,0.0,0.0,0.0,0.0,0.0,0.0,0.0,0.0,0.0,0.0,0.0,0.0,0.0,0.0,0.0,0.0,0.0,0.0,0.0,0.0006230529595015577,0.0,0.0,0.0,0.0,0.0,0.0,0.0,0.0,0.0,0.0,0.0,0.0,0.0,0.0,0.0,0.0,0.0,0.0,0.0,0.0,0.0,0.0,0.0,0.0,0.0,0.0
61,61.0,7290.0,0.0,0.0,0.0,0.0,0.0,0.0,1.0,0.46776406035665297,0.0,0.0016460905349794238,0.00027434842249657066,0.0015089163237311386,0.0,0.0,0.0021947873799725653,0.00013717421124828533,0.00013717421124828533,0.00013717421124828533,0.00027434842249657066,0.0,0.0,0.0006858710562414267,0.031824417009602195,0.029766803840877917,0.03388203017832648,0.02853223593964335,0.0299039780521262,0.03113854595336077,0.03168724279835391,0.030041152263374487,0.02962962962962963,0.0,0.03333333333333333,0.03264746227709191,0.00041152263374485596,0.01262002743484225,0.017146776406035666,0.016598079561042523,0.015775034293552814,0.028669410150891635,0.0010973936899862826,0.00041152263374485596,0.00013717421124828533,0.0,0.0043895747599451305,0.0,0.0,0.00027434842249657066,0.0,0.0,0.00041152263374485596,0.0,0.00027434842249657066,0.0,0.0,0.0,0.0,0.00013717421124828533,0.0,0.0,0.0,0.0,0.0,0.00027434842249657066,0.0019204389574759945,0.0,0.0017832647462277093,0.00013717421124828533,0.0,0.00013717421124828533,0.00013717421124828533,0.0,0.0,0.0,0.0,0.0,0.0,0.0,0.0016460905349794238,0.0,0.00013717421124828533,0.0,0.0,0.0,0.0,0.00013717421124828533,0.0,0.00027434842249657066,0.0016460905349794238,0.0,0.0,0.0,0.0,0.0,0.00013717421124828533,0.0,0.0,0.0,0.0,0.0,0.0,0.0,0.0,0.0,0.0,0.0,0.0012345679012345679,0.0,0.0,0.0,0.0,0.0,0.0,0.0,0.0,0.00013717421124828533,0.0,0.0,0.0,0.0,0.0
62,62.0,881.0,0.0,0.9807474518686298,0.9909399773499434,0.9864099660249152,0.9898074745186863,0.9864099660249152,0.9818799546998869,0.9716874292185731,0.9580973952434881,0.0,0.0,0.0,0.0,0.0,0.0011325028312570782,0.0,0.0,0.0,0.0,0.0,0.0,0.0,0.2344280860702152,0.18346545866364666,1.0,0.1913929784824462,0.26953567383918464,0.13476783691959232,0.1608154020385051,0.17780294450736128,0.2332955832389581,0.23103057757644396,0.1551528878822197,0.023782559456398643,0.0,0.10079275198187997,1.0,0.14949037372593432,0.13816534541336353,0.0,0.0022650056625141564,0.0,0.0,0.0,0.0033975084937712344,0.0,0.0,0.0,0.0,0.0,0.0,0.0,0.0,0.0011325028312570782,0.0,0.0,0.0,0.0,0.0,0.0,0.0,0.0,0.0,0.0,0.0,0.0,0.0011325028312570782,0.0,0.0,0.0,0.0,0.0,0.0,0.0,0.0,0.0,0.0,0.0,0.0,0.0,0.0,0.0,0.0,0.0,0.0,0.0,0.0,0.0,0.0,0.0,0.0,0.0,0.0,0.0,0.0,0.0,0.0,0.0,0.0,0.0,0.0,0.0,0.0,0.0,0.0,0.0,0.0011325028312570782,0.0,0.0,0.0,0.0,0.0,0.0,0.0,0.0,0.0,0.0,0.0,0.0,0.0,0.0
63,63.0,1887.0,0.0,0.9719130895601484,0.972972972972973,0.9772125066242714,0.9735029146793853,0.9713831478537361,0.9682034976152624,0.9040805511393747,0.9841017488076312,0.0,0.0,0.0005299417064122947,0.0,0.0,0.0010598834128245894,0.0,0.0,0.0,0.0,0.0,0.0,0.001589825119236884,0.03550609432962375,0.02490726020137785,0.034446210916799155,0.04504504504504505,0.08638049814520403,0.007949125596184421,0.13354531001589826,0.05352411234764176,0.151033386327504,0.17329093799682035,0.16799152093269742,0.0699523052464229,0.0,0.07578166401695814,0.06518282988871224,0.016428192898781134,1.0,0.0005299417064122947,0.0042395336512983575,0.0,0.0,0.0,0.0005299417064122947,0.0,0.0,0.0,0.0,0.0,0.0,0.0,0.0,0.0,0.0,0.0,0.0,0.0,0.0,0.0,0.0,0.0,0.0,0.0,0.0005299417064122947,0.0,0.0,0.0,0.0,0.0,0.0,0.0005299417064122947,0.0,0.0,0.0,0.0,0.0,0.0,0.0005299417064122947,0.0,0.0,0.0,0.0,0.0,0.0,0.0,0.0005299417064122947,0.0,0.0,0.0,0.0,0.0,0.0,0.0,0.0,0.0,0.0,0.0,0.0,0.0,0.0,0.0,0.0,0.0,0.0,0.0,0.0005299417064122947,0.0,0.0,0.0,0.0,0.0,0.0,0.0,0.0,0.0,0.0,0.0,0.0,0.0,0.0
64,64.0,1238.0,0.0,0.002423263327948304,0.0,0.0,0.0,0.0,0.0,0.0,0.0,0.9862681744749596,0.9806138933764136,0.0,0.9781906300484653,0.8489499192245558,0.8239095315024233,0.9168012924071083,0.8012924071082391,0.8546042003231018,0.8327948303715671,0.0,0.7875605815831987,0.0008077544426494346,0.0,0.0,0.0,0.0,0.0,0.0,0.0,0.0,0.0,0.0,0.0,0.0,0.0,0.0,0.0,0.0,0.0,0.0016155088852988692,0.0008077544426494346,0.0,0.0,0.0,0.0,0.0008077544426494346,0.0008077544426494346,0.0,0.0,0.0008077544426494346,0.0,0.0016155088852988692,0.0,0.0008077544426494346,0.0,0.0,0.0,0.0,0.0,0.0,0.0,0.0,0.0,0.0008077544426494346,0.0,0.0,0.0,0.0,0.0,0.0,0.0,0.0,0.0,0.0,0.0,0.0,0.0,0.0,0.0,0.0,0.0,0.0,0.0,0.0,0.0,0.0,0.0,0.0,0.0,0.0,0.0,0.0,0.0,0.0,0.0,0.0,0.0,0.0,0.0,0.0,0.0,0.0,0.0,0.0,0.0,0.0,0.0,0.0,0.0,0.0,0.0,0.0,0.0,0.0,0.0,0.0,0.0,0.0,0.0,0.0,0.0
65,65.0,4425.0,0.0,1.0,0.9349152542372882,0.9344632768361582,0.22192090395480227,0.20587570621468926,0.9398870056497175,0.87954802259887,0.8585310734463276,0.0004519774011299435,0.00022598870056497175,0.0,0.0,0.0,0.00022598870056497175,0.0,0.0,0.0,0.0,0.0,0.0,0.001807909604519774,0.019887005649717515,0.01694915254237288,0.018531073446327682,0.022372881355932205,0.02576271186440678,0.015593220338983051,0.008135593220338983,0.014689265536723164,0.018757062146892656,0.017627118644067796,0.01175141242937853,0.019887005649717515,0.0,0.013785310734463277,0.02824858757062147,0.011977401129943503,0.010169491525423728,0.0011299435028248588,0.0038418079096045198,0.00022598870056497175,0.0,0.0,0.000903954802259887,0.0,0.0,0.0,0.0,0.0,0.0,0.0,0.0,0.0,0.0,0.0,0.00022598870056497175,0.00022598870056497175,0.0,0.0,0.0,0.0,0.0,0.0,0.0004519774011299435,0.0,0.0,0.0,0.0,0.0,0.0,0.0,0.0,0.0,0.0,0.0,0.0,0.00022598870056497175,0.0,0.0,0.0,0.0,0.0,0.0,0.0,0.00022598870056497175,0.0,0.0,0.00022598870056497175,0.0,0.0,0.0,0.0,0.0,0.0,0.0,0.0,0.0,0.0,0.0,0.0,0.0,0.0,0.0,0.0,0.0,0.00022598870056497175,0.0,0.0,0.0,0.0,0.0,0.0,0.0,0.0,0.0,0.0,0.0,0.0,0.0,0.0
66,66.0,2018.0,0.0,0.255203171456888,0.8498513379583746,0.0,0.8587710604558969,1.0,0.0,1.0,0.701189296333003,0.0,0.0004955401387512388,0.0,0.0,0.0,0.0004955401387512388,0.0,0.0,0.0,0.0,0.0,0.0,0.0009910802775024777,0.036669970267591674,0.03369672943508424,0.02923686818632309,0.023290386521308225,0.026759167492566897,0.03270564915758176,0.028245787908820614,0.028245787908820614,0.03914767096134787,0.020317145688800792,0.027750247770069375,0.028741328047571853,0.0,0.017839444995044598,0.018830525272547076,0.015857284440039643,0.01684836471754212,0.002477700693756194,0.0044598612487611496,0.0,0.0,0.0,0.0009910802775024777,0.0,0.0,0.0,0.0,0.0,0.0,0.0,0.0,0.0,0.0,0.0,0.0,0.0,0.0,0.0,0.0,0.0,0.0,0.0,0.0009910802775024777,0.0,0.0,0.0,0.0,0.0,0.0,0.0,0.0,0.0,0.0,0.0,0.0,0.0,0.0,0.0,0.0,0.0,0.0,0.0,0.0,0.0,0.0,0.0,0.0004955401387512388,0.0,0.0,0.0,0.0,0.0,0.0,0.0,0.0,0.0,0.0,0.0,0.0,0.0,0.0,0.0,0.0,0.0004955401387512388,0.0,0.0,0.0,0.0,0.0,0.0,0.0,0.0,0.0,0.0,0.0,0.0,0.0,0.0,0.0
67,67.0,1238.0,0.0,0.9878836833602586,0.9878836833602586,0.9822294022617125,0.9838449111470113,0.9781906300484653,0.9919224555735057,0.9684975767366721,0.9232633279483038,0.0,0.0,0.0,0.0,0.0,0.0,0.0,0.0,0.0,0.0,0.0,0.0,0.0008077544426494346,0.19063004846526657,0.13327948303715673,0.13327948303715673,0.20113085621970922,1.0,0.15912762520193863,0.0,0.07592891760904685,0.15266558966074315,0.1655896607431341,0.21809369951534735,1.0,0.0,0.12035541195476576,0.07754442649434573,0.11712439418416802,0.11470113085621972,0.0008077544426494346,0.004038772213247173,0.0,0.0,0.0,0.0016155088852988692,0.0,0.0,0.0,0.0,0.0,0.0,0.0,0.0,0.0,0.0,0.0,0.0,0.0,0.0,0.0,0.0,0.0,0.0,0.0,0.0,0.0,0.0,0.0,0.0,0.0,0.0,0.0,0.0,0.0,0.0,0.0,0.0,0.0,0.0,0.0,0.0,0.0,0.0,0.0,0.0,0.0,0.0,0.0,0.0016155088852988692,0.0,0.0,0.0,0.0,0.0,0.0,0.0,0.0,0.0,0.0,0.0,0.0,0.0,0.0,0.0,0.0,0.0,0.0016155088852988692,0.0,0.0,0.0,0.0,0.0,0.0,0.0,0.0,0.0,0.0,0.0,0.0,0.0,0.0
68,68.0,800.0,0.0,0.9886363636363638,0.9873737373737375,0.984848484848485,0.9873737373737375,0.9962121212121213,0.9962121212121213,0.9760101010101011,0.9595959595959597,0.0,0.0,0.0012626262626262627,0.0,0.0,0.0,0.0,0.0,0.0,0.0,0.0,0.0,0.0012626262626262627,0.2651515151515152,0.2777777777777778,0.7916666666666667,0.297979797979798,0.8585858585858587,0.13005050505050506,0.08207070707070707,0.845959595959596,0.09469696969696971,0.8535353535353536,0.16666666666666669,0.14520202020202022,0.0012626262626262627,0.12626262626262627,0.10858585858585859,0.08964646464646465,0.14772727272727273,0.0025252525252525255,0.00883838383838384,0.0,0.0,0.0,0.0,0.0,0.0,0.0,0.0,0.0,0.0,0.0,0.0,0.0,0.0,0.0,0.0,0.0,0.0,0.0,0.0,0.0,0.0,0.0,0.0,0.0,0.0,0.0,0.0,0.0,0.0,0.0,0.0,0.0,0.0,0.0,0.0,0.0,0.0,0.0,0.0,0.0,0.0,0.0,0.0,0.0,0.0,0.0,0.0,0.0,0.0,0.0,0.0,0.0,0.0,0.0,0.0,0.0,0.0,0.0,0.0,0.0,0.0,0.0,0.0,0.0,0.0,0.0,0.0,0.0,0.0,0.0,0.0,0.0,0.0,0.0,0.0,0.0,0.0,0.0,0.0
69,69.0,1103.0,0.0,0.9800904977375566,0.9873303167420815,0.9809954751131222,0.9800904977375566,0.9755656108597286,0.9809954751131222,0.9538461538461539,0.9266968325791856,0.0,0.0,0.0,0.0,0.0,0.0009049773755656109,0.0,0.0,0.0,0.0,0.0,0.0,0.0,0.19276018099547512,0.15203619909502264,0.13755656108597286,1.0,0.0,0.06425339366515838,0.13665158371040725,0.12760180995475115,0.15565610859728507,0.13574660633484165,0.16018099547511314,1.0,0.0,0.1167420814479638,0.07330316742081448,0.09049773755656108,0.11402714932126698,0.0009049773755656109,0.01085972850678733,0.0,0.0,0.0,0.0,0.0,0.0,0.0,0.0,0.0,0.0,0.0,0.0,0.0,0.0,0.0,0.0,0.0,0.0,0.0,0.0,0.0,0.0,0.0,0.0009049773755656109,0.0,0.0,0.0,0.0,0.0,0.0,0.0,0.0,0.0,0.0,0.0,0.0,0.0009049773755656109,0.0,0.0,0.0,0.0,0.0,0.0,0.0,0.0,0.0,0.0,0.0,0.0,0.0009049773755656109,0.0,0.0,0.0,0.0,0.0,0.0,0.0,0.0,0.0,0.0,0.0,0.0,0.0,0.0,0.0,0.0,0.0,0.0,0.0,0.0,0.0,0.0,0.0,0.0,0.0,0.0,0.0,0.0,0.0,0.0
70,70.0,6660.0,0.0,1.0,0.0,1.0,0.0,0.0,0.0,0.0,0.0,0.0003003003003003003,0.0,0.0003003003003003003,0.00015015015015015014,0.00015015015015015014,0.0006006006006006006,0.0,0.0,0.0,0.0,0.00015015015015015014,0.0,0.0027027027027027024,0.0075075075075075074,0.00990990990990991,0.008708708708708709,0.009309309309309309,0.007957957957957958,0.00975975975975976,0.0075075075075075074,0.01066066066066066,0.008558558558558558,0.0,0.008858858858858858,0.008108108108108109,0.0,0.004054054054054054,0.004954954954954955,0.003903903903903904,0.0037537537537537537,0.0013513513513513512,0.0018018018018018016,0.0,0.0,0.0,0.0004504504504504504,0.0,0.0,0.0,0.0003003003003003003,0.0,0.0003003003003003003,0.0,0.0,0.00015015015015015014,0.0,0.00015015015015015014,0.0,0.0,0.0,0.0,0.0,0.0,0.0,0.0,0.00015015015015015014,0.0,0.00015015015015015014,0.00015015015015015014,0.0003003003003003003,0.0,0.0,0.0,0.00015015015015015014,0.00015015015015015014,0.00015015015015015014,0.00015015015015015014,0.0,0.00015015015015015014,0.0004504504504504504,0.0,0.00015015015015015014,0.0,0.00015015015015015014,0.0,0.00015015015015015014,0.0,0.00015015015015015014,0.0,0.00015015015015015014,0.0,0.0,0.0,0.0,0.0,0.0,0.0,0.0,0.00015015015015015014,0.00015015015015015014,0.0,0.0,0.00015015015015015014,0.0,0.0,0.0,0.00015015015015015014,0.00015015015015015014,0.00015015015015015014,0.0,0.0,0.0,0.00015015015015015014,0.0,0.0,0.0,0.0,0.00015015015015015014,0.0,0.0,0.00015015015015015014,0.0
71,71.0,3336.0,0.0,0.9999999999999999,0.9999999999999999,0.38489208633093525,0.0,0.9999999999999999,0.0,0.0,0.0,0.00029976019184652276,0.0014988009592326137,0.0017985611510791366,0.0,0.0,0.00029976019184652276,0.0,0.0,0.0,0.0,0.0,0.0,0.0032973621103117505,0.021582733812949638,0.021582733812949638,0.021282973621103117,0.01858513189448441,0.023081534772182253,0.021582733812949638,0.01948441247002398,0.005995203836930455,0.01648681055155875,0.01858513189448441,0.020383693045563547,0.01858513189448441,0.0008992805755395683,0.007793764988009592,0.009292565947242206,0.010791366906474819,0.010191846522781774,0.0017985611510791366,0.005995203836930455,0.00029976019184652276,0.0,0.0,0.0017985611510791366,0.0,0.0,0.0,0.0,0.0,0.00029976019184652276,0.0,0.0,0.0,0.0,0.0,0.00029976019184652276,0.00029976019184652276,0.0,0.0,0.0,0.0,0.0,0.0,0.0,0.0,0.0,0.0,0.0,0.0,0.0,0.0,0.0,0.0,0.00029976019184652276,0.0,0.0,0.001199040767386091,0.00029976019184652276,0.0,0.0,0.0,0.0,0.0,0.0,0.0,0.0,0.0,0.0,0.0,0.0,0.0,0.0,0.0,0.0,0.0,0.0,0.0,0.0,0.0,0.0,0.0,0.0,0.0,0.0,0.0,0.0,0.0,0.0,0.0,0.0,0.0,0.0,0.0,0.0,0.0,0.0,0.0,0.0,0.0,0.0
72,72.0,5089.0,0.0,0.0015720180782078995,0.003537040675967774,0.002358027117311849,0.001768520337983887,0.002358027117311849,0.002358027117311849,0.0007860090391039497,0.0015720180782078995,0.01925722145804677,0.019650225977598742,0.020632737276478682,0.00039300451955197487,0.0,0.0,0.0,0.00019650225977598743,0.00019650225977598743,0.0,0.0,0.0,0.07643937905285911,0.00019650225977598743,0.0,0.00019650225977598743,0.0,0.0,0.00019650225977598743,0.00019650225977598743,0.00019650225977598743,0.00019650225977598743,0.00019650225977598743,0.00039300451955197487,0.00019650225977598743,0.0029475338966398115,0.0,0.0,0.00039300451955197487,0.00019650225977598743,0.11593633326783259,0.001375515818431912,0.9583415209274907,0.9736686971900177,0.9832973079190411,0.0005895067793279622,0.0,0.0,0.0,0.0,0.0,0.0,0.0,0.0,0.0,0.0,0.0,0.0,0.0,0.0,0.0,0.0,0.0,0.0,0.00019650225977598743,0.00019650225977598743,0.0,0.0011790135586559245,0.0005895067793279622,0.0,0.0,0.0,0.0,0.0,0.00019650225977598743,0.0,0.0,0.0,0.0,0.0,0.0,0.00019650225977598743,0.0,0.0,0.0,0.0,0.0,0.0,0.0,0.00019650225977598743,0.0,0.0,0.0,0.0,0.0,0.0,0.0,0.0,0.0,0.0,0.00019650225977598743,0.0,0.0,0.0,0.0,0.00019650225977598743,0.0,0.0,0.0,0.0,0.0,0.0,0.0,0.0,0.0,0.0,0.0,0.0,0.0,0.0,0.0,0.0
73,73.0,6368.0,0.0,1.0,1.0,0.22141959798994976,0.2576947236180905,0.6856155778894473,1.0,0.0,0.0,0.000157035175879397,0.00047110552763819093,0.000157035175879397,0.0,0.0,0.000628140703517588,0.0,0.0,0.0,0.0,0.0,0.0,0.002512562814070352,0.021827889447236182,0.028894472361809045,0.02543969849246231,0.028737437185929648,0.015703517587939697,0.010835427135678392,0.017902010050251257,0.017587939698492462,0.02669597989949749,0.018687185929648242,0.020257537688442212,0.008479899497487437,0.000314070351758794,0.013190954773869347,0.013190954773869347,0.01256281407035176,0.01350502512562814,0.002041457286432161,0.002355527638190955,0.000157035175879397,0.0,0.0,0.002355527638190955,0.0,0.0,0.0,0.000157035175879397,0.0,0.000157035175879397,0.0,0.0,0.0,0.0,0.0,0.000157035175879397,0.000157035175879397,0.0,0.0,0.0,0.0,0.0,0.0,0.0009422110552763819,0.0,0.0,0.0,0.0,0.0,0.0,0.0,0.0,0.0,0.0,0.0,0.0,0.0,0.000314070351758794,0.0,0.0,0.0,0.0,0.0,0.0,0.0,0.0,0.0,0.000314070351758794,0.0,0.0,0.0,0.0,0.0,0.0,0.0,0.0,0.0,0.0,0.000157035175879397,0.0,0.0,0.0,0.0,0.000157035175879397,0.0,0.0,0.000157035175879397,0.0,0.0,0.0,0.0,0.0,0.0,0.0,0.0,0.0,0.0,0.0,0.0,0.0
74,74.0,954.0,0.0,0.9873284054910242,0.9926082365364307,0.9915522703273495,0.9915522703273495,0.9862724392819429,0.9852164730728616,0.9767687434002111,0.9714889123548046,0.0,0.0,0.0010559662090813093,0.0,0.0,0.0,0.0,0.0,0.0,0.0,0.0,0.0,0.0,0.6399155227032735,0.08764519535374868,0.7423442449841604,0.8109820485744456,0.11826821541710664,0.09292502639915522,0.7412882787750792,0.08870116156282998,0.14044350580781415,0.15100316789862722,0.662090813093981,0.10242872228088701,0.0,0.11826821541710664,0.07814149947201689,0.14889123548046462,0.13938753959873282,0.003167898627243928,0.0021119324181626186,0.0,0.0,0.0,0.0,0.0,0.0,0.0,0.0,0.0,0.0,0.0,0.0,0.0,0.0,0.0,0.0,0.0,0.0,0.0,0.0,0.0,0.0,0.0,0.0010559662090813093,0.0,0.0,0.0,0.0,0.0,0.0,0.0,0.0,0.0,0.0,0.0,0.0,0.0,0.0,0.0,0.0,0.0,0.0,0.0,0.0,0.0,0.0,0.0,0.0,0.0,0.0,0.0,0.0,0.0,0.0,0.0,0.0,0.0,0.0,0.0,0.0,0.0,0.0,0.0,0.0,0.0,0.0010559662090813093,0.0,0.0,0.0,0.0,0.0,0.0,0.0,0.0,0.0,0.0,0.0,0.0,0.0,0.0
75,75.0,2450.0,0.0,0.0,1.0,0.7330612244897959,0.7653061224489797,1.0,1.0,0.0,1.0,0.0,0.00040816326530612246,0.00040816326530612246,0.0,0.0,0.00040816326530612246,0.0,0.0,0.0,0.0,0.0,0.0,0.0008163265306122449,0.04081632653061225,0.04653061224489796,0.011020408163265306,0.04122448979591837,0.007755102040816327,0.035102040816326535,0.04489795918367347,0.006530612244897959,0.04081632653061225,0.03795918367346939,0.03877551020408163,0.012244897959183675,0.0012244897959183673,0.018367346938775512,0.02448979591836735,0.02448979591836735,0.024081632653061225,0.0008163265306122449,0.0024489795918367346,0.0,0.0,0.0,0.0012244897959183673,0.0,0.0,0.0,0.0,0.0,0.0,0.0,0.0,0.0,0.0,0.0,0.0,0.0,0.0,0.0,0.0,0.0,0.0,0.0,0.00040816326530612246,0.0,0.0,0.0,0.0,0.0,0.0,0.0,0.0,0.0,0.0,0.0,0.0,0.0,0.0,0.0,0.0,0.0,0.0,0.0,0.0,0.0,0.0,0.00040816326530612246,0.00040816326530612246,0.0,0.0,0.0,0.0,0.0,0.0,0.0,0.0,0.0,0.0,0.0,0.0,0.0,0.0,0.0,0.0,0.0,0.0,0.0,0.0,0.0,0.0,0.0,0.0,0.0,0.0,0.0,0.0,0.0,0.0,0.0,0.0
76,76.0,700.0,0.0,0.9985590778097982,0.9956772334293947,0.9985590778097982,0.9999999999999999,0.9956772334293947,0.9999999999999999,0.9899135446685878,0.9985590778097982,0.0,0.0,0.0,0.0,0.0,0.001440922190201729,0.0,0.0,0.0,0.0,0.0,0.0,0.0,0.446685878962536,0.515850144092219,0.32132564841498557,0.7939481268011527,0.25936599423631124,0.5806916426512968,0.42939481268011526,0.30403458213256485,0.4106628242074928,0.41930835734870314,0.5172910662824207,0.46974063400576366,0.0,0.9337175792507204,0.1685878962536023,0.9697406340057636,0.25504322766570603,0.0,0.002881844380403458,0.0,0.0,0.0,0.001440922190201729,0.0,0.0,0.0,0.0,0.0,0.0,0.0,0.0,0.0,0.0,0.0,0.0,0.0,0.0,0.0,0.0,0.0,0.0,0.0,0.0,0.0,0.0,0.0,0.0,0.0,0.0,0.0,0.0,0.0,0.0,0.0,0.0,0.0,0.0,0.0,0.0,0.0,0.0,0.0,0.0,0.0,0.0,0.0,0.0,0.0,0.0,0.0,0.0,0.0,0.0,0.0,0.0,0.0,0.0,0.0,0.0,0.0,0.0,0.0,0.0,0.0,0.0,0.0,0.0,0.0,0.0,0.0,0.0,0.0,0.0,0.0,0.0,0.0,0.0,0.0,0.0
77,77.0,965.0,0.0,0.9947753396029259,0.9885057471264369,0.9905956112852665,0.9895506792058517,0.9926854754440962,0.993730407523511,0.9759665621734588,0.9676071055381401,0.0,0.0,0.0010449320794148381,0.0010449320794148381,0.0,0.0010449320794148381,0.0,0.0,0.0,0.0,0.0,0.0,0.0,0.11912225705329155,0.6635318704284222,0.17554858934169282,0.8484848484848486,0.0929989550679206,0.12121212121212123,0.07001044932079416,0.7805642633228841,0.6332288401253919,0.16300940438871475,0.6729362591431558,0.0794148380355277,0.0,0.14524555903866251,0.10031347962382446,0.08359456635318704,0.14002089864158832,0.0010449320794148381,0.007314524555903867,0.0,0.0,0.0,0.00522466039707419,0.0,0.0,0.0,0.0,0.0,0.0,0.0,0.0,0.0,0.0,0.0,0.0,0.0,0.0,0.0,0.0,0.0,0.0,0.0,0.0020898641588296763,0.0,0.0010449320794148381,0.0,0.0,0.0,0.0,0.0,0.0,0.0,0.0,0.0,0.0,0.0,0.0,0.0,0.0,0.0,0.0,0.0,0.0,0.0,0.0,0.0,0.0,0.0,0.0,0.0,0.0,0.0,0.0,0.0,0.0,0.0,0.0,0.0,0.0,0.0,0.0,0.0,0.0,0.0,0.0020898641588296763,0.0,0.0,0.0,0.0,0.0,0.0,0.0,0.0,0.0,0.0,0.0,0.0,0.0,0.0
78,78.0,1763.0,0.0,1.0,1.0,1.0,1.0,0.0,1.0,0.0,0.0,0.0005672149744753262,0.0,0.0,0.0,0.0,0.0,0.0,0.0,0.0,0.0,0.0,0.0,0.002836074872376631,0.03970504821327284,0.03176403857061827,0.050482132728304034,0.03233125354509359,0.050482132728304034,0.039137833238797506,0.04821327283040273,0.0453771979580261,0.04310833806012479,0.03857061826432218,0.04594441293250142,0.0476460578559274,0.0,0.017016449234259785,0.015882019285309135,0.018150879183210438,0.02552467385138968,0.0011344299489506524,0.002836074872376631,0.0005672149744753262,0.0,0.0,0.0005672149744753262,0.0,0.0,0.0,0.0,0.0,0.0,0.0,0.0,0.0,0.0,0.0,0.0005672149744753262,0.0005672149744753262,0.0,0.0,0.0,0.0,0.0,0.0,0.0,0.0,0.0,0.0,0.0,0.0,0.0,0.0,0.0,0.0,0.0,0.0,0.0,0.0,0.0005672149744753262,0.0,0.0,0.0,0.0,0.0,0.0,0.0,0.0,0.0,0.0,0.0,0.0,0.0,0.0,0.0,0.0,0.0,0.0005672149744753262,0.0,0.0,0.0,0.0,0.0,0.0,0.0,0.0,0.0,0.0,0.0,0.0,0.0,0.0,0.0,0.0,0.0,0.0,0.0,0.0,0.0,0.0,0.0,0.0
79,79.0,2449.0,0.0,0.0016333197223356473,0.0008166598611678236,0.0,0.0,0.0,0.0,0.0008166598611678236,0.0008166598611678236,0.9938750510412414,0.991425071457738,0.5912617394855043,0.6537362188648428,0.9420171498570846,0.9836668027766435,0.9669252756227031,0.8860759493670887,0.9869334422213148,0.9048591261739486,0.9865251122907309,0.0,0.0016333197223356473,0.0,0.0,0.0,0.0,0.0,0.0,0.0,0.0,0.0,0.0,0.0004083299305839118,0.0,0.0,0.0,0.0,0.0,0.0,0.0004083299305839118,0.0004083299305839118,0.0004083299305839118,0.0,0.0,0.0,0.0,0.0,0.0,0.0,0.0,0.0,0.0,0.0,0.0004083299305839118,0.0,0.0,0.0,0.0,0.0004083299305839118,0.0,0.0004083299305839118,0.0,0.0,0.0,0.0,0.0,0.0,0.0,0.0,0.0,0.0,0.0,0.0,0.0,0.0,0.0,0.0,0.0,0.0,0.0,0.0,0.0,0.0,0.0,0.0,0.0,0.0,0.0,0.0,0.0,0.0,0.0,0.0,0.0,0.0,0.0,0.0,0.0,0.0,0.0,0.0,0.0,0.0,0.0,0.0,0.0,0.0,0.0,0.0,0.0,0.0,0.0,0.0,0.0,0.0,0.0,0.0,0.0,0.0,0.0,0.0
80,80.0,9562.0,0.0,0.0,1.0,0.0,0.2040368123823468,0.0,1.0,0.0,0.0992470194519975,0.00010458063166701528,0.0,0.0003137418950010458,0.0,0.0,0.00010458063166701528,0.00010458063166701528,0.0,0.0,0.0,0.0,0.0,0.002719096423342397,0.00951683748169839,0.008157289270027191,0.010458063166701528,0.010562643798368543,0.011085546956703619,0.010667224430035559,0.012445095168374817,0.011503869483371681,0.008889353691696298,0.0,0.007216063585024054,0.013700062748379002,0.00010458063166701528,0.005961096005019871,0.005856515373352855,0.0046015477933486724,0.00376490274001255,0.001882451370006275,0.003451160845011504,0.0,0.0,0.0,0.0006274837900020916,0.00010458063166701528,0.0,0.00020916126333403055,0.0,0.00010458063166701528,0.00010458063166701528,0.0,0.0,0.0,0.0,0.0,0.0,0.0,0.0,0.0,0.0,0.0,0.0,0.0,0.0003137418950010458,0.00010458063166701528,0.00020916126333403055,0.00010458063166701528,0.0,0.0,0.0,0.0,0.0,0.0,0.0,0.0,0.0,0.0,0.00010458063166701528,0.0,0.0,0.0,0.0,0.0,0.0,0.0,0.0,0.0,0.00020916126333403055,0.0,0.0,0.0,0.0,0.0,0.0,0.00010458063166701528,0.0,0.0,0.0,0.00010458063166701528,0.0,0.0,0.0,0.0,0.00010458063166701528,0.0,0.00020916126333403055,0.0,0.0,0.0,0.0,0.0,0.0,0.0,0.0,0.0,0.0,0.0,0.0,0.0,0.0
81,81.0,997.0,0.0,0.9727547931382442,0.9778002018163471,0.975782038345106,0.9747729566094854,0.9778002018163471,0.9868819374369324,0.9778002018163471,0.9243188698284561,0.0,0.0,0.0,0.0,0.0,0.0,0.0,0.0,0.0,0.0,0.0,0.0,0.0010090817356205853,0.17255297679112008,0.14732593340060546,1.0,0.0,0.0,0.08980827447023208,0.1917255297679112,0.10191725529767912,0.1442986881937437,0.1442986881937437,0.19475277497477295,1.0,0.0,0.0958627648839556,0.09989909182643794,0.11402623612512613,0.11503531786074672,0.0,0.0030272452068617556,0.0,0.0,0.0,0.004036326942482341,0.0,0.0,0.0,0.0,0.0,0.0,0.0,0.0,0.0,0.0,0.0,0.0,0.0,0.0,0.0,0.0,0.0,0.0,0.0,0.0010090817356205853,0.0,0.0,0.0,0.0,0.0,0.0,0.0,0.0,0.0,0.0,0.0,0.0,0.0,0.0,0.0,0.0,0.0,0.0,0.0,0.0,0.0,0.0,0.0,0.0,0.0,0.0,0.0,0.0,0.0,0.0,0.0,0.0,0.0,0.0,0.0,0.0,0.0,0.0,0.0,0.0,0.0,0.0,0.0,0.0,0.0,0.0,0.0,0.0,0.0,0.0,0.0,0.0,0.0,0.0,0.0,0.0
82,82.0,1656.0,0.0,0.0006038647342995169,0.0,0.0,0.0,0.0,0.0006038647342995169,0.0,0.0,0.9867149758454106,0.9716183574879227,1.0,0.9915458937198067,1.0,0.8248792270531401,0.9251207729468599,0.8170289855072463,0.0,0.8260869565217391,1.0,0.8188405797101449,0.0012077294685990338,0.0,0.0,0.0,0.0,0.0,0.0,0.0,0.0006038647342995169,0.0,0.0,0.0,0.0,0.0,0.0,0.0,0.0,0.0,0.0018115942028985505,0.0,0.0,0.0,0.0,0.0,0.0,0.0,0.0006038647342995169,0.0,0.0,0.0006038647342995169,0.0006038647342995169,0.0,0.0006038647342995169,0.0,0.0006038647342995169,0.0,0.0,0.0012077294685990338,0.0,0.0012077294685990338,0.0,0.0,0.0,0.0,0.0,0.0,0.0,0.0,0.0,0.0,0.0,0.0,0.0,0.0,0.0,0.0,0.0,0.0,0.0,0.0,0.0,0.0,0.0,0.0,0.0,0.0,0.0,0.0,0.0,0.0,0.0,0.0,0.0,0.0,0.0,0.0,0.0,0.0,0.0,0.0,0.0,0.0,0.0,0.0,0.0,0.0,0.0,0.0,0.0,0.0,0.0,0.0,0.0,0.0,0.0,0.0,0.0,0.0,0.0,0.0
83,83.0,4031.0,0.0,1.0,0.3366410320019846,0.0,1.0,0.0,1.0,0.0,0.14983874968990324,0.0012403870007442323,0.0009923096005953857,0.00024807740014884643,0.00024807740014884643,0.0,0.00024807740014884643,0.0,0.0,0.0,0.0,0.0,0.0,0.0032250062019350038,0.022078888613247333,0.018605805011163483,0.022575043413545024,0.018605805011163483,0.017861572810716944,0.015380798809228479,0.021830811213098485,0.015132721409079633,0.01935003721161002,0.0208385016125031,0.01885388241131233,0.018357727611014635,0.00024807740014884643,0.009923096005953858,0.009923096005953858,0.01041925080625155,0.009178863805507318,0.001736541801041925,0.001736541801041925,0.0009923096005953857,0.0,0.0,0.0019846192011907715,0.0,0.0,0.0,0.0,0.0,0.0,0.0,0.0007442322004465393,0.0,0.0,0.0,0.00024807740014884643,0.00024807740014884643,0.0,0.0,0.0,0.0,0.0,0.0,0.0012403870007442323,0.0,0.00024807740014884643,0.0004961548002976929,0.0,0.0,0.0,0.0,0.0,0.0,0.0,0.0,0.0,0.0,0.0004961548002976929,0.0,0.0,0.0,0.0,0.0,0.0,0.0,0.0007442322004465393,0.0007442322004465393,0.00024807740014884643,0.0,0.0,0.0,0.0,0.0,0.0,0.0,0.0,0.0,0.0,0.0012403870007442323,0.0014884644008930786,0.0,0.0,0.0,0.0,0.0,0.00024807740014884643,0.0,0.0009923096005953857,0.0,0.0004961548002976929,0.0,0.0,0.0009923096005953857,0.0,0.0,0.00024807740014884643,0.00024807740014884643,0.0,0.0,0.0
84,84.0,2795.0,0.0,0.1738819320214669,0.9016100178890877,0.9044722719141324,0.906618962432916,0.0,0.0,0.7828264758497316,0.7821109123434704,0.00035778175313059033,0.00035778175313059033,0.00035778175313059033,0.0,0.0,0.0,0.0,0.0,0.0,0.0,0.0,0.0,0.002146690518783542,0.026118067978533093,0.025402504472271912,0.024329159212880144,0.030053667262969586,0.026833631484794274,0.030411449016100177,0.025044722719141325,0.027906976744186046,0.030411449016100177,0.02003577817531306,0.02039355992844365,0.026475849731663684,0.0,0.012880143112701251,0.020751341681574238,0.012880143112701251,0.015742397137745976,0.002146690518783542,0.005366726296958855,0.0,0.0,0.0,0.0007155635062611807,0.0,0.0,0.0,0.0,0.0,0.0,0.0,0.0,0.0,0.0,0.0,0.0,0.0,0.0,0.0,0.0,0.0,0.0,0.0,0.001073345259391771,0.0,0.00035778175313059033,0.0,0.0,0.0,0.0,0.0,0.0,0.0,0.0,0.0,0.0,0.0,0.0,0.0,0.0,0.0,0.0,0.0,0.0,0.0,0.0,0.0,0.00035778175313059033,0.0,0.0,0.0,0.0,0.0,0.0,0.0,0.0,0.0,0.0,0.0,0.0,0.0,0.0,0.0,0.0,0.0,0.0,0.0,0.0,0.0,0.0,0.0,0.0,0.0,0.0,0.0,0.0,0.0,0.0,0.0,0.0
85,85.0,484.0,0.0,0.0371900826446281,0.01652892561983471,0.0,0.030991735537190084,0.5495867768595042,0.026859504132231406,0.4090909090909091,0.014462809917355372,0.0,0.002066115702479339,0.002066115702479339,0.002066115702479339,0.0,0.008264462809917356,0.0,0.002066115702479339,0.0,0.0,0.002066115702479339,0.0,0.002066115702479339,0.014462809917355372,0.030991735537190084,0.02066115702479339,0.012396694214876033,0.010330578512396695,0.012396694214876033,0.026859504132231406,1.0,0.014462809917355372,0.014462809917355372,0.030991735537190084,0.022727272727272728,0.0,0.01652892561983471,0.006198347107438017,0.012396694214876033,0.012396694214876033,0.022727272727272728,0.002066115702479339,0.002066115702479339,0.0,0.0,0.0,0.0,0.0,0.0,0.0,0.0,0.0,0.0,0.0,0.0,0.0,0.0,0.0,0.0,0.0,0.002066115702479339,0.0,0.0,0.002066115702479339,0.0,0.002066115702479339,0.002066115702479339,0.0,0.0,0.0,0.0,0.0,0.0,0.0,0.0,0.002066115702479339,0.002066115702479339,0.0,0.0,0.002066115702479339,0.0,0.0,0.0,0.002066115702479339,0.0,0.0,0.002066115702479339,0.002066115702479339,0.0,0.002066115702479339,0.0,0.0,0.0,0.0,0.0,0.002066115702479339,0.0,0.002066115702479339,0.0,0.0,0.0,0.0,0.0,0.0,0.0,0.004132231404958678,0.0,0.008264462809917356,0.0,0.0,0.0,0.0,0.0,0.0,0.0,0.0,0.0,0.0,0.0,0.0,0.002066115702479339,0.0
86,86.0,939.0,0.0,0.9989281886387995,0.9989281886387995,0.9978563772775991,0.9978563772775991,0.9957127545551983,0.9967845659163987,0.9957127545551983,0.992497320471597,0.0,0.0,0.0,0.0,0.0,0.0,0.0,0.0,0.0,0.0,0.0,0.0,0.0021436227224008574,0.8177920685959271,0.3740621650589496,0.8917470525187567,0.7717041800643086,0.722400857449089,0.8210075026795284,0.6280814576634512,0.714898177920686,0.49196141479099675,0.6184351554126474,0.8445873526259379,0.909967845659164,0.0,0.21864951768488747,0.12218649517684887,0.20793140407288316,0.01714898177920686,0.003215434083601286,0.006430868167202572,0.0,0.0,0.0,0.003215434083601286,0.0,0.0,0.0,0.0,0.0,0.0,0.0,0.0,0.0,0.0,0.0,0.0,0.0,0.0,0.0,0.0,0.0,0.0,0.0,0.003215434083601286,0.0,0.0,0.0,0.0,0.0,0.0,0.0,0.0,0.0,0.0,0.0,0.0,0.0,0.0021436227224008574,0.0,0.0,0.0,0.0,0.0,0.0,0.0,0.0,0.0,0.0,0.0,0.0,0.0,0.0,0.0,0.0,0.0,0.0,0.0,0.0,0.0,0.0,0.0,0.0,0.0,0.0,0.0,0.003215434083601286,0.0,0.0,0.0,0.0,0.0,0.0,0.0,0.0,0.0,0.0,0.0,0.0,0.0,0.0
87,87.0,1285.0,0.0,0.0,1.0,1.0,0.5377431906614787,0.0,1.0,0.0,1.0,0.0,0.0,0.0,0.0,0.0,0.0,0.0,0.0,0.0,0.0,0.0,0.0,0.0038910505836575876,0.024902723735408562,0.03190661478599222,0.027237354085603113,0.024902723735408562,0.034241245136186774,0.03190661478599222,0.0264591439688716,0.03346303501945525,0.03579766536964981,0.0396887159533074,0.023346303501945526,0.027237354085603113,0.0,0.012451361867704281,0.010894941634241246,0.011673151750972763,0.012451361867704281,0.0,0.005447470817120623,0.0,0.0,0.0,0.0015564202334630351,0.0,0.0,0.0,0.0,0.0,0.0,0.0,0.0,0.0,0.0,0.0,0.0,0.0,0.0,0.0,0.0,0.0,0.0,0.0,0.0,0.0,0.0,0.0,0.0,0.0,0.0,0.0,0.0,0.0,0.0,0.0,0.0,0.0,0.0,0.0,0.0,0.0,0.0,0.0,0.0,0.0,0.0,0.0,0.0015564202334630351,0.0,0.0,0.0,0.0,0.0,0.0,0.0,0.0,0.0,0.0,0.0,0.0,0.0,0.0,0.0,0.0,0.0,0.0,0.0,0.0,0.0,0.0,0.0,0.0,0.0,0.0,0.0,0.0,0.0,0.0,0.0,0.0
88,88.0,1101.0,0.0,0.0,0.7366030881017257,1.0,0.7638510445049954,0.0,1.0,1.0,1.0,0.0,0.0,0.0,0.0,0.0,0.0,0.0,0.0,0.0,0.0,0.0,0.0,0.0036330608537693005,0.03360581289736603,0.043596730245231606,0.043596730245231606,0.036330608537693,0.03723887375113533,0.04450499545867393,0.04087193460490463,0.03178928247048138,0.0326975476839237,0.02997275204359673,0.0326975476839237,0.05086285195277021,0.0,0.02633969118982743,0.023614895549500452,0.02815622161671208,0.019981834695731154,0.0009082652134423251,0.004541326067211625,0.0009082652134423251,0.0,0.0,0.0036330608537693005,0.0,0.0,0.0,0.0,0.0,0.0,0.0,0.0,0.0,0.0,0.0,0.0009082652134423251,0.0009082652134423251,0.0,0.0009082652134423251,0.0,0.0,0.0,0.0,0.0,0.0,0.0,0.0,0.0,0.0,0.0,0.0,0.0,0.0,0.0,0.0,0.0,0.0009082652134423251,0.0,0.0,0.0,0.0,0.0,0.0,0.0,0.0009082652134423251,0.0,0.0,0.0,0.0,0.0,0.0,0.0,0.0,0.0,0.0,0.0,0.0,0.0,0.0,0.0,0.0,0.0,0.0,0.0,0.0,0.0,0.0,0.0,0.0,0.0,0.0,0.0,0.0,0.0,0.0,0.0,0.0,0.0,0.0,0.0
89,89.0,4299.0,0.0,0.0,0.0,0.23005350081414283,0.0,1.0,0.0,0.0,1.0,0.0,0.0,0.0,0.0,0.0,0.00023261223540358222,0.0,0.0,0.0,0.00023261223540358222,0.0,0.0,0.00023261223540358222,0.010700162828564782,0.01163061177017911,0.00837404047452896,0.007908816003721796,0.007676203768318213,0.010932775063968364,0.009769713886950453,0.009769713886950453,0.005582693649685973,0.011863224005582693,0.008606652709932543,0.007443591532914631,0.0,0.00418702023726448,0.005815305885089555,0.004419632472668062,0.007676203768318213,0.0027913468248429866,0.0034891835310537334,0.00023261223540358222,0.0,0.0,0.0013956734124214933,0.0,0.0,0.0,0.0,0.0,0.0,0.0,0.0,0.0,0.0,0.0,0.00023261223540358222,0.00023261223540358222,0.0,0.0,0.0,0.0,0.0,0.0,0.00046522447080716444,0.0,0.00023261223540358222,0.0,0.0,0.0,0.0,0.0,0.0,0.0,0.0,0.0,0.0,0.00023261223540358222,0.00023261223540358222,0.0,0.0,0.0,0.0,0.0,0.0,0.0,0.0,0.0,0.0,0.0,0.0,0.0,0.0,0.0,0.0,0.0,0.0,0.0,0.0,0.0,0.0,0.0,0.0,0.0,0.0,0.0,0.0006978367062107466,0.0,0.0,0.0,0.0,0.0,0.0,0.0,0.0,0.0,0.0,0.0,0.0,0.0,0.0
90,90.0,3712.0,0.0,1.0,0.0,0.8127693965517241,1.0,1.0,0.8297413793103449,1.0,0.265625,0.00026939655172413793,0.0005387931034482759,0.00026939655172413793,0.0,0.0,0.0,0.0,0.0,0.0,0.0,0.0,0.0,0.0018857758620689654,0.029364224137931032,0.02990301724137931,0.030172413793103446,0.029633620689655173,0.046875,0.028017241379310345,0.011584051724137932,0.03367456896551724,0.03286637931034483,0.02101293103448276,0.033135775862068964,0.04552801724137931,0.00026939655172413793,0.017241379310344827,0.023976293103448277,0.017780172413793104,0.014816810344827586,0.0005387931034482759,0.003502155172413793,0.0,0.0,0.0,0.0010775862068965517,0.0,0.0,0.0,0.0,0.0,0.0,0.0,0.0,0.0,0.0,0.0,0.0,0.0,0.0,0.0,0.0,0.0,0.0,0.0,0.00026939655172413793,0.0,0.00026939655172413793,0.00026939655172413793,0.0,0.0,0.0,0.0,0.0,0.0,0.0,0.0,0.0,0.00026939655172413793,0.00026939655172413793,0.0,0.0,0.0,0.0,0.0,0.0,0.00026939655172413793,0.0,0.0,0.00026939655172413793,0.0,0.0,0.0,0.0,0.0,0.0,0.0,0.0,0.0,0.0,0.0,0.0,0.0,0.0,0.0,0.0,0.0,0.00026939655172413793,0.0,0.0,0.0,0.0,0.0,0.0,0.0,0.0,0.0,0.0,0.0,0.0,0.0,0.0
91,91.0,3309.0,0.0,0.010577213659715926,0.0123904502870958,0.008159564823209429,0.007857358718646117,0.0,0.008763977032336053,0.003324267150196434,0.003324267150196434,0.00967059534602599,0.003928679359323058,0.013297068600785736,0.0006044122091266244,0.0015110305228165609,0.004533091568449683,0.0,0.0,0.0006044122091266244,0.0006044122091266244,0.0003022061045633122,0.0,0.9963735267452403,0.0,0.0,0.0,0.0003022061045633122,0.0003022061045633122,0.0003022061045633122,0.0009066183136899365,0.0003022061045633122,0.0009066183136899365,0.0003022061045633122,0.0003022061045633122,0.0003022061045633122,0.036869144756724086,0.0,0.0,0.0003022061045633122,0.0003022061045633122,1.0,0.004533091568449683,0.0003022061045633122,0.0006044122091266244,0.0003022061045633122,0.0030220610456331218,0.0,0.0,0.0003022061045633122,0.0003022061045633122,0.0,0.0006044122091266244,0.0,0.0,0.0,0.0,0.0,0.0,0.0003022061045633122,0.0,0.0,0.0,0.0,0.0,0.0003022061045633122,0.0003022061045633122,0.0,0.010577213659715926,0.004835297673012995,0.0,0.0,0.0,0.0003022061045633122,0.0,0.0,0.0,0.0,0.0,0.0,0.0,0.0003022061045633122,0.004835297673012995,0.0,0.0,0.0,0.0,0.0,0.0003022061045633122,0.0003022061045633122,0.0,0.0,0.0,0.0003022061045633122,0.0,0.0,0.0,0.0,0.0,0.0,0.0,0.0,0.0,0.0,0.0,0.0,0.0,0.0,0.0,0.0003022061045633122,0.0003022061045633122,0.0,0.0,0.0003022061045633122,0.0,0.0003022061045633122,0.0,0.0,0.0,0.0,0.0003022061045633122,0.0,0.0
92,92.0,1245.0,0.0,1.0,1.0,1.0,1.0,1.0,1.0,0.9984126984126984,0.9992063492063492,0.0,0.0,0.0007936507936507937,0.0,0.0,0.0,0.0,0.0,0.0,0.0,0.0007936507936507937,0.0,0.0007936507936507937,0.8555555555555555,0.8936507936507937,0.9706349206349206,0.8753968253968254,0.846031746031746,0.8746031746031746,0.8650793650793651,0.9198412698412698,0.8833333333333333,0.8738095238095238,0.8579365079365079,0.8801587301587301,0.0,0.7238095238095238,0.7515873015873016,0.7611111111111111,0.0,0.0031746031746031746,0.004761904761904762,0.0,0.0,0.0,0.002380952380952381,0.0,0.0,0.0,0.0,0.0,0.0,0.0,0.0,0.0007936507936507937,0.0,0.0,0.0,0.0,0.0,0.0,0.0,0.0,0.0,0.0,0.0007936507936507937,0.0,0.0,0.0,0.0,0.0,0.0,0.0,0.0,0.0,0.0,0.0,0.0,0.0,0.0,0.0,0.0,0.0,0.0,0.0,0.0,0.0,0.0,0.0,0.0015873015873015873,0.0,0.0,0.0,0.0,0.0,0.0,0.0,0.0,0.0,0.0,0.0,0.0,0.0,0.0,0.0,0.0015873015873015873,0.0,0.0007936507936507937,0.0,0.0,0.0,0.0,0.0,0.0,0.0,0.0,0.0,0.0,0.0,0.0,0.0,0.0
93,93.0,8454.0,0.0,0.0,0.23231606340193992,1.0,0.0,1.0,0.0,0.0,0.0,0.0,0.00035486160397445,0.0002365744026496333,0.0,0.0,0.0002365744026496333,0.0,0.0,0.0,0.0,0.0,0.0,0.00035486160397445,0.01029098651525905,0.010054412112609415,0.009344688904660515,0.0028388928317956,0.009699550508634965,0.005914360066240833,0.008871540099361249,0.0063875088715401,0.0,0.009699550508634965,0.009699550508634965,0.006860657676839366,0.0,0.00532292405961675,0.0056777856635912,0.005441211260941566,0.0043766264490182165,0.0026023184291459663,0.0046132008516678496,0.00011828720132481665,0.0,0.0,0.0011828720132481666,0.0,0.0,0.00011828720132481665,0.0,0.0,0.0,0.0,0.0,0.0,0.0,0.0,0.00011828720132481665,0.00011828720132481665,0.0,0.0,0.0,0.0,0.0,0.0,0.0004731488052992666,0.0,0.0,0.00011828720132481665,0.0,0.0,0.0,0.00011828720132481665,0.0,0.0,0.0,0.0,0.0,0.00011828720132481665,0.0,0.0,0.00011828720132481665,0.0,0.0,0.0,0.0,0.0,0.0,0.0,0.0004731488052992666,0.0,0.0,0.0,0.0,0.0,0.0,0.0,0.0,0.0,0.0,0.0,0.0,0.0,0.0,0.0,0.0,0.0,0.0002365744026496333,0.0,0.0,0.0,0.0,0.0,0.0,0.0,0.0,0.0,0.0,0.0,0.0,0.0,0.0
94,94.0,1174.0,0.0,0.9786871270247229,0.9829497016197783,0.9803921568627451,0.9786871270247229,0.9846547314578005,0.9948849104859335,0.9113384484228474,0.9130434782608695,0.0008525149190110827,0.0,0.0,0.0,0.0,0.0008525149190110827,0.0,0.0,0.0,0.0,0.0,0.0,0.0,0.14066496163682865,0.13554987212276215,0.12702472293265132,0.1568627450980392,0.10997442455242967,0.0,0.12190963341858482,0.14919011082693948,1.0,1.0,0.1824381926683717,0.0784313725490196,0.0,0.10400682011935208,0.09974424552429667,0.10741687979539642,0.10315430520034101,0.0008525149190110827,0.0068201193520886615,0.0,0.0,0.0,0.0,0.0,0.0,0.0,0.0,0.0,0.0,0.0,0.0,0.0,0.0,0.0,0.0,0.0,0.0,0.0,0.0,0.0,0.0,0.0008525149190110827,0.0008525149190110827,0.0008525149190110827,0.0,0.0,0.0,0.0,0.0,0.0,0.0,0.0,0.0,0.0,0.0,0.0,0.0,0.0,0.0,0.0,0.0,0.0,0.0,0.0,0.0,0.0,0.0,0.0,0.0,0.0,0.0,0.0,0.0,0.0,0.0,0.0,0.0,0.0,0.0,0.0,0.0,0.0,0.0,0.0,0.0008525149190110827,0.0,0.0,0.0,0.0,0.0,0.0,0.0,0.0,0.0,0.0,0.0,0.0,0.0008525149190110827,0.0
95,95.0,3797.0,0.0,0.0,0.0,1.0,0.0,0.0,0.0,0.0,0.0,0.0021069265209375824,0.0007900974453515934,0.0028970239662891757,0.0005267316302343956,0.0,0.004477218856992362,0.0002633658151171978,0.0002633658151171978,0.0,0.0002633658151171978,0.0,0.0002633658151171978,0.0007900974453515934,0.05820384514090071,0.0481959441664472,0.0484593099815644,0.05636028443508033,0.0,0.0,0.050829602317619176,0.05267316302343956,0.057940479325783514,0.051883065578087965,0.049776139057150386,0.05425335791414275,0.0,0.026863313141954177,0.023966289175665,0.023176191730313406,0.020805899394258625,0.04556228601527522,0.04029496971293126,0.0010534632604687912,0.0,0.0,0.010271266789570714,0.0,0.0,0.0,0.0,0.0,0.0,0.0002633658151171978,0.0,0.0,0.0,0.0002633658151171978,0.0010534632604687912,0.0010534632604687912,0.0002633658151171978,0.0,0.0,0.0002633658151171978,0.0002633658151171978,0.0,0.0015801948907031868,0.0,0.0026336581511719782,0.0007900974453515934,0.0,0.0,0.0,0.0,0.0002633658151171978,0.0,0.0,0.0,0.0002633658151171978,0.0002633658151171978,0.0026336581511719782,0.0,0.0002633658151171978,0.0002633658151171978,0.0,0.0,0.0,0.0002633658151171978,0.0,0.0002633658151171978,0.003950487226757967,0.0,0.0,0.0002633658151171978,0.0,0.0002633658151171978,0.0,0.0002633658151171978,0.0,0.0002633658151171978,0.0,0.0,0.0,0.0,0.0,0.0,0.0,0.0,0.0023702923360547803,0.0002633658151171978,0.0,0.0005267316302343956,0.0,0.0,0.0002633658151171978,0.0,0.0,0.0,0.0,0.0,0.0,0.0,0.0002633658151171978
96,96.0,920.0,0.0,0.9843575418994412,0.9910614525139664,0.988826815642458,0.9843575418994412,0.9810055865921787,0.9877094972067039,0.9832402234636871,0.988826815642458,0.0,0.0,0.0,0.0,0.0,0.0,0.0,0.0,0.0,0.0,0.0,0.0,0.0,0.21229050279329606,0.2223463687150838,0.17877094972067037,0.15977653631284916,0.1541899441340782,0.21117318435754187,0.20111731843575417,0.4335195530726257,0.48268156424581,0.1754189944134078,0.27262569832402234,0.9720670391061451,0.0,0.14748603351955306,0.9999999999999999,0.2089385474860335,0.18100558659217875,0.0011173184357541898,0.0033519553072625698,0.0,0.0,0.0,0.0011173184357541898,0.0,0.0,0.0,0.0,0.0,0.0,0.0,0.0,0.0,0.0,0.0,0.0,0.0,0.0,0.0,0.0,0.0,0.0,0.0,0.0011173184357541898,0.0,0.0,0.0,0.0,0.0,0.0,0.0,0.0,0.0,0.0,0.0,0.0,0.0,0.0,0.0,0.0,0.0,0.0,0.0,0.0,0.0,0.0,0.0,0.0,0.0,0.0,0.0,0.0,0.0,0.0,0.0,0.0,0.0,0.0,0.0,0.0,0.0,0.0,0.0,0.0,0.0,0.0,0.0,0.0,0.0,0.0,0.0,0.0,0.0,0.0,0.0,0.0,0.0,0.0,0.0,0.0
97,97.0,2566.0,0.0,0.9953452288595811,0.9775019394879751,0.9976726144297905,0.9569433669511249,0.9515128006206361,1.0,1.0,0.982544608223429,0.0003878975950349108,0.0003878975950349108,0.0003878975950349108,0.0,0.0,0.0003878975950349108,0.0,0.0,0.0,0.0,0.0,0.0,0.001939487975174554,0.012024825446082235,0.02094647013188518,0.0,0.0,0.060512024825446084,0.018231186966640806,0.017455391776570985,0.0,0.0,0.6466252909231963,0.015128006206361521,0.5275407292474786,0.0003878975950349108,0.013964313421256789,0.04693560899922421,0.017067494181536073,0.015128006206361521,0.0003878975950349108,0.00504266873545384,0.0,0.0,0.0,0.0007757951900698216,0.0,0.0,0.0,0.0,0.0,0.0,0.0,0.0003878975950349108,0.0,0.0,0.0,0.0,0.0,0.0,0.0,0.0,0.0003878975950349108,0.0,0.0,0.0003878975950349108,0.0,0.0,0.0,0.0,0.0003878975950349108,0.0,0.0,0.0,0.0,0.0,0.0,0.0003878975950349108,0.0,0.001939487975174554,0.0,0.0,0.0,0.0,0.0,0.0,0.0,0.0,0.0,0.0,0.0,0.0,0.0,0.0,0.0,0.0,0.0,0.0,0.0,0.0,0.0,0.0,0.0,0.0,0.0,0.0,0.0,0.0003878975950349108,0.0,0.0,0.0,0.0,0.0,0.0,0.0,0.0,0.0,0.0,0.0,0.0,0.0,0.0
98,98.0,4527.0,0.0,1.0,0.0,0.29644356085707974,0.0,1.0,1.0,0.12414402474044622,0.12480671526397173,0.0002208968411751712,0.0008835873647006848,0.0008835873647006848,0.0,0.0,0.0006626905235255136,0.0,0.0,0.0,0.0,0.0,0.0,0.0028716589352772255,0.02186878727634195,0.02186878727634195,0.018997128341064724,0.024961343052794346,0.023194168323392977,0.012149326264634417,0.02186878727634195,0.017450850452838524,0.01965981886459024,0.018997128341064724,0.01833443781753921,0.023856858846918492,0.0,0.008394079964656506,0.009498564170532362,0.009498564170532362,0.008835873647006848,0.0013253810470510272,0.004197039982328253,0.0,0.0,0.0,0.0015462778882261985,0.0,0.0,0.0,0.0,0.0,0.0,0.0,0.0,0.0,0.0,0.0,0.0,0.0,0.0,0.0,0.0,0.0,0.0,0.0,0.0008835873647006848,0.0,0.0,0.0,0.0,0.0,0.0,0.0,0.0,0.0,0.0,0.0,0.0,0.0,0.0,0.0,0.0,0.0,0.0,0.0,0.0,0.0,0.0,0.0,0.0002208968411751712,0.0,0.0,0.0,0.0,0.0,0.0,0.0,0.0,0.0,0.0,0.0,0.0,0.0,0.0,0.0,0.0,0.0,0.0002208968411751712,0.0,0.0,0.0,0.0,0.0,0.0,0.0,0.0,0.0,0.0,0.0,0.0,0.0,0.0
99,99.0,6768.0,0.0,0.0,1.0,0.0,1.0,0.0,0.0,0.0,0.0,0.0,0.00014775413711583924,0.000591016548463357,0.00014775413711583924,0.0,0.000591016548463357,0.0,0.00014775413711583924,0.0,0.0,0.0,0.0,0.0020685579196217494,0.007239952718676123,0.008865248226950354,0.006796690307328605,0.007535460992907801,0.009308510638297872,0.010933806146572104,0.010933806146572104,0.0076832151300236405,0.007830969267139479,0.007387706855791962,0.008421985815602837,0.00989952718676123,0.00014775413711583924,0.00576241134751773,0.0033983451536643023,0.005466903073286052,0.005171394799054373,0.0016252955082742316,0.002955082742316785,0.0,0.0,0.0,0.0008865248226950354,0.0,0.0,0.0,0.0,0.0,0.0,0.0,0.0,0.00014775413711583924,0.0,0.00014775413711583924,0.0,0.0,0.0,0.00014775413711583924,0.00014775413711583924,0.0,0.00014775413711583924,0.0,0.0004432624113475177,0.0,0.0,0.0,0.0,0.0,0.00014775413711583924,0.0,0.0,0.0,0.0,0.00014775413711583924,0.0,0.0,0.0,0.0,0.0,0.0,0.00014775413711583924,0.0,0.0,0.0,0.0,0.0,0.0002955082742316785,0.00014775413711583924,0.0,0.0,0.0,0.0,0.0,0.0,0.00014775413711583924,0.0,0.0,0.0,0.0,0.00014775413711583924,0.00014775413711583924,0.00014775413711583924,0.0,0.0,0.00014775413711583924,0.0,0.0,0.0,0.0,0.0,0.0,0.0,0.00014775413711583924,0.0,0.0,0.0,0.0,0.0,0.0
100,100.0,360.0,0.0,0.0,0.0,0.0,0.0,0.0,0.0,0.0,0.0,0.002777777777777778,0.0,0.0,0.0,0.0,1.0,0.0,0.0,0.0,0.0,0.0,0.0,0.0,0.0,0.0,0.0,0.0,0.0,0.0,0.0,0.0,0.0,0.0,0.0,0.0,0.0,0.0,0.0,0.0,0.0,0.0,0.0,0.0,0.0,0.0,0.0,0.002777777777777778,0.0,0.002777777777777778,0.0,0.0,0.0,0.0,0.002777777777777778,0.002777777777777778,0.0,0.0,0.0,0.0,0.0,0.002777777777777778,0.0,0.0,0.0,0.0,0.0,0.0,0.0,0.002777777777777778,0.0,0.002777777777777778,0.9972222222222222,1.0,0.0,1.0,1.0,0.9972222222222222,1.0,0.9972222222222222,0.0,0.0,0.0,0.0,0.002777777777777778,0.0,0.0,0.0,0.0,0.0,0.0,0.0,0.0,0.0,0.0,0.0,0.0,0.0,0.0,0.0,0.002777777777777778,0.0,0.0,0.002777777777777778,0.0,0.0,0.0,0.0,0.0,0.002777777777777778,0.0,0.0,0.0,0.0,0.0,0.0,0.0,0.0,0.0,0.0,0.002777777777777778,0.002777777777777778,0.0
101,101.0,676.0,0.0,0.82396449704142,0.8890532544378698,0.9289940828402367,0.8757396449704142,0.9452662721893491,0.0,0.658284023668639,0.7292899408284024,0.0,0.0029585798816568047,0.0029585798816568047,0.0,0.0,0.0029585798816568047,0.0,0.0,0.0,0.0,0.0,0.0,0.0073964497041420114,0.05029585798816568,0.051775147928994084,0.056213017751479286,0.051775147928994084,0.038461538461538464,0.05325443786982249,0.0650887573964497,0.03994082840236686,0.05325443786982249,1.0,0.04437869822485207,0.04437869822485207,0.0,0.03550295857988166,0.029585798816568046,0.03106508875739645,0.03106508875739645,0.0,0.0029585798816568047,0.0,0.0,0.0,0.0029585798816568047,0.0,0.0,0.0,0.0,0.0,0.0,0.0,0.0,0.0,0.0,0.0,0.0,0.0,0.0,0.0,0.0,0.0,0.0,0.0,0.0,0.0,0.0,0.0,0.0,0.0,0.0,0.0,0.0,0.0,0.0,0.0,0.0,0.0,0.0,0.0,0.0,0.0,0.0,0.0,0.0,0.0,0.0,0.0,0.0,0.0,0.0,0.0,0.0,0.0,0.0,0.0,0.0,0.0,0.0,0.0,0.0,0.0,0.0,0.0,0.0,0.0,0.0,0.0,0.0,0.0,0.0,0.0,0.0,0.0,0.0,0.0,0.0,0.0,0.0,0.0,0.0
102,102.0,8680.0,0.0,1.0,1.0,1.0,1.0,1.0,1.0,1.0,1.0,0.0001152073732718894,0.0002304147465437788,0.0001152073732718894,0.0,0.0,0.0002304147465437788,0.0,0.0,0.0,0.0,0.0,0.0,0.001152073732718894,0.0,0.0,0.0,0.0,0.10357142857142858,0.0,0.0,0.0,0.0,0.0,0.0,0.0,0.0,0.0,0.052995391705069124,0.0,0.0,0.0003456221198156682,0.005990783410138249,0.0,0.0,0.0,0.0006912442396313364,0.0,0.0,0.0,0.0,0.0,0.0,0.0,0.0,0.0,0.0,0.0,0.0,0.0,0.0,0.0,0.0,0.0,0.0,0.0,0.0001152073732718894,0.0,0.0,0.0,0.0,0.0,0.0,0.0,0.0,0.0,0.0001152073732718894,0.0,0.0,0.0,0.0003456221198156682,0.0,0.0,0.0,0.0,0.0,0.0,0.0,0.0,0.0,0.0003456221198156682,0.0,0.0,0.0001152073732718894,0.0,0.0,0.0,0.0,0.0001152073732718894,0.0,0.0,0.0,0.0,0.0,0.0,0.0,0.0001152073732718894,0.0,0.0,0.0,0.0,0.0,0.0,0.0,0.0,0.0,0.0,0.0001152073732718894,0.0,0.0,0.0,0.0,0.0
103,103.0,742.0,0.0,0.0,0.4474393530997305,0.0,0.05121293800539084,0.431266846361186,0.0,0.14420485175202158,0.0215633423180593,0.0013477088948787063,0.0,0.0026954177897574125,0.0,0.0,0.0026954177897574125,0.0,0.0,0.0,0.0013477088948787063,0.0,0.0,0.0,1.0,0.016172506738544475,0.01482479784366577,0.005390835579514825,0.004043126684636119,0.006738544474393531,0.02425876010781671,0.01886792452830189,0.02425876010781671,0.01078167115902965,0.016172506738544475,0.01886792452830189,0.0013477088948787063,0.01078167115902965,0.006738544474393531,0.004043126684636119,0.008086253369272238,0.009433962264150945,0.0,0.0013477088948787063,0.0,0.0013477088948787063,0.0013477088948787063,0.0,0.0,0.0,0.0,0.0,0.0,0.0,0.0,0.0,0.0013477088948787063,0.0,0.0,0.0,0.0013477088948787063,0.0,0.0,0.0,0.0013477088948787063,0.0,0.006738544474393531,0.0,0.0,0.0,0.0,0.0013477088948787063,0.0013477088948787063,0.0,0.0013477088948787063,0.0,0.0,0.0,0.0,0.0,0.0,0.0,0.0,0.0013477088948787063,0.0,0.0,0.0,0.0,0.0,0.0,0.0013477088948787063,0.0013477088948787063,0.0013477088948787063,0.0,0.0013477088948787063,0.0,0.0,0.0,0.0,0.0,0.0,0.0013477088948787063,0.0013477088948787063,0.0,0.0,0.0,0.0,0.0013477088948787063,0.0013477088948787063,0.0,0.0,0.0,0.0,0.0013477088948787063,0.0,0.0,0.0,0.0,0.0013477088948787063,0.0,0.0,0.0,0.0
104,104.0,1273.0,0.0,0.9300864100549883,0.959937156323645,0.9772191673212883,0.9756480754124117,0.9418695993715633,0.9772191673212883,0.9992144540455618,0.6732128829536528,0.0,0.0,0.0,0.0,0.0,0.0007855459544383347,0.0,0.0,0.0,0.0,0.0,0.0,0.0015710919088766694,0.03377847604084839,0.0,0.025923016496465046,0.02513747054202671,0.10054988216810684,0.028279654359780047,0.0,0.02670856245090338,0.021995286724273373,0.09426551453260017,0.025923016496465046,0.0769835035349568,0.0,1.0,0.047918303220738416,0.01335428122545169,0.01492537313432836,0.0,0.006284367635506678,0.0,0.0,0.0,0.0,0.0,0.0,0.0,0.0,0.0,0.0,0.0,0.0,0.0,0.0,0.0,0.0,0.0,0.0,0.0,0.0,0.0,0.0,0.0007855459544383347,0.0,0.0,0.0,0.0,0.0,0.0,0.0,0.0,0.0,0.0,0.0,0.0,0.0,0.0,0.0,0.0,0.0,0.0,0.0,0.0,0.0,0.0,0.0,0.0,0.0015710919088766694,0.0,0.0,0.0,0.0,0.0,0.0,0.0,0.0,0.0,0.0,0.0,0.0,0.0,0.0,0.0,0.0,0.0,0.0,0.0,0.0,0.0,0.0,0.0,0.0,0.0,0.0,0.0,0.0,0.0,0.0,0.0,0.0
105,105.0,828.0,0.0,0.9987908101571946,1.0,0.9987908101571946,0.9987908101571946,0.9987908101571946,0.9987908101571946,0.9975816203143894,0.996372430471584,0.0,0.0,0.0,0.0,0.0,0.0,0.0,0.0,0.0,0.0,0.0,0.0,0.0,0.7218863361547763,0.81136638452237,0.0,0.7545344619105199,0.6638452237001209,0.6686819830713422,0.6989117291414751,0.683192261185006,0.8065296251511487,0.8512696493349455,0.7932285368802902,0.8573155985489721,0.0,0.49576783555018133,0.599758162031439,0.31922611850060456,0.1608222490931076,0.0,0.007255139056831922,0.0,0.0,0.0,0.0,0.0,0.0,0.0,0.0,0.0,0.0,0.0,0.0,0.0,0.0,0.0,0.0,0.0,0.0,0.0,0.0,0.0,0.0,0.0,0.0012091898428053204,0.0,0.0,0.0,0.0,0.0,0.0,0.0,0.0,0.0,0.0,0.0,0.0,0.0,0.0,0.0,0.0,0.0,0.0,0.0,0.0,0.0,0.0,0.0,0.0,0.0,0.0,0.0,0.0,0.0,0.0,0.0,0.0,0.0,0.0,0.0,0.0,0.0,0.0,0.0,0.0,0.0,0.0012091898428053204,0.0,0.0,0.0,0.0,0.0,0.0,0.0,0.0,0.0,0.0,0.0,0.0,0.0,0.0
106,106.0,1228.0,0.0,0.9811937857726901,0.9836467702371219,0.9787408013082585,0.982829108748978,0.9787408013082585,0.9811937857726901,0.9304987735077678,0.92886345053148,0.0,0.0,0.0,0.0,0.0,0.0008176614881439084,0.0,0.0,0.0,0.0,0.0,0.0,0.0008176614881439084,0.1545380212591987,0.11529026982829109,0.16762060506950124,0.16925592804578904,0.09975470155355683,1.0,0.0,0.15126737530662307,1.0,0.1471790678659035,0.16107931316434995,0.14145543744889616,0.0,0.11937857726901063,0.06541291905151267,0.08340147179067867,0.10956663941128374,0.0024529844644317253,0.00572363041700736,0.0,0.0,0.0,0.003270645952575634,0.0,0.0,0.0,0.0,0.0,0.0,0.0,0.0,0.0,0.0,0.0,0.0,0.0,0.0,0.0,0.0,0.0,0.0,0.0,0.0,0.0,0.0,0.0,0.0,0.0,0.0,0.0,0.0,0.0,0.0,0.0,0.0,0.0,0.0,0.0,0.0,0.0,0.0,0.0,0.0,0.0,0.0,0.0,0.0,0.0,0.0,0.0,0.0,0.0,0.0,0.0,0.0,0.0,0.0,0.0,0.0,0.0,0.0,0.0,0.0,0.0,0.0008176614881439084,0.0,0.0,0.0,0.0,0.0,0.0,0.0,0.0,0.0,0.0,0.0,0.0,0.0,0.0
107,107.0,3309.0,0.0,0.9703838017527954,0.9691749773345422,0.970081595648232,0.9658507101843458,0.9673617407071623,0.9731036566938652,0.896343306134784,0.9144756724085826,0.0,0.0,0.0003022061045633122,0.0,0.0,0.0,0.0,0.0,0.0,0.0,0.0,0.0,0.0006044122091266244,0.0,0.0991236022967664,0.07796917497733455,1.0,0.0,0.0,0.0646721063765488,0.0,0.0,0.09247506799637353,0.09005741915986704,0.0,0.0003022061045633122,0.06618313689936536,0.046539740102750075,0.07132064067694167,0.04835297673012995,0.0015110305228165609,0.007857358718646117,0.0,0.0,0.0,0.0006044122091266244,0.0,0.0,0.0,0.0,0.0,0.0,0.0,0.0,0.0,0.0,0.0,0.0,0.0,0.0,0.0,0.0,0.0,0.0,0.0,0.0,0.0,0.0,0.0,0.0,0.0,0.0,0.0,0.0,0.0003022061045633122,0.0,0.0,0.0,0.0,0.0015110305228165609,0.0,0.0,0.0,0.0,0.0,0.0,0.0,0.0,0.0,0.0006044122091266244,0.0,0.0,0.0,0.0,0.0,0.0,0.0,0.0,0.0,0.0,0.0,0.0,0.0,0.0,0.0,0.0,0.0,0.0,0.0,0.0,0.0,0.0,0.0,0.0,0.0,0.0,0.0,0.0,0.0,0.0,0.0,0.0
108,108.0,2392.0,0.0,1.0,0.22240802675585283,1.0,0.0,0.23745819397993312,0.0,1.0,0.10953177257525083,0.0,0.0016722408026755853,0.001254180602006689,0.0,0.0,0.0008361204013377926,0.0,0.0,0.0,0.0,0.0,0.0,0.001254180602006689,0.020066889632107024,0.016722408026755852,0.020903010033444816,0.016304347826086956,0.021739130434782608,0.019230769230769232,0.022157190635451504,0.0225752508361204,0.02508361204013378,0.020066889632107024,0.018812709030100336,0.018812709030100336,0.0004180602006688963,0.008779264214046822,0.007525083612040134,0.009615384615384616,0.015050167224080268,0.0020903010033444815,0.0033444816053511705,0.0004180602006688963,0.0,0.0,0.0004180602006688963,0.0,0.0,0.0,0.0,0.0,0.0,0.0,0.0,0.0,0.0,0.0,0.0004180602006688963,0.0004180602006688963,0.0,0.0,0.0,0.0,0.0,0.0,0.0,0.0,0.0004180602006688963,0.0,0.0,0.0,0.0,0.0,0.0,0.0,0.0,0.0,0.0,0.0,0.0,0.0,0.0,0.0,0.0,0.0,0.0,0.0,0.0,0.0,0.0004180602006688963,0.0,0.0,0.0,0.0,0.0,0.0,0.0,0.0,0.0,0.0,0.0,0.0,0.0,0.0,0.0,0.0,0.0,0.0,0.0,0.0,0.0,0.0,0.0,0.0,0.0,0.0,0.0,0.0,0.0,0.0,0.0,0.0
109,109.0,2812.0,0.0,0.7496443812233287,1.0,0.0,0.7613798008534851,1.0,1.0,1.0,0.0,0.0,0.00035561877667140827,0.00035561877667140827,0.0,0.0,0.00035561877667140827,0.0,0.0,0.0,0.0,0.0,0.0,0.0024893314366998577,0.04623044096728308,0.04054054054054054,0.03769559032716928,0.04125177809388336,0.04054054054054054,0.03662873399715505,0.015647226173541962,0.03805120910384068,0.03805120910384068,0.04871977240398293,0.033072546230440966,0.043741109530583216,0.00035561877667140827,0.023470839260312945,0.019203413940256046,0.017069701280227598,0.02062588904694168,0.0017780938833570413,0.006401137980085349,0.0,0.0,0.0,0.0017780938833570413,0.0,0.0,0.0,0.0,0.0,0.0,0.0,0.0,0.0,0.0,0.0,0.0,0.0,0.0,0.0,0.0,0.0,0.0,0.0,0.0007112375533428165,0.0,0.0,0.0,0.0,0.0,0.0,0.0,0.0,0.0,0.0,0.0,0.0,0.0010668563300142249,0.0,0.0,0.0,0.0,0.0,0.0,0.0,0.0,0.0,0.0,0.0007112375533428165,0.0,0.0,0.0,0.0,0.0,0.0,0.0,0.0,0.0,0.0,0.0,0.0,0.0,0.0,0.0,0.0,0.0,0.0,0.0,0.0,0.0,0.0,0.0,0.0,0.0,0.0,0.0,0.0,0.0,0.0,0.0,0.0
110,110.0,2722.0,0.0,0.0,0.0,0.9999999999999999,0.0,0.9999999999999999,0.9999999999999999,0.0,0.22116091109478322,0.0,0.0,0.0,0.0,0.0,0.0003673769287288758,0.0,0.0,0.0,0.0,0.0,0.0,0.0025716385011021305,0.01579720793534166,0.02020573108008817,0.019470977222630418,0.016164584864070537,0.018736223365172666,0.017634092578986037,0.01653196179279941,0.01653196179279941,0.016164584864070537,0.01653196179279941,0.015429831006612783,0.012490815576781777,0.0003673769287288758,0.0077149155033063915,0.008449669360764144,0.00955180014695077,0.008082292432035268,0.0018368846436443791,0.0025716385011021305,0.0,0.0,0.0,0.0011021307861866273,0.0,0.0,0.0,0.0,0.0,0.0,0.0,0.0,0.0,0.0,0.0,0.0,0.0,0.0,0.0,0.0,0.0,0.0,0.0,0.0003673769287288758,0.0,0.0,0.0,0.0,0.0,0.0,0.0,0.0,0.0,0.0,0.0,0.0,0.0,0.0,0.0,0.0,0.0,0.0,0.0,0.0,0.0,0.0,0.0,0.0,0.0,0.0,0.0,0.0,0.0,0.0,0.0,0.0,0.0,0.0,0.0,0.0,0.0,0.0,0.0,0.0,0.0,0.0,0.0,0.0,0.0,0.0,0.0,0.0,0.0,0.0,0.0,0.0,0.0,0.0,0.0,0.0
111,111.0,3878.0,0.0,0.0,1.0,0.3290355853532749,0.0,1.0,1.0,0.0,0.14878803506962351,0.0,0.0,0.00025786487880350697,0.0,0.0,0.0,0.0,0.0,0.0,0.0,0.0,0.0,0.0028365136668385767,0.020371325425477052,0.020113460546673543,0.019597730789066528,0.020371325425477052,0.019597730789066528,0.019082001031459517,0.019082001031459517,0.01444043321299639,0.019597730789066528,0.02320783909231563,0.019597730789066528,0.01779267663744198,0.00025786487880350697,0.009025270758122744,0.009283135636926251,0.010314595152140279,0.009025270758122744,0.0020629190304280558,0.008251676121712223,0.0,0.0,0.0,0.0010314595152140279,0.0,0.0,0.0,0.0,0.0,0.0,0.0,0.0,0.0,0.0,0.0,0.0,0.0,0.0,0.0,0.0,0.0,0.0,0.0,0.0005157297576070139,0.0,0.0,0.0,0.0,0.0,0.0,0.0,0.0,0.0,0.0,0.0,0.0,0.0015471892728210418,0.0,0.0,0.0,0.0,0.0,0.0,0.0,0.0,0.0,0.0,0.00025786487880350697,0.0,0.0,0.0,0.0,0.0,0.0,0.0,0.0,0.0,0.0,0.0,0.0,0.0,0.0,0.0,0.0,0.0,0.0,0.0,0.0,0.0,0.0,0.0,0.0,0.0,0.0,0.0,0.0,0.0,0.0,0.0,0.0
112,112.0,827.0,0.0,0.9927536231884058,0.9963768115942029,0.9891304347826086,0.9927536231884058,0.9915458937198067,0.9975845410628019,0.9842995169082125,0.9710144927536232,0.0,0.0,0.0,0.0,0.0,0.0,0.0,0.0,0.0,0.0,0.0,0.0,0.0024154589371980675,0.13043478260869565,0.14251207729468598,0.8128019323671497,0.8466183574879227,0.1388888888888889,0.7391304347826086,0.13526570048309178,0.16425120772946858,0.15217391304347824,0.8538647342995168,0.20169082125603863,0.5628019323671497,0.0,0.1388888888888889,0.13405797101449274,0.1400966183574879,0.18840579710144928,0.0,0.004830917874396135,0.0,0.0,0.0,0.0012077294685990338,0.0,0.0,0.0,0.0,0.0,0.0,0.0,0.0,0.0,0.0,0.0,0.0,0.0,0.0,0.0,0.0,0.0,0.0,0.0,0.0,0.0,0.0,0.0,0.0,0.0,0.0,0.0,0.0,0.0,0.0,0.0,0.0,0.0,0.0,0.0,0.0,0.0,0.0,0.0,0.0,0.0,0.0,0.0,0.0,0.0,0.0,0.0,0.0,0.0,0.0,0.0,0.0,0.0,0.0,0.0,0.0,0.0,0.0,0.0,0.0,0.0,0.0,0.0,0.0,0.0,0.0,0.0,0.0,0.0,0.0,0.0,0.0,0.0,0.0,0.0,0.0
113,113.0,1507.0,0.027869940278699403,0.0,0.0013271400132714001,0.0,0.0,0.0006635700066357001,0.0,0.0006635700066357001,0.0,0.822826808228268,0.1997345719973457,0.0225613802256138,0.0039814200398142,0.0072992700729927005,0.0046449900464499,0.0,0.0046449900464499,0.0112806901128069,0.0,0.0006635700066357001,0.0006635700066357001,0.0013271400132714001,0.0,0.0006635700066357001,0.0,0.0006635700066357001,0.0,0.0,0.0,0.0,0.0,0.0,0.0,0.0,0.0,0.0,0.0,0.0,0.0,0.0033178500331785005,0.039814200398142006,0.0451227604512276,0.005972130059721301,0.0,0.0013271400132714001,0.021234240212342402,0.0325149303251493,0.0,0.0,0.0019907100199071,0.0,0.0092899800928998,1.0,0.0006635700066357001,0.0,0.010617120106171201,0.005972130059721301,0.008626410086264101,0.0,0.0006635700066357001,0.0,0.0013271400132714001,0.0,0.0,0.0013271400132714001,0.0006635700066357001,0.012607830126078301,0.0013271400132714001,0.006635700066357001,0.0072992700729927005,0.0026542800265428003,0.0006635700066357001,0.0013271400132714001,0.010617120106171201,0.0072992700729927005,0.0,0.0006635700066357001,0.0006635700066357001,0.0019907100199071,0.0046449900464499,0.0,0.0,0.0006635700066357001,0.0079628400796284,0.0,0.0019907100199071,0.009953550099535502,0.012607830126078301,0.0,0.0013271400132714001,0.0013271400132714001,0.0019907100199071,0.0013271400132714001,0.008626410086264101,0.0,0.0013271400132714001,0.0019907100199071,0.0,0.006635700066357001,0.0,0.0019907100199071,0.0,0.0079628400796284,0.0079628400796284,0.0006635700066357001,0.0072992700729927005,0.0013271400132714001,0.0013271400132714001,0.0006635700066357001,0.0026542800265428003,0.0006635700066357001,0.0006635700066357001,0.0013271400132714001,0.0,0.0,0.0,0.0019907100199071,0.0019907100199071,0.009953550099535502,0.0006635700066357001,0.0013271400132714001
114,114.0,769.0,0.0,0.9961340206185567,0.9987113402061856,0.9935567010309279,0.9948453608247423,0.9948453608247423,0.9961340206185567,0.9768041237113402,0.9819587628865979,0.002577319587628866,0.0,0.0,0.0,0.0,0.002577319587628866,0.0,0.0,0.0,0.0,0.0,0.0,0.001288659793814433,0.9381443298969072,0.08634020618556701,0.1842783505154639,0.22422680412371135,0.1920103092783505,0.8144329896907216,0.6932989690721649,0.2706185567010309,0.5360824742268041,0.893041237113402,0.11984536082474227,0.20618556701030927,0.0,0.15206185567010308,0.15335051546391754,0.19329896907216496,0.16108247422680413,0.002577319587628866,0.010309278350515464,0.0,0.0,0.0,0.003865979381443299,0.0,0.0,0.0,0.0,0.0,0.0,0.0,0.0,0.0,0.0,0.0,0.0,0.0,0.0,0.0,0.0,0.0,0.0,0.0,0.0,0.0,0.0,0.0,0.0,0.0,0.0,0.0,0.0,0.0,0.0,0.0,0.0,0.003865979381443299,0.0,0.0,0.0,0.0,0.0,0.0,0.0,0.0,0.0,0.0,0.0,0.0,0.0,0.0,0.0,0.0,0.0,0.0,0.0,0.0,0.0,0.0,0.0,0.0,0.0,0.0,0.0,0.0,0.0,0.0,0.0,0.0,0.0,0.0,0.0,0.0,0.0,0.0,0.0,0.0,0.0,0.0,0.0
115,115.0,3390.0,0.0,1.0,0.0,1.0,0.0,0.0,1.0,0.18023598820058997,0.1920353982300885,0.0,0.0,0.0002949852507374631,0.0,0.0,0.0,0.0,0.0,0.0,0.0,0.0,0.0,0.0011799410029498525,0.022123893805309734,0.01710914454277286,0.01976401179941003,0.020058997050147492,0.018584070796460177,0.017404129793510324,0.018584070796460177,0.025073746312684365,0.023893805309734513,0.01710914454277286,0.01710914454277286,0.019174041297935103,0.0,0.009734513274336283,0.010619469026548672,0.007669616519174041,0.010619469026548672,0.0017699115044247787,0.0029498525073746312,0.0,0.0,0.0,0.0017699115044247787,0.0,0.0,0.0,0.0,0.0,0.0,0.0,0.0,0.0,0.0,0.0,0.0,0.0,0.0,0.0,0.0,0.0,0.0,0.0,0.0011799410029498525,0.0,0.0,0.0,0.0,0.0,0.0,0.0,0.0,0.0,0.0,0.0,0.0,0.0,0.0002949852507374631,0.0,0.0,0.0,0.0,0.0,0.0,0.0,0.0,0.0,0.0002949852507374631,0.0,0.0,0.0,0.0,0.0,0.0,0.0,0.0,0.0,0.0,0.0,0.0,0.0,0.0,0.0,0.0,0.0,0.0,0.0,0.0,0.0,0.0,0.0,0.0002949852507374631,0.0,0.0,0.0,0.0,0.0,0.0,0.0,0.0
116,116.0,924.0,0.0,0.9989680082559339,0.9999999999999999,0.9989680082559339,0.9969040247678018,0.9999999999999999,0.9979360165118678,0.9989680082559339,0.9989680082559339,0.0,0.0,0.0,0.0,0.0,0.0,0.0,0.0,0.0,0.0,0.0,0.0,0.0,0.8400412796697626,0.8338493292053663,0.8534571723426212,0.8080495356037151,0.8441692466460268,0.8513931888544891,0.7977296181630547,0.8400412796697626,0.8204334365325077,0.7874097007223941,0.7915376676986583,0.8132094943240453,0.0,0.9999999999999999,0.018575851393188854,0.5159958720330237,0.9339525283797729,0.0010319917440660474,0.0010319917440660474,0.0,0.0,0.0,0.0,0.0,0.0,0.0,0.0,0.0,0.0,0.0,0.0,0.0,0.0,0.0,0.0,0.0,0.0,0.0,0.0,0.0,0.0,0.0,0.0010319917440660474,0.0,0.0,0.0,0.0,0.0,0.0,0.0,0.0,0.0,0.0,0.0,0.0,0.0,0.0,0.0,0.0,0.0,0.0,0.0,0.0,0.0,0.0,0.0,0.0,0.0,0.0,0.0,0.0,0.0,0.0,0.0,0.0,0.0,0.0,0.0,0.0,0.0,0.0,0.0,0.0,0.0,0.003095975232198142,0.0,0.0,0.0,0.0,0.0,0.0,0.0,0.0,0.0,0.0,0.0,0.0,0.0,0.0
117,117.0,1299.0,0.0,0.006158583525789068,0.003079291762894534,0.0038491147036181675,0.0023094688221709007,0.0023094688221709007,0.003079291762894534,0.0038491147036181675,0.0023094688221709007,0.9853733641262509,0.9707467282525019,0.4857582755966127,0.0,0.8698999230177059,0.8237105465742879,0.0,0.833718244803695,0.8745188606620476,0.8714395688991532,0.8491147036181678,0.8529638183217859,0.0007698229407236335,0.0,0.0,0.0,0.0,0.0,0.0,0.0007698229407236335,0.0007698229407236335,0.0,0.0007698229407236335,0.0,0.0007698229407236335,0.0,0.0,0.0,0.0,0.0007698229407236335,0.0023094688221709007,0.003079291762894534,0.0,0.0,0.0,0.0,0.005388760585065435,0.008468052347959968,0.0038491147036181675,0.0007698229407236335,0.0038491147036181675,0.0038491147036181675,0.005388760585065435,0.0,0.005388760585065435,0.001539645881447267,0.004618937644341801,0.0007698229407236335,0.0,0.006158583525789068,0.0,0.0,0.0,0.0,0.001539645881447267,0.0,0.001539645881447267,0.0,0.0,0.0,0.0,0.0,0.0,0.0,0.0,0.0,0.0,0.0,0.0,0.0,0.0007698229407236335,0.0,0.0,0.0,0.0,0.0,0.0,0.0,0.0,0.0,0.0,0.0,0.0,0.0,0.0,0.0,0.0,0.0,0.0,0.0,0.0,0.0,0.0,0.0,0.0,0.0,0.0,0.0,0.0,0.0,0.0,0.0,0.0,0.0,0.0,0.0,0.0,0.0,0.0,0.0,0.0,0.0
118,118.0,3879.0,0.0,0.971435546875,0.970458984375,0.969482421875,0.974853515625,0.970703125,0.973876953125,0.921630859375,0.903076171875,0.0,0.0,0.0,0.0,0.0,0.001220703125,0.0,0.0,0.0,0.0,0.0,0.0,0.0009765625,0.120849609375,0.0546875,0.087890625,0.091552734375,0.065185546875,0.0,0.095458984375,0.07958984375,1.0,0.0,0.009033203125,0.065185546875,0.0,0.0556640625,0.05126953125,0.060791015625,0.000732421875,0.002685546875,0.002685546875,0.0,0.0,0.0,0.00341796875,0.0,0.0,0.0,0.0,0.0,0.0,0.0,0.000244140625,0.0,0.0,0.0,0.0,0.0,0.0,0.0,0.0,0.0,0.0,0.0,0.0,0.0,0.0,0.0,0.0,0.0,0.0,0.0,0.0,0.0,0.0,0.0,0.0,0.0,0.000732421875,0.0,0.0,0.0,0.0,0.0,0.0,0.0,0.0,0.0,0.000732421875,0.0,0.0,0.0,0.0,0.0,0.0,0.0,0.0,0.0,0.0,0.0,0.0,0.0,0.0,0.0,0.0,0.0,0.00048828125,0.0,0.0,0.0,0.0,0.0,0.0,0.0,0.0,0.0,0.0,0.0,0.0,0.0,0.0
119,119.0,6550.0,0.0,0.0,0.0,0.0,1.0,1.0,0.0,0.0,0.0,0.00015267175572519084,0.00045801526717557256,0.0013740458015267176,0.0,0.0,0.0013740458015267176,0.0,0.0,0.0,0.0,0.0,0.0,0.002900763358778626,0.010534351145038168,0.009618320610687023,0.005801526717557252,0.0,0.009465648854961832,0.007480916030534352,0.007938931297709924,0.007938931297709924,0.0,0.011145038167938931,0.007786259541984733,0.007480916030534352,0.0,0.0036641221374045805,0.0038167938931297713,0.003511450381679389,0.0032061068702290076,0.0018320610687022902,0.0022900763358778627,0.0003053435114503817,0.0,0.0,0.001984732824427481,0.0,0.0,0.0,0.0,0.0,0.00015267175572519084,0.0,0.0,0.0,0.0,0.0,0.00015267175572519084,0.0003053435114503817,0.0,0.0,0.0,0.0,0.0,0.00015267175572519084,0.00015267175572519084,0.0,0.0,0.00015267175572519084,0.0,0.0,0.0,0.0,0.0,0.0,0.0,0.0,0.0,0.0,0.0003053435114503817,0.0,0.0,0.0,0.0,0.0,0.0,0.0,0.0,0.0,0.0,0.0,0.0,0.0,0.0,0.0,0.0,0.0,0.0,0.0,0.0,0.0,0.0,0.0,0.0,0.0,0.00015267175572519084,0.0,0.0,0.0,0.0,0.0,0.0,0.0,0.0,0.0,0.0,0.0,0.0,0.0,0.0,0.0,0.0
120,120.0,849.0,0.0,0.9881656804733728,0.9857988165680474,0.9857988165680474,0.9940828402366864,0.98698224852071,0.9893491124260355,0.9526627218934911,0.9692307692307692,0.0,0.0,0.0,0.0,0.0,0.001183431952662722,0.0,0.0,0.0,0.0,0.0,0.0,0.001183431952662722,0.8366863905325443,0.8355029585798817,0.11005917159763313,0.1739644970414201,0.13254437869822486,0.08165680473372781,0.17041420118343195,0.14201183431952663,0.054437869822485205,0.829585798816568,0.7349112426035503,0.19289940828402366,0.0,0.12781065088757396,0.12307692307692308,0.1242603550295858,0.13254437869822486,0.0,0.004733727810650888,0.0,0.0,0.0,0.002366863905325444,0.0,0.0,0.0,0.0,0.0,0.0,0.0,0.0,0.0,0.0,0.0,0.0,0.0,0.0,0.0,0.0,0.0,0.0,0.0,0.001183431952662722,0.0,0.0,0.0,0.0,0.0,0.0,0.0,0.0,0.0,0.0,0.0,0.001183431952662722,0.0,0.0,0.0,0.0,0.0,0.0,0.0,0.0,0.0,0.0,0.0,0.001183431952662722,0.0,0.0,0.0,0.0,0.0,0.0,0.0,0.0,0.0,0.0,0.0,0.0,0.0,0.0,0.0,0.001183431952662722,0.0,0.0,0.0,0.0,0.0,0.0,0.0,0.0,0.0,0.0,0.0,0.0,0.0,0.0,0.0,0.0
121,121.0,3906.0,0.0,0.0,0.0,1.0,0.0,0.0,0.0,0.12544802867383512,1.0,0.0,0.0,0.0002560163850486431,0.0,0.0002560163850486431,0.0,0.0,0.0,0.0,0.0,0.0,0.0,0.0033282130056323605,0.008704557091653867,0.007680491551459293,0.008448540706605223,0.011776753712237582,0.009472606246799796,0.008704557091653867,0.011776753712237582,0.009216589861751152,0.010496671786994368,0.006656426011264721,0.009728622631848437,0.009728622631848437,0.0,0.004608294930875576,0.004352278545826933,0.004608294930875576,0.004352278545826933,0.0015360983102918587,0.0033282130056323605,0.0,0.0,0.0,0.0007680491551459293,0.0,0.0,0.0,0.0,0.0,0.0,0.0,0.0,0.0,0.0,0.0,0.0,0.0,0.0,0.0,0.0,0.0,0.0,0.0,0.0002560163850486431,0.0,0.0,0.0,0.0,0.0,0.0,0.0,0.0,0.0,0.0,0.0,0.0,0.0,0.0,0.0,0.0,0.0,0.0,0.0,0.0,0.0,0.0,0.0,0.0002560163850486431,0.0,0.0,0.0,0.0,0.0,0.0,0.0,0.0,0.0,0.0,0.0,0.0,0.0,0.0,0.0,0.0,0.0,0.0,0.0,0.0,0.0,0.0,0.0,0.0,0.0,0.0,0.0,0.0,0.0,0.0,0.0,0.0
122,122.0,1263.0,0.35312747426761676,0.003167062549485352,0.003167062549485352,0.001583531274742676,0.00395882818685669,0.003167062549485352,0.006334125098970704,0.001583531274742676,0.001583531274742676,0.4734758511480602,0.9113222486144101,0.7078384798099762,0.9762470308788598,0.001583531274742676,0.000791765637371338,0.0,0.000791765637371338,0.000791765637371338,0.000791765637371338,0.000791765637371338,0.0,0.000791765637371338,0.0023752969121140144,0.001583531274742676,0.0,0.000791765637371338,0.000791765637371338,0.0,0.0,0.0023752969121140144,0.000791765637371338,0.000791765637371338,0.0,0.0,0.000791765637371338,0.0023752969121140144,0.0,0.0,0.000791765637371338,0.00395882818685669,0.004750593824228029,0.000791765637371338,0.000791765637371338,0.000791765637371338,0.001583531274742676,0.001583531274742676,0.000791765637371338,0.0023752969121140144,0.0023752969121140144,0.0023752969121140144,0.0023752969121140144,0.0023752969121140144,0.000791765637371338,0.0023752969121140144,0.001583531274742676,0.0023752969121140144,0.000791765637371338,0.0,0.0,0.001583531274742676,0.9722882026920031,0.001583531274742676,0.001583531274742676,0.001583531274742676,0.0023752969121140144,0.000791765637371338,0.001583531274742676,0.000791765637371338,0.000791765637371338,0.0023752969121140144,0.0,0.001583531274742676,0.001583531274742676,0.001583531274742676,0.0,0.000791765637371338,0.0,0.000791765637371338,0.0,0.000791765637371338,0.001583531274742676,0.001583531274742676,0.0,0.0023752969121140144,0.000791765637371338,0.001583531274742676,0.0,0.000791765637371338,0.0023752969121140144,0.0,0.001583531274742676,0.0,0.000791765637371338,0.000791765637371338,0.000791765637371338,0.000791765637371338,0.0,0.000791765637371338,0.00395882818685669,0.0,0.000791765637371338,0.000791765637371338,0.001583531274742676,0.001583531274742676,0.001583531274742676,0.003167062549485352,0.003167062549485352,0.0,0.0,0.000791765637371338,0.0,0.001583531274742676,0.000791765637371338,0.001583531274742676,0.0,0.000791765637371338,0.0,0.001583531274742676,0.0,0.0,0.0
123,123.0,1535.0,0.0,1.0,0.0,1.0,1.0,0.0,0.4195439739413681,1.0,0.18892508143322476,0.0013029315960912053,0.0013029315960912053,0.0,0.0006514657980456026,0.0,0.0006514657980456026,0.0,0.0,0.0,0.0,0.0,0.0,0.001954397394136808,0.03452768729641694,0.021498371335504887,0.02280130293159609,0.03192182410423453,0.028013029315960912,0.03452768729641694,0.028664495114006518,0.033876221498371335,0.031270358306188926,0.01758957654723127,0.031270358306188926,0.028013029315960912,0.0013029315960912053,0.01954397394136808,0.01954397394136808,0.01758957654723127,0.016286644951140065,0.0026058631921824105,0.0,0.0,0.0,0.0,0.003908794788273616,0.0,0.0,0.0,0.0,0.0,0.0,0.0,0.0,0.0,0.0,0.0,0.0,0.0,0.0,0.0,0.0006514657980456026,0.0,0.0,0.0,0.0013029315960912053,0.0,0.0,0.001954397394136808,0.0006514657980456026,0.0,0.0,0.0,0.0,0.0,0.0,0.0,0.0,0.0,0.0006514657980456026,0.0,0.0,0.0,0.0,0.0,0.0,0.0,0.0,0.0013029315960912053,0.0013029315960912053,0.0,0.0,0.0,0.0,0.0,0.0,0.0,0.0006514657980456026,0.0,0.0,0.0006514657980456026,0.0006514657980456026,0.0,0.0,0.0,0.0,0.0,0.0,0.0,0.0006514657980456026,0.0,0.0006514657980456026,0.0,0.0,0.0006514657980456026,0.0,0.0,0.0006514657980456026,0.0006514657980456026,0.0,0.0,0.0
124,124.0,558.0,0.0,0.26523297491039427,0.06093189964157706,0.16129032258064516,0.3172043010752688,1.0,0.0,0.06093189964157706,0.04659498207885305,0.0017921146953405018,0.0,0.0017921146953405018,0.0,0.0,0.0,0.0,0.0,0.0,0.0,0.0,0.0,0.0017921146953405018,0.014336917562724014,0.014336917562724014,0.01971326164874552,1.0,0.01971326164874552,0.017921146953405017,0.016129032258064516,0.008960573476702509,0.007168458781362007,0.017921146953405017,0.01971326164874552,0.016129032258064516,0.0,0.008960573476702509,0.007168458781362007,0.0017921146953405018,0.0035842293906810036,0.0,0.005376344086021506,0.0,0.0,0.0,0.0,0.0,0.0,0.0,0.0,0.0,0.0,0.0,0.0,0.0,0.0,0.0,0.0,0.0,0.0,0.0,0.0017921146953405018,0.0017921146953405018,0.0,0.0,0.0,0.0,0.0,0.0,0.0,0.0,0.0,0.0,0.0,0.0,0.0017921146953405018,0.0,0.0,0.0,0.0,0.0,0.0,0.0017921146953405018,0.0,0.0,0.0,0.0,0.0,0.0,0.0,0.0,0.0,0.0017921146953405018,0.0,0.0,0.0,0.0,0.0,0.0,0.0,0.0,0.0017921146953405018,0.0017921146953405018,0.0,0.0,0.0,0.0,0.0,0.0017921146953405018,0.0,0.0017921146953405018,0.0,0.0017921146953405018,0.0,0.0,0.0017921146953405018,0.0,0.0,0.0,0.0017921146953405018,0.0,0.0
125,125.0,287.0,0.1289198606271777,0.003484320557491289,0.0,0.0,0.003484320557491289,0.003484320557491289,0.0,0.003484320557491289,0.003484320557491289,0.9407665505226481,0.975609756097561,0.9512195121951219,0.003484320557491289,0.0,0.6062717770034843,0.010452961672473868,0.003484320557491289,0.010452961672473868,0.003484320557491289,0.010452961672473868,0.003484320557491289,0.0,0.003484320557491289,0.0,0.0,0.0,0.0,0.003484320557491289,0.003484320557491289,0.0,0.0,0.0,0.0,0.003484320557491289,0.003484320557491289,0.003484320557491289,0.0,0.003484320557491289,0.003484320557491289,0.0,0.010452961672473868,0.3170731707317073,0.003484320557491289,0.0,0.0,0.006968641114982578,0.25435540069686413,0.003484320557491289,0.006968641114982578,0.0,0.010452961672473868,0.006968641114982578,0.0,0.006968641114982578,0.003484320557491289,0.017421602787456445,0.010452961672473868,0.006968641114982578,0.003484320557491289,0.0,0.003484320557491289,0.003484320557491289,0.006968641114982578,0.003484320557491289,0.0,0.0,0.003484320557491289,0.003484320557491289,0.003484320557491289,0.006968641114982578,0.0,0.024390243902439025,0.006968641114982578,0.003484320557491289,0.003484320557491289,0.013937282229965157,0.0,0.003484320557491289,0.003484320557491289,0.003484320557491289,0.003484320557491289,0.9651567944250871,0.006968641114982578,0.006968641114982578,0.9721254355400697,0.010452961672473868,0.0,0.0,0.006968641114982578,0.0,0.003484320557491289,0.0,0.003484320557491289,0.003484320557491289,0.003484320557491289,0.0,0.003484320557491289,0.006968641114982578,0.020905923344947737,0.0,0.006968641114982578,0.006968641114982578,0.003484320557491289,0.006968641114982578,0.003484320557491289,0.006968641114982578,0.003484320557491289,0.003484320557491289,0.003484320557491289,0.013937282229965157,0.003484320557491289,0.0,0.003484320557491289,0.0,0.003484320557491289,0.003484320557491289,0.0,0.003484320557491289,0.0,0.003484320557491289,0.010452961672473868
126,126.0,2625.0,0.0,0.0,0.0,1.0,1.0,0.0,1.0,0.0,0.23047619047619047,0.00038095238095238096,0.0,0.00038095238095238096,0.00038095238095238096,0.0,0.0,0.0,0.0,0.0,0.0,0.0,0.0,0.00038095238095238096,0.018666666666666668,0.017904761904761906,0.018666666666666668,0.015238095238095238,0.01904761904761905,0.017142857142857144,0.014476190476190476,0.020190476190476193,0.017142857142857144,0.01904761904761905,0.016761904761904763,0.014476190476190476,0.0,0.008380952380952381,0.007619047619047619,0.009523809523809525,0.006095238095238095,0.0019047619047619048,0.0015238095238095239,0.00038095238095238096,0.0,0.00038095238095238096,0.001142857142857143,0.00038095238095238096,0.0,0.0,0.0,0.0,0.0,0.0,0.0,0.0,0.00038095238095238096,0.00038095238095238096,0.00038095238095238096,0.00038095238095238096,0.0,0.0,0.0,0.0,0.0,0.0,0.0019047619047619048,0.0,0.0,0.00038095238095238096,0.0,0.00038095238095238096,0.0,0.0,0.00038095238095238096,0.0,0.0,0.0,0.0,0.0,0.0,0.0,0.0,0.0,0.0,0.0,0.0,0.00038095238095238096,0.0,0.0,0.0,0.0,0.0,0.0,0.0,0.0,0.0,0.0,0.0,0.00038095238095238096,0.0,0.0,0.0,0.0,0.00038095238095238096,0.0,0.0,0.00038095238095238096,0.00038095238095238096,0.00038095238095238096,0.0,0.0,0.0,0.00038095238095238096,0.0,0.0,0.0,0.0,0.00038095238095238096,0.0,0.0,0.00038095238095238096,0.00038095238095238096
127,127.0,1287.0,0.0,0.9867187500000001,0.9851562500000001,0.98828125,0.9828125000000001,0.9875,0.9851562500000001,0.96796875,0.9640625,0.0,0.0,0.0,0.0,0.0,0.0023437500000000003,0.0,0.0,0.0,0.0,0.0,0.0,0.00078125,0.15156250000000002,0.140625,0.178125,0.18671875000000002,1.0,0.0,1.0,0.15156250000000002,0.19609375,0.19375,0.22031250000000002,0.21406250000000002,0.0,0.11015625000000001,0.06640625,0.10312500000000001,0.15078125,0.0,0.004687500000000001,0.0,0.0,0.0,0.0015625,0.0,0.0,0.0,0.0,0.0,0.0,0.0,0.0,0.0,0.0,0.0,0.0,0.0,0.0,0.0,0.0,0.0,0.0,0.0,0.00078125,0.0,0.0,0.0,0.0,0.0,0.0,0.0,0.0,0.0,0.0,0.0,0.0,0.0,0.0,0.0,0.0,0.0,0.0,0.0,0.0,0.0,0.0,0.00078125,0.0,0.0,0.0,0.0,0.0,0.0,0.0,0.0,0.0,0.0,0.0,0.0,0.0,0.0,0.0,0.0,0.0,0.0,0.00078125,0.0,0.0,0.0,0.0,0.0,0.0,0.0,0.0,0.0,0.0,0.0,0.0,0.0,0.0
128,128.0,5937.0,0.0,1.0,0.8058595723185721,1.0,1.0,0.7927260481562552,1.0,0.0,1.0,0.00117864960431049,0.0013470281192119885,0.0013470281192119885,0.0,0.0,0.0005051355447044957,0.0,0.0,0.0,0.0,0.0,0.0,0.0016837851490149856,0.017342987034854353,0.01296514564741539,0.0,0.019026772183869337,0.0,0.00825054723017343,0.05371274625357804,0.0,0.018016501094460347,0.05202896110456306,0.014817309311331874,0.0,0.00016837851490149856,0.02677218386933827,0.030813268226974236,0.007408654655665937,0.006903519110961441,0.0013470281192119885,0.0037043273278329686,0.0003367570298029971,0.0,0.0,0.0003367570298029971,0.00016837851490149856,0.0,0.0,0.0,0.0,0.0,0.0,0.0003367570298029971,0.0,0.0,0.0,0.0,0.0,0.0,0.0,0.0,0.0,0.0,0.0,0.0003367570298029971,0.0,0.00016837851490149856,0.00016837851490149856,0.0,0.0,0.0,0.00016837851490149856,0.00016837851490149856,0.0,0.0,0.0,0.0,0.0,0.0003367570298029971,0.0,0.0,0.0,0.0,0.00016837851490149856,0.0,0.00016837851490149856,0.0003367570298029971,0.0005051355447044957,0.0003367570298029971,0.0,0.0,0.0,0.0,0.0,0.0,0.0,0.0008418925745074928,0.00016837851490149856,0.0,0.00016837851490149856,0.0003367570298029971,0.0,0.0,0.0,0.0,0.0,0.0005051355447044957,0.0,0.0003367570298029971,0.0,0.0003367570298029971,0.0,0.0,0.0,0.0,0.0,0.0005051355447044957,0.0003367570298029971,0.0,0.0,0.0
129,129.0,1057.0,0.0,0.9980544747081712,1.0,1.0,0.9990272373540856,0.9980544747081712,0.9990272373540856,0.9990272373540856,0.9990272373540856,0.0,0.0,0.0,0.0,0.0,0.0019455252918287938,0.0,0.0,0.0,0.0,0.0,0.0,0.0,0.730544747081712,0.7538910505836576,0.8297665369649806,0.7597276264591439,0.6634241245136187,0.7071984435797666,0.6040856031128404,0.8142023346303502,0.6478599221789884,0.6147859922178989,0.7869649805447471,0.5729571984435797,0.0,0.15953307392996108,0.9961089494163424,0.39980544747081714,0.8745136186770428,0.0,0.013618677042801557,0.0,0.0,0.0,0.0019455252918287938,0.0,0.0,0.0,0.0,0.0,0.0,0.0,0.0,0.0009727626459143969,0.0,0.0,0.0,0.0,0.0,0.0,0.0,0.0,0.0,0.0,0.0009727626459143969,0.0,0.0,0.0,0.0,0.0,0.0,0.0,0.0,0.0,0.0,0.0,0.0,0.0,0.0,0.0,0.0,0.0,0.0,0.0,0.0,0.0,0.0,0.0,0.0009727626459143969,0.0,0.0,0.0,0.0,0.0,0.0,0.0,0.0,0.0,0.0,0.0,0.0,0.0,0.0,0.0,0.0009727626459143969,0.0,0.0,0.0,0.0,0.0,0.0,0.0,0.0,0.0,0.0,0.0,0.0,0.0,0.0,0.0,0.0
130,130.0,901.0,0.0,0.0,0.35405105438401774,0.23196448390677027,0.0,0.31853496115427304,0.0,0.12985571587125416,0.0,0.0022197558268590455,0.0,0.0,0.0011098779134295228,0.0,0.0011098779134295228,0.0,0.0,0.0,0.0,0.0,0.0,0.0033296337402885685,0.004439511653718091,0.016648168701442843,0.016648168701442843,0.006659267480577137,0.004439511653718091,1.0,0.017758046614872364,0.01553829078801332,0.01553829078801332,0.018867924528301886,0.009988901220865706,0.01997780244173141,0.0,0.01220865704772475,0.008879023307436182,0.00776914539400666,0.00776914539400666,0.006659267480577137,0.004439511653718091,0.0011098779134295228,0.0,0.0,0.005549389567147614,0.0,0.0,0.0011098779134295228,0.0,0.0,0.0,0.0,0.0,0.0,0.0,0.0,0.0011098779134295228,0.0011098779134295228,0.0011098779134295228,0.0,0.0,0.0,0.0,0.0,0.0011098779134295228,0.0,0.0,0.0011098779134295228,0.0,0.0,0.0,0.0,0.0,0.0011098779134295228,0.0,0.0,0.0011098779134295228,0.0,0.0,0.0,0.0,0.0,0.0,0.0,0.0,0.0,0.0,0.0,0.0,0.0,0.0,0.0,0.0,0.0,0.0,0.0,0.0,0.0011098779134295228,0.0,0.0,0.0,0.0,0.0,0.0011098779134295228,0.0011098779134295228,0.0,0.0011098779134295228,0.0,0.0011098779134295228,0.0011098779134295228,0.0,0.0022197558268590455,0.0011098779134295228,0.0,0.0011098779134295228,0.0,0.0,0.0011098779134295228,0.0,0.0,0.0011098779134295228
131,131.0,1601.0,0.0,0.8301061836352279,0.0,0.6695815115552779,0.6608369768894441,0.9999999999999999,0.0,0.9999999999999999,0.9999999999999999,0.0006246096189881324,0.0012492192379762648,0.0,0.0,0.0,0.0,0.0,0.0,0.0,0.0,0.0,0.0,0.0024984384759525295,0.03247970018738289,0.043722673329169265,0.03123048094940662,0.038101186758276076,0.028107432854465958,0.03685196752029981,0.03185509056839475,0.038101186758276076,0.03747657713928794,0.01811367895065584,0.03123048094940662,0.02685821361648969,0.0006246096189881324,0.014990630855715177,0.014990630855715177,0.014990630855715177,0.028732042473454088,0.0012492192379762648,0.004372267332916927,0.0,0.0,0.0,0.0012492192379762648,0.0,0.0,0.0,0.0006246096189881324,0.0,0.0,0.0,0.0,0.0,0.0,0.0,0.0,0.0,0.0,0.0,0.0,0.0,0.0,0.0,0.0012492192379762648,0.0,0.0,0.0,0.0,0.0,0.0,0.0,0.0,0.0,0.0,0.0,0.0,0.0,0.0,0.0,0.0,0.0,0.0,0.0,0.0,0.0,0.0,0.0,0.0,0.0,0.0,0.0,0.0,0.0,0.0,0.0,0.0,0.0,0.0,0.0,0.0,0.0,0.0,0.0,0.0,0.0,0.0,0.0,0.0,0.0,0.0,0.0,0.0,0.0,0.0,0.0,0.0,0.0,0.0,0.0,0.0
132,132.0,884.0,0.0,0.9761634506242906,0.9841089670828603,0.9761634506242906,0.981838819523269,0.981838819523269,0.9750283768444948,0.9897843359818388,0.9284903518728718,0.0,0.0,0.0,0.0,0.0,0.0011350737797956867,0.0,0.0,0.0,0.0011350737797956867,0.0,0.0,0.0011350737797956867,0.15550510783200908,0.14188422247446084,0.0510783200908059,0.04086265607264472,0.019296254256526674,0.09761634506242906,0.13166855845629966,1.0,0.20090805902383654,0.31441543700340524,0.22701475595913734,1.0,0.0,0.12145289443813848,0.009080590238365494,0.02043132803632236,0.10669693530079455,0.0,0.004540295119182747,0.0011350737797956867,0.0,0.0,0.0022701475595913734,0.0,0.0,0.0,0.0,0.0,0.0,0.0,0.0,0.0,0.0,0.0,0.0011350737797956867,0.0011350737797956867,0.0,0.0,0.0,0.0,0.0,0.0,0.0,0.0,0.0,0.0,0.0,0.0,0.0,0.0,0.0,0.0,0.0,0.0,0.0,0.0,0.0,0.0,0.0,0.0,0.0,0.0,0.0,0.0,0.0,0.0,0.0,0.0,0.0,0.0,0.0,0.0,0.0,0.0,0.0,0.0,0.0,0.0,0.0,0.0,0.0,0.0,0.0,0.0,0.0011350737797956867,0.0,0.0,0.0,0.0,0.0,0.0,0.0,0.0,0.0,0.0,0.0,0.0,0.0,0.0
133,133.0,2056.0,0.0,1.0,1.0,0.0,1.0,0.0,0.5773346303501946,0.3857003891050584,1.0,0.0,0.00048638132295719845,0.0009727626459143969,0.00048638132295719845,0.0,0.0,0.0,0.0,0.0,0.0,0.0,0.0,0.0014591439688715954,0.0325875486381323,0.033073929961089495,0.03453307392996109,0.03501945525291829,0.0311284046692607,0.03453307392996109,0.0325875486381323,0.025778210116731516,0.032101167315175094,0.026750972762645917,0.023346303501945526,0.0316147859922179,0.00048638132295719845,0.01799610894941634,0.015077821011673152,0.015077821011673152,0.019941634241245135,0.0024319066147859923,0.004377431906614786,0.0009727626459143969,0.00048638132295719845,0.00048638132295719845,0.0009727626459143969,0.0,0.0,0.0,0.0,0.0,0.0,0.0,0.00048638132295719845,0.0,0.0,0.0,0.0,0.0,0.0,0.0,0.0,0.0,0.0,0.0,0.0009727626459143969,0.0,0.0,0.00048638132295719845,0.0,0.0,0.0,0.0,0.0,0.0,0.0,0.0,0.0,0.00048638132295719845,0.00048638132295719845,0.0,0.0,0.0,0.0,0.0,0.0,0.00048638132295719845,0.00048638132295719845,0.00048638132295719845,0.0,0.0,0.0,0.0,0.0,0.0,0.0,0.0,0.0009727626459143969,0.0,0.0,0.00048638132295719845,0.00048638132295719845,0.0,0.0,0.0,0.0,0.0,0.0,0.0,0.0,0.0,0.0,0.0,0.0,0.00048638132295719845,0.0,0.0,0.0009727626459143969,0.0,0.0,0.0,0.0
134,134.0,1496.0,0.0,0.9886591060707137,0.9893262174783188,0.9873248832555036,0.9839893262174783,0.9806537691794529,0.9866577718478985,0.9412941961307537,0.9859906604402935,0.0,0.00066711140760507,0.0,0.0,0.0,0.00266844563042028,0.0,0.0,0.0,0.0,0.0,0.0,0.00066711140760507,0.13208805870580387,0.13208805870580387,0.15743829219479652,0.16410940627084722,0.200133422281521,0.9999999999999999,0.9999999999999999,0.11207471647765176,0.12741827885256837,0.14142761841227483,0.2174783188792528,0.2021347565043362,0.0,0.10607071380920613,0.11074049366244162,0.09806537691794528,0.12341561040693795,0.00200133422281521,0.011340893929286189,0.0,0.0,0.0,0.00133422281521014,0.0,0.0,0.0,0.0,0.0,0.0,0.0,0.0,0.0,0.0,0.0,0.0,0.0,0.0,0.0,0.0,0.0,0.0,0.0,0.00133422281521014,0.0,0.0,0.0,0.0,0.0,0.0,0.0,0.0,0.0,0.0,0.0,0.0,0.0,0.0,0.0,0.0,0.0,0.0,0.0,0.0,0.0,0.0,0.0,0.00066711140760507,0.0,0.0,0.0,0.0,0.0,0.0,0.0,0.0,0.0,0.0,0.0,0.0,0.0,0.0,0.0,0.00066711140760507,0.00066711140760507,0.00066711140760507,0.0,0.0,0.0,0.0,0.0,0.0,0.0,0.0,0.0,0.0,0.0,0.0,0.0,0.0
135,135.0,4365.0,0.0,0.0,0.21672394043528065,1.0,0.0,0.0,0.0,1.0,0.0,0.0004581901489117984,0.0,0.0006872852233676975,0.0002290950744558992,0.0,0.0002290950744558992,0.0,0.0,0.0,0.0002290950744558992,0.0002290950744558992,0.0002290950744558992,0.002290950744558992,0.00847651775486827,0.011454753722794959,0.009392898052691867,0.012142038946162658,0.012371134020618556,0.009851088201603665,0.00847651775486827,0.010538373424971364,0.0066437571592210766,0.008247422680412371,0.01122565864833906,0.009851088201603665,0.0002290950744558992,0.004352806414662085,0.005269186712485682,0.0066437571592210766,0.00549828178694158,0.0032073310423825887,0.002290950744558992,0.0006872852233676975,0.0,0.0,0.001374570446735395,0.0,0.0,0.0002290950744558992,0.0002290950744558992,0.0,0.0002290950744558992,0.0002290950744558992,0.0,0.0002290950744558992,0.0,0.0002290950744558992,0.0006872852233676975,0.0006872852233676975,0.0,0.0,0.0002290950744558992,0.0,0.0,0.0,0.0009163802978235968,0.0,0.0002290950744558992,0.0002290950744558992,0.0,0.0,0.0002290950744558992,0.0,0.0,0.0,0.0,0.0002290950744558992,0.0,0.0,0.0002290950744558992,0.0002290950744558992,0.0,0.0,0.0,0.0,0.0,0.0,0.0,0.0002290950744558992,0.0,0.0,0.0,0.0,0.0,0.0002290950744558992,0.0002290950744558992,0.0,0.0,0.0,0.0,0.0,0.0,0.0,0.0,0.0,0.0002290950744558992,0.0,0.0006872852233676975,0.0002290950744558992,0.0,0.0,0.0,0.0,0.0002290950744558992,0.0,0.0002290950744558992,0.0002290950744558992,0.0,0.0002290950744558992,0.0002290950744558992,0.0,0.0002290950744558992
136,136.0,2031.0,0.0,1.0,1.0,0.5780403741999016,0.0,1.0,0.0,1.0,0.3978335795174791,0.0,0.0014771048744460858,0.0019694731659281144,0.0,0.0,0.0004923682914820286,0.0,0.0,0.0,0.0,0.0,0.0,0.0014771048744460858,0.030034465780403745,0.032988675529295915,0.02708025603151157,0.043328409650418516,0.03643525356967012,0.032988675529295915,0.033973412112259974,0.03052683407188577,0.030034465780403745,0.017232890201871,0.0379123584441162,0.03052683407188577,0.0,0.022156573116691287,0.016740521910388974,0.020187099950763173,0.019202363367799114,0.0004923682914820286,0.0009847365829640572,0.0,0.0,0.0,0.0014771048744460858,0.0,0.0,0.0004923682914820286,0.0,0.0,0.0,0.0,0.0,0.0,0.0,0.0,0.0,0.0,0.0,0.0,0.0,0.0,0.0,0.0,0.0004923682914820286,0.0,0.0,0.0,0.0,0.0,0.0,0.0,0.0,0.0,0.0,0.0,0.0,0.0,0.0,0.0,0.0,0.0,0.0,0.0,0.0,0.0,0.0,0.0,0.0,0.0,0.0,0.0,0.0,0.0,0.0,0.0,0.0,0.0,0.0,0.0,0.0,0.0,0.0,0.0,0.0,0.0,0.0004923682914820286,0.0,0.0,0.0,0.0,0.0,0.0,0.0,0.0,0.0,0.0,0.0,0.0,0.0,0.0
137,137.0,2968.0,0.0,0.18328840970350405,1.0,0.0,0.18497304582210244,0.19676549865229112,1.0,1.0,0.09568733153638814,0.0,0.0,0.0,0.0,0.0,0.0,0.00033692722371967657,0.0,0.0,0.0,0.0,0.0,0.0010107816711590297,0.019878706199460916,0.012466307277628033,0.023247978436657685,0.01684636118598383,0.016172506738544475,0.019878706199460916,0.02055256064690027,0.01853099730458221,0.018194070080862535,0.023247978436657685,0.012466307277628033,0.01684636118598383,0.0,0.012129380053908356,0.00876010781671159,0.010107816711590297,0.00977088948787062,0.0013477088948787063,0.0013477088948787063,0.0,0.0,0.0,0.0010107816711590297,0.0,0.0,0.0,0.0,0.0,0.0,0.0,0.0,0.0,0.0,0.0,0.0,0.0,0.0,0.0,0.0,0.0,0.0,0.0,0.0,0.0,0.0,0.0,0.0,0.0,0.0,0.0,0.0,0.0,0.0,0.0,0.0,0.0,0.00033692722371967657,0.0,0.0,0.0,0.0,0.0,0.0,0.0,0.0,0.00033692722371967657,0.0,0.0,0.0,0.0,0.0,0.0,0.0,0.0,0.0,0.0,0.0,0.0,0.0,0.0,0.0,0.0,0.0,0.0,0.00033692722371967657,0.0,0.0,0.0,0.0,0.0,0.0,0.0,0.0,0.0,0.0,0.0,0.0,0.0,0.00033692722371967657
138,138.0,6831.0,0.0,0.0,1.0,1.0,0.0,0.0,0.0,0.0,0.0,0.0,0.0,0.0,0.0,0.0,0.00014639145073927682,0.0,0.0,0.0,0.0,0.0,0.0,0.003952569169960474,0.007612355438442395,0.007465963987703118,0.008197921241399501,0.008490704142878057,0.008490704142878057,0.007905138339920948,0.009808227199531547,0.007026789635485288,0.007905138339920948,0.006148440931049627,0.008490704142878057,0.007758746889181671,0.00014639145073927682,0.00322061191626409,0.005562875128092519,0.00322061191626409,0.004245352071439028,0.0019030888596105987,0.004245352071439028,0.00014639145073927682,0.0,0.0,0.0010247401551749377,0.0,0.0,0.0,0.0,0.0,0.0,0.0,0.0,0.0,0.0,0.0,0.00014639145073927682,0.00014639145073927682,0.0,0.0,0.0,0.0,0.0,0.0,0.00014639145073927682,0.0,0.0,0.0,0.0,0.0,0.0,0.0,0.0,0.0,0.0,0.0,0.0,0.0,0.0,0.0,0.0,0.0,0.0,0.0,0.0,0.0,0.0,0.0,0.0004391743522178305,0.0,0.0,0.0,0.0,0.0,0.0,0.0,0.0,0.0,0.0,0.0,0.0,0.0,0.0,0.0,0.0,0.0,0.00014639145073927682,0.0,0.0,0.0,0.0,0.0,0.0,0.0,0.0,0.0,0.0,0.0,0.0,0.00014639145073927682,0.0
139,139.0,2845.0,0.0,0.24007029876977154,0.22073813708260107,0.1982425307557118,1.0,1.0,0.0,0.0,1.0,0.0,0.000351493848857645,0.0,0.000351493848857645,0.0,0.001757469244288225,0.0,0.0,0.0,0.0,0.0,0.0,0.002460456942003515,0.02671353251318102,0.023901581722319862,0.02179261862917399,0.020738137082601055,0.023901581722319862,0.020035149384885764,0.018980667838312832,0.017223198594024606,0.022144112478031636,0.022144112478031636,0.021441124780316345,0.016520210896309315,0.0,0.00984182776801406,0.013005272407732865,0.00913884007029877,0.015114235500878736,0.00140597539543058,0.001757469244288225,0.0,0.0,0.0,0.00070298769771529,0.0,0.0,0.0,0.0,0.0,0.000351493848857645,0.0,0.0,0.0,0.0,0.0,0.0,0.0,0.0,0.0,0.0,0.0,0.0,0.0,0.000351493848857645,0.0,0.000351493848857645,0.0,0.0,0.0,0.0,0.0,0.0,0.0,0.0,0.0,0.0,0.000351493848857645,0.000351493848857645,0.0,0.0,0.0,0.0,0.0,0.0,0.0,0.0,0.0,0.00070298769771529,0.0,0.0,0.0,0.0,0.0,0.0,0.0,0.0,0.0,0.0,0.0,0.0,0.0,0.0,0.0,0.0,0.0,0.000351493848857645,0.0,0.0,0.0,0.0,0.0,0.0,0.0,0.0,0.0,0.0,0.0,0.0,0.0,0.0
140,140.0,698.0,0.0,0.9927536231884058,0.9985507246376811,0.9985507246376811,0.9927536231884058,0.9971014492753624,0.9956521739130435,0.9855072463768116,0.9971014492753624,0.0,0.0,0.0,0.0,0.0,0.0,0.0,0.0,0.0,0.0,0.0,0.0,0.0,0.4463768115942029,0.16231884057971013,0.24782608695652175,0.32608695652173914,0.8478260869565217,0.7492753623188406,0.4246376811594203,0.7130434782608696,0.38115942028985506,0.41449275362318844,0.6652173913043479,0.16376811594202897,0.0,0.8739130434782609,0.6318840579710145,0.14492753623188406,0.29130434782608694,0.002898550724637681,0.0014492753623188406,0.0,0.0,0.0,0.0,0.0,0.0,0.0,0.0,0.0,0.0,0.0,0.0,0.0,0.0,0.0,0.0,0.0,0.0,0.0,0.0,0.0,0.0,0.0,0.0,0.0,0.0,0.0,0.0,0.0,0.0,0.0,0.0,0.0014492753623188406,0.0,0.0,0.0,0.0,0.0,0.0,0.0,0.0,0.0,0.0,0.0,0.0,0.0,0.0,0.0014492753623188406,0.0,0.0,0.0,0.0,0.0,0.0,0.0,0.0,0.0,0.0,0.0,0.0,0.0,0.0,0.0,0.0,0.0,0.0014492753623188406,0.0,0.0,0.0,0.0,0.0,0.0,0.0,0.0,0.0,0.0,0.0,0.0,0.0,0.0
141,141.0,2725.0,0.0,1.0,1.0,1.0,0.0,0.0,0.0,0.0,0.22348623853211008,0.0,0.0,0.0003669724770642202,0.0,0.0,0.0007339449541284404,0.0,0.0,0.0,0.0,0.0,0.0,0.0014678899082568807,0.01798165137614679,0.016146788990825688,0.013577981651376147,0.02091743119266055,0.013577981651376147,0.02018348623853211,0.013944954128440367,0.019449541284403668,0.01908256880733945,0.014311926605504587,0.016880733944954127,0.01908256880733945,0.0,0.008807339449541284,0.007706422018348624,0.008073394495412844,0.007339449541284404,0.0033027522935779817,0.003669724770642202,0.0,0.0,0.0,0.001834862385321101,0.0,0.0,0.0,0.0,0.0,0.0,0.0,0.0,0.0,0.0,0.0,0.0,0.0,0.0,0.0,0.0,0.0,0.0,0.0,0.0011009174311926604,0.0,0.0,0.0,0.0,0.0,0.0,0.0,0.0,0.0,0.0,0.0,0.0,0.0,0.0,0.0,0.0,0.0,0.0,0.0,0.0,0.0,0.0,0.0,0.0007339449541284404,0.0,0.0,0.0,0.0,0.0,0.0,0.0,0.0,0.0,0.0,0.0,0.0,0.0,0.0,0.0,0.0,0.0,0.0,0.0,0.0,0.0,0.0,0.0,0.0,0.0,0.0,0.0,0.0,0.0,0.0,0.0,0.0
142,142.0,2230.0,0.0,1.0,1.0,0.27623318385650225,0.0,0.5556053811659193,0.0,0.0,1.0,0.0,0.0004484304932735426,0.0,0.0,0.0,0.0008968609865470852,0.0,0.0,0.0,0.0,0.0,0.0004484304932735426,0.003587443946188341,0.018385650224215247,0.020179372197309416,0.014349775784753363,0.025112107623318385,0.012556053811659192,0.03183856502242152,0.02062780269058296,0.011210762331838564,0.01883408071748879,0.010762331838565023,0.022869955156950672,0.014349775784753363,0.0008968609865470852,0.011210762331838564,0.014349775784753363,0.008968609865470852,0.012556053811659192,0.0004484304932735426,0.004484304932735426,0.0,0.0,0.0,0.0004484304932735426,0.0,0.0,0.0,0.0,0.0,0.0,0.0,0.0,0.0,0.0,0.0,0.0,0.0,0.0,0.0,0.0,0.0004484304932735426,0.0,0.0,0.0,0.0,0.0004484304932735426,0.0,0.0,0.0,0.0,0.0,0.0,0.0,0.0,0.0,0.0,0.0017937219730941704,0.0004484304932735426,0.0,0.0,0.0,0.0004484304932735426,0.0,0.0,0.0,0.0,0.0,0.0,0.0,0.0,0.0,0.0,0.0,0.0,0.0,0.0,0.0,0.0,0.0,0.0,0.0,0.0,0.0,0.0,0.0,0.0004484304932735426,0.0,0.0,0.0,0.0,0.0,0.0,0.0,0.0,0.0,0.0,0.0,0.0,0.0,0.0
143,143.0,6619.0,0.0,0.9999999999999999,0.0,0.0,0.0,0.0,0.9999999999999999,0.0,0.0,0.0,0.00015108022359873092,0.00015108022359873092,0.0,0.0,0.00015108022359873092,0.0,0.0,0.0,0.0,0.0,0.0,0.0027194440247771566,0.00800725185073274,0.007705091403535277,0.008762652968726393,0.007251850732739084,0.008460492521528931,0.008762652968726393,0.007705091403535277,0.007251850732739084,0.010122374981114972,0.0,0.007402930956337815,0.010575615651911164,0.0,0.003777005589968273,0.005287807825955582,0.003928085813567004,0.004381326484363197,0.001812962683184771,0.003625925366369542,0.00015108022359873092,0.0,0.0,0.0010575615651911164,0.0,0.0,0.0,0.0,0.0,0.0,0.0,0.00030216044719746184,0.0,0.0,0.0,0.00030216044719746184,0.00015108022359873092,0.0,0.0,0.0,0.0,0.0,0.00015108022359873092,0.00030216044719746184,0.0,0.0,0.0,0.0,0.0,0.0,0.00015108022359873092,0.0,0.0,0.0,0.0,0.0,0.00015108022359873092,0.00030216044719746184,0.0,0.0,0.0,0.0,0.0,0.0,0.00015108022359873092,0.0,0.0,0.0,0.0,0.0,0.0,0.0,0.0,0.0,0.0,0.0,0.0,0.0,0.0,0.0,0.0,0.0,0.0,0.0,0.0,0.00015108022359873092,0.0,0.0,0.0,0.00015108022359873092,0.0,0.0,0.0,0.0,0.0,0.0,0.0,0.0,0.00015108022359873092,0.0
144,144.0,6472.0,0.0,0.0,0.0,0.0,0.9999999999999999,0.0,0.9999999999999999,0.0,0.0,0.0,0.0,0.0,0.00015451174289245981,0.0,0.00015451174289245981,0.0,0.0,0.0,0.0,0.0,0.0,0.0032447466007416562,0.009734239802224967,0.0,0.009579728059332509,0.005098887515451174,0.00818912237330037,0.009425216316440048,0.00788009888751545,0.009270704573547589,0.009270704573547589,0.007725587144622991,0.0,0.009425216316440048,0.0,0.003399258343634116,0.004944375772558714,0.0038627935723114953,0.0040173053152039555,0.003090234857849196,0.002472187886279357,0.000772558714462299,0.0,0.0,0.0012360939431396785,0.0,0.0,0.00015451174289245981,0.0,0.0,0.0,0.0,0.0,0.0,0.0,0.0,0.0006180469715698393,0.00046353522867737944,0.0,0.0,0.0,0.0,0.0,0.0,0.00046353522867737944,0.0,0.00015451174289245981,0.0,0.00015451174289245981,0.0,0.00015451174289245981,0.0,0.0,0.0,0.0,0.0,0.0,0.00015451174289245981,0.00015451174289245981,0.0,0.00015451174289245981,0.0,0.0,0.00015451174289245981,0.0,0.00015451174289245981,0.0,0.0,0.000772558714462299,0.0,0.0,0.0,0.0,0.00015451174289245981,0.0,0.0,0.0,0.00015451174289245981,0.0,0.00015451174289245981,0.0,0.0,0.0,0.0,0.0,0.0,0.00015451174289245981,0.0,0.0,0.0,0.0,0.0,0.0,0.0,0.00030902348578491963,0.0,0.00015451174289245981,0.0,0.00015451174289245981,0.0,0.00015451174289245981
145,145.0,1954.0,0.0,0.9679389312977099,0.9725190839694656,0.9826972010178117,0.9740458015267175,0.961323155216285,0.9674300254452927,0.9150127226463104,0.9221374045801527,0.0,0.0,0.0,0.0,0.0,0.0010178117048346056,0.0,0.0,0.0,0.0,0.0,0.0,0.0,0.013740458015267175,0.11145038167938931,0.0916030534351145,0.0,0.11043256997455471,0.0,0.0910941475826972,0.0,0.016793893129770993,0.09465648854961832,0.15877862595419848,0.07582697201017811,0.0,0.06157760814249364,0.061068702290076333,1.0,0.0737913486005089,0.002035623409669211,0.004071246819338422,0.0,0.0,0.0,0.0010178117048346056,0.0,0.0,0.0,0.0,0.0,0.0,0.0,0.0,0.0,0.0,0.0,0.0,0.0,0.0,0.0,0.0,0.0,0.0,0.0,0.0,0.0,0.0,0.0,0.0,0.0,0.0,0.0,0.0,0.0,0.0,0.0,0.0,0.0,0.0,0.0,0.0,0.0,0.0,0.0,0.0,0.0,0.0,0.0,0.0005089058524173028,0.0,0.0,0.0,0.0,0.0,0.0,0.0,0.0,0.0,0.0,0.0,0.0,0.0,0.0,0.0,0.0,0.0,0.0,0.0,0.0,0.0,0.0,0.0,0.0,0.0,0.0,0.0,0.0,0.0,0.0,0.0,0.0
146,146.0,222.0,0.0,0.0,0.0,0.0,0.0,0.0,0.0,0.0,0.0,0.42792792792792794,0.018018018018018018,0.6486486486486487,0.0,0.0,0.6126126126126126,0.0,0.0,0.536036036036036,0.0,0.0,0.0,0.0,0.0,0.0,0.0,0.0,0.0,0.0,0.0,0.0,0.0,0.0,0.0,0.0,0.0,0.0,0.0,0.0,0.0,0.34684684684684686,0.13513513513513514,0.0,0.0,0.0,0.0,0.0,0.0,0.0,0.0,0.6756756756756757,0.0,0.0,0.581081081081081,0.0,0.0,0.0,0.0,0.581081081081081,0.0,0.0,0.0,0.0,0.0,0.0,0.6711711711711712,0.05855855855855856,0.6666666666666666,0.581081081081081,0.0,0.0,0.6486486486486487,0.0,0.0,0.0,0.0,0.0,0.0,0.0,0.06756756756756757,0.6081081081081081,0.0,0.0,0.0,0.0,0.0,0.0,0.0,0.07207207207207207,0.0,0.6846846846846847,0.6441441441441441,0.0045045045045045045,0.6666666666666666,0.0,0.3738738738738739,0.6351351351351351,0.06756756756756757,0.5855855855855856,0.0,0.0,0.0,0.0,0.0,0.0,0.0,0.0,0.0,0.0,0.0,0.0,0.0,0.6936936936936937,0.0,0.0,0.0,0.0,0.0,0.0,0.06756756756756757,0.0,0.581081081081081
147,147.0,4085.0,0.0,0.0,0.8901932012717046,1.0,0.8028857911469798,1.0,0.8219613597456591,1.0,0.6837857666911226,0.0,0.00024455857177794083,0.00024455857177794083,0.0,0.0,0.0004891171435558817,0.0,0.0,0.0,0.0,0.0,0.0,0.001711910002445586,0.02983614575690878,0.011983370017119101,0.029102470041574957,0.0293470286133529,0.04744436292492052,0.02983614575690878,0.016874541452677916,0.02714600146735143,0.03228173147468819,0.021521154316458794,0.031303497187576426,0.04768892149669846,0.0,0.008314991440449988,0.021521154316458794,0.012717045732452923,0.012961604304230864,0.0007336757153338225,0.0009782342871117633,0.0,0.0,0.0,0.0007336757153338225,0.0,0.0,0.0,0.0,0.0,0.0,0.0,0.0,0.0,0.0,0.0,0.0,0.0,0.0,0.0,0.0,0.0,0.0,0.0,0.00024455857177794083,0.0,0.0,0.0,0.0,0.0,0.0,0.0,0.0,0.0,0.0,0.0,0.0,0.0,0.0,0.0,0.0,0.0,0.0,0.0,0.0,0.0,0.0,0.0,0.0004891171435558817,0.0,0.0,0.0,0.0,0.0,0.0,0.0,0.00024455857177794083,0.0,0.0,0.0,0.0,0.0,0.0,0.0,0.0,0.0,0.0,0.0,0.0,0.0,0.0,0.0,0.0,0.0,0.0,0.0,0.0,0.0,0.0,0.0,0.0
148,148.0,3366.0,0.0,0.0,0.9999999999999999,0.9999999999999999,0.9999999999999999,0.9999999999999999,0.45678645678645674,0.0,0.1574101574101574,0.0,0.0,0.000297000297000297,0.0,0.0,0.000297000297000297,0.0,0.0,0.0,0.0,0.0,0.0,0.0020790020790020787,0.030294030294030293,0.03445203445203445,0.02851202851202851,0.031779031779031776,0.024948024948024946,0.011286011286011284,0.02851202851202851,0.0,0.03326403326403326,0.022869022869022867,0.024354024354024353,0.02554202554202554,0.000594000594000594,0.013365013365013364,0.013365013365013364,0.016038016038016037,0.013662013662013662,0.002673002673002673,0.003564003564003564,0.000297000297000297,0.0,0.0,0.001188001188001188,0.0,0.0,0.0,0.0,0.0,0.0,0.0,0.000297000297000297,0.0,0.0,0.0,0.000297000297000297,0.000297000297000297,0.0,0.0,0.0,0.0,0.0,0.0,0.000297000297000297,0.0,0.0,0.0,0.0,0.0,0.0,0.0,0.0,0.0,0.0,0.0,0.0,0.0,0.0,0.0,0.0,0.0,0.0,0.0,0.0,0.000297000297000297,0.0,0.0,0.0,0.0,0.0,0.0,0.0,0.0,0.0,0.0,0.0,0.0,0.0,0.0,0.0,0.0,0.0,0.0,0.0,0.0,0.000297000297000297,0.0,0.0,0.0,0.0,0.0,0.0,0.0,0.0,0.0,0.0,0.0,0.0,0.0,0.0
149,149.0,733.0,0.0,0.9915730337078651,0.997191011235955,0.9957865168539326,1.0,0.997191011235955,0.9985955056179775,0.9943820224719101,0.9957865168539326,0.0,0.0,0.0014044943820224719,0.0,0.0,0.0,0.0,0.0014044943820224719,0.0,0.0,0.0,0.0,0.0014044943820224719,0.6573033707865168,0.672752808988764,0.8553370786516854,0.30196629213483145,0.8806179775280899,0.20365168539325842,0.726123595505618,0.11938202247191011,0.651685393258427,0.5898876404494382,0.22893258426966293,0.946629213483146,0.0014044943820224719,0.375,0.473314606741573,0.26123595505617975,0.27106741573033705,0.0,0.0056179775280898875,0.0,0.0,0.0,0.0014044943820224719,0.0,0.0,0.0,0.0,0.0,0.0,0.0,0.0,0.0,0.0,0.0,0.0,0.0,0.0,0.0,0.0,0.0,0.0,0.0,0.0,0.0,0.0,0.0,0.0,0.0,0.0,0.0,0.0,0.0,0.0,0.0,0.0,0.0014044943820224719,0.0,0.0,0.0,0.0,0.0,0.0,0.0,0.0,0.0,0.0,0.0,0.0,0.0,0.0,0.0,0.0,0.0,0.0,0.0,0.0,0.0,0.0,0.0,0.0,0.0,0.0,0.0,0.0,0.0,0.0,0.0,0.0,0.0,0.0,0.0,0.0,0.0,0.0,0.0,0.0,0.0,0.0,0.0
150,150.0,1212.0,0.0,0.0008250825082508251,0.0008250825082508251,0.0024752475247524753,0.0016501650165016502,0.0008250825082508251,0.0024752475247524753,0.0,0.0008250825082508251,0.9067656765676568,0.9183168316831684,0.0,0.0,0.0,0.0,0.0,0.0,0.0,0.0,0.0,0.0,0.0,0.0,0.0,0.0008250825082508251,0.0,0.0,0.0008250825082508251,0.0,0.0,0.0,0.0008250825082508251,0.0,0.0,0.0,0.0,0.0,0.0008250825082508251,0.0,0.004125412541254125,0.0,0.0,0.0,0.0,0.9026402640264026,0.0,0.0,0.0,0.0,0.0,0.0,0.0,0.0,0.0,0.0,0.0,0.9851485148514851,0.8886138613861386,0.0,0.981023102310231,0.0,0.9826732673267327,0.8828382838283828,0.0,0.0,0.0,0.0,0.0,0.9488448844884488,0.0,0.0,0.0,0.0,0.0,0.0,0.0,0.0,0.0,0.0,0.0,0.0,0.0,0.0,0.0,0.0,0.0,0.0,0.0,0.0,0.0,0.0,0.0,0.0,0.0,0.0,0.0,0.0,0.0,0.0,0.0,0.0,0.0,0.0,0.0,0.0,0.0,0.0,0.0,0.0,0.0,0.0,0.0,0.0,0.0,0.0,0.0,0.0,0.0,0.0,0.0,0.0
151,151.0,2406.0,0.0,0.885286783042394,0.0,0.8769742310889443,0.0,1.0,1.0,0.7381546134663342,0.7194513715710723,0.0008312551953449709,0.0008312551953449709,0.00041562759767248546,0.00041562759767248546,0.0,0.00041562759767248546,0.0,0.0,0.0,0.0,0.0,0.0,0.0029093931837073984,0.03449709060681629,0.03740648379052369,0.03408146300914381,0.03865336658354115,0.028678304239401497,0.03740648379052369,0.04114713216957606,0.0369908561928512,0.03657522859517872,0.038237738985868665,0.03657522859517872,0.029925187032418952,0.0008312551953449709,0.020365752285951787,0.019534497090606815,0.019534497090606815,0.0228595178719867,0.0012468827930174563,0.0024937655860349127,0.0,0.0,0.00041562759767248546,0.0012468827930174563,0.0,0.0,0.0,0.0,0.0,0.0,0.0,0.0,0.0,0.0,0.0,0.0,0.0,0.0,0.0,0.00041562759767248546,0.0,0.0,0.0,0.0008312551953449709,0.0,0.0,0.0,0.0,0.0,0.0,0.0,0.0,0.0,0.0,0.0,0.0,0.0,0.00041562759767248546,0.0,0.0,0.0,0.0,0.0,0.0,0.0,0.0,0.0,0.00041562759767248546,0.0,0.0,0.0,0.0,0.0,0.0,0.0,0.0,0.0,0.0,0.0,0.0,0.0,0.0,0.0,0.0,0.0,0.0,0.0,0.0,0.0,0.0,0.0,0.0,0.0,0.0,0.0,0.0,0.0,0.0,0.0,0.0
152,152.0,4296.0,0.0,1.0,0.0,0.0,0.0,0.0,0.0,0.0,0.0,0.000931098696461825,0.0006983240223463687,0.0037243947858473,0.00023277467411545624,0.0,0.00186219739292365,0.00023277467411545624,0.0,0.0,0.0,0.0,0.00023277467411545624,0.07541899441340782,0.042132216014897576,0.04143389199255121,0.04888268156424581,0.04585661080074488,0.04189944134078212,0.052839851024208566,0.04120111731843575,0.04981378026070764,0.04399441340782123,0.0,0.047253258845437615,0.050046554934823094,0.0004655493482309125,0.02351024208566108,0.0223463687150838,0.022113594040968344,0.021415270018621972,0.039338919925512104,0.02723463687150838,0.003026070763500931,0.0,0.00023277467411545624,0.013268156424581005,0.0,0.0,0.0013966480446927375,0.0,0.0,0.0006983240223463687,0.0004655493482309125,0.0,0.0,0.0,0.00023277467411545624,0.003026070763500931,0.002793296089385475,0.00023277467411545624,0.00023277467411545624,0.00023277467411545624,0.0006983240223463687,0.0,0.0,0.0032588454376163874,0.0,0.00186219739292365,0.0004655493482309125,0.0,0.0004655493482309125,0.00023277467411545624,0.0,0.0,0.0,0.0,0.00023277467411545624,0.0,0.0,0.002094972067039106,0.0,0.0,0.00023277467411545624,0.0,0.0,0.0,0.0,0.0,0.00023277467411545624,0.0032588454376163874,0.00023277467411545624,0.00023277467411545624,0.00023277467411545624,0.0,0.0004655493482309125,0.0,0.0,0.0,0.00023277467411545624,0.00023277467411545624,0.0,0.0,0.00023277467411545624,0.0,0.0,0.00023277467411545624,0.0,0.002094972067039106,0.0,0.0,0.00023277467411545624,0.0,0.0,0.0,0.0,0.0,0.0,0.0,0.0,0.0,0.00023277467411545624,0.0
153,153.0,702.0,0.0,0.9985693848354793,0.9985693848354793,0.9971387696709585,0.9971387696709585,0.9985693848354793,0.9971387696709585,0.9985693848354793,0.9914163090128756,0.0,0.0,0.001430615164520744,0.0,0.0,0.0,0.0,0.0,0.0,0.0,0.0,0.0,0.0,0.16022889842632332,0.804005722460658,0.7582260371959942,0.5364806866952789,0.8841201716738197,0.821173104434907,0.6351931330472103,0.19456366237482117,0.7682403433476395,0.7253218884120172,0.6967095851216023,0.15879828326180256,0.0,0.16595135908440628,0.25178826895565093,0.5092989985693849,0.21745350500715308,0.001430615164520744,0.00715307582260372,0.0,0.0,0.0,0.0,0.0,0.0,0.0,0.0,0.0,0.0,0.0,0.0,0.0,0.0,0.0,0.0,0.0,0.0,0.0,0.0,0.0,0.0,0.0,0.0,0.0,0.0,0.0,0.0,0.0,0.0,0.0,0.0,0.0,0.0,0.0,0.0,0.0,0.0,0.0,0.0,0.0,0.0,0.0,0.0,0.0,0.0,0.0,0.002861230329041488,0.0,0.0,0.0,0.0,0.0,0.0,0.0,0.0,0.0,0.0,0.0,0.0,0.0,0.0,0.0,0.0,0.0,0.0,0.0,0.0,0.0,0.0,0.0,0.0,0.0,0.0,0.0,0.0,0.0,0.0,0.0,0.0
154,154.0,7568.0,0.0,0.0,0.0,0.0,0.0,1.0,1.0,0.0,0.13068181818181818,0.0,0.0,0.0,0.0,0.0,0.00039640591966173366,0.0,0.0,0.0,0.0,0.0,0.0,0.00039640591966173366,0.00766384778012685,0.011627906976744186,0.011231501057082453,0.009645877378435518,0.007267441860465116,0.009117336152219874,0.007928118393234672,0.009249471458773785,0.007003171247357294,0.007399577167019028,0.007928118393234672,0.009778012684989429,0.0,0.003831923890063425,0.003699788583509514,0.004228329809725159,0.003699788583509514,0.0021141649048625794,0.0022463002114164908,0.0,0.0,0.0,0.0007928118393234673,0.0,0.0,0.0001321353065539112,0.0,0.0,0.0,0.0,0.0,0.0,0.0,0.0,0.0,0.0,0.0,0.0,0.0,0.0,0.0,0.0,0.0002642706131078224,0.0,0.0,0.0001321353065539112,0.0,0.0,0.0,0.0,0.0,0.0,0.0,0.0,0.0,0.0,0.0,0.0,0.0,0.0,0.0,0.0,0.0,0.0,0.0,0.0,0.0001321353065539112,0.0,0.0,0.0001321353065539112,0.0,0.0,0.0,0.0,0.0,0.0,0.0,0.0,0.0,0.0,0.0,0.0,0.0,0.0,0.0001321353065539112,0.0,0.0,0.0,0.0,0.0,0.0,0.0,0.0,0.0,0.0,0.0,0.0,0.0,0.0
155,155.0,4417.0,0.0,0.000905592030790129,0.07539053656327824,0.07290015847860538,0.07040978039393253,0.0,0.07380575050939552,0.03939325333937061,0.0013583880461851936,0.08580484491736472,0.06633461625537695,0.12949966040298844,0.001811184061580258,0.0015847860538827257,0.019470228661987773,0.0006791940230925968,0.000905592030790129,0.0006791940230925968,0.000905592030790129,0.0013583880461851936,0.0011319900384876612,1.0,0.002490378084672855,0.002490378084672855,0.002716776092370387,0.002716776092370387,0.002490378084672855,0.0029431741000679195,0.0031695721077654514,0.0022639800769753225,0.001811184061580258,0.0011319900384876612,0.0022639800769753225,0.0022639800769753225,0.0,0.002490378084672855,0.001811184061580258,0.0029431741000679195,0.00022639800769753225,0.0,0.060901064070636175,0.001811184061580258,0.002490378084672855,0.0038487661308580483,0.00815032827711116,0.0,0.0004527960153950645,0.012225492415666742,0.00022639800769753225,0.00022639800769753225,0.0013583880461851936,0.0,0.0011319900384876612,0.0,0.00022639800769753225,0.00022639800769753225,0.0,0.00022639800769753225,0.0,0.0,0.00022639800769753225,0.00022639800769753225,0.0,0.00022639800769753225,0.00203758206927779,0.0,0.013810278469549468,0.023318994792845823,0.0004527960153950645,0.0,0.0,0.0,0.0,0.00022639800769753225,0.00022639800769753225,0.0,0.0,0.00022639800769753225,0.012225492415666742,0.0,0.19357029658139008,0.00022639800769753225,0.0,0.00022639800769753225,0.0,0.0004527960153950645,0.0,0.00022639800769753225,0.0011319900384876612,0.0,0.0,0.00022639800769753225,0.0,0.0,0.0004527960153950645,0.0,0.0,0.0,0.0,0.0,0.0004527960153950645,0.00022639800769753225,0.0,0.0,0.00022639800769753225,0.0,0.00022639800769753225,0.0,0.0,0.00022639800769753225,0.0,0.00022639800769753225,0.0,0.0,0.00022639800769753225,0.0,0.0004527960153950645,0.0,0.00022639800769753225,0.0,0.0
156,156.0,2711.0,0.0,0.0,0.0,1.0,1.0,1.0,1.0,0.2633714496495758,0.24160826263371452,0.0,0.0,0.0,0.0,0.0,0.0,0.0,0.0,0.0,0.0,0.0,0.0,0.0007377351530800443,0.03983769826632239,0.028033935817041684,0.030247141276281815,0.028033935817041684,0.029878273699741793,0.02545186278126153,0.024345260051641462,0.030616008852821838,0.031353744005901886,0.029878273699741793,0.024714127628181485,0.029878273699741793,0.0,0.01918111398008115,0.017705643673921065,0.01696790852084102,0.016230173367760975,0.0011066027296200666,0.002213205459240133,0.00036886757654002215,0.0,0.0,0.002582073035780155,0.0,0.0,0.0,0.0,0.0,0.0,0.0,0.0,0.0,0.0,0.0,0.00036886757654002215,0.00036886757654002215,0.0,0.0,0.0,0.0,0.0,0.0,0.0014754703061600886,0.0,0.0,0.0,0.0,0.0,0.0,0.0,0.0,0.0,0.0,0.0,0.0,0.0,0.00036886757654002215,0.0,0.0,0.0,0.0,0.0,0.0,0.0,0.0,0.0,0.00036886757654002215,0.0,0.0,0.0,0.0,0.0,0.0,0.0,0.0,0.0,0.0,0.0,0.0,0.0,0.0,0.0,0.0,0.0,0.0,0.0,0.0,0.0,0.0,0.0,0.0,0.0,0.0,0.0,0.0,0.0,0.0,0.0,0.0
157,157.0,3993.0,0.0,0.9999999999999999,0.0,0.9999999999999999,0.32807412972702227,0.9999999999999999,0.0,0.0,0.1520160280490859,0.0,0.0030052592036063108,0.0037565740045078884,0.0,0.0,0.0010017530678687703,0.0,0.0,0.0,0.0,0.0,0.0,0.0017530678687703478,0.019283746556473826,0.020786376158276984,0.020285499624342597,0.0167793638868019,0.020035061357375407,0.01076884547958928,0.018782870022539443,0.020035061357375407,0.02429251189581768,0.023791635361883293,0.02228900576008014,0.01953418482344102,0.0007513148009015777,0.010017530678687703,0.00876533934385174,0.010518407212622087,0.012021036814425243,0.001252191334835963,0.0030052592036063108,0.0,0.0,0.0,0.001252191334835963,0.0,0.0,0.0,0.0,0.0,0.0,0.0,0.00025043826696719256,0.0,0.0,0.0,0.0,0.0,0.0,0.0,0.0,0.0,0.0,0.0,0.0010017530678687703,0.0,0.0,0.0,0.0,0.0,0.0,0.0,0.0,0.0,0.0,0.0,0.0,0.00025043826696719256,0.0,0.0,0.0,0.0,0.0,0.0,0.0,0.0,0.0,0.0,0.0,0.00025043826696719256,0.0,0.0,0.0,0.0,0.0,0.0,0.0,0.0,0.0,0.0,0.0,0.0,0.00025043826696719256,0.0,0.0,0.0,0.00025043826696719256,0.0,0.0,0.0,0.00025043826696719256,0.0,0.0,0.0,0.0,0.0,0.0,0.0,0.0,0.0,0.0
158,158.0,1424.0,0.0014044943820224719,0.002106741573033708,0.0014044943820224719,0.0007022471910112359,0.0,0.0007022471910112359,0.0,0.0,0.0014044943820224719,0.8286516853932584,0.7415730337078652,0.8258426966292135,0.8897471910112359,0.3342696629213483,1.0,0.46558988764044945,0.0,0.3455056179775281,0.2717696629213483,0.2907303370786517,0.26685393258426965,0.0049157303370786515,0.0007022471910112359,0.0007022471910112359,0.0,0.0007022471910112359,0.0,0.0007022471910112359,0.0007022471910112359,0.0,0.0,0.0007022471910112359,0.0,0.0,0.0014044943820224719,0.0,0.0007022471910112359,0.0,0.0,0.0056179775280898875,0.002106741573033708,0.0007022471910112359,0.0,0.0,0.0007022471910112359,0.0007022471910112359,0.0,0.0007022471910112359,0.0007022471910112359,0.0035112359550561797,0.0028089887640449437,0.002106741573033708,0.0035112359550561797,0.004213483146067416,0.0028089887640449437,0.0007022471910112359,0.0007022471910112359,0.0,0.0007022471910112359,0.0,0.0,0.0007022471910112359,0.0,0.0007022471910112359,0.0007022471910112359,0.0035112359550561797,0.0,0.0,0.0,0.0007022471910112359,0.0,0.0,0.0,0.0007022471910112359,0.0014044943820224719,0.0,0.0,0.0007022471910112359,0.0028089887640449437,0.0,0.0007022471910112359,0.0,0.0,0.0,0.0,0.0007022471910112359,0.0,0.0,0.0,0.0,0.0007022471910112359,0.0,0.0,0.0,0.0007022471910112359,0.0,0.0,0.0007022471910112359,0.0007022471910112359,0.0,0.0007022471910112359,0.0,0.0,0.0014044943820224719,0.0007022471910112359,0.0,0.0007022471910112359,0.0007022471910112359,0.0007022471910112359,0.0,0.0,0.0007022471910112359,0.0,0.0,0.0,0.0007022471910112359,0.0,0.0,0.0007022471910112359,0.0,0.0
159,159.0,497.0,0.0,0.39314516129032256,0.9838709677419355,0.9979838709677419,0.4314516129032258,1.0,0.40524193548387094,0.0846774193548387,0.24193548387096775,0.0,0.0,0.0,0.0,0.0,0.0,0.0,0.0,0.0,0.0,0.0,0.0,0.0,0.06653225806451613,0.04838709677419355,0.05846774193548387,0.04435483870967742,0.06048387096774194,0.024193548387096774,0.06048387096774194,1.0,0.038306451612903226,0.04032258064516129,0.05241935483870967,0.06048387096774194,0.0,0.03024193548387097,0.026209677419354836,0.016129032258064516,0.020161290322580645,0.0,0.0,0.0020161290322580645,0.0,0.0,0.006048387096774193,0.0,0.0,0.0,0.0,0.0,0.0,0.0,0.0,0.0,0.0,0.0,0.0020161290322580645,0.0020161290322580645,0.0,0.0,0.0,0.0,0.0,0.0,0.004032258064516129,0.0,0.0,0.0,0.0,0.0,0.0,0.0,0.0,0.0,0.0,0.0,0.0,0.0,0.0,0.0,0.0,0.0,0.0,0.0,0.0,0.0,0.0,0.0,0.0,0.0,0.0,0.0,0.0,0.0,0.0,0.0,0.0,0.0,0.0,0.0,0.0,0.0,0.0,0.0,0.0,0.0,0.0,0.0,0.0,0.0,0.0,0.0,0.0,0.0,0.0,0.0,0.0,0.0,0.0,0.0,0.0
160,160.0,4075.0,0.0,0.9999999999999999,0.9999999999999999,0.9999999999999999,0.9999999999999999,0.9999999999999999,0.9997546614327771,0.0,0.0,0.0,0.0004906771344455348,0.0007360157016683023,0.0,0.0,0.0004906771344455348,0.0,0.0,0.0,0.0,0.0,0.0,0.0014720314033366045,0.05937193326790971,0.05446516192345436,0.05372914622178606,0.05937193326790971,0.06108930323846908,0.0,0.056427870461236505,0.0556918547595682,0.055201177625122666,0.05299313052011776,0.057163886162904805,0.0,0.0,0.029195289499509322,0.02747791952894995,0.027723258096172716,0.03091265947006869,0.0009813542688910696,0.004906771344455348,0.0,0.0,0.0,0.001226692836113837,0.0,0.0,0.0,0.0,0.0,0.0002453385672227674,0.0,0.0,0.0,0.0,0.0,0.0,0.0,0.0,0.0,0.0,0.0,0.0,0.0,0.0,0.0,0.0,0.0,0.0,0.0,0.0,0.0,0.0,0.0,0.0,0.0,0.0,0.0,0.0002453385672227674,0.0,0.0,0.0,0.0,0.0,0.0,0.0,0.0,0.0,0.0,0.0,0.0,0.0,0.0,0.0,0.0,0.0,0.0,0.0,0.0,0.0,0.0,0.0,0.0,0.0,0.0,0.0,0.0004906771344455348,0.0,0.0,0.0,0.0,0.0,0.0,0.0,0.0,0.0,0.0,0.0,0.0,0.0,0.0
161,161.0,1222.0,0.0,0.8986099754701554,0.9174161896974653,0.9329517579721995,0.741618969746525,0.9182338511856092,0.8250204415372037,0.05151267375306623,0.9116925592804579,0.0,0.0,0.0,0.0,0.0,0.0,0.0,0.0,0.0,0.0,0.0,0.0,0.003270645952575634,0.06623058053965658,0.06541291905151267,0.008994276369582993,0.04660670482420278,1.0,0.04333605887162715,0.04660670482420278,0.01062959934587081,0.06704824202780049,0.06132461161079313,0.05723630417007359,0.02044153720359771,0.0,0.03515944399018806,0.03434178250204416,0.039247751430907606,0.03515944399018806,0.0,0.003270645952575634,0.0008176614881439084,0.0,0.0,0.0008176614881439084,0.0,0.0,0.0,0.0,0.0,0.0,0.0,0.0,0.0,0.0,0.0,0.0008176614881439084,0.0008176614881439084,0.0,0.0,0.0,0.0,0.0,0.0,0.0008176614881439084,0.0,0.0,0.0,0.0,0.0,0.0,0.0,0.0,0.0,0.0,0.0,0.0,0.0,0.0,0.0,0.0,0.0,0.0,0.0,0.0,0.0,0.0,0.0,0.0,0.0,0.0,0.0,0.0,0.0,0.0,0.0,0.0,0.0,0.0,0.0,0.0,0.0,0.0,0.0,0.0,0.0,0.0,0.0,0.0,0.0,0.0,0.0,0.0,0.0,0.0,0.0,0.0,0.0,0.0,0.0,0.0
162,162.0,1188.0,0.0,0.9132996632996633,0.9452861952861953,0.9183501683501684,0.8998316498316498,0.9217171717171717,0.8367003367003366,0.0,0.952020202020202,0.0,0.0,0.0,0.0,0.0,0.0008417508417508417,0.0,0.0,0.0,0.0,0.0,0.0,0.0,0.07407407407407407,0.0723905723905724,1.0,0.05218855218855219,0.05892255892255892,0.05892255892255892,0.05892255892255892,0.004208754208754209,0.07407407407407407,0.04292929292929293,0.06565656565656565,0.046296296296296294,0.0,0.03956228956228956,0.028619528619528618,0.041245791245791245,0.037037037037037035,0.0,0.005892255892255892,0.0,0.0,0.0,0.0,0.0,0.0,0.0,0.0,0.0,0.0,0.0,0.0,0.0,0.0,0.0,0.0,0.0,0.0,0.0,0.0,0.0,0.0,0.0,0.0,0.0,0.0,0.0,0.0,0.0,0.0,0.0,0.0,0.0,0.0,0.0,0.0,0.0,0.0,0.0,0.0,0.0,0.0,0.0,0.0,0.0,0.0,0.0,0.0008417508417508417,0.0,0.0,0.0,0.0,0.0,0.0,0.0,0.0,0.0,0.0,0.0,0.0,0.0,0.0,0.0,0.0,0.0,0.0,0.0,0.0,0.0,0.0,0.0,0.0,0.0,0.0,0.0,0.0,0.0,0.0,0.0,0.0
163,163.0,1908.0,0.0,1.0,1.0,0.6533822758259046,0.0,1.0,1.0,0.0,1.0,0.0,0.0,0.0,0.0,0.0,0.0,0.0,0.0,0.0,0.0,0.0,0.0,0.0026219192448872575,0.04090194022024122,0.03775563712637651,0.014158363922391191,0.04981646565285789,0.00996329313057158,0.04404824331410592,0.0356581017304667,0.011536444677503933,0.04509701101206083,0.043523859465128475,0.03828002097535396,0.007865757734661773,0.001048767697954903,0.02149973780807551,0.023072889355007866,0.02097535395909806,0.02464604090194022,0.001048767697954903,0.004195070791819612,0.0,0.0,0.0,0.0026219192448872575,0.0,0.0,0.0,0.0,0.0,0.0,0.0,0.0,0.0,0.0,0.0,0.0,0.0,0.0,0.0,0.0005243838489774515,0.0,0.0,0.0,0.001048767697954903,0.0,0.0,0.0,0.0,0.0,0.0,0.0,0.0,0.0,0.0,0.0,0.0,0.0,0.0,0.0,0.0,0.0,0.0,0.0,0.0,0.0,0.0,0.0,0.0,0.0,0.0,0.0,0.0,0.0,0.0,0.0,0.0,0.0,0.0,0.0,0.0,0.0,0.0,0.0,0.0,0.0,0.0,0.0,0.0,0.0,0.0,0.0,0.0,0.0,0.0,0.0,0.0,0.0,0.0,0.0,0.0
164,164.0,977.0,0.0,0.9866666666666667,0.9887179487179487,0.9897435897435898,0.9876923076923076,0.9794871794871794,0.9907692307692307,0.9805128205128205,0.9446153846153846,0.0,0.0,0.0,0.0010256410256410256,0.0,0.0010256410256410256,0.0,0.0,0.0,0.0,0.0,0.0,0.0,0.19794871794871796,0.16615384615384615,0.2164102564102564,0.23487179487179488,0.1794871794871795,0.22974358974358974,0.15487179487179487,1.0,0.19179487179487179,0.14461538461538462,0.24615384615384617,0.19897435897435897,0.0,0.07692307692307693,0.08717948717948718,1.0,0.10051282051282051,0.0020512820512820513,0.006153846153846154,0.0,0.0,0.0,0.0,0.0,0.0,0.0,0.0,0.0,0.0,0.0,0.0,0.0,0.0,0.0,0.0,0.0,0.0,0.0,0.0,0.0,0.0,0.0,0.0,0.0,0.0,0.0,0.0,0.0,0.0,0.0,0.0,0.0,0.0,0.0,0.0,0.0,0.0010256410256410256,0.0,0.0,0.0,0.0,0.0,0.0,0.0,0.0,0.0,0.0010256410256410256,0.0,0.0,0.0,0.0,0.0,0.0,0.0,0.0,0.0,0.0,0.0,0.0,0.0,0.0,0.0,0.0,0.0,0.0,0.0,0.0,0.0,0.0,0.0,0.0,0.0,0.0,0.0,0.0,0.0,0.0,0.0,0.0
165,165.0,1438.0,0.0,0.002086230876216968,0.0,0.0,0.0,0.0,0.0,0.0,0.0,0.9902642559109874,0.9673157162726008,0.0,0.9979137691237829,0.9165507649513213,0.9784422809457579,0.9360222531293463,0.825452016689847,0.44714881780250343,0.38317107093184977,0.9735744089012517,0.8358831710709318,0.0013908205841446453,0.0,0.0,0.0,0.0,0.0,0.0,0.0,0.0,0.0,0.0,0.0,0.0,0.0,0.0,0.0,0.0,0.0,0.0,0.002086230876216968,0.0,0.0,0.0,0.0,0.0,0.0006954102920723226,0.0006954102920723226,0.0,0.0,0.0,0.0,0.0,0.0006954102920723226,0.0006954102920723226,0.0,0.0,0.0,0.0,0.0,0.0006954102920723226,0.0,0.0,0.0006954102920723226,0.0,0.002086230876216968,0.0,0.0,0.0,0.0,0.0,0.0,0.0,0.0,0.0,0.0,0.0,0.0,0.0,0.0,0.0,0.0,0.0,0.0,0.0,0.0,0.0,0.0,0.0,0.0,0.0,0.0,0.0,0.0,0.0,0.0,0.0,0.0,0.0,0.0,0.0,0.0,0.0,0.0,0.0,0.0,0.0,0.0,0.0,0.0,0.0,0.0,0.0,0.0,0.0,0.0,0.0,0.0,0.0,0.0,0.0
166,166.0,1590.0,0.0,0.0012586532410320957,0.0006293266205160479,0.0006293266205160479,0.0,0.0006293266205160479,0.0,0.0006293266205160479,0.0,0.986154814348647,0.9767149150409064,0.9408432976714916,0.9937067337948395,0.0,0.8351164254247955,0.9144115796098176,0.7973568281938327,1.0,0.8338577721837634,1.0,0.8344870988042795,0.0031466331025802393,0.0,0.0,0.0,0.0,0.0,0.0,0.0,0.0,0.0,0.0,0.0,0.0,0.0,0.0,0.0,0.0,0.0,0.0012586532410320957,0.0,0.0,0.0,0.0,0.0,0.0,0.0006293266205160479,0.0006293266205160479,0.0,0.0,0.0,0.0006293266205160479,0.0,0.0,0.0,0.0,0.0,0.0,0.0006293266205160479,0.0,0.0,0.0,0.0,0.0,0.0,0.0,0.0,0.0,0.0,0.0,0.0,0.0,0.0,0.0,0.0,0.0,0.0,0.0,0.0,0.0,0.0,0.0,0.0,0.0,0.0,0.0,0.0,0.0,0.0,0.0,0.0,0.0,0.0,0.0,0.0,0.0,0.0,0.0,0.0,0.0,0.0,0.0,0.0,0.0,0.0,0.0,0.0,0.0,0.0,0.0,0.0,0.0,0.0,0.0,0.0,0.0,0.0,0.0,0.0,0.0,0.0
167,167.0,1337.0,0.0,1.0,0.550486163051608,1.0,1.0,0.0,0.0,0.0,1.0,0.0007479431563201197,0.0,0.0007479431563201197,0.0007479431563201197,0.0,0.0,0.0,0.0,0.0,0.0,0.0,0.0,0.002243829468960359,0.02617801047120419,0.02393418100224383,0.030665669409124907,0.028421839940164548,0.026925953627524306,0.0344053851907255,0.03664921465968586,0.029169783096484665,0.030665669409124907,0.031413612565445025,0.023186237845923708,0.02393418100224383,0.0,0.01720269259536275,0.013462976813762153,0.015706806282722512,0.018698578908002993,0.002243829468960359,0.002243829468960359,0.0,0.0,0.0,0.0014958863126402393,0.0,0.0,0.0,0.0,0.0,0.0,0.0,0.0007479431563201197,0.0,0.0,0.0,0.0,0.0,0.0,0.0,0.0,0.0,0.0,0.0,0.0014958863126402393,0.0,0.0007479431563201197,0.0007479431563201197,0.0,0.0,0.0,0.0,0.0,0.0,0.0,0.0,0.0,0.0,0.0,0.0,0.0,0.0,0.0,0.0,0.0,0.0014958863126402393,0.0,0.0007479431563201197,0.0007479431563201197,0.0,0.0,0.0,0.0,0.0,0.0,0.0,0.0,0.0,0.0,0.0,0.0007479431563201197,0.0,0.0,0.0,0.0,0.0,0.0,0.0,0.0007479431563201197,0.0,0.0007479431563201197,0.0,0.0,0.0007479431563201197,0.0,0.0,0.0,0.0007479431563201197,0.0,0.0,0.0
168,168.0,5388.0,0.0,1.0,1.0,1.0,1.0,0.7518518518518518,1.0,1.0,0.0,0.00018518518518518518,0.0,0.00018518518518518518,0.0,0.0,0.00037037037037037035,0.0,0.00018518518518518518,0.0,0.0,0.0,0.0,0.0016666666666666666,0.011666666666666665,0.0,0.05851851851851852,0.01111111111111111,0.05962962962962963,0.009629629629629629,0.0,0.012777777777777777,0.009444444444444445,0.0,0.04907407407407407,0.05259259259259259,0.0005555555555555556,0.0,0.03166666666666666,0.004814814814814814,0.030185185185185183,0.0009259259259259259,0.002407407407407407,0.0,0.0,0.0,0.0005555555555555556,0.0,0.00018518518518518518,0.0,0.0,0.0,0.0,0.0,0.00018518518518518518,0.0,0.0,0.0,0.0,0.0,0.0,0.0,0.0,0.0,0.0,0.0,0.0005555555555555556,0.0,0.0,0.0,0.0,0.0,0.0,0.0,0.0,0.0,0.0,0.0,0.0,0.0,0.00037037037037037035,0.0,0.0,0.0,0.0,0.0,0.0,0.0,0.0,0.0,0.00018518518518518518,0.0,0.0,0.0,0.0,0.0,0.0,0.0,0.0,0.0,0.0,0.0,0.0,0.0,0.0,0.0,0.0,0.00018518518518518518,0.0,0.0,0.0,0.0,0.0,0.0,0.0,0.0,0.0,0.0,0.0,0.0,0.0,0.0,0.0
169,169.0,1876.0,0.0,1.0,0.6305970149253731,0.9989339019189766,1.0,1.0,0.0,0.0,1.0,0.0031982942430703624,0.0026652452025586353,0.0010660980810234541,0.0005330490405117271,0.0,0.0005330490405117271,0.0,0.0,0.0,0.0,0.0,0.0,0.0,0.04904051172707889,0.03784648187633262,0.014392324093816631,0.05063965884861407,0.015458422174840085,0.041044776119402986,0.048507462686567165,0.008528784648187633,0.04904051172707889,0.0,0.04157782515991471,0.006396588486140725,0.0,0.021321961620469083,0.027718550106609806,0.015458422174840085,0.026119402985074626,0.0031982942430703624,0.0037313432835820895,0.0,0.0,0.0,0.0015991471215351812,0.0,0.0,0.0,0.0,0.0,0.0005330490405117271,0.0,0.0005330490405117271,0.0,0.0,0.0,0.0005330490405117271,0.0,0.0,0.0,0.0005330490405117271,0.0005330490405117271,0.0,0.0,0.0,0.0,0.0010660980810234541,0.0005330490405117271,0.0,0.0,0.0,0.0,0.0,0.0,0.0,0.0,0.0,0.0,0.0,0.0,0.0,0.0,0.0,0.0,0.0,0.0005330490405117271,0.0015991471215351812,0.0010660980810234541,0.0005330490405117271,0.0,0.0,0.0,0.0,0.0,0.0,0.0,0.0005330490405117271,0.0,0.0,0.0005330490405117271,0.0005330490405117271,0.0,0.0,0.0,0.0,0.0,0.0,0.0,0.0005330490405117271,0.0,0.0005330490405117271,0.0,0.0,0.0005330490405117271,0.0,0.0,0.0005330490405117271,0.0005330490405117271,0.0,0.0,0.0
170,170.0,1551.0,0.025789813023855575,0.0,0.0006447453255963894,0.0,0.0006447453255963894,0.0,0.0006447453255963894,0.0,0.0,0.8452611218568665,0.7736943907156674,0.7859445519019987,0.9451966473243069,1.0,0.0,0.5054803352675693,0.2649903288201161,0.2972275950999355,0.3049645390070922,0.3081882656350741,0.26692456479690524,0.006447453255963895,0.0,0.0,0.0006447453255963894,0.0006447453255963894,0.0,0.0006447453255963894,0.0006447453255963894,0.0006447453255963894,0.0006447453255963894,0.0,0.0,0.0012894906511927789,0.0,0.0,0.0,0.0,0.0,0.0032237266279819474,0.0006447453255963894,0.0006447453255963894,0.0006447453255963894,0.0019342359767891683,0.0,0.02321083172147002,0.024500322372662798,0.0006447453255963894,0.0,0.0012894906511927789,0.0012894906511927789,0.02256608639587363,0.0,0.0,0.0019342359767891683,0.0012894906511927789,0.0,0.0,0.0019342359767891683,0.0006447453255963894,0.0,0.0006447453255963894,0.0,0.0006447453255963894,0.0,0.0006447453255963894,0.0,0.0,0.0,0.026434558349451968,0.0,0.02321083172147002,0.0,0.0,0.0,0.0,0.0006447453255963894,0.0,0.0,0.0,0.0,0.0,0.0,0.0006447453255963894,0.0,0.0006447453255963894,0.0,0.0006447453255963894,0.0,0.0006447453255963894,0.0,0.0,0.0,0.0006447453255963894,0.0,0.0,0.0,0.0,0.0,0.0,0.0006447453255963894,0.02321083172147002,0.0,0.0,0.0006447453255963894,0.0025789813023855577,0.0006447453255963894,0.0,0.0,0.0,0.0006447453255963894,0.0,0.0006447453255963894,0.0,0.0,0.0,0.0,0.0006447453255963894,0.0012894906511927789,0.0012894906511927789,0.0
171,171.0,982.0,0.1710794297352342,0.0,0.0010183299389002036,0.0010183299389002036,0.002036659877800407,0.002036659877800407,0.002036659877800407,0.0,0.0010183299389002036,0.8431771894093686,0.7820773930753564,0.8492871690427698,0.6048879837067209,0.19450101832993888,0.6293279022403258,0.1140529531568228,0.9949083503054988,0.12932790224032586,0.1690427698574338,0.15173116089613034,0.11914460285132382,0.002036659877800407,0.0,0.0,0.0010183299389002036,0.0,0.0,0.0,0.0,0.0010183299389002036,0.0,0.0,0.0,0.0,0.0,0.0,0.0,0.0,0.0010183299389002036,0.002036659877800407,0.006109979633401222,0.002036659877800407,0.0,0.0010183299389002036,0.0,0.004073319755600814,0.13747454175152748,0.005091649694501018,0.0010183299389002036,0.004073319755600814,0.003054989816700611,0.002036659877800407,0.12627291242362523,0.003054989816700611,0.004073319755600814,0.004073319755600814,0.11710794297352341,0.0,0.002036659877800407,0.0,0.0,0.0,0.0,0.002036659877800407,0.0,0.0010183299389002036,0.0,0.0,0.0,0.0010183299389002036,0.0010183299389002036,0.0,0.0010183299389002036,0.0010183299389002036,0.0010183299389002036,0.0,0.0010183299389002036,0.0,0.0,0.15682281059063136,0.0,0.0010183299389002036,0.0010183299389002036,0.0,0.002036659877800407,0.0,0.0,0.0010183299389002036,0.0,0.0,0.0,0.0,0.0,0.0010183299389002036,0.0,0.0010183299389002036,0.0,0.0,0.0,0.0,0.0010183299389002036,0.0010183299389002036,0.0010183299389002036,0.0,0.0,0.0,0.0,0.0,0.0,0.0,0.0010183299389002036,0.0010183299389002036,0.0,0.0010183299389002036,0.0,0.0,0.0,0.0,0.0,0.0010183299389002036,0.0
172,172.0,2030.0,0.0,0.9999999999999999,0.9999999999999999,0.9999999999999999,0.9999999999999999,0.0,0.0,0.3369458128078818,0.0,0.0,0.0,0.0,0.0,0.0,0.0004926108374384236,0.0,0.0,0.0,0.0,0.0,0.0,0.0029556650246305416,0.0354679802955665,0.02413793103448276,0.025615763546798027,0.034482758620689655,0.025123152709359605,0.028078817733990145,0.031034482758620686,0.026600985221674874,0.03004926108374384,0.02413793103448276,0.03004926108374384,0.029064039408866992,0.0004926108374384236,0.012807881773399013,0.014285714285714285,0.013793103448275862,0.015270935960591132,0.0014778325123152708,0.0009852216748768472,0.0,0.0,0.0,0.0029556650246305416,0.0,0.0,0.0,0.0,0.0,0.0,0.0,0.0,0.0,0.0,0.0,0.0,0.0,0.0,0.0,0.0,0.0,0.0,0.0,0.0,0.0,0.0,0.0,0.0,0.0,0.0,0.0,0.0,0.0,0.0,0.0,0.0,0.0,0.0,0.0,0.0,0.0,0.0,0.0,0.0,0.0,0.0,0.0,0.0,0.0,0.0,0.0,0.0,0.0,0.0,0.0,0.0,0.0,0.0,0.0,0.0,0.0,0.0,0.0,0.0,0.0,0.0014778325123152708,0.0,0.0,0.0,0.0,0.0,0.0,0.0,0.0,0.0,0.0,0.0,0.0,0.0,0.0
173,173.0,934.0,0.0,0.0,0.0,0.35508021390374334,0.2983957219251337,0.24171122994652408,0.0,0.10481283422459893,0.0,0.0,0.0010695187165775401,0.0010695187165775401,0.0010695187165775401,0.0,0.0,0.0021390374331550803,0.0,0.0,0.0,0.0,0.0,0.0010695187165775401,0.013903743315508022,0.017112299465240642,0.011764705882352941,0.014973262032085561,1.0,0.011764705882352941,0.021390374331550804,0.016042780748663103,0.017112299465240642,0.008556149732620321,0.01818181818181818,0.011764705882352941,0.0,0.008556149732620321,0.008556149732620321,0.0042780748663101605,0.008556149732620321,0.005347593582887701,0.0042780748663101605,0.0010695187165775401,0.0,0.0,0.0032085561497326204,0.0,0.0,0.0,0.0,0.0,0.0010695187165775401,0.0,0.0,0.0010695187165775401,0.0,0.0,0.0,0.0,0.0,0.0,0.0010695187165775401,0.0010695187165775401,0.0,0.0010695187165775401,0.0010695187165775401,0.0,0.0,0.0,0.0,0.0,0.0,0.0021390374331550803,0.0010695187165775401,0.0010695187165775401,0.0,0.0,0.0010695187165775401,0.0,0.0021390374331550803,0.0,0.0010695187165775401,0.0,0.0,0.0010695187165775401,0.0,0.0021390374331550803,0.0,0.0,0.0021390374331550803,0.0,0.0,0.0,0.0010695187165775401,0.0,0.0,0.0,0.0,0.0,0.0010695187165775401,0.0,0.0010695187165775401,0.0010695187165775401,0.0,0.0,0.0010695187165775401,0.0,0.005347593582887701,0.0,0.0,0.0,0.0,0.0,0.0010695187165775401,0.0,0.0,0.0,0.0,0.0,0.0,0.0,0.0
174,174.0,2674.0,0.0,0.962976813762154,0.9704562453253552,0.9727000747943156,0.9648466716529543,0.9723261032161555,0.9704562453253552,0.8825729244577412,1.0,0.0,0.0,0.00037397157816005983,0.0,0.0,0.0,0.0,0.0,0.0,0.0,0.0,0.0,0.00037397157816005983,0.0,1.0,0.0,0.016454749439042633,0.11032161555721764,0.16641735228122662,0.0,0.0,0.0,0.10994764397905758,0.0,0.07965594614809274,0.0,0.0669409124906507,0.06394913986537024,0.010471204188481676,0.05646970830216903,0.0007479431563201197,0.0074794315632011965,0.0,0.0,0.0,0.0011219147344801795,0.0,0.0,0.0,0.0,0.0,0.0,0.0,0.0007479431563201197,0.0,0.0,0.0,0.0,0.0,0.0,0.0,0.0,0.0,0.0,0.0,0.0011219147344801795,0.0,0.0,0.0,0.0,0.0,0.0,0.0,0.0,0.0,0.0,0.0,0.0,0.0018698578908002991,0.0011219147344801795,0.0,0.0,0.0,0.0,0.0,0.0,0.0,0.0,0.0,0.0011219147344801795,0.0,0.0,0.0,0.0,0.0,0.0,0.0,0.0,0.0,0.0,0.0,0.0,0.0,0.0,0.0,0.00037397157816005983,0.0,0.00037397157816005983,0.0,0.0,0.0,0.0,0.0,0.0,0.0,0.0,0.0,0.0,0.0,0.0,0.0,0.0
175,175.0,727.0,0.0,0.9891156462585033,0.9999999999999999,0.9945578231292517,0.9877551020408163,0.9959183673469387,0.9904761904761904,0.9768707482993196,0.9809523809523809,0.0,0.0,0.0,0.0,0.0,0.0027210884353741495,0.0,0.0,0.0,0.0,0.0,0.0,0.0013605442176870747,0.25034013605442174,0.9047619047619047,0.1183673469387755,0.9088435374149659,0.3469387755102041,0.14149659863945577,0.9319727891156462,0.20272108843537415,0.17278911564625848,0.28435374149659864,0.17278911564625848,0.21632653061224488,0.0,0.14285714285714285,0.4775510204081632,0.11156462585034013,0.16598639455782313,0.0027210884353741495,0.009523809523809523,0.0013605442176870747,0.0,0.0,0.0027210884353741495,0.0,0.0,0.0,0.0,0.0,0.0,0.0,0.0,0.0,0.0,0.0,0.0013605442176870747,0.0013605442176870747,0.0,0.0,0.0,0.0,0.0,0.0,0.0,0.0,0.0,0.0,0.0,0.0,0.0,0.0,0.0,0.0,0.0,0.0,0.0,0.0,0.0013605442176870747,0.0,0.0,0.0,0.0,0.0,0.0,0.0,0.0,0.0,0.0,0.0,0.0,0.0,0.0,0.0,0.0,0.0,0.0,0.0,0.0,0.0,0.0,0.0,0.0,0.0,0.0,0.0,0.0,0.0,0.0,0.0,0.0,0.0,0.0,0.0,0.0,0.0,0.0,0.0,0.0,0.0,0.0
176,176.0,1386.0,0.0,0.9401154401154401,0.9523809523809523,0.8997113997113997,0.8997113997113997,0.9372294372294372,0.8961038961038961,0.0,0.6984126984126984,0.0,0.0,0.0,0.0,0.0,0.0007215007215007215,0.0,0.0,0.0,0.0,0.0,0.0,0.001443001443001443,0.06204906204906205,0.06493506493506493,0.017316017316017316,0.045454545454545456,0.0404040404040404,0.03535353535353535,0.07647907647907648,0.016594516594516596,0.06421356421356421,0.06277056277056277,0.07287157287157287,1.0,0.0,0.032467532467532464,0.03391053391053391,0.03823953823953824,0.02813852813852814,0.0007215007215007215,0.005772005772005772,0.0007215007215007215,0.0,0.0,0.002886002886002886,0.0,0.0,0.0,0.0,0.0,0.0,0.0,0.0,0.0,0.0,0.0,0.0007215007215007215,0.0007215007215007215,0.0,0.0,0.0,0.0,0.0,0.0,0.001443001443001443,0.0,0.0007215007215007215,0.0,0.0,0.0,0.0,0.0,0.0,0.0,0.0,0.0,0.0,0.0,0.0,0.0,0.0,0.0,0.0,0.0,0.0,0.0,0.0,0.0,0.0,0.0,0.0,0.0,0.0,0.0,0.0,0.0,0.0,0.0,0.0,0.0,0.0,0.0,0.0,0.0,0.0,0.0,0.0007215007215007215,0.0,0.0,0.0,0.0,0.0,0.0007215007215007215,0.0,0.0,0.0,0.0,0.0,0.0,0.0007215007215007215,0.0
177,177.0,173.0,0.0,0.09248554913294797,0.08092485549132948,0.4797687861271676,1.0,0.06936416184971098,0.0,0.0,0.017341040462427744,0.0,0.0,0.0,0.0,0.0,0.0,0.0,0.0,0.0,0.0,0.0,0.0,0.005780346820809248,0.028901734104046242,0.011560693641618497,0.011560693641618497,0.005780346820809248,0.005780346820809248,0.0,0.017341040462427744,0.017341040462427744,0.017341040462427744,0.011560693641618497,0.017341040462427744,0.017341040462427744,0.0,0.005780346820809248,1.0,0.005780346820809248,0.0,0.0,0.005780346820809248,0.005780346820809248,0.0,0.0,0.005780346820809248,0.0,0.0,0.0,0.0,0.0,0.0,0.0,0.0,0.0,0.0,0.0,0.0,0.0,0.005780346820809248,0.0,0.0,0.0,0.0,0.0,0.0,0.005780346820809248,0.0,0.0,0.0,0.0,0.0,0.0,0.0,0.0,0.0,0.0,0.0,0.0,0.0,0.0,0.0,0.0,0.0,0.0,0.0,0.0,0.0,0.0,0.0,0.0,0.0,0.0,0.0,0.0,0.0,0.005780346820809248,0.0,0.0,0.0,0.0,0.0,0.0,0.0,0.0,0.0,0.0,0.0,0.0,0.0,0.0,0.0,0.0,0.0,0.0,0.0,0.0,0.0,0.0,0.0,0.0,0.0
178,178.0,1480.0,0.0,0.44391891891891894,0.0,0.0,1.0,1.0,1.0,0.19797297297297298,1.0,0.0013513513513513514,0.002027027027027027,0.0006756756756756757,0.0006756756756756757,0.0,0.0006756756756756757,0.0,0.0,0.0,0.0,0.0,0.0,0.0013513513513513514,0.033783783783783786,0.032432432432432434,0.030405405405405407,0.02837837837837838,0.030405405405405407,0.025,0.02364864864864865,0.03310810810810811,0.029054054054054056,0.02972972972972973,0.02702702702702703,0.02972972972972973,0.0,0.012837837837837839,0.014864864864864866,0.013513513513513514,0.018243243243243244,0.0006756756756756757,0.002702702702702703,0.0,0.0,0.0006756756756756757,0.0033783783783783786,0.0,0.0,0.0,0.0,0.0006756756756756757,0.0,0.0,0.0006756756756756757,0.0,0.0,0.0,0.0,0.0,0.0,0.0,0.0006756756756756757,0.0,0.0,0.0,0.0006756756756756757,0.0,0.0,0.0006756756756756757,0.0,0.0,0.0,0.0,0.0,0.0,0.0,0.0,0.0,0.0,0.0006756756756756757,0.0,0.0,0.0,0.0,0.0,0.0,0.0013513513513513514,0.0,0.0,0.0,0.0,0.0,0.0,0.0,0.0,0.0,0.0,0.0,0.0,0.0,0.0,0.0,0.0,0.0,0.0,0.0,0.0,0.0,0.0,0.0,0.0,0.0,0.0,0.0,0.0,0.0,0.0,0.0,0.0006756756756756757,0.0,0.0,0.0
179,179.0,757.0,0.0,0.9298941798941799,0.7182539682539683,0.8664021164021164,0.873015873015873,1.0,0.8822751322751322,0.0,0.06878306878306878,0.0013227513227513227,0.003968253968253968,0.0026455026455026454,0.0013227513227513227,0.0,0.0,0.0,0.0,0.0,0.0,0.0,0.0,0.0,0.06878306878306878,0.05026455026455026,0.06613756613756613,0.0582010582010582,0.05291005291005291,1.0,0.047619047619047616,0.05026455026455026,0.05952380952380952,0.06084656084656084,0.051587301587301584,0.056878306878306875,0.0,0.026455026455026454,0.0291005291005291,0.026455026455026454,0.026455026455026454,0.0,0.006613756613756613,0.0013227513227513227,0.0,0.0,0.0013227513227513227,0.0,0.0,0.0,0.0,0.0,0.0013227513227513227,0.0,0.0013227513227513227,0.0,0.0,0.0,0.0013227513227513227,0.0013227513227513227,0.0,0.0013227513227513227,0.0013227513227513227,0.0013227513227513227,0.0,0.0,0.0026455026455026454,0.0,0.0,0.0,0.0,0.0,0.0,0.0,0.0,0.0,0.0,0.0,0.0,0.0,0.0,0.0,0.0,0.0,0.0,0.0,0.0,0.0013227513227513227,0.0,0.0,0.0,0.0,0.0,0.0,0.0,0.0,0.0,0.0,0.0,0.0,0.0,0.0,0.0,0.0,0.0,0.0,0.0,0.0,0.0013227513227513227,0.0,0.0,0.0,0.0,0.0,0.0,0.0,0.0,0.0,0.0,0.0,0.0,0.0,0.0
180,180.0,1113.0,0.0,0.0008976660682226212,0.0008976660682226212,0.0,0.0,0.0,0.0,0.0,0.0,0.8563734290843806,0.7504488330341114,0.7585278276481149,0.9183123877917415,0.0,0.04039497307001796,0.5601436265709157,0.3770197486535009,1.0,0.33303411131059246,0.37881508078994613,0.28545780969479356,0.0026929982046678637,0.0017953321364452424,0.0,0.0,0.0008976660682226212,0.0,0.0,0.0008976660682226212,0.0008976660682226212,0.0008976660682226212,0.0,0.0,0.0,0.0,0.0008976660682226212,0.0008976660682226212,0.0017953321364452424,0.0,0.003590664272890485,0.0008976660682226212,0.0,0.0008976660682226212,0.0,0.0,0.0008976660682226212,0.0026929982046678637,0.0017953321364452424,0.0017953321364452424,0.003590664272890485,0.0,0.0008976660682226212,0.0026929982046678637,0.0026929982046678637,0.0017953321364452424,0.0008976660682226212,0.0008976660682226212,0.0008976660682226212,0.0017953321364452424,0.0017953321364452424,0.0,0.0008976660682226212,0.0,0.0008976660682226212,0.0008976660682226212,0.0017953321364452424,0.0,0.0008976660682226212,0.0,0.0,0.0,0.0,0.0008976660682226212,0.0,0.0008976660682226212,0.0,0.0008976660682226212,0.0,0.0,0.0008976660682226212,0.0,0.0,0.0017953321364452424,0.0008976660682226212,0.0,0.0017953321364452424,0.0,0.0008976660682226212,0.0,0.0,0.0008976660682226212,0.0,0.0,0.0,0.0008976660682226212,0.0008976660682226212,0.0008976660682226212,0.0008976660682226212,0.0008976660682226212,0.0008976660682226212,0.0,0.0008976660682226212,0.0,0.0,0.0,0.0,0.0,0.0,0.0,0.0008976660682226212,0.0,0.0,0.0008976660682226212,0.0,0.0008976660682226212,0.0008976660682226212,0.0,0.0017953321364452424,0.0,0.0,0.0
181,181.0,1064.0,0.0,0.0,0.0009398496240601503,0.0009398496240601503,0.0,0.0,0.0,0.0009398496240601503,0.0,0.9417293233082706,0.9210526315789473,0.7528195488721804,0.9774436090225563,0.0,0.6992481203007519,0.8552631578947368,0.7838345864661653,0.0,0.8280075187969924,0.7142857142857142,0.7415413533834586,0.0018796992481203006,0.0,0.0,0.0,0.0,0.0,0.0,0.0,0.0,0.0,0.0,0.0,0.0,0.0,0.0,0.0,0.0,0.0,0.0,0.0018796992481203006,0.0,0.0,0.0,0.0,0.0009398496240601503,0.0018796992481203006,0.0018796992481203006,0.0,0.0,0.0018796992481203006,0.0018796992481203006,0.0,0.0,0.0009398496240601503,0.0009398496240601503,0.0,0.0,0.0,0.0,0.0,0.0,0.0,0.0,0.0,0.0,0.0,0.0,0.0,0.0,0.0,0.0,0.0,0.0,0.0,0.0,0.0,0.0,0.0,0.0,0.0,0.0,0.0,0.0,0.0,0.0,0.0,0.0,0.0,0.0,0.0,0.0,0.0,0.0,0.0,0.0,0.0,0.0,0.0,0.0,0.0,0.0,0.0,0.0,0.0,0.0,0.0,0.0,0.0,0.0,0.0,0.0,0.0,0.0,0.0,0.0,0.0,0.0,0.0,0.0,0.0
182,182.0,1894.0,0.0,0.9999999999999999,0.6863780359028511,0.0,0.9999999999999999,0.6768743400211192,0.0,0.9999999999999999,0.0,0.0005279831045406547,0.0021119324181626186,0.001583949313621964,0.0,0.0,0.0,0.0,0.0,0.0,0.0,0.0,0.0,0.0021119324181626186,0.025343189017951424,0.029039070749736006,0.02481520591341077,0.02059134107708553,0.031151003167898626,0.026399155227032733,0.024287222808870114,0.021119324181626188,0.02956705385427666,0.03167898627243928,0.026399155227032733,0.027455121436114043,0.0005279831045406547,0.012671594508975712,0.010559662090813094,0.012143611404435057,0.013199577613516367,0.004751847940865892,0.004223864836325237,0.0005279831045406547,0.0005279831045406547,0.0005279831045406547,0.0005279831045406547,0.0,0.0,0.0,0.0,0.0,0.0,0.0,0.0,0.0,0.0,0.0,0.0,0.0,0.0,0.0,0.0,0.0,0.0,0.0,0.0,0.0,0.0,0.0,0.0,0.0,0.0,0.0,0.0,0.0,0.0,0.0,0.0,0.0,0.0005279831045406547,0.0,0.0,0.0,0.0,0.0,0.0,0.0,0.0,0.0,0.0005279831045406547,0.0,0.0,0.0,0.0,0.0,0.0,0.0,0.0,0.0,0.0,0.0,0.0,0.0,0.0,0.0,0.0,0.0,0.0005279831045406547,0.0,0.0,0.0,0.0,0.0,0.0,0.0,0.0,0.0,0.0,0.0,0.0,0.0,0.0
183,183.0,3038.0,0.0,0.0,0.20276497695852533,1.0,0.2073732718894009,1.0,0.19256089532587228,1.0,0.08821593153390388,0.0003291639236339697,0.0009874917709019092,0.0009874917709019092,0.0,0.0,0.0009874917709019092,0.0,0.0,0.0,0.0,0.0,0.0,0.0013166556945358788,0.019420671494404212,0.019420671494404212,0.017774851876234364,0.018762343647136272,0.020737327188940093,0.02139565503620803,0.02271231073074391,0.013166556945358787,0.018104015799868332,0.016129032258064516,0.019420671494404212,0.016787360105332456,0.0003291639236339697,0.008887425938117182,0.007570770243581303,0.010862409479921,0.009545753785385122,0.0016458196181698484,0.0026333113890717576,0.0,0.0,0.0,0.0019749835418038184,0.0,0.0,0.0,0.0,0.0,0.0,0.0,0.0,0.0,0.0,0.0,0.0,0.0,0.0,0.0,0.0,0.0,0.0,0.0,0.0009874917709019092,0.0,0.0003291639236339697,0.0,0.0,0.0,0.0,0.0,0.0,0.0,0.0,0.0,0.0,0.0,0.0003291639236339697,0.0,0.0,0.0,0.0,0.0,0.0,0.0,0.0,0.0,0.0,0.0,0.0,0.0,0.0,0.0,0.0,0.0,0.0,0.0,0.0,0.0,0.0,0.0,0.0,0.0,0.0,0.0,0.0,0.0,0.0,0.0,0.0,0.0,0.0,0.0,0.0,0.0,0.0,0.0,0.0,0.0,0.0
184,184.0,1319.0,0.0,0.8884673748103187,0.996206373292868,0.9893778452200304,0.9954476479514416,0.9044006069802731,0.9939301972685888,0.9833080424886191,0.0,0.0007587253414264037,0.0015174506828528073,0.0007587253414264037,0.0,0.0007587253414264037,0.0,0.0,0.0007587253414264037,0.0007587253414264037,0.0,0.0007587253414264037,0.0,0.0015174506828528073,0.082701062215478,0.6062215477996965,0.0834597875569044,0.07056145675265554,0.07435508345978756,0.048558421851289835,0.007587253414264037,0.07359635811836115,0.05311077389984826,0.5045523520485584,0.07738998482549317,0.0409711684370258,0.0007587253414264037,0.033383915022761765,0.033383915022761765,0.038694992412746584,0.03717754172989378,0.0007587253414264037,0.0015174506828528073,0.0,0.0,0.0,0.002276176024279211,0.0,0.0,0.0,0.0,0.0,0.0,0.0,0.0,0.0,0.0,0.0,0.0,0.0,0.0,0.0,0.0,0.0,0.0007587253414264037,0.0,0.0015174506828528073,0.0,0.0,0.0,0.0,0.0,0.0,0.0,0.0,0.0,0.0,0.0,0.0,0.0,0.0,0.0,0.0,0.0,0.0,0.0,0.0,0.0,0.0,0.0,0.0,0.0,0.0,0.0,0.0,0.0,0.0,0.0,0.0,0.0,0.0,0.0,0.0,0.0,0.0,0.0,0.0,0.0,0.0015174506828528073,0.0,0.0,0.0,0.0,0.0,0.0,0.0,0.0,0.0,0.0,0.0,0.0,0.0,0.0
185,185.0,1745.0,0.0,0.002292263610315186,0.0005730659025787965,0.0005730659025787965,0.001146131805157593,0.030945558739255013,0.0057306590257879654,0.02464183381088825,0.0017191977077363895,0.010315186246418338,0.001146131805157593,0.02808022922636103,0.002292263610315186,0.0,0.006303724928366762,0.0005730659025787965,0.0005730659025787965,0.0,0.0,0.0,0.0,0.0,0.0005730659025787965,0.0040114613180515755,0.0005730659025787965,0.001146131805157593,0.0,0.0005730659025787965,0.002292263610315186,0.0005730659025787965,0.0,0.0,0.0005730659025787965,0.001146131805157593,0.0005730659025787965,0.0017191977077363895,0.0,0.0017191977077363895,0.001146131805157593,0.748997134670487,0.003438395415472779,0.06303724928366762,0.001146131805157593,0.0,0.9988538681948423,0.0,0.001146131805157593,0.0,0.0,0.0005730659025787965,0.0,0.0005730659025787965,0.0005730659025787965,0.0,0.02750716332378223,0.0,0.06246418338108882,0.06762177650429799,0.0,0.0074498567335243545,0.0,0.0040114613180515755,0.006303724928366762,0.001146131805157593,0.04871060171919771,0.0005730659025787965,0.030372492836676215,0.032091690544412604,0.0057306590257879654,0.0,0.0,0.0,0.0,0.0028653295128939827,0.0,0.0,0.0,0.0,0.0,0.0,0.0,0.001146131805157593,0.0,0.0005730659025787965,0.0005730659025787965,0.001146131805157593,0.0005730659025787965,0.0,0.0,0.0005730659025787965,0.0005730659025787965,0.028653295128939826,0.0,0.0,0.0,0.001146131805157593,0.005157593123209169,0.0017191977077363895,0.0017191977077363895,0.001146131805157593,0.028653295128939826,0.0005730659025787965,0.0,0.0,0.0,0.0,0.002292263610315186,0.0,0.0028653295128939827,0.0005730659025787965,0.0,0.0,0.0,0.001146131805157593,0.002292263610315186,0.0,0.0005730659025787965,0.0,0.0,0.0017191977077363895,0.0
186,186.0,4888.0,0.0,0.0,1.0,0.31648936170212766,0.0,0.11579378068739772,0.0,0.0,1.0,0.00020458265139116204,0.0,0.0,0.00020458265139116204,0.0,0.0008183306055646482,0.00020458265139116204,0.0,0.0,0.0,0.0,0.0,0.003887070376432079,0.01002454991816694,0.012888707037643209,0.010842880523731589,0.009819967266775777,0.006955810147299509,0.012684124386252046,0.012888707037643209,0.009206219312602291,0.010842880523731589,0.008183306055646482,0.013911620294599018,0.01002454991816694,0.0004091653027823241,0.005523731587561375,0.006137479541734861,0.004500818330605565,0.008592471358428805,0.0020458265139116204,0.0034779050736497546,0.00020458265139116204,0.0,0.0,0.0004091653027823241,0.0,0.0,0.0,0.0,0.0,0.0,0.0,0.0,0.0,0.0,0.0,0.00020458265139116204,0.00020458265139116204,0.0,0.0,0.00020458265139116204,0.0,0.0,0.0,0.0004091653027823241,0.0,0.0,0.0,0.0,0.0,0.0,0.0,0.00020458265139116204,0.0,0.0,0.0,0.0,0.0,0.0,0.0,0.0,0.0,0.0,0.0,0.0,0.0,0.0,0.0,0.0004091653027823241,0.0,0.0,0.0,0.0,0.0,0.0,0.0,0.0,0.0,0.0,0.0,0.0,0.0,0.0,0.0,0.0,0.0,0.0,0.0,0.0,0.0,0.0,0.0,0.0,0.0,0.0,0.0,0.0,0.0,0.0,0.0,0.0
187,187.0,3416.0,0.0,0.0,1.0,1.0,1.0,0.0,0.3937353629976581,0.0,0.0,0.0,0.0,0.0,0.0,0.0,0.000585480093676815,0.0,0.0,0.0,0.0,0.0,0.0,0.001756440281030445,0.023126463700234193,0.020491803278688523,0.019613583138173303,0.019320843091334895,0.02224824355971897,0.01756440281030445,0.019320843091334895,0.018149882903981264,0.018442622950819672,0.019028103044496487,0.019613583138173303,0.022833723653395786,0.0002927400468384075,0.010831381733021077,0.005269320843091335,0.007903981264637002,0.007611241217798595,0.0014637002341920374,0.004391100702576112,0.0,0.0,0.0,0.0,0.0,0.0,0.0,0.0,0.0,0.0,0.0,0.0,0.0,0.0,0.0,0.0,0.0,0.0,0.0,0.0,0.0,0.0,0.0,0.0002927400468384075,0.0,0.0,0.0,0.0,0.0,0.0,0.0,0.0,0.0,0.0,0.0,0.0,0.0002927400468384075,0.0,0.0,0.0,0.0,0.0,0.0,0.0,0.0,0.0,0.0,0.0,0.0,0.0,0.0,0.0,0.0,0.0,0.0,0.0,0.0,0.0,0.0,0.0,0.0,0.0,0.0,0.0,0.0,0.000585480093676815,0.0,0.0,0.0,0.0,0.0,0.0,0.0,0.0,0.0,0.0,0.0,0.0,0.0,0.0
188,188.0,3650.0,0.0,0.973986856516977,0.9731653888280394,0.9775465498357064,0.9764512595837896,0.9690580503833516,0.9759036144578314,0.9131982475355969,0.898959474260679,0.0,0.0002738225629791895,0.0,0.0,0.0,0.0013691128148959474,0.0,0.0,0.0,0.0,0.0,0.0,0.000547645125958379,0.11555312157721796,0.0,0.07174151150054764,0.0857064622124863,0.09748083242059145,1.0,0.0,0.0,0.0,0.0651697699890471,0.0,0.07064622124863089,0.0002738225629791895,0.05914567360350493,0.055312157721796276,0.07228915662650602,0.060240963855421686,0.0002738225629791895,0.004107338444687842,0.0,0.0,0.0,0.0019167579408543264,0.0,0.0,0.0,0.0,0.0,0.0,0.0,0.0,0.0,0.0,0.0,0.0,0.0,0.0,0.0,0.0,0.0,0.0,0.0,0.0,0.0,0.0,0.0,0.0,0.0,0.0,0.0,0.0,0.0,0.0,0.0,0.0,0.0,0.001095290251916758,0.0,0.0,0.0,0.0,0.0,0.0,0.0,0.0,0.0002738225629791895,0.0,0.0,0.0,0.0,0.0,0.0,0.0,0.0,0.0,0.0,0.0,0.0,0.0,0.0,0.0,0.0,0.0002738225629791895,0.0,0.0002738225629791895,0.0,0.0,0.0,0.0,0.0,0.0,0.0,0.0,0.0,0.0,0.0,0.0,0.0,0.0
189,189.0,768.0,0.0,0.9986807387862796,1.0,0.9986807387862796,0.9986807387862796,0.9973614775725593,1.0,0.9947229551451187,1.0,0.0013192612137203166,0.0,0.0,0.0,0.0,0.0013192612137203166,0.0,0.0,0.0,0.0,0.0,0.0,0.0,0.7691292875989446,0.7229551451187335,0.7137203166226913,0.8034300791556728,0.7427440633245382,0.7493403693931399,0.8021108179419525,0.8047493403693932,0.7321899736147757,0.7335092348284961,0.7229551451187335,0.7691292875989446,0.0,0.0,0.0065963060686015824,0.5131926121372031,0.9868073878627968,0.0013192612137203166,0.018469656992084433,0.0,0.0,0.0,0.002638522427440633,0.0,0.0,0.0,0.0,0.0,0.0,0.0,0.0,0.0,0.0,0.0,0.0,0.0,0.0,0.0,0.0,0.0,0.0,0.0,0.0013192612137203166,0.0,0.0,0.0,0.0,0.0,0.0,0.0,0.0,0.0,0.0,0.0,0.0,0.0,0.0,0.0,0.0,0.0,0.0,0.0,0.0,0.0,0.0,0.0,0.0,0.0,0.0,0.0,0.0,0.0,0.0,0.0,0.0,0.0,0.0,0.0,0.0,0.0,0.0,0.0,0.0,0.0,0.0013192612137203166,0.0,0.0,0.0,0.0,0.0,0.0,0.0,0.0,0.0,0.0,0.0,0.0,0.0,0.0
190,190.0,7715.0,0.0,1.0,0.0,0.0,0.0,1.0,0.0,0.0,0.12624756966947506,0.00012961762799740766,0.0009073233959818537,0.001555411535968892,0.0,0.0,0.0014257939079714843,0.0,0.0,0.0,0.0,0.0,0.0,0.0006480881399870382,0.007388204795852236,0.009721322099805575,0.008813998703823721,0.0,0.009591704471808167,0.008554763447828906,0.006869734283862606,0.007906675307841867,0.01049902786779002,0.0071289695398574215,0.009591704471808167,0.006221646143875568,0.0,0.003110823071937784,0.005055087491898899,0.004925469863901491,0.00388852883992223,0.0023331173039533378,0.0020738820479585226,0.00012961762799740766,0.0,0.0,0.0006480881399870382,0.0,0.0,0.0,0.00012961762799740766,0.0,0.0,0.0,0.0,0.0,0.0,0.0,0.00012961762799740766,0.00012961762799740766,0.0,0.0,0.0,0.0,0.0,0.0,0.0002592352559948153,0.0,0.00012961762799740766,0.0,0.0,0.0,0.0,0.0,0.0,0.0,0.0,0.0,0.0,0.0,0.00012961762799740766,0.0,0.0,0.0,0.0,0.0,0.0,0.00012961762799740766,0.0,0.0,0.00012961762799740766,0.0,0.0,0.0,0.0,0.0,0.0,0.0,0.0,0.0,0.0,0.0,0.0,0.0,0.0,0.0,0.0,0.0,0.0,0.0,0.0,0.0,0.0,0.00012961762799740766,0.0,0.0,0.0,0.0,0.0,0.0,0.0,0.0,0.0
191,191.0,2270.0,0.0,0.0,0.0004405286343612335,0.0,0.0004405286343612335,0.0004405286343612335,0.0004405286343612335,0.0,0.0,0.9784140969162995,0.9643171806167401,1.0,0.9872246696035243,0.856387665198238,0.8255506607929516,0.9224669603524229,0.829955947136564,0.8519823788546256,0.8273127753303965,0.0,0.8374449339207048,0.000881057268722467,0.0,0.0,0.0,0.0,0.0,0.0004405286343612335,0.0,0.0,0.0,0.0,0.0,0.0,0.0,0.0,0.0,0.0,0.0,0.000881057268722467,0.000881057268722467,0.0,0.0,0.0,0.0,0.0004405286343612335,0.0013215859030837004,0.0004405286343612335,0.0,0.0004405286343612335,0.0004405286343612335,0.0004405286343612335,0.0,0.0022026431718061676,0.0,0.0,0.0,0.0,0.000881057268722467,0.0,0.0,0.0,0.0,0.0,0.0,0.0,0.0,0.0,0.0,0.0,0.0,0.0,0.0,0.0,0.0,0.0,0.0,0.0,0.0,0.0,0.0,0.0,0.0,0.0,0.0,0.0,0.0,0.0,0.0,0.0,0.0,0.0,0.0,0.0,0.0,0.0,0.0,0.0,0.0,0.0,0.0,0.0,0.0,0.0,0.0,0.0,0.0,0.0,0.0,0.0,0.0,0.0,0.0,0.0,0.0,0.0,0.0,0.0,0.0,0.0,0.0
192,192.0,5967.0,0.0,0.0013407072230601643,0.00016758840288252054,0.0,0.02430031841796548,0.024467906820848,0.023629964806435397,0.014245014245014245,0.0011731188201776438,0.01240154181330652,0.0026814144461203286,0.004357298474945534,0.0016758840288252053,0.0013407072230601643,0.017764370705547178,0.0003351768057650411,0.0011731188201776438,0.0003351768057650411,0.0010055304172951233,0.0005027652086475616,0.0008379420144126027,0.00016758840288252054,0.0006703536115300822,0.0020110608345902466,0.002178649237472767,0.0006703536115300822,0.0011731188201776438,0.0003351768057650411,0.0018434724317077259,0.0013407072230601643,0.0006703536115300822,0.0010055304172951233,0.0013407072230601643,0.0013407072230601643,0.0005027652086475616,0.0013407072230601643,0.0008379420144126027,0.0008379420144126027,0.0018434724317077259,0.05513658454834926,1.0,0.004524886877828055,0.0,0.0006703536115300822,0.03251215015920898,0.013407072230601643,0.0023462376403552876,0.005362828892240657,0.0005027652086475616,0.0033517680576504107,0.0018434724317077259,0.002178649237472767,0.004189710072063014,0.0023462376403552876,0.0018434724317077259,0.0023462376403552876,0.0003351768057650411,0.0003351768057650411,0.002178649237472767,0.0003351768057650411,0.00016758840288252054,0.0003351768057650411,0.0005027652086475616,0.0018434724317077259,0.008379420144126027,0.0026814144461203286,0.004860063683593096,0.0016758840288252053,0.00016758840288252054,0.0011731188201776438,0.0006703536115300822,0.0010055304172951233,0.0005027652086475616,0.0,0.0003351768057650411,0.00016758840288252054,0.00016758840288252054,0.004524886877828055,0.0018434724317077259,0.0005027652086475616,0.00016758840288252054,0.0,0.0005027652086475616,0.016926428691134573,0.00016758840288252054,0.0006703536115300822,0.002513826043237808,0.002178649237472767,0.013574660633484163,0.00016758840288252054,0.0,0.003519356460532931,0.0005027652086475616,0.0006703536115300822,0.0003351768057650411,0.0005027652086475616,0.00016758840288252054,0.0005027652086475616,0.0006703536115300822,0.00016758840288252054,0.0,0.00016758840288252054,0.00016758840288252054,0.0,0.0008379420144126027,0.0008379420144126027,0.0015082956259426848,0.0003351768057650411,0.00016758840288252054,0.0005027652086475616,0.0,0.00016758840288252054,0.0008379420144126027,0.0005027652086475616,0.0003351768057650411,0.0005027652086475616,0.00016758840288252054,0.0,0.0008379420144126027,0.0005027652086475616,0.00016758840288252054
193,193.0,469.0,0.0,0.03624733475479744,0.04051172707889126,0.0,0.021321961620469083,0.6631130063965884,0.023454157782515993,0.3667377398720682,0.0255863539445629,0.0,0.0,0.006396588486140725,0.0021321961620469083,0.0042643923240938165,0.0021321961620469083,0.0,0.0,0.0,0.0,0.0,0.0,0.0,0.01279317697228145,0.019189765458422173,0.027718550106609806,0.0255863539445629,0.008528784648187633,0.008528784648187633,0.029850746268656716,0.008528784648187633,0.01279317697228145,1.0,0.017057569296375266,0.017057569296375266,0.0,0.006396588486140725,0.0042643923240938165,0.008528784648187633,0.010660980810234541,0.008528784648187633,0.0021321961620469083,0.0021321961620469083,0.0,0.0,0.0042643923240938165,0.0,0.0021321961620469083,0.0,0.0,0.0,0.0,0.0,0.0,0.0,0.0,0.0,0.0021321961620469083,0.0021321961620469083,0.0,0.0,0.0021321961620469083,0.0,0.0,0.0,0.0021321961620469083,0.0,0.0,0.0,0.0,0.0,0.0,0.0,0.0,0.0,0.0,0.0,0.0,0.0,0.0,0.0,0.0021321961620469083,0.0,0.0,0.0,0.0,0.0021321961620469083,0.0021321961620469083,0.0021321961620469083,0.0,0.0021321961620469083,0.0,0.0,0.0,0.0,0.0,0.0,0.0,0.0021321961620469083,0.0,0.0,0.0,0.0021321961620469083,0.0,0.0,0.0,0.0,0.0,0.0,0.0,0.0021321961620469083,0.0,0.0,0.0021321961620469083,0.0021321961620469083,0.0,0.0042643923240938165,0.0021321961620469083,0.0,0.0,0.0021321961620469083,0.0
194,194.0,689.0,0.0,1.0,0.0,1.0,1.0,0.0,1.0,0.0,1.0,0.0043541364296081275,0.0043541364296081275,0.001451378809869376,0.002902757619738752,0.0,0.0,0.0,0.0,0.0,0.0,0.0,0.0,0.002902757619738752,0.03918722786647315,0.02467343976777939,0.05079825834542816,0.033381712626995644,0.033381712626995644,0.020319303338171262,0.030478955007256895,0.047895500725689405,0.033381712626995644,0.02177068214804064,0.040638606676342524,0.03918722786647315,0.0,0.023222060957910014,0.011611030478955007,0.01741654571843251,0.01451378809869376,0.002902757619738752,0.0043541364296081275,0.0,0.0,0.0,0.001451378809869376,0.0,0.0,0.0,0.0,0.0,0.0,0.0,0.001451378809869376,0.0,0.0,0.0,0.0,0.0,0.0,0.0,0.0,0.0,0.0,0.0,0.0,0.0,0.001451378809869376,0.0,0.0,0.0,0.0,0.0,0.0,0.0,0.0,0.001451378809869376,0.0,0.0,0.0,0.0,0.0,0.0,0.0,0.0,0.0,0.0,0.001451378809869376,0.001451378809869376,0.0,0.0,0.0,0.0,0.0,0.0,0.0,0.0,0.001451378809869376,0.0,0.0,0.0,0.0,0.0,0.0,0.0,0.0,0.0,0.0,0.0,0.001451378809869376,0.0,0.0,0.0,0.0,0.001451378809869376,0.0,0.0,0.0,0.002902757619738752,0.0,0.0,0.0
195,195.0,1048.0,0.0,0.9731800766283525,0.9818007662835249,0.9779693486590038,0.9885057471264367,0.978927203065134,0.9750957854406129,0.9674329501915708,0.910919540229885,0.0,0.0,0.0,0.0,0.0,0.0019157088122605363,0.0,0.0,0.0009578544061302681,0.0009578544061302681,0.0,0.0,0.0,0.17911877394636014,0.19157088122605362,0.11685823754789272,1.0,1.0,0.1561302681992337,0.0,0.09003831417624521,0.16570881226053638,0.1532567049808429,0.16858237547892718,0.0,0.0,0.09578544061302681,0.10153256704980843,0.10632183908045977,0.13314176245210727,0.0009578544061302681,0.006704980842911877,0.0,0.0,0.0009578544061302681,0.0,0.0,0.0,0.0,0.0,0.0,0.0,0.0,0.0009578544061302681,0.0,0.0,0.0,0.0,0.0,0.0,0.0,0.0,0.0,0.0,0.0,0.0009578544061302681,0.0,0.0,0.0,0.0,0.0,0.0,0.0009578544061302681,0.0,0.0,0.0,0.0,0.0,0.0009578544061302681,0.0,0.0,0.0009578544061302681,0.0,0.0,0.0,0.0,0.0009578544061302681,0.0,0.0,0.0,0.0,0.0,0.0,0.0,0.0,0.0,0.0,0.0,0.0,0.0,0.0,0.0009578544061302681,0.0,0.0,0.0,0.0,0.0,0.0009578544061302681,0.0,0.0,0.0,0.0,0.0,0.0009578544061302681,0.0,0.0,0.0,0.0009578544061302681,0.0,0.0,0.0,0.0
196,196.0,474.0,0.0,0.23206751054852318,0.3396624472573839,0.03797468354430379,0.06751054852320675,0.0,0.9999999999999999,0.08860759493670885,0.07172995780590717,0.002109704641350211,0.0,0.002109704641350211,0.002109704641350211,0.0,0.0,0.0,0.0,0.0,0.0,0.0,0.0,0.002109704641350211,0.006329113924050632,0.018987341772151896,0.014767932489451475,0.014767932489451475,0.02320675105485232,0.018987341772151896,0.014767932489451475,0.018987341772151896,0.014767932489451475,0.9999999999999999,0.018987341772151896,0.014767932489451475,0.0,0.004219409282700422,0.010548523206751054,0.002109704641350211,0.006329113924050632,0.0,0.006329113924050632,0.002109704641350211,0.0,0.0,0.0,0.0,0.0,0.0,0.0,0.0,0.0,0.0,0.0,0.0,0.004219409282700422,0.0,0.0,0.0,0.0,0.0,0.0,0.0,0.0,0.0,0.002109704641350211,0.0,0.0,0.0,0.002109704641350211,0.0,0.0,0.0,0.002109704641350211,0.0,0.0,0.0,0.002109704641350211,0.0,0.0,0.0,0.0,0.0,0.0,0.0,0.0,0.0,0.0,0.0,0.0,0.0,0.0,0.0,0.0,0.0,0.0,0.0,0.002109704641350211,0.0,0.0,0.0,0.0,0.002109704641350211,0.002109704641350211,0.0,0.0,0.0,0.002109704641350211,0.0,0.0,0.0,0.002109704641350211,0.0,0.0,0.0,0.0,0.0,0.0,0.0,0.002109704641350211,0.0,0.0
197,197.0,1309.0,0.0,1.0,0.5355233002291826,0.0,1.0,0.0,1.0,1.0,0.0,0.0,0.0,0.0,0.0,0.0,0.0007639419404125286,0.0,0.0,0.0,0.0,0.0,0.0,0.0007639419404125286,0.03284950343773873,0.028265851795263558,0.04430863254392666,0.028265851795263558,0.024446142093200916,0.029793735676088617,0.029029793735676088,0.019862490450725745,0.028265851795263558,0.024446142093200916,0.02750190985485103,0.025974025974025972,0.0,0.020626432391138275,0.019098548510313215,0.015278838808250574,0.015278838808250574,0.0015278838808250573,0.009167303284950343,0.0007639419404125286,0.0,0.0,0.0015278838808250573,0.0,0.0,0.0,0.0,0.0,0.0,0.0,0.0,0.0,0.0,0.0,0.0007639419404125286,0.0007639419404125286,0.0,0.0,0.0,0.0,0.0,0.0,0.0007639419404125286,0.0,0.0007639419404125286,0.0,0.0,0.0,0.0,0.0,0.0,0.0,0.0,0.0,0.0,0.0,0.0,0.0,0.0,0.0,0.0,0.0,0.0,0.0,0.0,0.0,0.0007639419404125286,0.0,0.0,0.0,0.0,0.0,0.0,0.0,0.0,0.0,0.0,0.0,0.0,0.0,0.0,0.0,0.0,0.0,0.0,0.0,0.0,0.0,0.0,0.0,0.0,0.0,0.0,0.0,0.0,0.0,0.0,0.0,0.0
198,198.0,989.0,0.0,0.0,0.0,0.2982810920121335,0.0,0.2639029322548028,1.0,1.0,1.0,0.0,0.0,0.0,0.0,0.0,0.0020222446916076846,0.0,0.0,0.0,0.0,0.0,0.0,0.0010111223458038423,0.016177957532861477,0.011122345803842266,0.021233569261880688,0.01820020222446916,0.019211324570273004,0.020222446916076844,0.01718907987866532,0.016177957532861477,0.014155712841253793,0.02527805864509606,0.019211324570273004,0.019211324570273004,0.0,0.012133468149646108,0.021233569261880688,0.010111223458038422,0.00910010111223458,0.003033367037411527,0.008088978766430738,0.0,0.0,0.0,0.0020222446916076846,0.0,0.0,0.0010111223458038423,0.0,0.0,0.0,0.0,0.0,0.0,0.0,0.0,0.0,0.0,0.0,0.0,0.0,0.0,0.0,0.0,0.0,0.0,0.0,0.0,0.0,0.0,0.0,0.0,0.0,0.0,0.0,0.0,0.0,0.0,0.0,0.0,0.0,0.0,0.0,0.0,0.0,0.0,0.0,0.0,0.0,0.0010111223458038423,0.0,0.0,0.0,0.0,0.0,0.0,0.0,0.0,0.0,0.0,0.0010111223458038423,0.0,0.0,0.0,0.0,0.0,0.0,0.0,0.0,0.0,0.0,0.0,0.0,0.0,0.0,0.0,0.0,0.0,0.0,0.0,0.0
199,199.0,1550.0,0.0,0.0,0.0,1.0,1.0,0.0,0.36,1.0,0.0,0.0006451612903225806,0.0006451612903225806,0.0,0.0006451612903225806,0.0,0.0006451612903225806,0.0,0.0,0.0,0.0,0.0,0.0,0.003870967741935484,0.01870967741935484,0.01935483870967742,0.015483870967741935,0.02258064516129032,0.014838709677419355,0.016774193548387096,0.016129032258064516,0.023870967741935485,0.012903225806451613,0.02,0.015483870967741935,0.02064516129032258,0.0,0.0064516129032258064,0.004516129032258065,0.0070967741935483875,0.0070967741935483875,0.0032258064516129032,0.003870967741935484,0.0,0.0,0.0,0.0025806451612903226,0.0,0.0,0.0,0.0,0.0,0.0006451612903225806,0.0,0.0,0.0,0.0,0.0,0.0006451612903225806,0.0,0.0,0.0006451612903225806,0.0006451612903225806,0.0006451612903225806,0.0,0.0,0.0,0.0,0.0,0.0,0.0,0.0,0.0,0.0,0.0,0.0,0.0,0.0,0.0,0.0,0.0,0.0,0.0,0.0,0.0,0.0,0.0,0.0,0.0,0.0,0.0,0.0,0.0,0.0,0.0,0.0,0.0,0.0,0.0,0.0,0.0006451612903225806,0.0,0.0,0.0,0.0,0.0,0.0,0.0,0.0,0.0,0.0,0.0,0.0,0.0,0.0,0.0,0.0,0.0,0.0,0.0,0.0,0.0,0.0
