,cluster ID,size,mirai_ratio,Port17140,Port17132,Port17128,Port17130,Port17138,Port17136,Port17134,Port17142,Port80,Port8080,Port23,Port2323,Port81,Port5555,Port1023,Port52869,Port8443,Port49152,Port7574,Port37215,Port54594,Port34218,Port34226,Port34224,Port34228,Port34216,Port34220,Port33964,Port33960,Port33962,Port33970,Port33972,Port33968,Port50401,Port34222,Port34230,Port33966,Port33974,Port445,Port0,Port22,Port8291,Port8728,Port1433,Port8000,Port8081,Port5353,Port2004,Port11211,Port6881,Port8082,Port443,Port4000,Port5060,Port8083,Port8088,Port6379,Port30301,Port7001,Port9527,Port7002,Port9200,Port1027,Port3389,Port1900,Port21,Port5900,Port6380,Port88,Port389,Port8181,Port35,Port5000,Port5001,Port8008,Port4444,Port49153,Port137,Port7547,Port56880,Port5984,Port2222,Port8001,Port2480,Port8888,Port139,Port53,Port3544,Port873,Port50070,Port161,Port631,Port9000,Port4786,Port27017,Port111,Port1883,Port8090,Port554,Port3306,Port60001,Port82,Port83,Port3443,Port85,Port12866,Port3000,Port587,Port5901,Port143,Port50075,Port444,Port995,Port1521,Port465,Port993,Port110,Port10001,Port7777,Port548
0,0.0,1256.0,0.0,0.9371019108280255,0.947452229299363,0.9084394904458599,0.9315286624203821,0.9960191082802548,0.9394904458598726,0.0,0.8073248407643312,0.0,0.0,0.0,0.0,0.0,0.0007961783439490446,0.0,0.0,0.0,0.0,0.0,0.0,0.0,0.08280254777070063,0.06449044585987261,1.0,0.042993630573248405,0.07006369426751592,0.07484076433121019,0.04617834394904458,0.03901273885350318,0.07563694267515923,0.03423566878980892,0.04777070063694268,0.042993630573248405,0.0,0.03105095541401274,0.042993630573248405,0.03980891719745223,0.041401273885350316,0.0007961783439490446,0.003980891719745223,0.0,0.0,0.0,0.0007961783439490446,0.0,0.0,0.0,0.0,0.0,0.0,0.0,0.0,0.0,0.0,0.0,0.0,0.0,0.0,0.0,0.0,0.0,0.0,0.0,0.0,0.0,0.0,0.0,0.0,0.0,0.0,0.0,0.0,0.0,0.0,0.0,0.0,0.0,0.0,0.0,0.0,0.0,0.0,0.0,0.0,0.0,0.0,0.0,0.0007961783439490446,0.0,0.0,0.0,0.0,0.0,0.0,0.0,0.0,0.0,0.0,0.0,0.0,0.0,0.0,0.0,0.0,0.0007961783439490446,0.0007961783439490446,0.0,0.0,0.0,0.0,0.0,0.0,0.0,0.0,0.0,0.0,0.0,0.0,0.0,0.0
1,1.0,75314.0,0.00419576705526197,0.0,0.0,0.0,0.0,0.0,0.0,0.0,0.0,0.0015534960299545902,0.00035849908383567465,0.0,0.002482938099158191,0.0032928804737499006,0.008497756061290065,0.0005576652415221605,0.000637331704596755,0.0006904426799798179,0.00045144329075603475,0.0005311097538306291,0.0003983323153729718,0.0,0.0015402182861088244,0.0,0.0013676076161138698,0.0014074408476511672,0.0,0.0,0.001898717369944499,0.0,0.0013676076161138698,0.001022386276123961,0.0,0.0015269405422630587,0.0,0.000876331093820538,0.0007435536553628807,0.0007701091430544122,0.0008232201184374752,0.0429269458533606,0.07034548689486682,0.006306928326738721,0.00025227713306954884,0.00027883262076108025,0.023236051730090024,0.004846376503704491,0.0012613856653477442,0.0011949969461189155,0.0003053881084526117,0.0005709429853679263,0.0018854396260987332,0.0008364978622832409,0.002682104256844677,0.0005443874976763948,0.00025227713306954884,0.00037177682768144035,0.0026024377937700826,0.0023236051730090024,0.000292110364606846,0.0016464402368749503,0.002058050296093688,0.0015534960299545902,0.0011551637145816183,0.00046472103460180045,0.004793265528321428,0.0005045542661390977,0.004355099981411158,0.003611546326048278,0.00127466340919351,0.002389993892237831,0.005271264306768994,0.0056563188782962,0.00776748014977295,0.0051517646121571024,0.005165042356002868,0.0048862097352417875,0.005005709429853679,0.005072098149082508,0.0018456063945614361,0.00035849908383567465,0.00045144329075603475,0.0003186658522983775,0.0035186021191279176,0.004116100592187376,0.0003186658522983775,0.001115330483044321,0.0032397694983668374,0.0009294420692036009,0.00783386886900178,0.0004779987784475662,0.00026555487691531455,0.0006771649361340521,0.0005443874976763948,0.0006107762169052234,0.0003983323153729718,0.0005311097538306291,0.0003319435961441432,0.000292110364606846,0.00034522133998990894,0.0004248878030645033,0.0004248878030645033,0.0006904426799798179,9.294420692036009e-05,0.00015933292614918874,0.0015667737738003559,0.0013941631038054015,0.006346761558276018,0.00022572164537801737,0.000292110364606846,0.00026555487691531455,0.00011949969461189155,0.00026555487691531455,0.000292110364606846,0.00021244390153225164,0.000292110364606846,0.0003053881084526117,0.00025227713306954884,0.0002389993892237831,0.0005178320099848634,0.000438165546910269,0.0004912765222933319
2,2.0,8822.0,0.0,0.0,1.0,0.23282702335071412,1.0,0.0,0.0,0.0,0.0,0.0,0.00022670596236681024,0.00034005894355021535,0.00011335298118340512,0.0,0.0006801178871004307,0.0,0.0,0.0,0.0,0.0,0.0,0.0021537066424846974,0.00906823849467241,0.011562004080707322,0.00906823849467241,0.008274767626388574,0.011902063024257538,0.012355474948991158,0.011788710043074134,0.009408297438222626,0.00906823849467241,0.009181591475855814,0.006461119927454092,0.010995239174790297,0.00011335298118340512,0.006687825889820902,0.00419406030378599,0.005554296077986851,0.005440943096803446,0.0017002947177510769,0.003513942416685559,0.0,0.0,0.0,0.0006801178871004307,0.0,0.0,0.0,0.0,0.0,0.0,0.0,0.0,0.0,0.0,0.0,0.0,0.0,0.0,0.0,0.00011335298118340512,0.0,0.0,0.0,0.00034005894355021535,0.0,0.0,0.0,0.0,0.0,0.0,0.0,0.0,0.0,0.0,0.0,0.0,0.0,0.0,0.0,0.0,0.0,0.0,0.0,0.0,0.0,0.0,0.0,0.00022670596236681024,0.0,0.0,0.0,0.0,0.0,0.0,0.0,0.0,0.0,0.0,0.0,0.0,0.0,0.0,0.0,0.0,0.0,0.00022670596236681024,0.0,0.0,0.0,0.0,0.0,0.0,0.0,0.0,0.0,0.0,0.0,0.0,0.0,0.0
3,3.0,1358.0,0.0,0.0007363770250368188,0.0014727540500736377,0.0007363770250368188,0.0007363770250368188,0.0014727540500736377,0.0014727540500736377,0.0014727540500736377,0.0007363770250368188,0.9941089837997055,1.0,0.7297496318114874,0.9447717231222386,0.9212076583210603,0.927098674521355,0.8726067746686303,0.9278350515463918,0.9116347569955817,0.9189985272459499,0.9189985272459499,0.9212076583210603,0.0007363770250368188,0.0007363770250368188,0.0,0.0007363770250368188,0.0,0.0,0.0,0.0007363770250368188,0.0,0.0,0.0007363770250368188,0.0,0.0,0.0,0.0,0.0007363770250368188,0.0,0.0,0.0007363770250368188,0.9484536082474226,0.0,0.0,0.0,0.0,0.979381443298969,0.9837997054491899,0.9852724594992637,0.0,0.9639175257731959,0.9779086892488954,0.9867452135493373,0.0,0.9779086892488954,0.9742268041237113,0.9808541973490427,0.0,0.0,0.9779086892488954,0.0,0.0,0.0,0.0,0.8630338733431517,0.0,0.7209131075110456,0.0,0.0,0.0,0.0,0.0,0.0,0.0,0.0,0.0,0.0,0.0,0.0,0.0,0.0,0.0,0.0,0.0,0.0,0.0,0.0,0.0,0.0,0.0,0.0,0.0,0.0,0.0,0.0,0.0,0.0,0.0,0.0,0.0,0.0,0.0,0.0,0.0,0.0,0.0,0.0,0.0,0.0,0.0,0.0,0.0,0.0,0.0,0.0,0.0,0.0,0.0,0.0,0.0,0.0,0.0
4,4.0,4776.0,0.0,0.000628140703517588,0.0008375209380234506,0.0004187604690117253,0.0004187604690117253,0.0008375209380234506,0.0004187604690117253,0.000628140703517588,0.00020938023450586265,0.9838777219430486,0.9677554438860971,1.0,0.9935092127303182,0.6989112227805695,0.7181742043551089,0.8699748743718593,0.7219430485762144,0.7152428810720268,0.7146147403685092,0.7196398659966499,0.7234087102177554,0.0020938023450586263,0.0,0.0,0.0,0.00020938023450586265,0.0,0.00020938023450586265,0.0,0.00020938023450586265,0.0,0.0,0.00020938023450586265,0.0,0.0,0.0,0.0,0.0,0.0,0.0008375209380234506,0.0004187604690117253,0.0,0.0,0.0,0.0,0.00020938023450586265,0.000628140703517588,0.0008375209380234506,0.0,0.00020938023450586265,0.00020938023450586265,0.001256281407035176,0.0,0.0018844221105527637,0.0,0.0004187604690117253,0.0,0.0,0.001256281407035176,0.0,0.000628140703517588,0.0,0.0,0.0,0.0,0.0,0.0,0.0,0.0,0.0,0.0,0.0,0.0,0.0,0.0,0.0,0.0,0.0,0.0,0.0,0.0,0.0,0.0,0.0,0.0,0.0,0.0,0.0,0.0,0.0,0.0,0.0,0.0,0.0,0.0,0.0,0.0,0.0,0.0,0.0,0.0,0.0,0.0,0.0,0.0,0.0,0.0,0.0,0.0,0.0,0.0,0.0,0.0,0.0,0.0,0.0,0.0,0.0,0.0,0.0,0.0
5,5.0,4397.0,0.0,1.0,0.0,0.2342506254264271,0.0,0.0,0.0,1.0,0.0,0.0,0.00022742779167614282,0.00045485558335228563,0.00022742779167614282,0.00045485558335228563,0.00045485558335228563,0.00022742779167614282,0.0,0.0,0.0,0.0,0.0,0.0034114168751421424,0.008642256083693428,0.01137138958380714,0.011598817375483284,0.010006822833750284,0.01046167841710257,0.01523766204230157,0.008187400500341141,0.010006822833750284,0.009551967250397999,0.010006822833750284,0.009551967250397999,0.010689106208778713,0.00022742779167614282,0.005458267000227428,0.003638844666818285,0.003638844666818285,0.00568569479190357,0.0018194223334091425,0.002729133500113714,0.00022742779167614282,0.0,0.0,0.00045485558335228563,0.0,0.0,0.0,0.0,0.0,0.0,0.0,0.0,0.0,0.0,0.0,0.0,0.00022742779167614282,0.0,0.0,0.0,0.00022742779167614282,0.0,0.0,0.0,0.0,0.00045485558335228563,0.0,0.0,0.0,0.0,0.0,0.0,0.0,0.0,0.0,0.0,0.0,0.0,0.0,0.0,0.0,0.0,0.00022742779167614282,0.0,0.0,0.0,0.0,0.00022742779167614282,0.0,0.0,0.0,0.00022742779167614282,0.0,0.00022742779167614282,0.0,0.0,0.0,0.0,0.0,0.0,0.0,0.0,0.0,0.0,0.00022742779167614282,0.0,0.00022742779167614282,0.0,0.0,0.0,0.0,0.0,0.0,0.0,0.0,0.0,0.0,0.0,0.0,0.0
6,6.0,10589.0,0.0,0.1918028142411937,1.0,0.0,0.18396449145339502,0.0,1.0,0.0,0.0,0.00018887524789876287,0.00018887524789876287,0.00037775049579752575,9.443762394938144e-05,9.443762394938144e-05,0.0002833128718481443,9.443762394938144e-05,0.0,0.0,0.0,0.0,0.0,0.0027386910945320616,0.009727075266786287,0.01189914061762206,0.011426952497875153,0.010671451506280101,0.00783832278779866,0.006988384172254226,0.011521390121824534,0.011710265369723298,0.009915950514685051,0.011426952497875153,0.00264425347058268,0.01057701388233072,9.443762394938144e-05,0.005855132684861649,0.006232883180659175,0.004816318821418453,0.004816318821418453,0.002172065350835773,0.00264425347058268,0.0,0.0,0.0,0.0009443762394938143,9.443762394938144e-05,0.0,0.00018887524789876287,0.0,9.443762394938144e-05,0.00018887524789876287,0.0,0.0,0.0,0.0,0.0,0.0,0.0,0.0,0.0,9.443762394938144e-05,0.0,0.0,0.0,0.0002833128718481443,9.443762394938144e-05,0.00018887524789876287,9.443762394938144e-05,0.0,0.0,0.0,0.0,0.0,0.0,0.0,0.0,0.0,0.0,9.443762394938144e-05,0.0,0.0,0.0,0.0,0.0,0.0,0.0,0.0,0.0,0.00018887524789876287,0.0,0.0,0.0,0.0,0.0,0.0,9.443762394938144e-05,0.0,0.0,0.0,9.443762394938144e-05,0.0,0.0,0.0,0.0,0.0,0.0,0.00018887524789876287,0.0,0.0,0.0,0.0,0.0,0.0,0.0,0.0,0.0,0.0,0.0,0.0,0.0,0.0
7,7.0,1204.0,0.0,1.0,1.0,1.0,0.9983388704318937,1.0,0.9991694352159468,0.9983388704318937,0.9991694352159468,0.0,0.0,0.0,0.0,0.0,0.0,0.0,0.0,0.0,0.0,0.0008305647840531562,0.0,0.0016611295681063123,0.8322259136212624,0.8621262458471761,0.8197674418604651,0.8388704318936877,0.8189368770764119,0.8438538205980066,0.8156146179401993,0.8803986710963455,0.9285714285714286,1.0,0.7674418604651163,0.7458471760797342,0.0,0.9975083056478405,0.3579734219269103,0.39368770764119604,0.46179401993355484,0.0024916943521594683,0.005813953488372093,0.0,0.0,0.0,0.0016611295681063123,0.0,0.0,0.0,0.0,0.0,0.0,0.0,0.0,0.0,0.0,0.0,0.0,0.0,0.0,0.0,0.0,0.0,0.0,0.0,0.0008305647840531562,0.0,0.0,0.0,0.0,0.0,0.0,0.0,0.0,0.0,0.0,0.0,0.0,0.0,0.0008305647840531562,0.0,0.0,0.0,0.0,0.0,0.0,0.0,0.0,0.0,0.0008305647840531562,0.0,0.0,0.0,0.0,0.0,0.0,0.0,0.0,0.0,0.0,0.0,0.0,0.0,0.0,0.0,0.0,0.0,0.0008305647840531562,0.0,0.0,0.0,0.0,0.0,0.0,0.0,0.0,0.0,0.0,0.0,0.0,0.0,0.0
8,8.0,1542.0,0.0,0.0,1.0,1.0,1.0,1.0,1.0,1.0,0.0,0.0,0.0006485084306095979,0.0,0.0,0.0,0.0006485084306095979,0.0,0.0,0.0,0.0,0.0,0.0,0.0019455252918287938,0.05188067444876784,0.048638132295719845,0.061608300907911806,0.058365758754863814,0.06031128404669261,0.05058365758754864,0.05382619974059663,0.04345006485084306,0.058365758754863814,0.04993514915693904,0.05317769130998703,0.054474708171206226,0.0,0.0006485084306095979,0.029182879377431907,0.021400778210116732,0.018158236057068743,0.0019455252918287938,0.0019455252918287938,0.0,0.0,0.0,0.0012970168612191958,0.0,0.0,0.0,0.0,0.0,0.0,0.0,0.0,0.0,0.0,0.0,0.0,0.0,0.0,0.0,0.0,0.0,0.0,0.0,0.0,0.0,0.0,0.0,0.0,0.0,0.0,0.0,0.0,0.0,0.0,0.0,0.0,0.0,0.0,0.0,0.0,0.0,0.0,0.0,0.0,0.0,0.0,0.0,0.0,0.0,0.0,0.0,0.0,0.0,0.0,0.0,0.0,0.0,0.0,0.0,0.0,0.0,0.0,0.0,0.0,0.0,0.0006485084306095979,0.0,0.0,0.0,0.0,0.0,0.0,0.0,0.0,0.0,0.0,0.0,0.0,0.0,0.0
9,9.0,2369.0,0.0,1.0,0.0,0.0,0.24229632756437317,0.22752216124947236,1.0,0.10130856901646264,1.0,0.00042211903756859433,0.00042211903756859433,0.0008442380751371887,0.00042211903756859433,0.0,0.0,0.0,0.0,0.0,0.0,0.0,0.0,0.0008442380751371887,0.007176023638666104,0.020683832840861123,0.021105951878429716,0.016040523427606587,0.0223723089911355,0.016884761502743775,0.020261713803292527,0.007598142676234698,0.022794428028704093,0.019417475728155338,0.018995356690586745,0.018151118615449557,0.0,0.008020261713803293,0.008442380751371888,0.008442380751371888,0.008864499788940482,0.0008442380751371887,0.003799071338117349,0.0,0.0,0.0,0.00042211903756859433,0.0,0.0,0.0,0.0,0.0,0.0,0.0,0.0,0.0,0.0,0.0,0.0,0.0,0.0,0.0,0.00042211903756859433,0.0,0.0,0.0,0.00042211903756859433,0.0,0.0,0.00042211903756859433,0.0,0.0,0.0,0.0,0.0,0.0,0.0,0.0,0.0,0.0,0.0,0.0,0.0,0.0,0.0,0.0,0.0,0.0,0.0,0.00042211903756859433,0.00042211903756859433,0.0,0.0,0.0,0.0,0.0,0.00042211903756859433,0.0,0.0,0.0,0.0,0.00042211903756859433,0.00042211903756859433,0.0,0.0,0.0,0.0,0.0,0.0,0.0,0.0,0.0,0.0,0.0,0.0,0.00042211903756859433,0.0,0.0,0.00042211903756859433,0.0,0.0,0.0,0.0
10,10.0,2623.0,0.0,0.7518109035455586,1.0,0.7716355318337781,1.0,1.0,0.0,1.0,0.0,0.0003812428516965307,0.001143728555089592,0.001143728555089592,0.0,0.0,0.0007624857033930614,0.0,0.0,0.0,0.0,0.0,0.0,0.002668699961875715,0.03278688524590164,0.04879908501715593,0.036218070911170415,0.028974456728936334,0.03888677087304613,0.02134959969500572,0.031261913839115515,0.0,0.03736179946626001,0.0434616850934045,0.03774304231795654,0.03469309950438429,0.0007624857033930614,0.009912314144109797,0.017918414029736943,0.019062142584826535,0.02249332825009531,0.0015249714067861228,0.007624857033930614,0.0,0.0,0.0,0.0019062142584826535,0.0,0.0,0.0,0.0,0.0,0.0,0.0,0.0,0.0,0.0,0.0,0.0,0.0,0.0,0.0,0.0,0.0,0.0,0.0,0.0,0.0,0.0003812428516965307,0.0,0.0,0.0,0.0,0.0,0.0,0.0,0.0,0.0,0.0,0.0,0.0007624857033930614,0.0,0.0,0.0,0.0,0.0,0.0,0.0,0.0,0.0,0.0003812428516965307,0.0,0.0,0.0,0.0,0.0,0.0,0.0,0.0,0.0,0.0,0.0,0.0,0.0,0.0,0.0,0.0003812428516965307,0.0,0.0003812428516965307,0.0,0.0,0.0,0.0,0.0,0.0,0.0,0.0,0.0,0.0,0.0,0.0,0.0,0.0
11,11.0,68280.0,0.002489748096074985,0.0009519625073227885,0.001259519625073228,0.001054481546572935,0.0012302284710017574,0.0011130638547158758,0.0011716461628588166,0.0005272407732864675,0.0006736965436438195,1.0,1.0,1.0,0.0,0.0013181019332161687,0.004408318687756298,0.00048330404217926187,0.002314001171646163,0.0007322788517867604,0.0008347978910369069,0.0009373169302870533,0.0008055067369654365,0.010310486233157586,4.393673110720563e-05,2.9291154071470417e-05,4.393673110720563e-05,4.393673110720563e-05,1.4645577035735208e-05,1.4645577035735208e-05,5.858230814294083e-05,7.322788517867604e-05,2.9291154071470417e-05,4.393673110720563e-05,2.9291154071470417e-05,4.393673110720563e-05,0.000424721734036321,2.9291154071470417e-05,7.322788517867604e-05,2.9291154071470417e-05,4.393673110720563e-05,0.00880199179847686,0.0007469244288224956,0.001332747510251904,0.00014645577035735208,0.00026362038664323376,5.858230814294083e-05,0.00013181019332161688,0.0020943175161101347,0.00014645577035735208,0.0002050380785002929,2.9291154071470417e-05,8.787346221441125e-05,0.00016110134739308728,0.0013766842413591095,5.858230814294083e-05,2.9291154071470417e-05,0.00016110134739308728,0.0012155828939660223,4.393673110720563e-05,7.322788517867604e-05,4.393673110720563e-05,0.00023432923257176333,8.787346221441125e-05,2.9291154071470417e-05,4.393673110720563e-05,5.858230814294083e-05,4.393673110720563e-05,0.00029291154071470416,0.00048330404217926187,2.9291154071470417e-05,5.858230814294083e-05,1.4645577035735208e-05,0.0002196836555360281,4.393673110720563e-05,4.393673110720563e-05,2.9291154071470417e-05,8.787346221441125e-05,2.9291154071470417e-05,1.4645577035735208e-05,2.9291154071470417e-05,0.0015231400117164617,1.4645577035735208e-05,0.0037053309900410077,2.9291154071470417e-05,5.858230814294083e-05,0.003734622144112478,7.322788517867604e-05,1.4645577035735208e-05,1.4645577035735208e-05,2.9291154071470417e-05,1.4645577035735208e-05,2.9291154071470417e-05,5.858230814294083e-05,1.4645577035735208e-05,1.4645577035735208e-05,1.4645577035735208e-05,0.0,2.9291154071470417e-05,5.858230814294083e-05,0.00014645577035735208,0.0,4.393673110720563e-05,4.393673110720563e-05,4.393673110720563e-05,2.9291154071470417e-05,1.4645577035735208e-05,7.322788517867604e-05,1.4645577035735208e-05,2.9291154071470417e-05,1.4645577035735208e-05,7.322788517867604e-05,2.9291154071470417e-05,0.0,4.393673110720563e-05,1.4645577035735208e-05,1.4645577035735208e-05,4.393673110720563e-05,2.9291154071470417e-05,1.4645577035735208e-05,0.0,2.9291154071470417e-05,7.322788517867604e-05
12,12.0,568.0,0.0,0.0,0.0,0.0,0.0,0.0,0.0,0.0,0.0,1.0,1.0,0.9982394366197183,1.0,0.9929577464788732,1.0,0.9982394366197183,0.8732394366197183,1.0,1.0,0.0,0.875,0.0,0.0,0.0,0.0,0.0,0.0,0.0,0.0,0.0,0.0,0.0,0.0,0.0,0.0,0.0,0.0,0.0,0.0,0.9964788732394366,0.8697183098591549,1.0,0.8767605633802817,0.0,0.875,1.0,0.9982394366197183,1.0,0.0,1.0,1.0,0.8556338028169014,1.0,1.0,0.9788732394366197,0.875,0.8573943661971831,0.9982394366197183,0.0,1.0,0.8556338028169014,0.8573943661971831,1.0,0.0035211267605633804,1.0,0.017605633802816902,0.9982394366197183,0.9982394366197183,0.0,1.0,0.8767605633802817,0.9964788732394366,0.8573943661971831,1.0,1.0,1.0,0.9982394366197183,0.8767605633802817,0.9964788732394366,1.0,0.0,1.0,1.0,1.0,0.9964788732394366,1.0,0.8556338028169014,1.0,0.0,1.0,0.9982394366197183,1.0,1.0,0.9929577464788732,1.0,0.8767605633802817,1.0,1.0,1.0,1.0,1.0,0.8732394366197183,0.9929577464788732,1.0,0.8556338028169014,0.8573943661971831,0.0,1.0,1.0,1.0,1.0,0.8556338028169014,0.9929577464788732,1.0,1.0,0.9964788732394366,1.0,1.0,1.0,0.9982394366197183,0.875
13,13.0,23303.0,0.0,0.001544865467965498,0.002145646483285414,0.0016736042569626228,0.001373213749302665,0.0018023430459597476,0.0015019525382997897,0.0015877783976312064,0.0008153456636484572,0.0005578680856542076,0.00030039050765995795,0.0009869973823112904,0.0,0.0005149551559884993,0.00012873878899712484,0.0,0.00017165171866283311,0.0,0.00017165171866283311,0.0,0.0,1.0,0.00012873878899712484,8.582585933141656e-05,8.582585933141656e-05,8.582585933141656e-05,4.291292966570828e-05,0.00017165171866283311,8.582585933141656e-05,0.0,0.0,0.0002145646483285414,0.0,4.291292966570828e-05,1.0,4.291292966570828e-05,8.582585933141656e-05,4.291292966570828e-05,4.291292966570828e-05,0.0049349869115564516,0.0015877783976312064,0.0,0.0,0.0,4.291292966570828e-05,0.0,0.0,0.0002145646483285414,0.0,0.0,0.00012873878899712484,0.0,0.00012873878899712484,0.0,0.0,0.0,0.0,0.0,0.0,0.0,0.0,0.0,0.0,0.0,0.0,0.0,0.00012873878899712484,0.00012873878899712484,0.0,0.0,0.0,0.0,0.0,0.0,0.0,0.0,0.0,4.291292966570828e-05,0.00017165171866283311,0.0,0.0008153456636484572,0.0,0.0,0.0,0.0,0.0,0.0,0.0,4.291292966570828e-05,0.0,0.00017165171866283311,0.0,0.0,0.0,0.0,0.0,0.0,0.0,0.0,0.0,0.0,4.291292966570828e-05,0.0,0.0,0.0,0.0,0.0,0.0,0.0,0.0,0.0,8.582585933141656e-05,0.0,0.0,0.0,0.0,0.0,0.0,0.0,0.0,0.0
14,14.0,977.0,0.0,0.0,0.19242579324462641,0.0,0.0,0.21187308085977483,0.19140225179119755,0.11770726714431934,0.0931422722620266,0.0010235414534288639,0.0,0.0010235414534288639,0.0,0.0,0.0010235414534288639,0.007164790174002047,0.0010235414534288639,0.0,0.0,0.0,0.0,0.01330603889457523,0.012282497441146366,1.0,0.021494370522006142,0.014329580348004094,0.011258955987717503,0.01023541453428864,0.01330603889457523,0.011258955987717503,0.016376663254861822,0.014329580348004094,0.014329580348004094,0.01330603889457523,0.0,0.008188331627430911,0.009211873080859774,0.009211873080859774,0.009211873080859774,0.02047082906857728,0.011258955987717503,0.0030706243602865915,0.0,0.0,0.008188331627430911,0.0,0.0,0.0,0.0020470829068577278,0.0,0.0,0.0,0.0010235414534288639,0.0,0.0,0.0,0.0040941658137154556,0.0020470829068577278,0.0,0.0,0.0,0.0,0.0,0.0,0.0010235414534288639,0.0,0.0020470829068577278,0.0,0.0010235414534288639,0.0,0.0,0.007164790174002047,0.0010235414534288639,0.0,0.0,0.0,0.0,0.0,0.0,0.0,0.0010235414534288639,0.0,0.0,0.0010235414534288639,0.0,0.012282497441146366,0.0,0.0010235414534288639,0.0010235414534288639,0.0,0.0,0.0010235414534288639,0.0,0.0,0.0,0.0,0.0,0.0,0.0,0.0,0.0010235414534288639,0.0010235414534288639,0.0,0.0,0.0,0.0,0.038894575230296824,0.0,0.0,0.0,0.0,0.0,0.0,0.0,0.0,0.0,0.0,0.0,0.0,0.0,0.0
15,15.0,808.0,0.0,0.9975247524752475,1.0,0.9987623762376238,0.9962871287128713,0.9975247524752475,0.9987623762376238,0.9938118811881188,0.995049504950495,0.0012376237623762376,0.0,0.0,0.0,0.0,0.0012376237623762376,0.0,0.0,0.0,0.0,0.0,0.0,0.0,0.5853960396039604,0.7685643564356436,0.754950495049505,0.7487623762376238,0.1373762376237624,0.7970297029702971,0.775990099009901,0.6571782178217822,0.6212871287128713,0.09405940594059406,0.7091584158415841,0.30074257425742573,0.0,0.14727722772277227,0.594059405940594,0.556930693069307,0.49257425742574257,0.0012376237623762376,0.013613861386138614,0.0,0.0,0.0,0.0,0.0,0.0,0.0,0.0,0.0,0.0,0.0,0.0,0.0,0.0,0.0,0.0,0.0,0.0,0.0,0.0,0.0,0.0,0.0,0.0024752475247524753,0.0,0.0,0.0,0.0,0.0,0.0,0.0,0.0,0.0,0.0,0.0,0.0,0.0,0.0012376237623762376,0.0,0.0,0.0,0.0,0.0,0.0,0.0,0.0,0.0,0.0,0.0,0.0,0.0,0.0,0.0,0.0,0.0,0.0,0.0,0.0,0.0,0.0,0.0,0.0,0.0,0.0012376237623762376,0.0,0.0,0.0,0.0,0.0,0.0,0.0,0.0,0.0,0.0,0.0,0.0,0.0,0.0,0.0,0.0
16,16.0,8477.0,0.0005898313082458417,0.0005898313082458417,0.0005898313082458417,0.0009437300931933467,0.001061696354842515,0.0002359325232983367,0.000353898784947505,0.0002359325232983367,0.0005898313082458417,0.004600684204317565,0.0022413589713341986,1.0,0.0,1.0,0.00070779756989501,0.0,0.0008257638315441783,0.0004718650465966734,0.001061696354842515,0.0009437300931933467,0.0015335614014391884,0.005072549250914238,0.0,0.0,0.0,0.0,0.0,0.00011796626164916834,0.00011796626164916834,0.0,0.0,0.0,0.0,0.00011796626164916834,0.0005898313082458417,0.0,0.0,0.0,0.0,0.0033030553261767133,0.00011796626164916834,0.00011796626164916834,0.0,0.0,0.0,0.00011796626164916834,0.00011796626164916834,0.029373599150642915,0.0,0.0,0.0,0.00011796626164916834,0.0,0.0,0.0,0.0,0.0,0.0,0.0,0.0,0.0,0.0,0.0,0.0,0.0,0.0,0.0,0.0,0.0,0.0005898313082458417,0.0,0.00011796626164916834,0.0,0.0,0.0,0.0,0.0,0.0,0.0,0.0,0.0,0.0,0.0,0.0,0.0,0.0,0.0,0.0,0.0,0.0,0.0,0.0,0.0,0.0,0.0,0.0,0.0,0.0,0.0,0.0,0.0,0.0,0.0,0.0,0.00011796626164916834,0.0005898313082458417,0.0,0.0,0.0,0.0,0.0,0.0,0.00011796626164916834,0.0,0.0,0.0,0.0,0.0,0.0,0.0,0.0
17,17.0,4294.0,0.0,0.0,1.0,0.0,0.23008849557522124,0.0,0.0,1.0,0.0,0.0,0.0,0.0,0.0,0.0,0.0,0.0,0.0,0.0,0.0,0.0,0.0,0.0037261294829995344,0.011178388448998603,0.010013972985561248,0.009548206800186306,0.009082440614811364,0.01071262226362366,0.009315323707498836,0.009781089892873778,0.009548206800186306,0.009781089892873778,0.009082440614811364,0.0,0.011178388448998603,0.0002328830926874709,0.005123428039124359,0.002328830926874709,0.006287843502561714,0.00535631113181183,0.0032603632976245926,0.0027945971122496508,0.0,0.0,0.0,0.0009315323707498836,0.0,0.0,0.0002328830926874709,0.0,0.0,0.0,0.0,0.0,0.0,0.0,0.0,0.0,0.0,0.0,0.0,0.0,0.0,0.0,0.0,0.0002328830926874709,0.0,0.0,0.0,0.0,0.0,0.0,0.0,0.0,0.0,0.0,0.0,0.0,0.0,0.0,0.0,0.0,0.0,0.0,0.0,0.0,0.0,0.0,0.0,0.0,0.0,0.0,0.0,0.0,0.0,0.0,0.0,0.0,0.0,0.0,0.0,0.0,0.0,0.0,0.0,0.0,0.0,0.0,0.0,0.0,0.0,0.0,0.0,0.0,0.0,0.0,0.0,0.0,0.0,0.0,0.0,0.0
18,18.0,4310.0,0.0,0.0,1.0,0.22436194895591646,0.0,0.0,0.0,0.0,1.0,0.0002320185614849188,0.0,0.0,0.0002320185614849188,0.0,0.0009280742459396752,0.0002320185614849188,0.0,0.0,0.0,0.0,0.0,0.004408352668213457,0.008584686774941995,0.011136890951276101,0.009280742459396751,0.008584686774941995,0.00765661252900232,0.010440835266821345,0.011368909512761021,0.0071925754060324825,0.009976798143851507,0.009280742459396751,0.013225058004640371,0.009976798143851507,0.0,0.004872389791183295,0.005568445475638051,0.004176334106728539,0.0062645011600928075,0.002552204176334107,0.00394431554524362,0.0,0.0,0.0,0.0002320185614849188,0.0,0.0,0.0,0.0,0.0,0.0,0.0,0.0,0.0,0.0,0.0,0.0,0.0,0.0,0.0,0.0002320185614849188,0.0,0.0,0.0,0.0004640371229698376,0.0,0.0,0.0,0.0,0.0,0.0,0.0,0.0002320185614849188,0.0,0.0,0.0,0.0,0.0,0.0,0.0,0.0,0.0,0.0,0.0,0.0,0.0,0.0,0.0,0.0004640371229698376,0.0,0.0,0.0,0.0,0.0,0.0,0.0,0.0,0.0,0.0,0.0,0.0,0.0,0.0,0.0,0.0,0.0,0.0,0.0,0.0,0.0,0.0,0.0,0.0,0.0,0.0,0.0,0.0,0.0,0.0,0.0,0.0
19,19.0,974.0,0.0,0.9856262833675564,0.9917864476386037,0.9897330595482546,0.9887063655030801,0.9866529774127311,0.9856262833675564,0.9825462012320328,0.9866529774127311,0.0,0.0,0.0,0.0,0.0,0.003080082135523614,0.0,0.0,0.0,0.0,0.0,0.0,0.0,0.19404517453798767,0.17453798767967146,0.15605749486652978,0.2464065708418891,0.26899383983572894,0.9958932238193019,0.20841889117043122,0.19404517453798767,0.22381930184804927,0.17761806981519507,0.1293634496919918,0.17453798767967146,0.0,1.0,0.14887063655030802,0.1375770020533881,0.18993839835728954,0.001026694045174538,0.003080082135523614,0.0,0.0,0.0,0.004106776180698152,0.0,0.0,0.0,0.0,0.0,0.0,0.0,0.0,0.0,0.0,0.0,0.0,0.0,0.0,0.0,0.0,0.0,0.0,0.0,0.0,0.0,0.001026694045174538,0.0,0.0,0.0,0.0,0.0,0.0,0.0,0.0,0.0,0.0,0.0,0.001026694045174538,0.0,0.0,0.0,0.0,0.0,0.0,0.0,0.0,0.0,0.0,0.0,0.0,0.0,0.0,0.0,0.0,0.0,0.0,0.0,0.0,0.0,0.0,0.0,0.0,0.0,0.0,0.0,0.0,0.0,0.0,0.0,0.0,0.0,0.0,0.0,0.0,0.0,0.0,0.0,0.0,0.0,0.0
20,20.0,1939.0,0.0,0.3372872614749871,0.0,1.0,0.3677153171738009,1.0,1.0,1.0,0.0,0.0,0.0,0.0,0.0,0.0,0.0005157297576070139,0.0,0.0,0.0,0.0,0.0,0.0,0.0015471892728210418,0.03455389375966993,0.028365136668385766,0.020113460546673543,0.019082001031459517,0.029396596183599792,0.028365136668385766,0.030943785456420837,0.033522434244455904,0.03145951521402785,0.027333677153171736,0.02784940691077875,0.03197524497163486,0.0,0.018566271273852502,0.021660649819494584,0.018050541516245487,0.018050541516245487,0.0010314595152140279,0.0020629190304280558,0.0,0.0,0.0,0.0010314595152140279,0.0,0.0,0.0,0.0,0.0,0.0,0.0,0.0,0.0,0.0,0.0,0.0,0.0,0.0,0.0,0.0,0.0,0.0,0.0,0.0005157297576070139,0.0,0.0005157297576070139,0.0,0.0,0.0,0.0,0.0,0.0,0.0,0.0,0.0,0.0,0.0,0.0005157297576070139,0.0,0.0,0.0,0.0,0.0,0.0,0.0,0.0,0.0,0.0,0.0,0.0,0.0,0.0,0.0,0.0,0.0,0.0,0.0,0.0,0.0,0.0,0.0,0.0,0.0,0.0,0.0,0.0,0.0,0.0,0.0,0.0,0.0,0.0,0.0,0.0,0.0,0.0,0.0,0.0,0.0,0.0
21,21.0,5246.0,0.0,0.0,0.18623713305375525,0.18490278307281738,0.0,1.0,0.0,0.0,1.0,0.0,0.0,0.0,0.0,0.0,0.00019062142584826535,0.0,0.0,0.0,0.00019062142584826535,0.0,0.0,0.0030499428135722455,0.011627906976744186,0.012581014105985514,0.009912314144109797,0.009721692718261532,0.009149828440716736,0.012199771254288982,0.01067479984750286,0.0,0.0057186427754479605,0.009531071292413268,0.008768585589020206,0.009721692718261532,0.0,0.005146778497903164,0.006862371330537552,0.004956157072054899,0.007434235608082348,0.0028593213877239803,0.003240564239420511,0.00019062142584826535,0.0,0.0,0.0013343499809378575,0.0,0.0,0.00019062142584826535,0.0,0.0,0.0,0.0,0.0,0.0,0.0,0.0,0.00019062142584826535,0.00019062142584826535,0.0,0.0,0.0,0.0,0.0,0.0,0.000571864277544796,0.0,0.00019062142584826535,0.0,0.0,0.0,0.0,0.0,0.0,0.0,0.0,0.0,0.0,0.00019062142584826535,0.00019062142584826535,0.0,0.0,0.0,0.0,0.0,0.0,0.0,0.0,0.0,0.0,0.0,0.0,0.0,0.0,0.0,0.0,0.0,0.0,0.0,0.0,0.0,0.0,0.0,0.0,0.0,0.0,0.0,0.000571864277544796,0.0,0.0,0.0,0.0,0.0,0.0,0.0,0.0,0.0,0.0,0.0,0.0,0.0,0.0
22,22.0,5013.0,0.0,0.0,1.0,1.0,0.24157191302613207,0.2347895471773389,1.0,0.0,0.11430281268701377,0.00019948134849391582,0.00039896269698783165,0.00039896269698783165,0.00019948134849391582,0.0,0.00019948134849391582,0.0,0.0,0.0,0.0,0.0,0.0,0.0017953321364452424,0.02194294833433074,0.022142429682824656,0.014163175743068024,0.009375623379214043,0.005984440454817474,0.019150209455415918,0.023538799122282066,0.014163175743068024,0.023139836425294234,0.012367843606622781,0.01476161978854977,0.024137243167763812,0.00039896269698783165,0.012966287652104528,0.010771992818671455,0.008976660682226212,0.008178735288250548,0.000997406742469579,0.0047875523638539795,0.00039896269698783165,0.0,0.00019948134849391582,0.0007979253939756633,0.0,0.0,0.0,0.00019948134849391582,0.0,0.00019948134849391582,0.0,0.0,0.0,0.0,0.0,0.00039896269698783165,0.00039896269698783165,0.0,0.0,0.0,0.0,0.0,0.0,0.0005984440454817474,0.0,0.0,0.0,0.0,0.0,0.0,0.0,0.0,0.0,0.0,0.0,0.0,0.00019948134849391582,0.0,0.0,0.0,0.0,0.0,0.0,0.0,0.0,0.0,0.0,0.0005984440454817474,0.0,0.0,0.0,0.0,0.0,0.0,0.0,0.0,0.0,0.0,0.0,0.0,0.0,0.0,0.0,0.0,0.0,0.00039896269698783165,0.0,0.0,0.0,0.0,0.0,0.0,0.0,0.0,0.0,0.0,0.0,0.0,0.0,0.0
23,23.0,2012.0,0.0,0.0,0.0,1.0,1.0,1.0,0.0,0.0,0.0,0.0004970178926441351,0.0009940357852882703,0.0014910536779324055,0.0,0.0,0.0014910536779324055,0.0,0.0,0.0,0.0,0.0,0.0,0.0009940357852882703,0.01739562624254473,0.013916500994035786,0.015904572564612324,0.015904572564612324,0.018886679920477135,0.0,0.016898608349900597,0.020377733598409543,0.01739562624254473,0.016898608349900597,0.018389662027833,0.01739562624254473,0.0009940357852882703,0.008946322067594433,0.005964214711729622,0.008449304174950299,0.007952286282306162,0.0009940357852882703,0.004970178926441352,0.0,0.0,0.0,0.0,0.0,0.0,0.0,0.0,0.0,0.0,0.0,0.0,0.0,0.0,0.0,0.0004970178926441351,0.0,0.0,0.0,0.0,0.0,0.0,0.0,0.0,0.0,0.0,0.0,0.0,0.0,0.0,0.0,0.0,0.0,0.0,0.0,0.0,0.0004970178926441351,0.0004970178926441351,0.0,0.0,0.0,0.0,0.0,0.0,0.0,0.0,0.0,0.0,0.0,0.0,0.0,0.0,0.0,0.0,0.0,0.0,0.0,0.0,0.0,0.0,0.0,0.0,0.0,0.0,0.0,0.0,0.0,0.0,0.0,0.0,0.0,0.0,0.0,0.0,0.0,0.0,0.0,0.0,0.0,0.0
24,24.0,4487.0,0.0,0.0,0.0,0.0,1.0,0.0,0.0,0.0,0.0,0.0006685981724983285,0.0011143302874972142,0.0031201248049922,0.00022286605749944285,0.0004457321149988857,0.005348785379986628,0.0,0.00022286605749944285,0.0,0.0004457321149988857,0.0,0.0,0.07399153108981502,0.05103632716737241,0.046801872074883,0.0390015600624025,0.0405616224648986,0.0405616224648986,0.0421216848673947,0.04635613995988411,0.03699576554490751,0.04769333630488077,0.04479607755738801,0.04323601515489191,0.04568754178738578,0.0008914642299977714,0.024069534209939826,0.020057945174949854,0.019835079117450412,0.02050367728994874,0.047024738132382435,0.03409850679741475,0.0024515266324938714,0.0,0.0,0.015377757967461556,0.0004457321149988857,0.0,0.00022286605749944285,0.0,0.0,0.00022286605749944285,0.00022286605749944285,0.00022286605749944285,0.0,0.0,0.0,0.0020057945174949856,0.0022286605749944283,0.00022286605749944285,0.0,0.0,0.00022286605749944285,0.0,0.00022286605749944285,0.0011143302874972142,0.00022286605749944285,0.0017829284599955428,0.0015600624024961,0.0,0.0,0.0,0.0,0.0,0.00022286605749944285,0.00022286605749944285,0.0,0.0,0.0006685981724983285,0.0017829284599955428,0.0,0.0004457321149988857,0.0,0.0,0.0,0.0,0.0,0.00022286605749944285,0.0004457321149988857,0.0046801872074883,0.0,0.0,0.0,0.0,0.0,0.00022286605749944285,0.0004457321149988857,0.0,0.0,0.0,0.0,0.0,0.0,0.0,0.0,0.0004457321149988857,0.0,0.0015600624024961,0.00022286605749944285,0.0,0.00022286605749944285,0.0,0.0,0.0,0.0,0.0,0.0,0.0,0.0,0.0,0.0,0.0
25,25.0,1551.0,0.0,0.0,0.0,1.0,0.0,0.38233397807865893,1.0,0.0,1.0,0.0,0.0,0.0,0.0,0.0,0.0012894906511927789,0.0,0.0,0.0,0.0,0.0,0.0,0.003223726627981947,0.019987105093488073,0.019342359767891684,0.0038684719535783366,0.016763378465506126,0.019342359767891684,0.019342359767891684,0.020631850419084462,0.019987105093488073,0.014829142488716958,0.016118633139909737,0.013539651837524178,0.015473887814313346,0.0,0.009026434558349452,0.009671179883945842,0.01096067053513862,0.012894906511927788,0.0012894906511927789,0.004513217279174726,0.0,0.0,0.0,0.0,0.0,0.0,0.0,0.0,0.0,0.0,0.0,0.0,0.0,0.0,0.0,0.0,0.0,0.0,0.0,0.0,0.0,0.0,0.0,0.0,0.0,0.0,0.0,0.0,0.0,0.0,0.0,0.0,0.0,0.0,0.0,0.0,0.0,0.0,0.0,0.0,0.0,0.0,0.0,0.0,0.0,0.0,0.0,0.0006447453255963894,0.0,0.0,0.0,0.0,0.0,0.0,0.0,0.0,0.0,0.0,0.0,0.0,0.0,0.0,0.0,0.0,0.0,0.0,0.0,0.0,0.0,0.0,0.0,0.0,0.0,0.0,0.0,0.0,0.0,0.0,0.0,0.0
26,26.0,2406.0,0.0,1.0,0.0,1.0,1.0,0.7847049044056525,0.8096425602660017,1.0,1.0,0.00041562759767248546,0.00041562759767248546,0.0,0.00041562759767248546,0.0,0.0,0.0,0.0,0.0,0.0,0.0,0.0,0.0012468827930174563,0.04696591853699086,0.03325020781379884,0.014131338320864505,0.006650041562759767,0.04779717373233583,0.014131338320864505,0.02493765586034913,0.006650041562759767,0.04488778054862843,0.03200332502078138,0.03865336658354115,0.029509559434746466,0.00041562759767248546,0.027015793848711556,0.026184538653366583,0.024522028262676642,0.02493765586034913,0.0,0.0020781379883624274,0.0,0.0,0.0,0.0012468827930174563,0.0,0.0,0.0,0.0,0.0,0.0,0.0,0.0,0.0,0.0,0.0,0.0,0.0,0.0,0.0,0.0,0.0,0.0,0.0,0.0008312551953449709,0.0,0.0,0.0,0.0,0.0,0.0,0.0,0.0,0.0,0.0,0.0,0.0,0.0,0.0,0.0,0.0,0.0,0.0,0.0,0.0,0.00041562759767248546,0.00041562759767248546,0.0,0.0,0.0,0.0,0.0,0.0,0.0,0.0,0.0,0.0,0.0,0.0,0.00041562759767248546,0.0,0.0,0.0,0.0,0.0,0.0,0.00041562759767248546,0.0,0.0,0.0,0.00041562759767248546,0.0,0.0,0.0,0.0,0.0,0.0,0.0,0.0,0.0,0.0
27,27.0,396.0,0.0,0.0,0.9595959595959596,0.73989898989899,0.76010101010101,0.7297979797979798,1.0,0.0,0.4898989898989899,0.0,0.0,0.0,0.0,0.0,0.0025252525252525255,0.0,0.0,0.0,0.0,0.0,0.0,0.0025252525252525255,0.04040404040404041,0.03535353535353535,0.06565656565656566,0.05303030303030303,1.0,0.030303030303030304,0.04040404040404041,0.045454545454545456,0.030303030303030304,0.06060606060606061,0.04040404040404041,0.03535353535353535,0.0,0.017676767676767676,0.022727272727272728,0.03535353535353535,0.017676767676767676,0.0,0.005050505050505051,0.0025252525252525255,0.0,0.0,0.005050505050505051,0.0,0.0,0.0,0.0,0.0,0.0,0.0,0.0,0.0,0.0,0.0,0.0025252525252525255,0.0025252525252525255,0.0,0.0,0.0,0.0,0.0,0.0,0.0025252525252525255,0.0,0.0,0.0,0.0,0.0,0.0,0.0,0.0,0.0,0.0,0.0,0.0,0.0,0.0,0.0,0.0,0.0,0.0,0.0,0.0,0.0,0.0,0.0,0.0,0.0,0.0,0.0,0.0,0.0,0.0,0.0,0.0,0.0,0.0,0.0,0.0,0.0,0.0,0.0,0.0,0.0,0.0,0.0,0.0,0.0,0.0,0.0,0.0,0.0,0.0,0.0,0.0,0.0,0.0,0.0,0.0
28,28.0,6479.0,0.0,0.0,0.0,0.0,0.0,1.0,1.0,0.0,0.0,0.0001543448062972681,0.0001543448062972681,0.0,0.0001543448062972681,0.0,0.0004630344188918043,0.0,0.0,0.0,0.0,0.0,0.0,0.0030868961259453618,0.0069455162833770645,0.010186757215619695,0.0,0.009260688377836087,0.006328137058187992,0.008643309152647013,0.007717240314863405,0.0,0.006636826670782528,0.006328137058187992,0.0069455162833770645,0.008643309152647013,0.0006173792251890724,0.0038586201574317023,0.00324124093224263,0.004321654576323507,0.00324124093224263,0.0023151720944590217,0.0024695169007562896,0.0,0.0,0.0,0.0007717240314863404,0.0,0.0,0.0001543448062972681,0.0,0.0,0.0,0.0,0.0,0.0,0.0,0.0,0.0,0.0,0.0,0.0,0.0001543448062972681,0.0,0.0,0.0,0.0001543448062972681,0.0,0.0,0.0001543448062972681,0.0,0.0,0.0,0.0,0.0,0.0,0.0,0.0,0.0,0.0,0.0,0.0,0.0,0.0,0.0,0.0,0.0,0.0,0.0,0.0,0.0001543448062972681,0.0,0.0,0.0001543448062972681,0.0,0.0,0.0,0.0,0.0,0.0,0.0,0.0,0.0,0.0,0.0,0.0,0.0,0.0,0.0,0.0,0.0,0.0,0.0,0.0,0.0,0.0,0.0,0.0,0.0,0.0,0.0,0.0,0.0
29,29.0,11074.0,0.9460899404009392,0.00018060321473722233,9.030160736861116e-05,0.00018060321473722233,0.0002709048221058335,0.0002709048221058335,0.00018060321473722233,0.0002709048221058335,0.00018060321473722233,0.0,0.0,1.0,1.0,0.0,0.005598699656853892,0.012281018602131119,0.008398049485280838,0.005689001264222503,0.006592017337908615,0.006592017337908615,0.005327794834748058,0.001083619288423334,9.030160736861116e-05,0.0002709048221058335,9.030160736861116e-05,0.00018060321473722233,0.00018060321473722233,0.00018060321473722233,9.030160736861116e-05,0.00018060321473722233,0.00018060321473722233,0.00018060321473722233,0.0,0.0,9.030160736861116e-05,0.0,9.030160736861116e-05,0.0002709048221058335,0.0,0.001715730540003612,0.0029799530431641684,0.0007224128589488893,0.00036120642947444465,0.00045150803684305583,9.030160736861116e-05,0.00018060321473722233,9.030160736861116e-05,0.00045150803684305583,0.0002709048221058335,0.00018060321473722233,0.0002709048221058335,0.00045150803684305583,0.0020769369694780566,0.0006321112515802782,0.00018060321473722233,0.00018060321473722233,0.00036120642947444465,9.030160736861116e-05,0.00018060321473722233,0.00036120642947444465,0.0018060321473722233,9.030160736861116e-05,0.00018060321473722233,0.00036120642947444465,0.0,0.000541809644211667,0.00018060321473722233,0.00018060321473722233,0.00018060321473722233,9.030160736861116e-05,0.0,0.0002709048221058335,0.0002709048221058335,0.00018060321473722233,0.00045150803684305583,0.00018060321473722233,0.00018060321473722233,9.030160736861116e-05,0.0002709048221058335,0.00018060321473722233,9.030160736861116e-05,0.0002709048221058335,0.00045150803684305583,9.030160736861116e-05,9.030160736861116e-05,0.00018060321473722233,0.0,9.030160736861116e-05,0.0002709048221058335,0.0,0.00018060321473722233,0.0002709048221058335,0.00045150803684305583,0.00036120642947444465,0.0002709048221058335,0.0002709048221058335,0.00036120642947444465,0.00018060321473722233,0.00018060321473722233,0.00018060321473722233,9.030160736861116e-05,0.00036120642947444465,0.00018060321473722233,0.0002709048221058335,9.030160736861116e-05,9.030160736861116e-05,9.030160736861116e-05,0.00018060321473722233,0.0002709048221058335,0.00018060321473722233,0.00018060321473722233,9.030160736861116e-05,9.030160736861116e-05,0.0002709048221058335,0.0002709048221058335,0.0002709048221058335,0.0002709048221058335,0.00018060321473722233,9.030160736861116e-05,9.030160736861116e-05,9.030160736861116e-05
30,30.0,3248.0,0.0,0.38947044334975367,0.0,0.0,1.0,1.0,1.0,0.0,0.0,0.0,0.0006157635467980296,0.0012315270935960591,0.0,0.0,0.0006157635467980296,0.0,0.0,0.0,0.0,0.0,0.0,0.001539408866995074,0.009544334975369459,0.01939655172413793,0.01847290640394089,0.009544334975369459,0.019704433497536946,0.01816502463054187,0.02062807881773399,0.010160098522167487,0.017549261083743842,0.020935960591133004,0.01847290640394089,0.019704433497536946,0.0006157635467980296,0.00646551724137931,0.009544334975369459,0.011083743842364532,0.0067733990147783255,0.0024630541871921183,0.0049261083743842365,0.0,0.0,0.0,0.0012315270935960591,0.0,0.0,0.0,0.0,0.0,0.0,0.0,0.0003078817733990148,0.0,0.0,0.0,0.0,0.0,0.0,0.0,0.0,0.0,0.0,0.0,0.0012315270935960591,0.0,0.0,0.0003078817733990148,0.0,0.0,0.0,0.0,0.0,0.0,0.0,0.0,0.0,0.0,0.0,0.0,0.0,0.0,0.0,0.0,0.0,0.0,0.0003078817733990148,0.0003078817733990148,0.0003078817733990148,0.0,0.0,0.0,0.0,0.0,0.0,0.0,0.0,0.0,0.0,0.0,0.0,0.0,0.0,0.0,0.0,0.0,0.0006157635467980296,0.0,0.0,0.0,0.0,0.0,0.0,0.0006157635467980296,0.0,0.0,0.0,0.0003078817733990148,0.0,0.0,0.0
31,31.0,1223.0,0.0,1.0,1.0,0.5461978740801309,0.0,1.0,0.0,1.0,0.0,0.0,0.001635322976287817,0.003270645952575634,0.0,0.0,0.0008176614881439084,0.0,0.0,0.0,0.0,0.0,0.0,0.0008176614881439084,0.02698282910874898,0.027800490596892886,0.018806214227309895,0.044153720359771054,0.039247751430907606,0.03188879803761243,0.02698282910874898,0.027800490596892886,0.025347506132461162,0.02616516762060507,0.04088307440719542,0.02616516762060507,0.0,0.022894521668029435,0.011447260834014717,0.016353229762878167,0.017988552739165987,0.0008176614881439084,0.0,0.0,0.0,0.0,0.001635322976287817,0.0,0.0,0.0008176614881439084,0.0,0.0,0.0,0.0,0.0,0.0,0.0,0.0,0.0,0.0,0.0,0.0,0.0,0.0,0.0,0.0,0.0,0.0,0.0,0.0,0.0,0.0,0.0,0.0,0.0,0.0,0.0,0.0,0.0,0.0,0.0,0.0,0.0,0.0,0.0,0.0,0.0,0.0,0.0,0.0,0.0,0.0,0.0,0.0,0.0,0.0,0.0,0.0,0.0,0.0,0.0,0.0,0.0,0.0,0.0,0.0,0.0,0.0,0.0008176614881439084,0.0,0.0,0.0,0.0,0.0,0.0,0.0,0.0,0.0,0.0,0.0,0.0,0.0,0.0
32,32.0,3906.0,0.0,0.0,0.0,1.0,0.0,0.0,0.0,0.12544802867383512,1.0,0.0,0.0,0.0002560163850486431,0.0,0.0002560163850486431,0.0,0.0,0.0,0.0,0.0,0.0,0.0,0.0033282130056323605,0.008704557091653867,0.007680491551459293,0.008448540706605223,0.011776753712237584,0.009472606246799796,0.008704557091653867,0.011776753712237584,0.009216589861751152,0.010496671786994368,0.006656426011264721,0.00972862263184844,0.00972862263184844,0.0,0.004608294930875576,0.004352278545826933,0.004608294930875576,0.004352278545826933,0.0015360983102918587,0.0033282130056323605,0.0,0.0,0.0,0.0007680491551459293,0.0,0.0,0.0,0.0,0.0,0.0,0.0,0.0,0.0,0.0,0.0,0.0,0.0,0.0,0.0,0.0,0.0,0.0,0.0,0.0002560163850486431,0.0,0.0,0.0,0.0,0.0,0.0,0.0,0.0,0.0,0.0,0.0,0.0,0.0,0.0,0.0,0.0,0.0,0.0,0.0,0.0,0.0,0.0,0.0,0.0002560163850486431,0.0,0.0,0.0,0.0,0.0,0.0,0.0,0.0,0.0,0.0,0.0,0.0,0.0,0.0,0.0,0.0,0.0,0.0,0.0,0.0,0.0,0.0,0.0,0.0,0.0,0.0,0.0,0.0,0.0,0.0,0.0,0.0
33,33.0,14485.0,0.02416292716603383,0.0006213324128408698,0.0005522954780807732,0.0005522954780807732,0.00048325854332067656,0.0006213324128408698,0.0005522954780807732,0.00034518467380048324,0.0004142216085605799,0.9652053848809112,0.8633068691750087,0.0,0.004901622367966862,0.019468415602347255,0.009734207801173627,0.002623403520883673,0.007939247497411116,0.007663099758370729,0.006420434932688989,0.007386952019330342,0.009803244735933725,0.011667241974456333,6.903693476009665e-05,0.0,6.903693476009665e-05,0.0001380738695201933,0.0,6.903693476009665e-05,0.0,6.903693476009665e-05,0.0,6.903693476009665e-05,0.0,6.903693476009665e-05,6.903693476009665e-05,6.903693476009665e-05,0.0,0.0001380738695201933,0.0001380738695201933,0.016361753538142905,0.010217466344494304,0.0042112530203658955,0.0008284432171211598,0.0011045909561615463,0.0762167759751467,0.016845012081463582,0.008284432171211598,0.0017259233690024164,0.19137038315498792,0.0016568864342423196,0.001794960303762513,0.0016568864342423196,0.08947186744908527,0.0006213324128408698,0.00034518467380048324,0.0011045909561615463,0.08332758025543666,0.0740766309975837,0.0006213324128408698,0.08139454608215395,0.005799102519848119,0.08001380738695202,0.0722816706938212,0.00034518467380048324,0.002623403520883673,0.0002761477390403866,0.0019330341732827063,0.006558508802209182,0.07697618225750777,0.018501898515705904,0.0007594062823610631,0.0005522954780807732,6.903693476009665e-05,0.0008284432171211598,0.0004142216085605799,6.903693476009665e-05,0.0001380738695201933,0.0001380738695201933,0.00048325854332067656,0.0017259233690024164,0.0001380738695201933,0.0009665170866413531,6.903693476009665e-05,0.0006213324128408698,0.0012426648256817397,0.0037279944770452194,0.001587849499482223,0.001380738695201933,6.903693476009665e-05,0.00048325854332067656,0.0009665170866413531,0.0013117017604418364,0.0008974801518812565,0.0024853296513634793,0.00048325854332067656,0.0007594062823610631,0.0,0.0006903693476009665,0.0024853296513634793,6.903693476009665e-05,0.0002761477390403866,0.003935105281325509,0.002968588194684156,0.002416292716603383,0.0001380738695201933,0.002623403520883673,0.0,0.0001380738695201933,0.0001380738695201933,0.00034518467380048324,0.0007594062823610631,0.0009665170866413531,0.0,6.903693476009665e-05,0.0,0.00020711080428028995,0.0002761477390403866,0.00020711080428028995,0.0006903693476009665,0.0001380738695201933,0.0006903693476009665
34,34.0,1568.0,0.0,1.0,1.0,1.0,1.0,0.0,1.0,0.0,0.0,0.0006377551020408163,0.0,0.0,0.0,0.0,0.0,0.0,0.0,0.0,0.0,0.0,0.0,0.0031887755102040817,0.039540816326530615,0.029336734693877552,0.04400510204081633,0.0,0.04974489795918367,0.036989795918367346,0.049107142857142856,0.04591836734693878,0.039540816326530615,0.0,0.0,0.04974489795918367,0.0,0.01721938775510204,0.01594387755102041,0.015306122448979591,0.02614795918367347,0.0012755102040816326,0.0031887755102040817,0.0006377551020408163,0.0,0.0,0.0006377551020408163,0.0,0.0,0.0,0.0,0.0,0.0,0.0,0.0,0.0,0.0,0.0,0.0006377551020408163,0.0006377551020408163,0.0,0.0,0.0,0.0,0.0,0.0,0.0,0.0,0.0,0.0,0.0,0.0,0.0,0.0,0.0,0.0,0.0,0.0,0.0,0.0,0.0006377551020408163,0.0,0.0,0.0,0.0,0.0,0.0,0.0,0.0,0.0,0.0,0.0,0.0,0.0,0.0,0.0,0.0,0.0,0.0006377551020408163,0.0,0.0,0.0,0.0,0.0,0.0,0.0,0.0,0.0,0.0,0.0,0.0,0.0,0.0,0.0,0.0,0.0,0.0,0.0,0.0,0.0,0.0,0.0,0.0
35,35.0,18363.0,0.0,0.0014703479823558242,0.0006534879921581441,0.0008168599901976801,0.0008713173228775254,0.0007624026575178348,0.0008168599901976801,0.000980231988237216,0.0006534879921581441,0.9987474813483636,0.9970048467026085,1.0,1.0,1.0,0.9593203724881555,0.9349779447802646,0.9589391711593966,0.9606818058051516,0.9640037030986223,0.9624788977835865,0.963023471110385,0.0015248053150356696,0.0,5.445733267984534e-05,0.0,0.00010891466535969068,0.0,5.445733267984534e-05,5.445733267984534e-05,5.445733267984534e-05,0.00010891466535969068,5.445733267984534e-05,0.0,0.00016337199803953602,0.0,0.0,0.0,0.0,5.445733267984534e-05,0.0010891466535969069,0.0009257746555573708,5.445733267984534e-05,0.0,0.0,0.0,0.002396122637913195,0.002559494635952731,0.002396122637913195,0.0,0.0026139519686325763,0.0021238359745139684,0.002396122637913195,0.0,0.0024505799705930404,0.0014703479823558242,0.002886238632031803,0.0,0.0,0.0026684093013124217,0.0,0.00021782933071938136,0.0,0.0,0.0004356586614387627,0.0,0.00021782933071938136,0.0,5.445733267984534e-05,0.0,0.0,0.0,0.0,0.0,0.0,0.0,0.0,0.0,0.0,0.0,0.0,0.0,0.0,0.0,0.0,0.0,0.0,0.0,0.0,0.0,0.0,0.0,0.0,0.0,0.0,0.0,0.0,0.0,0.0,0.0,0.0,0.0,0.0,0.0,0.0,0.0,0.0,0.0,0.0,0.0,0.0,0.0,0.0,0.0,0.0,0.0,0.0,0.0,0.0,0.0,0.0,0.0
36,36.0,5083.0,0.0,0.0013771394845563643,0.0035412158174306513,0.0021640763328742867,0.0017706079087153256,0.0023608105449537675,0.0023608105449537675,0.0007869368483179224,0.0015738736966358449,0.01868975014755066,0.01868975014755066,0.019476686995868582,0.0003934684241589612,0.0,0.0,0.0,0.0001967342120794806,0.0001967342120794806,0.0,0.0,0.0,0.07692307692307693,0.0001967342120794806,0.0,0.0001967342120794806,0.0,0.0,0.0001967342120794806,0.0001967342120794806,0.0001967342120794806,0.0001967342120794806,0.0001967342120794806,0.0003934684241589612,0.0001967342120794806,0.0029510131811922094,0.0,0.0,0.0003934684241589612,0.0001967342120794806,0.11626991933897304,0.0013771394845563643,0.959472752311627,0.9736376155813496,0.9830808577611647,0.0005902026362384419,0.0,0.0,0.0,0.0,0.0,0.0,0.0,0.0,0.0,0.0,0.0,0.0,0.0,0.0,0.0,0.0,0.0,0.0,0.0001967342120794806,0.0001967342120794806,0.0,0.0011804052724768838,0.0005902026362384419,0.0,0.0,0.0,0.0,0.0,0.0001967342120794806,0.0,0.0,0.0,0.0,0.0,0.0,0.0001967342120794806,0.0,0.0,0.0,0.0,0.0,0.0,0.0,0.0001967342120794806,0.0,0.0,0.0,0.0,0.0,0.0,0.0,0.0,0.0,0.0,0.0001967342120794806,0.0,0.0,0.0,0.0,0.0001967342120794806,0.0,0.0,0.0,0.0,0.0,0.0,0.0,0.0,0.0,0.0,0.0,0.0,0.0,0.0,0.0,0.0
37,37.0,3209.0,0.0,0.9875350576503583,0.9878466812090994,0.9900280461202867,0.9663446556559676,0.9657214085384855,0.9878466812090994,0.977251480211904,0.9407915238392023,0.0003116235587410408,0.0,0.0,0.0,0.0,0.0012464942349641633,0.0,0.0,0.0,0.0,0.0,0.0,0.0006232471174820816,0.1495793081956996,0.0,0.0,0.0,0.1436584605796198,0.10595200997195388,0.0,0.0,1.0,0.09192894982860704,0.13991897787472732,0.12090994079152384,0.0,0.06481770021813649,0.0847616079775631,0.08507323153630414,0.08569647865378623,0.0024929884699283265,0.00373948270489249,0.0,0.0,0.0,0.00373948270489249,0.0,0.0,0.0,0.0,0.0,0.0,0.0,0.0003116235587410408,0.0,0.0,0.0,0.0,0.0,0.0,0.0,0.0,0.0,0.0,0.0,0.0,0.0,0.0,0.0,0.0,0.0,0.0,0.0,0.0,0.0,0.0,0.0,0.0,0.0,0.0006232471174820816,0.0,0.0,0.0,0.0,0.0,0.0,0.0,0.0,0.0,0.0006232471174820816,0.0,0.0,0.0,0.0,0.0,0.0,0.0,0.0,0.0,0.0,0.0,0.0,0.0,0.0,0.0,0.0,0.0,0.0003116235587410408,0.0,0.0,0.0,0.0,0.0,0.0,0.0,0.0,0.0,0.0,0.0,0.0,0.0,0.0
38,38.0,5356.0,0.0,0.19286781179985063,0.17606422703510083,0.0,1.0,0.0,0.0,0.0,1.0,0.0003734129947722181,0.0003734129947722181,0.00018670649738610905,0.0,0.0,0.0003734129947722181,0.0,0.0,0.0,0.0,0.0,0.0,0.0037341299477221808,0.011015683345780434,0.009895444361463779,0.01176250933532487,0.010642270351008214,0.010268857356235997,0.010268857356235997,0.01194921583271098,0.011389096340552652,0.010642270351008214,0.011389096340552652,0.014002987303958178,0.009522031366691561,0.0,0.0061613144137415985,0.005601194921583271,0.004480955937266617,0.006348020911127707,0.0011202389843166542,0.003547423450336072,0.00018670649738610905,0.0,0.0,0.0009335324869305452,0.0,0.0,0.00018670649738610905,0.0,0.0,0.0,0.00018670649738610905,0.00018670649738610905,0.0,0.0,0.0,0.0,0.0,0.0,0.0,0.0,0.0,0.0,0.0,0.0007468259895444362,0.0,0.00018670649738610905,0.00018670649738610905,0.0,0.0,0.0,0.0,0.0,0.0,0.0,0.0,0.0,0.0,0.00018670649738610905,0.0,0.0,0.0,0.0,0.0,0.0,0.00018670649738610905,0.0003734129947722181,0.0,0.00018670649738610905,0.0,0.0,0.0,0.0,0.0,0.0,0.0,0.00018670649738610905,0.0,0.0,0.00018670649738610905,0.00018670649738610905,0.0,0.0,0.00018670649738610905,0.0,0.0,0.0,0.0,0.00018670649738610905,0.0,0.0,0.0,0.00018670649738610905,0.0,0.0,0.0,0.00018670649738610905,0.0,0.0,0.0,0.0
39,39.0,2008.0,0.0,1.0,1.0,0.0,0.6703187250996016,1.0,1.0,0.0,1.0,0.00049800796812749,0.00049800796812749,0.0,0.00099601593625498,0.0,0.0,0.0,0.0,0.0,0.0,0.00049800796812749,0.0,0.00099601593625498,0.044322709163346616,0.03884462151394422,0.013446215139442231,0.044322709163346616,0.037350597609561755,0.01045816733067729,0.03884462151394422,0.04830677290836653,0.053784860557768925,0.053286852589641436,0.037848605577689244,0.037350597609561755,0.00049800796812749,0.022410358565737053,0.026892430278884463,0.018426294820717132,0.029880478087649404,0.00249003984063745,0.004482071713147411,0.0,0.0,0.0,0.00199203187250996,0.0,0.0,0.0,0.0,0.0,0.00049800796812749,0.0,0.0,0.0,0.0,0.0,0.0,0.0,0.0,0.0,0.00049800796812749,0.0,0.0,0.0,0.00099601593625498,0.0,0.0,0.0,0.0,0.0,0.0,0.0,0.0,0.0,0.0,0.0,0.0,0.0,0.0,0.00049800796812749,0.0,0.0,0.0,0.0,0.0,0.0,0.0,0.00049800796812749,0.00049800796812749,0.0,0.0,0.0,0.0,0.0,0.0,0.0,0.0,0.0,0.0,0.0,0.0,0.0,0.0,0.0,0.0,0.0,0.0,0.0,0.0,0.0,0.0,0.0,0.0,0.0,0.0,0.0,0.0,0.0,0.0,0.0,0.0
40,40.0,1196.0,0.0,1.0,1.0,0.882943143812709,0.8612040133779264,0.9289297658862876,0.9949832775919732,0.7357859531772575,0.0,0.0,0.0,0.0,0.0,0.0,0.0008361204013377926,0.0,0.0,0.0,0.0,0.0,0.0,0.0016722408026755853,0.07274247491638795,0.04096989966555184,0.06688963210702341,0.048494983277591976,0.0451505016722408,0.08277591973244147,1.0,0.08361204013377926,0.06270903010033445,0.056856187290969896,0.026755852842809364,0.05852842809364549,0.0008361204013377926,0.016722408026755852,0.04096989966555184,0.03260869565217391,0.04013377926421405,0.0016722408026755853,0.002508361204013378,0.0,0.0,0.0,0.0,0.0,0.0,0.0,0.0,0.0,0.0,0.0,0.0,0.0,0.0,0.0,0.0,0.0,0.0,0.0,0.0,0.0,0.0,0.0,0.0,0.0,0.0,0.0,0.0,0.0,0.0,0.0,0.0,0.0,0.0,0.0,0.0,0.0,0.0008361204013377926,0.0,0.0,0.0,0.0,0.0,0.0,0.0,0.0,0.0,0.0,0.0,0.0,0.0,0.0,0.0,0.0,0.0,0.0,0.0,0.0,0.0,0.0,0.0,0.0,0.0,0.0,0.0,0.0008361204013377926,0.0,0.0,0.0,0.0,0.0,0.0,0.0,0.0,0.0,0.0,0.0,0.0,0.0,0.0
41,41.0,2502.0,0.0,1.0,1.0,0.7773780975219824,1.0,0.48401278976818546,0.0,0.0,1.0,0.0007993605115907274,0.0007993605115907274,0.0007993605115907274,0.0003996802557953637,0.0,0.0,0.0,0.0,0.0,0.0,0.0,0.0,0.001199040767386091,0.036370903277378096,0.03357314148681055,0.018784972022382093,0.039568345323741004,0.03237410071942446,0.015587529976019185,0.04156674660271783,0.015187849720223821,0.0407673860911271,0.03677058353317346,0.011191047162270184,0.03796962430055955,0.0003996802557953637,0.020783373301358914,0.021982414068745005,0.016786570743405275,0.021982414068745005,0.0019984012789768186,0.005995203836930456,0.0,0.0,0.0,0.0015987210231814548,0.0,0.0,0.0,0.0,0.0,0.0003996802557953637,0.0,0.0,0.0,0.0,0.0,0.0,0.0,0.0,0.0,0.0003996802557953637,0.0003996802557953637,0.0,0.0,0.0,0.0,0.0,0.0,0.0,0.0,0.0,0.0,0.0,0.0,0.0,0.0,0.0,0.0,0.0,0.0,0.0,0.0,0.0,0.0,0.0,0.0003996802557953637,0.0,0.0003996802557953637,0.0007993605115907274,0.0,0.0,0.0,0.0,0.0,0.0,0.0,0.0,0.0,0.0,0.0,0.0,0.0,0.0,0.0,0.0,0.0,0.0,0.0,0.0,0.0,0.0,0.0,0.0,0.0,0.0,0.0,0.0003996802557953637,0.0,0.0,0.0,0.0
42,42.0,4401.0,0.0,0.2199500113610543,0.0,0.0,0.0,0.0,1.0,1.0,0.0,0.0,0.0,0.0,0.0,0.0,0.0,0.0,0.0,0.0,0.0,0.0,0.0,0.0018177686889343332,0.00954328561690525,0.010224948875255624,0.010906612133605999,0.006816632583503749,0.010452169961372415,0.008861622358554875,0.010224948875255624,0.010224948875255624,0.007271074755737333,0.009316064530788457,0.009997727789138832,0.011815496478073164,0.0,0.004771642808452625,0.004998863894569416,0.006816632583503749,0.006816632583503749,0.0027266530334014998,0.0022722108611679163,0.00022722108611679165,0.0,0.0,0.00022722108611679165,0.0,0.0,0.0,0.0,0.0,0.0,0.0,0.0,0.0,0.0,0.0,0.0,0.0,0.0,0.0,0.0,0.0,0.0,0.0,0.0006816632583503749,0.0,0.0,0.0,0.0,0.0,0.00022722108611679165,0.0,0.0,0.0,0.0,0.0,0.0,0.0,0.0,0.0,0.0,0.0,0.0,0.0,0.0,0.00022722108611679165,0.0,0.0,0.0004544421722335833,0.0,0.0,0.0,0.0,0.0,0.0,0.0,0.0,0.0,0.0,0.0,0.0,0.0,0.0,0.0,0.0,0.0,0.0,0.0,0.0,0.0,0.0,0.0,0.0,0.0,0.0,0.0,0.0,0.0,0.0,0.0,0.0
43,43.0,2120.0,0.0,0.25660377358490566,1.0,0.0,0.26839622641509436,0.0,1.0,1.0,0.0,0.0,0.0,0.0,0.0,0.0,0.0,0.0004716981132075472,0.0,0.0,0.0,0.0,0.0,0.0009433962264150943,0.020283018867924527,0.017452830188679245,0.01981132075471698,0.012735849056603774,0.014150943396226415,0.02122641509433962,0.02169811320754717,0.017924528301886792,0.015566037735849057,0.025943396226415096,0.017452830188679245,0.008962264150943396,0.0,0.009433962264150943,0.007547169811320755,0.008018867924528302,0.00990566037735849,0.0009433962264150943,0.0009433962264150943,0.0,0.0,0.0,0.0014150943396226414,0.0,0.0,0.0,0.0,0.0,0.0,0.0,0.0,0.0,0.0,0.0,0.0,0.0,0.0,0.0,0.0,0.0,0.0,0.0,0.0,0.0,0.0,0.0,0.0,0.0,0.0,0.0,0.0,0.0,0.0,0.0,0.0,0.0,0.0004716981132075472,0.0,0.0,0.0,0.0,0.0,0.0,0.0,0.0,0.0004716981132075472,0.0,0.0,0.0,0.0,0.0,0.0,0.0,0.0,0.0,0.0,0.0,0.0,0.0,0.0,0.0,0.0,0.0,0.0,0.0004716981132075472,0.0,0.0,0.0,0.0,0.0,0.0,0.0,0.0,0.0,0.0,0.0,0.0,0.0,0.0004716981132075472
44,44.0,4548.0,0.0,1.0,0.0,0.0,0.0,0.0,0.0,0.0,0.0,0.0013192612137203166,0.0006596306068601583,0.003518029903254178,0.00043975373790677223,0.0,0.0021987686895338612,0.00021987686895338611,0.0,0.0,0.0,0.0,0.00021987686895338611,0.07717678100263853,0.040897097625329816,0.039797713280562884,0.04661389621811785,0.04397537379067722,0.040457343887423045,0.05035180299032542,0.03891820580474934,0.047713280562884784,0.04199648197009675,0.04661389621811785,0.04529463500439754,0.04859278803869833,0.00043975373790677223,0.022427440633245383,0.021108179419525065,0.02088830255057168,0.020668425681618294,0.04463500439753738,0.027924362357080037,0.0028583992963940193,0.00021987686895338611,0.00021987686895338611,0.014731750219876869,0.0,0.0,0.0015391380826737027,0.00021987686895338611,0.0,0.0006596306068601583,0.00043975373790677223,0.0,0.00021987686895338611,0.0,0.00043975373790677223,0.0028583992963940193,0.002638522427440633,0.00021987686895338611,0.00021987686895338611,0.00043975373790677223,0.0006596306068601583,0.0,0.0,0.0032981530343007917,0.0,0.0021987686895338612,0.00043975373790677223,0.0,0.00043975373790677223,0.00021987686895338611,0.0,0.0,0.0,0.0,0.00043975373790677223,0.0,0.00021987686895338611,0.001978891820580475,0.0,0.00021987686895338611,0.00021987686895338611,0.0,0.0,0.0,0.0,0.0,0.00021987686895338611,0.0030782761653474055,0.00021987686895338611,0.00043975373790677223,0.00021987686895338611,0.0,0.00043975373790677223,0.0,0.0,0.0,0.00021987686895338611,0.00021987686895338611,0.0,0.0,0.00021987686895338611,0.0,0.0,0.00021987686895338611,0.0,0.0021987686895338612,0.0,0.0,0.00021987686895338611,0.0,0.0,0.0,0.0,0.0,0.0,0.0,0.0,0.0,0.00021987686895338611,0.0
45,45.0,1015.0,0.0,0.003940886699507389,0.003940886699507389,0.003940886699507389,0.0009852216748768472,0.0019704433497536944,0.0019704433497536944,0.002955665024630542,0.002955665024630542,0.9980295566502463,0.987192118226601,1.0,0.0,0.9802955665024631,0.8926108374384236,0.5497536945812808,0.8886699507389163,0.9044334975369458,0.9014778325123153,0.8935960591133005,0.5428571428571428,0.0,0.0,0.0,0.0,0.0,0.0,0.0,0.0,0.0,0.0,0.0,0.0,0.0009852216748768472,0.0,0.0,0.0,0.0,0.0,0.0019704433497536944,0.003940886699507389,0.0,0.0,0.0,0.0,0.006896551724137931,0.006896551724137931,0.005911330049261084,0.0,0.009852216748768473,0.008866995073891626,0.007881773399014778,0.0,0.007881773399014778,0.002955665024630542,0.005911330049261084,0.0009852216748768472,0.0,0.01083743842364532,0.0,0.0,0.0,0.0,0.0,0.0,0.0,0.0,0.0,0.0,0.0,0.0,0.0,0.0,0.0,0.0,0.0,0.0,0.0,0.0,0.0009852216748768472,0.0,0.0,0.0,0.0,0.0,0.0,0.0,0.0,0.0,0.0,0.0,0.0,0.0,0.0,0.0,0.0,0.0,0.0,0.0,0.0,0.0,0.0,0.0,0.0,0.0,0.0,0.0,0.0,0.0,0.0,0.0,0.0,0.0,0.0,0.0,0.0,0.0,0.0,0.0,0.0,0.0
46,46.0,6654.0,0.0,0.0,0.0,1.0,0.0,0.0,1.0,0.0,0.0,0.0,0.00030057108506161706,0.0004508566275924256,0.0,0.0,0.0004508566275924256,0.0,0.0,0.0,0.0,0.0,0.0,0.004809137360985873,0.007063420498948001,0.008115419296663661,0.0,0.0069131349564171924,0.010670273519687407,0.008866847009317703,0.008415990381725278,0.009918845807033363,0.005710850616170725,0.008415990381725278,0.007514277126540427,0.010369702434625788,0.0009017132551848512,0.004508566275924256,0.0046588518184550645,0.0034565674782085962,0.004809137360985873,0.0021039975954313195,0.0034565674782085962,0.0010519987977156598,0.0,0.0,0.002705139765554554,0.0,0.0,0.0,0.0,0.0,0.0,0.0,0.0,0.0,0.0,0.0,0.0010519987977156598,0.0010519987977156598,0.0,0.0,0.0,0.0,0.0,0.0,0.00015028554253080853,0.0,0.0,0.00015028554253080853,0.0,0.0,0.0,0.0,0.0,0.0,0.0,0.0,0.0,0.0,0.00015028554253080853,0.0,0.0,0.0,0.0,0.0,0.0,0.0,0.0,0.0,0.0,0.0,0.0,0.0,0.0,0.0,0.0,0.0,0.0,0.0,0.0,0.0,0.0,0.0,0.0,0.0,0.0,0.0,0.00015028554253080853,0.0,0.0,0.0,0.0,0.0,0.0,0.0,0.0,0.0,0.0,0.0,0.0,0.0,0.0
47,47.0,1249.0,0.0,0.9839871897518014,0.9847878302642114,0.9791833466773419,0.9855884707766213,0.988791032826261,0.978382706164932,0.9391513210568455,0.9655724579663731,0.0,0.0,0.0,0.0,0.0,0.0032025620496397116,0.0,0.0,0.0,0.0,0.0,0.0,0.0,0.2201761409127302,1.0,0.10248198558847077,0.18975180144115292,0.0,0.14011208967173738,1.0,0.08726981585268215,0.17854283426741394,0.11369095276220977,0.17133706965572457,0.17854283426741394,0.0,0.10408326661329063,0.1289031224979984,0.11369095276220977,0.13050440352281825,0.0016012810248198558,0.0040032025620496394,0.0,0.0,0.0,0.0032025620496397116,0.0,0.0,0.0,0.0,0.0,0.0,0.0,0.0,0.0,0.0,0.0,0.0,0.0,0.0,0.0,0.0,0.0,0.0,0.0,0.0008006405124099279,0.0,0.0,0.0,0.0,0.0,0.0,0.0,0.0,0.0,0.0,0.0,0.0,0.0,0.0008006405124099279,0.0,0.0,0.0,0.0,0.0,0.0,0.0,0.0,0.0,0.0,0.0,0.0,0.0,0.0,0.0,0.0,0.0,0.0,0.0,0.0,0.0,0.0,0.0,0.0,0.0,0.0008006405124099279,0.0,0.0008006405124099279,0.0,0.0,0.0,0.0,0.0,0.0,0.0,0.0,0.0,0.0,0.0,0.0,0.0,0.0
48,48.0,2824.0,0.0,0.8427762039660056,1.0,1.0,0.8374645892351275,0.8424220963172805,0.0,1.0,1.0,0.0003541076487252125,0.0003541076487252125,0.0003541076487252125,0.0,0.0,0.0,0.0,0.0,0.0,0.0,0.0,0.0,0.002124645892351275,0.039660056657223795,0.017351274787535412,0.04355524079320113,0.0,0.035056657223796035,0.03859773371104816,0.0,0.0,0.042138810198300285,0.052053824362606235,0.03576487252124646,0.036827195467422094,0.0,0.026912181303116147,0.029745042492917848,0.023725212464589234,0.02903682719546742,0.000708215297450425,0.003895184135977337,0.0,0.0,0.0,0.0003541076487252125,0.0,0.0,0.0,0.0,0.0,0.0,0.0,0.0,0.0,0.0,0.0,0.0,0.0,0.0,0.0,0.0,0.0,0.0,0.0,0.000708215297450425,0.0,0.0,0.0,0.0,0.0,0.0,0.0,0.0,0.0,0.0,0.0,0.0,0.0,0.0003541076487252125,0.0,0.0,0.0,0.0,0.0,0.0,0.0,0.0,0.0,0.0003541076487252125,0.0,0.0,0.0,0.0,0.0,0.0,0.0,0.0,0.0,0.0,0.0,0.0,0.0,0.0,0.0003541076487252125,0.0,0.0,0.0,0.0,0.0,0.0,0.0,0.0,0.0,0.0,0.0,0.0,0.0,0.0,0.0,0.0,0.0
49,49.0,10229.0,0.0,1.0,1.0,1.0,1.0,1.0,1.0,1.0,1.0,9.776126698602014e-05,0.00019552253397204028,0.00019552253397204028,0.0,0.0,0.00029328380095806043,0.0,0.0,0.0,0.0,0.0,0.0,0.0012708964708182619,0.0,0.0,0.0,0.0,0.10880829015544041,0.0,0.0,0.0,0.0,0.0,0.0,0.0,0.0,0.053377651774367,0.0543552644442272,0.0553328771140874,0.04966272362889823,0.00039104506794408056,0.005767914752175188,0.0,0.0,0.0,0.000684328868902141,0.0,0.0,0.0,0.0,0.0,0.0,0.0,0.0,0.0,0.0,0.0,0.0,0.0,0.0,0.0,0.0,0.0,0.0,9.776126698602014e-05,0.00019552253397204028,0.0,0.0,0.0,0.0,0.0,0.0,9.776126698602014e-05,0.0,0.0,9.776126698602014e-05,0.0,0.0,0.0,0.00029328380095806043,0.0,0.0,0.0,0.0,0.0,0.0,0.0,9.776126698602014e-05,0.0,0.00039104506794408056,0.0,0.0,9.776126698602014e-05,0.0,0.0,0.0,0.0,9.776126698602014e-05,0.0,0.0,0.0,0.0,0.0,0.0,0.0,9.776126698602014e-05,0.0,9.776126698602014e-05,0.0,0.0,0.0,0.0,0.0,0.0,0.0,0.0,9.776126698602014e-05,0.0,0.0,0.0,0.0,0.0
50,50.0,1538.0,0.09232769830949285,0.0,0.0,0.0,0.0013003901170351106,0.0013003901170351106,0.0013003901170351106,0.0006501950585175553,0.0,0.5565669700910273,0.523407022106632,0.22171651495448635,0.9642392717815345,0.16514954486345904,0.25682704811443435,0.4057217165149545,0.23472041612483746,0.247074122236671,0.2516254876462939,0.26007802340702213,0.24642392717815345,0.002600780234070221,0.0006501950585175553,0.0006501950585175553,0.0,0.0,0.0,0.0,0.0,0.0013003901170351106,0.0,0.0,0.0,0.0,0.0,0.0,0.0006501950585175553,0.0,0.0006501950585175553,0.0013003901170351106,0.003250975292587776,0.0006501950585175553,0.0,0.0019505851755526658,0.003250975292587776,0.013654096228868661,0.0188556566970091,0.0006501950585175553,0.0013003901170351106,0.002600780234070221,0.0019505851755526658,0.011703511053315995,0.004551365409622887,0.0006501950585175553,0.0006501950585175553,0.0,0.004551365409622887,0.0006501950585175553,0.0013003901170351106,0.0006501950585175553,0.11118335500650195,0.0013003901170351106,0.0006501950585175553,0.0019505851755526658,0.0,0.0013003901170351106,0.0006501950585175553,0.002600780234070221,0.0006501950585175553,0.014304291287386216,0.0,0.013003901170351105,0.0006501950585175553,0.0,0.0006501950585175553,0.0,0.0006501950585175553,0.0006501950585175553,0.0,0.004551365409622887,0.0,0.0006501950585175553,0.0006501950585175553,0.0013003901170351106,0.0,0.0013003901170351106,0.0006501950585175553,0.0006501950585175553,0.0006501950585175553,0.0,0.0013003901170351106,0.0006501950585175553,0.0,0.0,0.0,0.0,0.003250975292587776,0.0013003901170351106,0.0,0.0,0.0,0.013654096228868661,0.0,0.0006501950585175553,0.0013003901170351106,0.0006501950585175553,0.0013003901170351106,0.0013003901170351106,0.0,0.0,0.0,0.0,0.0019505851755526658,0.0,0.0,0.0,0.0,0.0,0.0,0.0006501950585175553,0.0006501950585175553
51,51.0,499.0,0.0,0.6292585170340681,0.7094188376753507,0.875751503006012,1.0,0.0,0.875751503006012,0.27054108216432865,0.09018036072144289,0.0,0.0,0.0,0.0,0.0,0.0,0.0,0.0,0.0,0.0,0.0,0.0,0.002004008016032064,0.04208416833667335,0.03206412825651302,0.04008016032064128,0.028056112224448898,0.05410821643286573,0.036072144288577156,0.03406813627254509,0.050100200400801605,0.04408817635270541,0.03807615230460922,1.0,0.036072144288577156,0.0,0.014028056112224449,0.022044088176352707,0.01603206412825651,0.022044088176352707,0.0,0.006012024048096192,0.0,0.0,0.0,0.008016032064128256,0.0,0.0,0.0,0.0,0.0,0.0,0.0,0.0,0.0,0.0,0.0,0.0,0.0,0.0,0.0,0.0,0.0,0.0,0.0,0.002004008016032064,0.0,0.0,0.0,0.0,0.0,0.0,0.0,0.0,0.0,0.0,0.0,0.0,0.0,0.0,0.0,0.0,0.0,0.0,0.0,0.0,0.0,0.0,0.0,0.0,0.0,0.0,0.0,0.0,0.0,0.0,0.0,0.0,0.0,0.0,0.0,0.0,0.0,0.0,0.0,0.0,0.0,0.0,0.0,0.0,0.0,0.0,0.0,0.0,0.0,0.0,0.0,0.0,0.0,0.0,0.0,0.0
52,52.0,1771.0,0.0,1.0,1.0,0.30039525691699603,0.0,0.0,0.0,1.0,0.15584415584415584,0.0,0.0,0.0,0.0,0.0,0.0,0.0,0.0,0.0,0.0,0.0,0.0,0.0033879164313946925,0.018068887634105024,0.019198193111236588,0.020892151326933936,0.018633540372670808,0.020327498588368152,0.019762845849802372,0.024280067758328628,0.02258610954263128,0.023715415019762844,0.01637492941840768,0.017504234895539244,0.017504234895539244,0.0,0.009034443817052512,0.007905138339920948,0.010728402032749858,0.015245623941276116,0.001129305477131564,0.003952569169960474,0.000564652738565782,0.0,0.0,0.0033879164313946925,0.0,0.0,0.0,0.0,0.0,0.0,0.0,0.0,0.0,0.0,0.0,0.000564652738565782,0.000564652738565782,0.0,0.0,0.0,0.0,0.0,0.0,0.001129305477131564,0.0,0.0,0.0,0.0,0.0,0.0,0.0,0.0,0.0,0.0,0.0,0.0,0.0,0.000564652738565782,0.0,0.0,0.0,0.0,0.0,0.0,0.0,0.0,0.0,0.000564652738565782,0.0,0.0,0.0,0.0,0.0,0.0,0.0,0.0,0.0,0.0,0.0,0.0,0.0,0.0,0.0,0.0,0.0,0.0,0.0,0.0,0.0,0.0,0.0,0.0,0.0,0.0,0.000564652738565782,0.0,0.0,0.0,0.0,0.0
53,53.0,3323.0,0.0,0.4023472765573277,0.0,1.0,1.0,0.0,1.0,0.0,0.0,0.0003009328919650918,0.0012037315678603672,0.0003009328919650918,0.0003009328919650918,0.0,0.0,0.0,0.0,0.0,0.0,0.0,0.0,0.0006018657839301836,0.015949443274149863,0.019560637977730964,0.017755040625940414,0.019259705085765876,0.021366235329521515,0.017454107733975325,0.017454107733975325,0.021065302437556426,0.016250376166114956,0.02377369846524225,0.0,0.019861570869696057,0.0,0.01023171832681312,0.009328919650917845,0.009629852542882938,0.01023171832681312,0.0018055973517905506,0.0021065302437556425,0.0,0.0,0.0,0.0009027986758952753,0.0,0.0,0.0,0.0,0.0,0.0,0.0,0.0,0.0,0.0,0.0,0.0,0.0,0.0,0.0,0.0,0.0,0.0,0.0,0.0024074631357207344,0.0,0.0,0.0,0.0,0.0,0.0,0.0,0.0,0.0,0.0,0.0,0.0,0.0,0.0003009328919650918,0.0,0.0,0.0,0.0,0.0,0.0,0.0003009328919650918,0.0012037315678603672,0.0003009328919650918,0.0003009328919650918,0.0,0.0,0.0,0.0,0.0,0.0,0.0,0.0009027986758952753,0.0,0.0,0.0009027986758952753,0.0006018657839301836,0.0,0.0,0.0,0.0,0.0,0.0003009328919650918,0.0,0.0006018657839301836,0.0,0.0003009328919650918,0.0,0.0,0.0003009328919650918,0.0,0.0,0.0012037315678603672,0.0003009328919650918,0.0,0.0,0.0
54,54.0,489.0,0.0,1.0,0.32719836400818,0.0,1.0,0.5439672801635992,0.5194274028629857,0.2965235173824131,0.3047034764826176,0.0,0.002044989775051125,0.002044989775051125,0.0,0.0,0.002044989775051125,0.0,0.0,0.0,0.0,0.0,0.0,0.00408997955010225,1.0,0.03885480572597137,0.03680981595092025,0.03680981595092025,0.05930470347648262,0.032719836400818,0.028629856850715747,0.0081799591002045,0.044989775051124746,0.014314928425357873,0.03885480572597137,0.034764826175869123,0.0,0.012269938650306749,0.010224948875255624,0.026584867075664622,0.02044989775051125,0.0,0.002044989775051125,0.002044989775051125,0.0,0.0,0.00408997955010225,0.0,0.0,0.0,0.0,0.0,0.0,0.0,0.0,0.0,0.0,0.0,0.002044989775051125,0.002044989775051125,0.0,0.0,0.0,0.0,0.0,0.0,0.0,0.0,0.0,0.0,0.0,0.0,0.0,0.0,0.0,0.0,0.0,0.0,0.0,0.0,0.002044989775051125,0.0,0.0,0.0,0.0,0.0,0.0,0.0,0.0,0.0,0.0,0.0,0.0,0.0,0.0,0.0,0.0,0.0,0.0,0.0,0.0,0.0,0.0,0.0,0.0,0.0,0.0,0.0,0.0,0.0,0.0,0.0,0.0,0.0,0.0,0.0,0.0,0.0,0.0,0.0,0.0,0.0,0.0
55,55.0,780.0,0.0,0.9974358974358974,0.9948717948717949,1.0,0.9961538461538462,0.9987179487179487,0.9961538461538462,0.9846153846153847,0.9923076923076923,0.0,0.0,0.0,0.0,0.0,0.002564102564102564,0.0,0.0,0.0,0.0,0.0,0.0,0.0,0.8269230769230769,0.9705128205128205,0.5230769230769231,0.21923076923076923,0.40897435897435896,0.8782051282051282,0.2794871794871795,0.8333333333333334,0.19615384615384615,0.7269230769230769,0.16025641025641027,0.25,0.0,0.14358974358974358,0.20384615384615384,0.22692307692307692,0.21153846153846154,0.0,0.011538461538461539,0.0,0.0,0.0,0.0,0.0,0.0,0.0,0.0,0.0,0.0,0.0,0.0,0.0,0.0,0.0,0.0,0.0,0.0,0.0,0.0,0.0,0.0,0.0,0.0,0.0,0.0,0.0,0.0,0.0,0.0,0.0,0.0,0.0,0.0,0.0,0.0,0.0,0.001282051282051282,0.0,0.0,0.0,0.0,0.0,0.0,0.0,0.0,0.0,0.001282051282051282,0.0,0.0,0.0,0.0,0.0,0.0,0.0,0.0,0.0,0.0,0.0,0.0,0.0,0.0,0.0,0.0,0.0,0.001282051282051282,0.0,0.0,0.0,0.0,0.0,0.0,0.0,0.0,0.0,0.0,0.0,0.0,0.0,0.0
56,56.0,1384.0,0.0,0.0,0.7904624277456648,1.0,0.8121387283236994,0.0,0.7933526011560693,1.0,1.0,0.0,0.0,0.0,0.0,0.0,0.0,0.0,0.0,0.0,0.0,0.0,0.0,0.0036127167630057803,0.033236994219653176,0.04335260115606936,0.03901734104046243,0.033236994219653176,0.039739884393063585,0.039739884393063585,0.03829479768786127,0.028179190751445087,0.03251445086705202,0.028179190751445087,0.026734104046242775,0.04841040462427745,0.0,0.02601156069364162,0.025289017341040464,0.02745664739884393,0.020953757225433526,0.000722543352601156,0.0050578034682080926,0.000722543352601156,0.0,0.0,0.002890173410404624,0.0,0.0,0.0,0.0,0.0,0.0,0.0,0.0,0.0,0.0,0.0,0.000722543352601156,0.000722543352601156,0.0,0.000722543352601156,0.0,0.0,0.0,0.0,0.0,0.0,0.0,0.0,0.0,0.0,0.0,0.0,0.0,0.0,0.0,0.0,0.0,0.000722543352601156,0.0,0.0,0.0,0.0,0.0,0.0,0.0,0.000722543352601156,0.0,0.0,0.0,0.0,0.0,0.0,0.0,0.0,0.0,0.0,0.0,0.0,0.0,0.0,0.0,0.0,0.0,0.0,0.0,0.0,0.0,0.0,0.0,0.0,0.0,0.0,0.0,0.0,0.0,0.0,0.0,0.0,0.0,0.0,0.0
57,57.0,1021.0,0.0,0.9823702252693438,0.9745347698334965,0.980411361410382,0.9882468168462292,0.9833496571988247,0.9764936336924583,0.9363369245837414,0.930460333006856,0.0,0.0,0.0,0.0,0.0,0.0,0.0,0.0,0.0,0.0,0.0,0.0,0.0,0.14985308521057786,1.0,0.10969637610186092,0.11263467189030363,0.13320274240940255,0.14005876591576885,0.0,0.0,1.0,0.0920666013712047,0.09598432908912831,0.16356513222331048,0.0,0.0969637610186092,0.0930460333006856,0.11263467189030363,0.12340842311459353,0.0019588638589618022,0.0,0.0,0.0,0.0,0.004897159647404506,0.0,0.0,0.0,0.0,0.0,0.0,0.0,0.0,0.0,0.0,0.0,0.0,0.0,0.0,0.0,0.0,0.0,0.0,0.0,0.0009794319294809011,0.0,0.0,0.0,0.0,0.0,0.0,0.0,0.0,0.0,0.0,0.0,0.0,0.0,0.0009794319294809011,0.0,0.0,0.0,0.0,0.0,0.0,0.0,0.0,0.0,0.0,0.0,0.0,0.0,0.0,0.0,0.0,0.0,0.0,0.0,0.0,0.0,0.0,0.0,0.0,0.0,0.0,0.0,0.0009794319294809011,0.0,0.0,0.0,0.0,0.0,0.0,0.0,0.0,0.0,0.0,0.0,0.0,0.0,0.0
58,58.0,2076.0,0.0,0.0,0.0,1.0,0.0,1.0,1.0,0.0,0.0,0.0,0.0,0.0,0.0,0.0,0.0,0.0,0.0,0.0,0.0,0.0,0.0,0.0024084778420038534,0.012524084778420038,0.018304431599229287,0.0,0.015414258188824663,0.017341040462427744,0.017341040462427744,0.012524084778420038,0.014932562620423893,0.01300578034682081,0.014450867052023121,0.01300578034682081,0.011078998073217727,0.0004816955684007707,0.007707129094412331,0.008188824662813102,0.007707129094412331,0.006262042389210019,0.0019267822736030828,0.0024084778420038534,0.0,0.0,0.0,0.001445086705202312,0.0,0.0,0.0,0.0,0.0,0.0,0.0,0.0,0.0,0.0,0.0,0.0,0.0,0.0,0.0,0.0,0.0,0.0,0.0,0.0004816955684007707,0.0,0.0,0.0,0.0,0.0,0.0,0.0,0.0,0.0,0.0,0.0,0.0,0.0,0.0,0.0,0.0,0.0,0.0,0.0,0.0,0.0,0.0,0.0,0.0,0.0,0.0,0.0,0.0,0.0,0.0,0.0,0.0,0.0,0.0,0.0,0.0,0.0,0.0,0.0,0.0,0.0,0.0,0.0,0.0,0.0,0.0,0.0,0.0,0.0,0.0,0.0,0.0,0.0,0.0,0.0,0.0
59,59.0,8678.0,0.0,0.23081355150956442,1.0,0.0,0.0,1.0,0.0,0.0,0.0,0.00023046784973496196,0.0006914035492048859,0.00115233924867481,0.0,0.0,0.000576169624337405,0.0,0.0,0.0,0.0,0.0,0.0,0.0033417838211569485,0.011177690712145655,0.009564415764000921,0.009794883613735884,0.00944918183913344,0.010486287162940769,0.009910117538603365,0.011869094261350542,0.0,0.0076054390412537455,0.0,0.007835906890988707,0.007259737266651302,0.00034570177460244297,0.0055312283936390875,0.004955058769301682,0.0044941230698317585,0.005070292694169164,0.0032265498962894676,0.00460935699469924,0.00011523392486748098,0.0,0.0,0.0010371053238073288,0.00011523392486748098,0.0,0.0,0.0,0.0,0.0,0.0,0.0,0.0,0.0,0.0,0.00011523392486748098,0.00011523392486748098,0.0,0.0,0.0,0.0,0.0,0.0,0.00034570177460244297,0.0,0.0,0.0,0.0,0.0,0.0,0.0,0.0,0.0,0.00011523392486748098,0.0,0.0,0.0004609356994699239,0.00023046784973496196,0.0,0.00011523392486748098,0.0,0.0,0.0,0.0,0.0,0.0,0.0,0.00034570177460244297,0.0,0.0,0.0,0.0,0.0,0.0,0.0,0.0,0.0,0.0,0.0,0.0,0.0,0.0,0.0,0.0,0.0,0.00011523392486748098,0.0,0.0,0.0,0.0,0.0,0.0,0.0,0.0,0.00011523392486748098,0.0,0.0,0.0,0.0,0.0
60,60.0,1371.0,0.0,0.9861415025528811,0.9839533187454412,0.9861415025528811,0.9846827133479212,0.9832239241429613,0.9854121079504011,0.9445660102115244,0.949671772428884,0.0,0.0,0.0,0.0,0.0,0.0014587892049598833,0.0,0.0,0.0,0.0,0.0,0.0,0.0014587892049598833,0.16630196936542668,0.10722100656455143,0.16338439095550694,0.20860685630926332,1.0,0.15536105032822758,1.0,0.07148067104303428,0.15025528811086797,0.18526622902990517,0.13931436907366884,0.10430342815463166,0.0,0.08606856309263311,0.1436907366885485,0.12035010940919037,0.12691466083150985,0.0,0.0036469730123997084,0.0,0.0,0.0,0.0,0.0,0.0,0.0,0.0,0.0,0.0,0.0,0.0,0.0,0.0,0.0,0.0,0.0,0.0,0.0,0.0,0.0,0.0,0.0,0.0007293946024799417,0.0,0.0,0.0,0.0,0.0,0.0,0.0,0.0,0.0,0.0,0.0,0.0,0.0,0.0,0.0,0.0,0.0,0.0,0.0,0.0,0.0,0.0,0.0007293946024799417,0.0,0.0,0.0,0.0,0.0,0.0,0.0,0.0,0.0,0.0,0.0,0.0,0.0,0.0,0.0,0.0,0.0,0.0,0.0007293946024799417,0.0,0.0,0.0,0.0,0.0,0.0,0.0,0.0,0.0,0.0,0.0,0.0,0.0,0.0
61,61.0,823.0,0.0,0.0,0.0,0.0,1.0,1.0,1.0,0.3560145808019441,1.0,0.001215066828675577,0.001215066828675577,0.0,0.001215066828675577,0.0,0.001215066828675577,0.0,0.0,0.0,0.0,0.0,0.0,0.001215066828675577,0.03523693803159174,0.02916160388821385,0.019441069258809233,0.019441069258809233,0.027946537059538274,0.031591737545565005,0.018226002430133656,0.032806804374240585,0.027946537059538274,0.030376670716889428,0.02187120291616039,0.030376670716889428,0.0,0.013365735115431349,0.015795868772782502,0.010935601458080195,0.023086269744835967,0.001215066828675577,0.001215066828675577,0.0,0.0,0.001215066828675577,0.0036452004860267314,0.0,0.0,0.0,0.0,0.001215066828675577,0.0,0.0,0.0,0.0,0.0,0.0,0.0,0.0,0.0,0.0,0.001215066828675577,0.0,0.0,0.0,0.001215066828675577,0.0,0.0,0.0,0.0,0.0,0.0,0.0,0.0,0.0,0.0,0.0,0.0,0.0,0.0,0.0,0.0,0.0,0.0,0.0,0.0,0.0,0.0,0.0,0.0,0.0,0.0,0.0,0.0,0.0,0.0,0.0,0.0,0.0,0.0,0.0,0.0,0.0,0.0,0.0,0.0,0.0,0.0,0.0,0.0,0.0,0.0,0.0,0.0,0.0,0.0,0.0,0.0,0.0,0.0,0.0,0.0
62,62.0,2549.0,0.0,0.984699882306787,0.9890153001176932,0.9874460572773637,0.9639074146724206,0.9678305217732444,1.0,0.9376225970969008,1.0,0.0007846214201647705,0.0011769321302471558,0.0007846214201647705,0.0,0.0,0.0007846214201647705,0.0,0.0,0.0,0.0,0.0,0.0,0.00039231071008238524,0.13848568065908198,0.0,0.0,0.0,0.0,0.09729305610043154,1.0,0.0,0.14750882699097687,0.10435464888191448,0.0,0.10984699882306787,0.0,0.08081600627697136,0.08983915260886623,0.07493134562573558,0.0745390349156532,0.001569242840329541,0.003138485680659082,0.0,0.0,0.0,0.001961553550411926,0.0,0.0,0.0,0.0,0.0,0.0,0.0,0.00039231071008238524,0.0,0.0,0.0,0.0,0.0,0.0,0.0,0.0,0.0,0.0,0.0,0.0007846214201647705,0.0,0.0,0.0,0.0,0.0,0.0,0.0,0.0,0.0,0.0,0.0,0.0,0.0,0.00039231071008238524,0.0,0.0,0.0,0.0,0.0,0.0,0.0,0.0,0.0,0.00039231071008238524,0.0,0.0,0.0,0.0,0.0,0.0,0.0,0.0,0.0,0.0,0.0,0.0,0.0,0.0,0.0,0.0,0.0,0.0,0.0,0.0,0.0,0.0,0.0,0.0,0.0,0.0,0.0,0.0,0.0,0.0,0.0,0.0
63,63.0,446.0,0.0,0.15022421524663676,0.2062780269058296,0.8094170403587444,0.09865470852017937,0.8295964125560538,0.8766816143497758,0.02914798206278027,0.08295964125560538,0.0,0.0,0.0,0.0,0.0,0.0,0.0,0.0,0.0,0.0,0.0,0.0,0.002242152466367713,0.033632286995515695,0.02466367713004484,1.0,0.01569506726457399,0.04708520179372197,0.017937219730941704,0.020179372197309416,0.02914798206278027,0.02466367713004484,0.033632286995515695,0.02466367713004484,0.033632286995515695,0.0,0.004484304932735426,0.017937219730941704,0.01569506726457399,0.006726457399103139,0.006726457399103139,0.0,0.002242152466367713,0.0,0.0,0.008968609865470852,0.0,0.0,0.0,0.0,0.0,0.0,0.0,0.0,0.0,0.0,0.0,0.002242152466367713,0.002242152466367713,0.0,0.0,0.0,0.0,0.0,0.0,0.0,0.0,0.0,0.0,0.0,0.0,0.0,0.0,0.0,0.0,0.0,0.0,0.0,0.0,0.0,0.0,0.0,0.0,0.0,0.0,0.0,0.0,0.0,0.0,0.0,0.0,0.0,0.0,0.0,0.0,0.0,0.0,0.0,0.0,0.0,0.0,0.0,0.0,0.0,0.0,0.0,0.0,0.0,0.0,0.0,0.0,0.0,0.0,0.0,0.0,0.0,0.0,0.0,0.0,0.0,0.0,0.0
64,64.0,328.0,0.0,0.3475609756097561,0.46646341463414637,0.2865853658536585,1.0,1.0,0.0,0.29878048780487804,0.0,0.0,0.0,0.0,0.0,0.0,0.0,0.0,0.0,0.0,0.0,0.0,0.0,0.006097560975609756,0.039634146341463415,0.04878048780487805,0.027439024390243903,0.03353658536585366,0.024390243902439025,1.0,0.03048780487804878,0.03353658536585366,0.021341463414634148,0.027439024390243903,0.036585365853658534,0.03048780487804878,0.0,0.021341463414634148,0.018292682926829267,0.006097560975609756,0.003048780487804878,0.0,0.003048780487804878,0.0,0.0,0.0,0.003048780487804878,0.0,0.0,0.0,0.0,0.0,0.0,0.0,0.0,0.0,0.0,0.0,0.0,0.0,0.0,0.0,0.0,0.0,0.0,0.0,0.0,0.0,0.0,0.0,0.0,0.0,0.0,0.0,0.0,0.0,0.0,0.0,0.0,0.0,0.0,0.0,0.0,0.0,0.0,0.0,0.0,0.0,0.0,0.0,0.0,0.0,0.0,0.0,0.0,0.0,0.0,0.0,0.0,0.0,0.0,0.0,0.0,0.0,0.0,0.0,0.0,0.0,0.0,0.0,0.0,0.0,0.0,0.0,0.0,0.0,0.0,0.0,0.0,0.0,0.0,0.0,0.0
65,65.0,3487.0,0.00028677946659019213,0.00028677946659019213,0.0008603383997705764,0.00028677946659019213,0.0,0.0,0.0,0.0,0.00028677946659019213,0.9727559506739317,0.9440780040149125,0.6191568683682248,0.9994264410668197,0.1792371666188701,0.5391453971895612,0.7843418411241755,0.5279609979925437,0.5345569257241182,0.5460281043877259,0.5296816747920848,0.5207915113277889,0.0014338973329509608,0.00028677946659019213,0.00028677946659019213,0.00028677946659019213,0.00028677946659019213,0.0,0.0,0.00028677946659019213,0.0005735589331803843,0.00028677946659019213,0.0,0.0,0.0,0.0,0.00028677946659019213,0.0,0.00028677946659019213,0.00028677946659019213,0.0011471178663607685,0.0014338973329509608,0.0005735589331803843,0.0,0.0,0.0,0.0011471178663607685,0.0011471178663607685,0.0011471178663607685,0.00028677946659019213,0.00028677946659019213,0.0011471178663607685,0.0011471178663607685,0.0008603383997705764,0.0011471178663607685,0.0008603383997705764,0.0,0.00028677946659019213,0.00028677946659019213,0.0005735589331803843,0.0,0.0,0.00028677946659019213,0.0,0.0008603383997705764,0.00028677946659019213,0.0011471178663607685,0.0,0.0,0.0,0.0,0.00028677946659019213,0.0,0.0,0.0,0.0,0.0,0.0005735589331803843,0.0,0.0,0.0005735589331803843,0.0,0.00028677946659019213,0.0,0.0,0.00028677946659019213,0.0,0.0,0.0,0.0,0.0,0.0,0.0,0.0,0.0,0.00028677946659019213,0.00028677946659019213,0.0,0.0,0.0,0.0,0.0,0.00028677946659019213,0.00028677946659019213,0.0,0.0,0.0,0.0,0.0,0.0,0.0,0.00028677946659019213,0.00028677946659019213,0.0,0.00028677946659019213,0.0,0.0,0.0,0.00028677946659019213,0.0,0.0,0.0
66,66.0,669.0,0.0,0.8086696562032885,1.0,0.898355754857997,0.8475336322869955,0.8535127055306427,0.9177877428998505,0.0,0.0,0.0,0.0,0.0,0.0,0.0,0.0,0.0,0.0,0.0,0.0,0.0,0.0,0.0029895366218236174,0.0687593423019432,0.06427503736920777,0.0687593423019432,1.0,0.059790732436472344,0.05530642750373692,0.07324364723467862,0.053811659192825115,0.07025411061285501,0.03288490284005979,0.04185351270553064,0.05680119581464873,0.0,0.02242152466367713,0.026905829596412557,0.02391629297458894,0.028400597907324365,0.0014947683109118087,0.005979073243647235,0.0,0.0,0.0,0.004484304932735426,0.0,0.0,0.0,0.0,0.0,0.0,0.0,0.0,0.0,0.0,0.0,0.0,0.0,0.0,0.0,0.0,0.0,0.0,0.0,0.0029895366218236174,0.0,0.0,0.0,0.0,0.0,0.0,0.0,0.0,0.0,0.0,0.0,0.0,0.0,0.0,0.0,0.0,0.0,0.0,0.0,0.0,0.0,0.0,0.0,0.0,0.0,0.0,0.0,0.0,0.0,0.0,0.0,0.0,0.0,0.0,0.0,0.0,0.0,0.0,0.0,0.0,0.0,0.0014947683109118087,0.0,0.0,0.0,0.0,0.0,0.0,0.0,0.0,0.0,0.0,0.0,0.0,0.0,0.0
67,67.0,1089.0,0.0,1.0,0.2764003673094582,0.2534435261707989,0.22497704315886133,1.0,0.0,1.0,1.0,0.0009182736455463728,0.0018365472910927456,0.0,0.0,0.0,0.0,0.0,0.0,0.0,0.0,0.0,0.0,0.0027548209366391185,0.020202020202020204,0.04224058769513315,0.02938475665748393,0.03397612488521579,0.02295684113865932,0.03397612488521579,0.025711662075298437,0.017447199265381085,0.028466483011937556,0.028466483011937556,0.023875114784205693,0.031221303948576674,0.0,0.012855831037649219,0.011019283746556474,0.015610651974288337,0.02295684113865932,0.0009182736455463728,0.0027548209366391185,0.0,0.0,0.0,0.0018365472910927456,0.0,0.0,0.0,0.0009182736455463728,0.0,0.0,0.0,0.0,0.0,0.0,0.0,0.0,0.0,0.0,0.0,0.0,0.0,0.0,0.0,0.0009182736455463728,0.0,0.0,0.0,0.0,0.0,0.0,0.0,0.0,0.0,0.0,0.0,0.0,0.0,0.0,0.0,0.0,0.0,0.0,0.0,0.0,0.0,0.0,0.0,0.0,0.0,0.0,0.0,0.0,0.0,0.0,0.0,0.0,0.0,0.0,0.0,0.0,0.0,0.0,0.0,0.0,0.0,0.0,0.0,0.0,0.0,0.0,0.0,0.0,0.0,0.0,0.0,0.0,0.0,0.0,0.0,0.0
68,68.0,3956.0,0.0,0.878159757330637,0.884479271991911,0.0,0.8837209302325582,0.8761375126390293,0.878412537917088,1.0,1.0,0.0005055611729019212,0.0007583417593528817,0.0005055611729019212,0.0002527805864509606,0.0,0.0005055611729019212,0.0,0.0,0.0,0.0,0.0,0.0,0.001769464105156724,0.03058645096056623,0.03488372093023256,0.04196157735085945,0.005813953488372093,0.04196157735085945,0.041708796764408494,0.02704752275025278,0.025278058645096056,0.04777553083923155,0.043478260869565216,0.034378159757330634,0.03008088978766431,0.0002527805864509606,0.023508594539939334,0.02249747219413549,0.025278058645096056,0.021233569261880688,0.0012639029322548028,0.004297269969666329,0.0005055611729019212,0.0002527805864509606,0.0002527805864509606,0.0005055611729019212,0.0,0.0,0.0,0.0002527805864509606,0.0,0.0,0.0,0.0,0.0,0.0,0.0,0.0,0.0,0.0,0.0,0.0,0.0,0.0,0.0,0.0007583417593528817,0.0,0.0,0.0,0.0,0.0,0.0,0.0,0.0,0.0,0.0,0.0,0.0,0.0005055611729019212,0.0007583417593528817,0.0,0.0,0.0,0.0,0.0,0.0,0.0,0.0,0.0,0.0002527805864509606,0.0,0.0,0.0,0.0,0.0,0.0,0.0,0.0002527805864509606,0.0,0.0,0.0,0.0,0.0,0.0,0.0,0.0,0.0,0.0005055611729019212,0.0,0.0,0.0,0.0,0.0,0.0,0.0002527805864509606,0.0,0.0,0.0002527805864509606,0.0,0.0,0.0,0.0
69,69.0,1343.0,0.0,1.0,0.0,1.0,1.0,1.0,0.0,0.0,0.0,0.0,0.0022338049143708115,0.0029784065524944155,0.0,0.0,0.0014892032762472078,0.0,0.0,0.0,0.0,0.0,0.0,0.0022338049143708115,0.023827252419955324,0.027550260610573342,0.020104244229337303,0.0193596425912137,0.024571854058078928,0.024571854058078928,0.020104244229337303,0.026061057334326135,0.026061057334326135,0.03052866716306776,0.024571854058078928,0.028294862248696945,0.0007446016381236039,0.016381236038719285,0.00967982129560685,0.014147431124348473,0.014147431124348473,0.0,0.004467609828741623,0.0,0.0,0.0,0.0014892032762472078,0.0,0.0,0.0,0.0,0.0,0.0,0.0,0.0,0.0,0.0,0.0,0.0,0.0,0.0,0.0,0.0,0.0,0.0,0.0,0.0007446016381236039,0.0,0.0,0.0,0.0,0.0,0.0,0.0,0.0,0.0,0.0,0.0,0.0,0.0,0.0,0.0,0.0,0.0,0.0,0.0,0.0,0.0,0.0,0.0,0.0,0.0007446016381236039,0.0,0.0,0.0,0.0,0.0,0.0,0.0,0.0,0.0,0.0,0.0,0.0,0.0007446016381236039,0.0,0.0,0.0,0.0,0.0,0.0,0.0,0.0007446016381236039,0.0,0.0,0.0,0.0,0.0,0.0,0.0,0.0,0.0,0.0
70,70.0,6785.0,0.0,0.0,0.0,1.0,1.0,0.0,0.0,0.0,0.0,0.0004421518054532056,0.0002947678703021371,0.00014738393515106854,0.00014738393515106854,0.0,0.00014738393515106854,0.0,0.0,0.0,0.0,0.0,0.0,0.002800294767870302,0.008695652173913044,0.007369196757553427,0.01002210759027266,0.007369196757553427,0.00899042004421518,0.007811348563006633,0.009285187914517318,0.0079587324981577,0.008400884303610906,0.006190125276344879,0.008548268238761975,0.009285187914517318,0.00014738393515106854,0.005453205600589536,0.005600589535740604,0.005158437730287398,0.002800294767870302,0.0032424465733235075,0.0014738393515106854,0.0002947678703021371,0.0,0.0,0.0004421518054532056,0.0,0.0,0.00014738393515106854,0.0,0.0,0.0,0.0,0.0,0.0,0.0,0.0,0.00014738393515106854,0.00014738393515106854,0.0,0.0,0.00014738393515106854,0.0,0.0,0.0,0.0005895357406042742,0.0,0.00014738393515106854,0.0,0.0,0.0,0.0,0.0,0.0,0.0,0.0,0.0,0.0,0.0,0.0,0.0,0.0,0.0,0.0,0.0,0.0,0.0,0.0,0.0,0.00014738393515106854,0.0,0.0,0.0,0.0,0.0,0.0,0.0,0.0,0.00014738393515106854,0.0,0.0,0.0,0.0,0.0,0.0,0.0,0.0,0.0002947678703021371,0.0,0.0,0.0,0.0,0.0,0.0,0.0,0.0,0.0,0.0,0.0,0.0,0.0,0.0
71,71.0,2306.0,0.0,0.9891587163920208,0.9653078924544666,0.9921942758022549,0.9679098005203816,0.9605377276669558,0.9882914137033825,1.0,0.9648742411101474,0.0,0.0,0.0,0.0,0.0,0.0017346053772766695,0.0,0.0,0.0,0.0,0.0,0.0,0.0,0.1396357328707719,0.1370338248048569,0.0,0.0,0.13226366001734605,1.0,0.0,0.0,0.0,0.09627059843885516,0.0,0.0,0.0,0.0,0.07502168256721596,0.07935819601040764,0.07198612315698179,0.0,0.005637467476149176,0.0,0.0,0.0,0.0008673026886383347,0.0,0.0,0.0,0.0,0.0,0.0,0.0,0.0004336513443191674,0.0,0.0,0.0,0.0,0.0,0.0,0.0,0.0,0.0,0.0,0.0,0.0,0.0,0.0,0.0,0.0,0.0,0.0,0.0,0.0,0.0,0.0,0.0,0.0,0.0013009540329575022,0.0004336513443191674,0.0,0.0,0.0,0.0,0.0,0.0,0.0,0.0,0.0,0.0008673026886383347,0.0,0.0,0.0,0.0,0.0,0.0,0.0,0.0,0.0,0.0,0.0,0.0,0.0,0.0,0.0,0.0,0.0,0.0004336513443191674,0.0,0.0,0.0,0.0,0.0,0.0,0.0,0.0,0.0,0.0,0.0,0.0,0.0,0.0
72,72.0,8612.0,0.12656758012076172,0.0008128193218764515,0.001741755689735253,0.0008128193218764515,0.0005805852299117511,0.0012772875058058523,0.002206223873664654,0.0010450534138411519,0.0009289363678588017,0.3750580585229912,0.4206920575940548,1.0,0.0,0.0,0.017765908035299583,0.0074314909428704135,0.028913144449605202,0.006967022758941012,0.0066186716209939616,0.006850905712958663,0.006154203437064561,0.06827682303762192,0.00011611704598235021,0.0,0.0,0.00011611704598235021,0.00011611704598235021,0.0,0.0,0.0006967022758941013,0.0,0.00046446818392940084,0.0,0.00011611704598235021,0.00034835113794705065,0.00011611704598235021,0.0,0.0,0.0,0.041221551323734326,0.004876915931258709,0.006850905712958663,0.0020901068276823038,0.0035996284254528567,0.00568973525313516,0.0006967022758941013,0.0026706920575940546,0.0009289363678588017,0.0,0.004528564793311658,0.00046446818392940084,0.00011611704598235021,0.007199256850905713,0.00011611704598235021,0.00568973525313516,0.0,0.00046446818392940084,0.001741755689735253,0.00023223409196470042,0.0,0.001741755689735253,0.0,0.00011611704598235021,0.00034835113794705065,0.011611704598235021,0.0010450534138411519,0.010334417092429169,0.013934045517882025,0.0,0.0,0.003947979563399907,0.00011611704598235021,0.0,0.00011611704598235021,0.0,0.0,0.0,0.0,0.0008128193218764515,0.0025545750116117046,0.0,0.0019739897816999537,0.0025545750116117046,0.0,0.0025545750116117046,0.00011611704598235021,0.0013934045517882026,0.00034835113794705065,0.00011611704598235021,0.004064096609382257,0.0029029261495587553,0.00568973525313516,0.0037157454714352067,0.00034835113794705065,0.0013934045517882026,0.003251277287505806,0.0005805852299117511,0.001741755689735253,0.0,0.00011611704598235021,0.0058058522991175105,0.003367394333488156,0.0,0.0,0.0,0.0,0.0,0.0,0.00011611704598235021,0.00046446818392940084,0.00011611704598235021,0.0031351602415234554,0.0,0.0,0.0,0.0,0.0,0.0,0.00034835113794705065,0.0,0.0019739897816999537
73,73.0,4626.0,0.0,1.0,1.0,0.3017725897103329,0.28123648940769563,1.0,1.0,0.1327280587980977,0.0,0.00021616947686986597,0.0006485084306095979,0.00043233895373973193,0.0,0.0,0.00043233895373973193,0.0,0.0,0.0,0.0,0.0,0.0,0.00216169476869866,0.01837440553393861,0.03674881106787722,0.01124081279723303,0.008214440121054907,0.029831387808041506,0.01664504971897968,0.006701253782965845,0.00864677907479464,0.033073929961089495,0.009943795936013834,0.014483354950281021,0.013834846519671422,0.00043233895373973193,0.01556420233463035,0.01707738867271941,0.012537829658452227,0.013618677042801557,0.0015131863380890619,0.0036748811067877215,0.00021616947686986597,0.0,0.0,0.0023778642455685255,0.0,0.0,0.0,0.00021616947686986597,0.0,0.0,0.0,0.0,0.0,0.0,0.0,0.00021616947686986597,0.00021616947686986597,0.0,0.0,0.0,0.0,0.0,0.0,0.00043233895373973193,0.0,0.0,0.0,0.0,0.0,0.0,0.0,0.0,0.0,0.0,0.0,0.0,0.0,0.00043233895373973193,0.0,0.0,0.0,0.0,0.0,0.0,0.0,0.0,0.0,0.00043233895373973193,0.0,0.0,0.0,0.0,0.0,0.0,0.0,0.0,0.0,0.0,0.00021616947686986597,0.0,0.0,0.0,0.0,0.00021616947686986597,0.0,0.0,0.00021616947686986597,0.0,0.0,0.0,0.0,0.0,0.0,0.0,0.0,0.0,0.0,0.0,0.0,0.0
74,74.0,1523.0,0.0,0.0,0.37097833223900195,0.0,0.1726854891661195,0.35587655942219304,1.0,1.0,1.0,0.0006565988181221273,0.0006565988181221273,0.0,0.0006565988181221273,0.0,0.0006565988181221273,0.0,0.0,0.0,0.0,0.0,0.0,0.0013131976362442547,0.016414970453053186,0.021011162179908074,0.02298095863427446,0.01969796454366382,0.021667760998030205,0.026263952724885097,0.018384766907419567,0.018384766907419567,0.019041365725541694,0.024294156270518712,0.024294156270518712,0.020354563361785948,0.0006565988181221273,0.013788575180564675,0.01969796454366382,0.011818778726198293,0.011818778726198293,0.001969796454366382,0.003282994090610637,0.0,0.0,0.0,0.0013131976362442547,0.0,0.0,0.0,0.0,0.0,0.0,0.0,0.0,0.0,0.0,0.0,0.0,0.0,0.0,0.0,0.0006565988181221273,0.0,0.0,0.0,0.0006565988181221273,0.0,0.0,0.0,0.0,0.0,0.0,0.0,0.0,0.0,0.0,0.0,0.0,0.0,0.0,0.0,0.0,0.0,0.0,0.0,0.0,0.0,0.0,0.0,0.0,0.0006565988181221273,0.0,0.0,0.0,0.0,0.0,0.0,0.0,0.0,0.0,0.0,0.0006565988181221273,0.0,0.0,0.0,0.0,0.0,0.0,0.0,0.0,0.0,0.0,0.0,0.0,0.0,0.0,0.0,0.0,0.0,0.0,0.0,0.0
75,75.0,1023.0,0.0,0.9804496578690127,0.9863147605083089,0.9765395894428153,0.9794721407624634,0.9814271749755621,0.978494623655914,0.9227761485826002,0.9472140762463344,0.0,0.0,0.0,0.0,0.0,0.0009775171065493646,0.0,0.0,0.0,0.0,0.0,0.0,0.0009775171065493646,0.19159335288367546,0.19745845552297164,0.0,1.0,0.0,0.0,0.1739980449657869,0.11632453567937438,0.15835777126099707,1.0,0.12512218963831867,0.187683284457478,0.0,0.09872922776148582,0.12512218963831867,0.10752688172043011,0.09775171065493646,0.0019550342130987292,0.005865102639296188,0.0,0.0,0.0,0.0019550342130987292,0.0,0.0,0.0,0.0,0.0,0.0,0.0,0.0,0.0,0.0,0.0,0.0,0.0,0.0,0.0,0.0,0.0,0.0,0.0,0.0,0.0,0.0,0.0,0.0,0.0,0.0,0.0,0.0,0.0,0.0,0.0,0.0,0.0,0.002932551319648094,0.0,0.0,0.0,0.0,0.0,0.0,0.0,0.0,0.0,0.0,0.0,0.0,0.0,0.0,0.0,0.0,0.0,0.0,0.0,0.0,0.0,0.0,0.0,0.0,0.0,0.0,0.0,0.0,0.0,0.0,0.0,0.0,0.0,0.0,0.0,0.0,0.0,0.0,0.0,0.0,0.0,0.0
76,76.0,1199.0,0.0,0.981651376146789,0.9841534612176814,0.9841534612176814,0.9774812343619683,0.9774812343619683,0.9808173477898249,0.9357798165137615,0.9341117597998332,0.0,0.0,0.0,0.0,0.0,0.0,0.0,0.0,0.0,0.0,0.0,0.0,0.0016680567139282735,0.1501251042535446,0.18098415346121768,0.16430358632193495,0.0,1.0,0.14762301918265222,0.0,0.17514595496246874,0.17097581317764804,1.0,0.17597998331943285,0.15346121768140117,0.0,0.08924103419516263,0.10758965804837364,0.09174311926605505,0.10842368640533778,0.0016680567139282735,0.0050041701417848205,0.0,0.0,0.0,0.0,0.0,0.0,0.0,0.0,0.0,0.0,0.0,0.0,0.0,0.0,0.0,0.0,0.0,0.0,0.0,0.0,0.0,0.0,0.0,0.0008340283569641367,0.0,0.0,0.0,0.0,0.0,0.0,0.0,0.0,0.0,0.0,0.0,0.0,0.0,0.0008340283569641367,0.0,0.0,0.0,0.0,0.0,0.0,0.0,0.0,0.0,0.0,0.0,0.0,0.0,0.0,0.0,0.0,0.0,0.0,0.0,0.0,0.0,0.0,0.0,0.0,0.0,0.0,0.0,0.0,0.0,0.0,0.0,0.0,0.0,0.0,0.0,0.0,0.0,0.0,0.0,0.0,0.0,0.0
77,77.0,1371.0,0.0,1.0,1.0,1.0,0.0,0.0,1.0,0.0,0.0,0.0,0.0,0.0007293946024799417,0.0007293946024799417,0.0,0.0,0.0,0.0,0.0,0.0,0.0,0.0,0.0007293946024799417,0.019693654266958426,0.01823486506199854,0.0350109409190372,0.03574033552151714,0.03646973012399708,0.029175784099197667,0.03355215171407731,0.03355215171407731,0.01823486506199854,0.028446389496717725,0.03938730853391685,0.0262582056892779,0.0007293946024799417,0.012399708242159009,0.011670313639679067,0.01312910284463895,0.010211524434719184,0.0007293946024799417,0.0036469730123997084,0.0007293946024799417,0.0,0.0,0.002188183807439825,0.0,0.0,0.0,0.0,0.0,0.0,0.0,0.0,0.0,0.0,0.0,0.0007293946024799417,0.0007293946024799417,0.0,0.0,0.0,0.0,0.0,0.0,0.0,0.0,0.0,0.0,0.0,0.0,0.0,0.0,0.0,0.0,0.0,0.0,0.0,0.0,0.0007293946024799417,0.0,0.0,0.0,0.0,0.0,0.0,0.0,0.0,0.0,0.0,0.0,0.0,0.0,0.0,0.0,0.0,0.0,0.0,0.0,0.0,0.0,0.0,0.0,0.0,0.0,0.0,0.0,0.0,0.0,0.0,0.0,0.0,0.0,0.0,0.0,0.0,0.0,0.0,0.0,0.0,0.0,0.0
78,78.0,1424.0,0.0,1.0,1.0,0.9985955056179775,0.9985955056179775,1.0,1.0,0.9971910112359551,0.9992977528089888,0.0,0.0,0.0,0.0007022471910112359,0.0,0.0,0.0,0.0,0.0,0.0,0.0,0.0,0.0007022471910112359,0.8799157303370787,0.8939606741573034,0.8721910112359551,0.8827247191011236,0.8623595505617978,0.8539325842696629,0.8370786516853933,0.901685393258427,0.8904494382022472,0.9747191011235955,0.8525280898876404,0.8792134831460674,0.0,0.0,0.7226123595505618,0.6875,0.6376404494382022,0.0007022471910112359,0.004213483146067416,0.0,0.0,0.0,0.0007022471910112359,0.0,0.0,0.0,0.0,0.0,0.0,0.0,0.0,0.0007022471910112359,0.0,0.0,0.0,0.0,0.0,0.0,0.0,0.0,0.0,0.0,0.0007022471910112359,0.0,0.0,0.0,0.0,0.0,0.0,0.0,0.0,0.0,0.0,0.0,0.0,0.0,0.0,0.0,0.0,0.0,0.0,0.0,0.0,0.0,0.0,0.0,0.0007022471910112359,0.0,0.0,0.0,0.0,0.0,0.0,0.0,0.0,0.0,0.0,0.0,0.0,0.0,0.0,0.0,0.0007022471910112359,0.0,0.0007022471910112359,0.0,0.0,0.0,0.0,0.0,0.0,0.0,0.0,0.0,0.0,0.0,0.0,0.0,0.0
79,79.0,6713.0,0.0,1.0,0.0,1.0,0.0,0.0,0.0,0.0,0.0,0.00014896469536719798,0.0,0.00029792939073439596,0.0,0.00014896469536719798,0.00044689408610159393,0.0,0.0,0.0,0.0,0.0,0.0,0.0032772232980783555,0.007448234768359899,0.009980634589602265,0.008639952331297482,0.009235811112766274,0.00804409354982869,0.009682705198867868,0.0075971994637270964,0.010576493371071057,0.008490987635930284,0.0075971994637270964,0.008937881722031879,0.008490987635930284,0.00014896469536719798,0.004171011470281543,0.004915834947117533,0.0038730820795471474,0.0037241173841799495,0.0016386116490391778,0.0017875763444063757,0.0,0.0,0.0,0.00044689408610159393,0.0,0.0,0.0,0.00014896469536719798,0.0,0.00014896469536719798,0.0,0.0,0.0,0.0,0.00014896469536719798,0.0,0.0,0.0,0.0,0.0,0.0,0.0,0.0,0.00014896469536719798,0.0,0.00014896469536719798,0.0,0.00014896469536719798,0.0,0.0,0.0,0.0,0.0,0.0,0.0,0.0,0.00014896469536719798,0.00029792939073439596,0.0,0.0,0.0,0.00014896469536719798,0.0,0.0,0.0,0.00014896469536719798,0.0,0.00014896469536719798,0.0,0.0,0.0,0.0,0.0,0.0,0.0,0.0,0.00014896469536719798,0.0,0.0,0.0,0.0,0.0,0.0,0.0,0.0,0.00014896469536719798,0.00014896469536719798,0.0,0.0,0.0,0.00014896469536719798,0.0,0.0,0.0,0.0,0.0,0.0,0.0,0.0,0.0
80,80.0,2760.0,0.0,0.9989130434782608,0.9981884057971014,0.9981884057971014,0.9985507246376811,0.9981884057971014,0.9981884057971014,0.9992753623188406,0.9989130434782608,0.0010869565217391304,0.00036231884057971015,0.00036231884057971015,0.0007246376811594203,0.00036231884057971015,0.0014492753623188406,0.00036231884057971015,0.0010869565217391304,0.00036231884057971015,0.0010869565217391304,0.00036231884057971015,0.0010869565217391304,0.0007246376811594203,0.9659420289855073,0.9634057971014492,0.9695652173913043,0.9688405797101449,0.9644927536231884,0.967391304347826,0.9634057971014492,0.9644927536231884,0.9579710144927536,0.986231884057971,0.9659420289855073,0.9644927536231884,0.0007246376811594203,1.0,0.9438405797101449,0.9007246376811594,0.8913043478260869,0.003985507246376811,0.005072463768115942,0.00036231884057971015,0.00036231884057971015,0.00036231884057971015,0.0018115942028985507,0.0007246376811594203,0.0,0.0,0.0,0.0,0.0,0.0,0.0,0.0,0.0,0.0,0.0,0.0,0.0,0.0,0.0,0.0,0.0,0.0,0.0010869565217391304,0.0,0.0,0.0,0.0,0.0,0.0,0.0,0.0,0.0,0.0,0.0,0.0,0.0014492753623188406,0.0,0.0,0.0007246376811594203,0.0,0.0,0.0,0.0,0.0,0.0,0.00036231884057971015,0.00036231884057971015,0.0,0.0007246376811594203,0.0,0.0,0.0,0.0014492753623188406,0.0,0.0,0.0,0.0007246376811594203,0.0,0.0,0.0007246376811594203,0.0,0.0,0.0,0.0,0.0014492753623188406,0.0,0.0,0.0,0.0,0.0007246376811594203,0.0,0.0,0.0,0.0,0.0,0.0,0.0,0.0,0.0
81,81.0,308.0,0.0,0.9512987012987013,0.12012987012987013,0.07792207792207792,0.3409090909090909,0.9155844155844156,0.935064935064935,0.6071428571428571,0.3344155844155844,0.0,0.0,0.0,0.0,0.0,0.0,0.0,0.0,0.0,0.0,0.0,0.0,0.003246753246753247,0.04220779220779221,0.045454545454545456,0.05194805194805195,1.0,0.022727272727272728,0.025974025974025976,0.02922077922077922,0.025974025974025976,0.016233766233766232,0.03896103896103896,0.032467532467532464,0.03571428571428571,0.0,0.012987012987012988,0.01948051948051948,0.012987012987012988,0.03571428571428571,0.003246753246753247,0.003246753246753247,0.0,0.0,0.0,0.0,0.0,0.0,0.0,0.0,0.0,0.0,0.0,0.0,0.0,0.0,0.0,0.0,0.0,0.0,0.0,0.0,0.0,0.0,0.0,0.0,0.0,0.0,0.0,0.0,0.0,0.0,0.0,0.0,0.0,0.0,0.0,0.0,0.0,0.0,0.0,0.0,0.0,0.0,0.0,0.0,0.0,0.0,0.0,0.0,0.0,0.0,0.0,0.0,0.0,0.0,0.0,0.0,0.0,0.0,0.0,0.0,0.0,0.0,0.0,0.0,0.0,0.0,0.0,0.0,0.0,0.0,0.0,0.0,0.0,0.0,0.0,0.0,0.0,0.0,0.0,0.0
82,82.0,11490.0,0.0,0.003394255874673629,0.00017406440382941688,0.00034812880765883376,0.00017406440382941688,0.00017406440382941688,0.00017406440382941688,0.00017406440382941688,0.00034812880765883376,0.9981723237597911,0.9938207136640557,0.0,1.0,0.9305483028720627,0.9326370757180157,0.9879895561357702,0.935248041775457,0.9302001740644038,0.9342036553524804,0.931940818102698,0.9333333333333333,0.004873803307223673,0.0,0.0,0.0,0.0,0.0,0.0,0.0,0.0,0.0,0.0,0.0,8.703220191470844e-05,0.0,0.0,0.0,0.0,0.0,0.003394255874673629,0.0009573542210617929,0.0002610966057441253,0.0002610966057441253,0.0002610966057441253,0.0,0.00034812880765883376,0.0006092254134029591,0.0002610966057441253,0.0,0.0005221932114882506,0.00034812880765883376,0.0004351610095735422,8.703220191470844e-05,0.0002610966057441253,8.703220191470844e-05,0.00034812880765883376,0.0,0.0,0.0005221932114882506,0.0,0.000783289817232376,0.0,0.0,0.0009573542210617929,0.0,0.0006092254134029591,0.0002610966057441253,0.0,0.0,0.0,0.0,0.0,0.0,0.0,0.0,0.0,0.0,0.0,0.0,0.0,0.0,0.0,0.0,0.0,0.0,0.0,0.0,0.0,0.0,0.0,0.0,0.0,0.0,0.0,0.0,0.0,0.0,0.0,0.0,0.0,0.0,0.0,0.0,0.0,0.0,0.0,0.0,0.0,0.0,0.0,0.0,0.0,0.0,0.0,0.0,0.0,0.0,0.0,0.0,0.0,0.0
83,83.0,2858.0,0.0,1.0,0.0,0.0,1.0,0.0,1.0,0.287963610916725,0.08292512246326102,0.0017494751574527643,0.002099370188943317,0.0010496850944716584,0.0010496850944716584,0.0,0.0,0.0,0.0,0.0,0.0,0.0,0.0,0.0034989503149055285,0.0,0.017844646606018196,0.02309307207837649,0.015395381385584325,0.010146955913226032,0.017844646606018196,0.01819454163750875,0.010146955913226032,0.015745276417074877,0.01469559132260322,0.01959412176347096,0.01994401679496151,0.0003498950314905528,0.012596221133659902,0.011896431070678797,0.010846745976207137,0.007697690692792162,0.00244926522043387,0.003848845346396081,0.0013995801259622112,0.0,0.0,0.0013995801259622112,0.0,0.0,0.0,0.0,0.0,0.0,0.0,0.0013995801259622112,0.0,0.0,0.0,0.0003498950314905528,0.0003498950314905528,0.0,0.0,0.0,0.0,0.0,0.0,0.0027991602519244225,0.0,0.0010496850944716584,0.0010496850944716584,0.0,0.0,0.0,0.0,0.0,0.0,0.0,0.0,0.0,0.0,0.0003498950314905528,0.0,0.0,0.0,0.0,0.0,0.0,0.0,0.0013995801259622112,0.0006997900629811056,0.0,0.0,0.0,0.0,0.0,0.0,0.0,0.0,0.0,0.0,0.0,0.0013995801259622112,0.002099370188943317,0.0,0.0,0.0,0.0,0.0,0.0003498950314905528,0.0,0.0013995801259622112,0.0,0.0010496850944716584,0.0,0.0,0.0013995801259622112,0.0,0.0,0.0,0.0003498950314905528,0.0,0.0,0.0
84,84.0,2665.0,0.0,1.0,1.0,1.0,0.4026266416510319,0.40112570356472793,1.0,1.0,1.0,0.000375234521575985,0.0,0.0,0.0,0.0,0.0,0.0,0.0,0.0,0.0,0.0,0.0,0.001125703564727955,0.0075046904315197,0.006378986866791745,0.010131332082551596,0.00975609756097561,0.05590994371482176,0.00975609756097561,0.00825515947467167,0.00825515947467167,0.006378986866791745,0.00675422138836773,0.007879924953095686,0.01200750469043152,0.0,0.02776735459662289,0.03527204502814259,0.03527204502814259,0.02551594746716698,0.00075046904315197,0.00450281425891182,0.0,0.0,0.0,0.00075046904315197,0.0,0.0,0.0,0.0,0.0,0.0,0.0,0.0,0.0,0.0,0.0,0.0,0.0,0.0,0.0,0.0,0.0,0.0,0.0,0.00075046904315197,0.0,0.0,0.0,0.0,0.0,0.0,0.0,0.0,0.0,0.0,0.0,0.0,0.000375234521575985,0.0,0.0,0.0,0.0,0.0,0.0,0.0,0.000375234521575985,0.0,0.0,0.000375234521575985,0.0,0.0,0.0,0.0,0.0,0.0,0.0,0.0,0.0,0.0,0.0,0.0,0.0,0.0,0.0,0.0,0.0,0.0,0.0,0.0,0.0,0.0,0.0,0.0,0.0,0.0,0.0,0.0,0.0,0.0,0.0,0.0
85,85.0,4522.0,0.0,0.6930561698363555,1.0,1.0,1.0,1.0,1.0,0.0,0.0,0.0,0.0004422821760283061,0.0004422821760283061,0.0,0.0,0.0004422821760283061,0.0,0.0,0.0,0.0,0.0,0.0,0.0017691287041132243,0.05042016806722689,0.04953560371517028,0.011278195488721804,0.0,0.040689960194604156,0.0,0.008845643520566122,0.04400707651481645,0.04666076957098629,0.0,0.0,0.050641309155241045,0.00022114108801415304,0.0046439628482972135,0.021671826625386997,0.02344095532950022,0.023662096417514374,0.0013268465280849183,0.004201680672268907,0.0,0.0,0.0,0.0013268465280849183,0.0,0.0,0.0,0.0,0.0,0.00022114108801415304,0.0,0.0,0.0,0.0,0.0,0.0,0.0,0.0,0.0,0.0,0.0,0.0,0.0,0.0004422821760283061,0.0,0.0,0.0,0.0,0.0,0.0,0.0,0.0,0.0,0.0,0.0,0.0,0.0,0.0,0.0,0.0,0.0,0.0,0.0,0.0,0.0,0.0,0.0,0.0,0.0,0.0,0.0,0.0,0.0,0.0,0.0,0.0,0.0,0.0,0.0,0.0,0.0,0.0,0.0,0.0,0.0,0.00022114108801415304,0.0,0.0,0.0,0.0,0.0,0.0,0.0,0.0,0.0,0.0,0.0,0.0,0.0,0.0
86,86.0,324.0,0.0,0.10493827160493827,0.2037037037037037,0.0,0.3611111111111111,0.32098765432098764,0.06481481481481481,1.0,0.10802469135802469,0.0,0.0,0.0,0.0,0.0,0.0,0.0,0.0,0.0030864197530864196,0.0,0.0,0.0,0.0,0.021604938271604937,0.024691358024691357,0.009259259259259259,0.015432098765432098,0.018518518518518517,0.0030864197530864196,0.027777777777777776,0.018518518518518517,0.037037037037037035,0.021604938271604937,1.0,0.024691358024691357,0.0,0.0,0.009259259259259259,0.012345679012345678,0.015432098765432098,0.0,0.0,0.0,0.0,0.0030864197530864196,0.0,0.0,0.0,0.0,0.0,0.0,0.0,0.0030864197530864196,0.0,0.0,0.0,0.0,0.0,0.0,0.0,0.0,0.0,0.0,0.0,0.0030864197530864196,0.0,0.0,0.0,0.0,0.0,0.0,0.0,0.0,0.0,0.0,0.0030864197530864196,0.0030864197530864196,0.0,0.0,0.0030864197530864196,0.0,0.0,0.0,0.0,0.0,0.0,0.0030864197530864196,0.0,0.0,0.0,0.0,0.0,0.0,0.0,0.0,0.0030864197530864196,0.0030864197530864196,0.0,0.0,0.0,0.0,0.0,0.0,0.0,0.0,0.0,0.0,0.0,0.0030864197530864196,0.0,0.0030864197530864196,0.0,0.0,0.0,0.0030864197530864196,0.0,0.0,0.0,0.0,0.0,0.0,0.0
87,87.0,3842.0,0.0,0.33159812597605415,1.0,0.0,1.0,1.0,0.0,0.14575741801145237,0.0,0.0002602811035918792,0.0013014055179593961,0.0013014055179593961,0.0,0.0,0.001041124414367517,0.0,0.0,0.0,0.0,0.0,0.0,0.0026028110359187923,0.013014055179593961,0.017699115044247787,0.01691827173347215,0.0200416449765747,0.018740239458615304,0.0,0.020822488287350338,0.018219677251431546,0.017438833940655908,0.0039042165538781884,0.019000520562207183,0.008589276418532014,0.0,0.009109838625715773,0.007808433107756377,0.009370119729307652,0.008849557522123894,0.0007808433107756377,0.0039042165538781884,0.0,0.0,0.0,0.0015616866215512754,0.0,0.0,0.0,0.0,0.0,0.0,0.0,0.0,0.0,0.0,0.0,0.0,0.0,0.0,0.0,0.0,0.0,0.0,0.0,0.0005205622071837585,0.0,0.0,0.0,0.0,0.0,0.0,0.0,0.0,0.0,0.0,0.0,0.0,0.0,0.0,0.0,0.0,0.0,0.0,0.0,0.0,0.0,0.0,0.0,0.0002602811035918792,0.0,0.0,0.0,0.0,0.0,0.0,0.0,0.0,0.0,0.0,0.0,0.0,0.0002602811035918792,0.0,0.0,0.0,0.0,0.0005205622071837585,0.0,0.0,0.0,0.0,0.0,0.0,0.0,0.0,0.0,0.0,0.0,0.0,0.0,0.0
88,88.0,6693.0,0.0,1.0,0.0,0.0,1.0,0.0,0.0,0.0,0.0,0.0007470491558344539,0.0014940983116689078,0.001344688480502017,0.00014940983116689077,0.00014940983116689077,0.0007470491558344539,0.0,0.0,0.0,0.0,0.0,0.0,0.0025399671298371434,0.0,0.007022262064843867,0.007918721051845212,0.00956222919468101,0.006125803077842522,0.007171671896010758,0.010159868519348574,0.007171671896010758,0.009113999701180337,0.008516360376512775,0.008516360376512775,0.010757507844016136,0.00029881966233378154,0.006125803077842522,0.0029881966233378156,0.004781114597340505,0.004332885103839832,0.002091737636336471,0.0037352457791722696,0.00029881966233378154,0.0,0.0,0.0007470491558344539,0.0,0.0,0.00014940983116689077,0.0,0.0,0.0,0.0,0.00014940983116689077,0.0,0.0,0.0,0.00014940983116689077,0.00014940983116689077,0.0,0.0,0.0,0.0,0.0,0.0,0.001344688480502017,0.0,0.00029881966233378154,0.00029881966233378154,0.0,0.0,0.0,0.0,0.0,0.0,0.0,0.00014940983116689077,0.0,0.0,0.0,0.0,0.0,0.0,0.0,0.0,0.0,0.0,0.0,0.00029881966233378154,0.00044822949350067237,0.0,0.0,0.00014940983116689077,0.0,0.0,0.0,0.0,0.00029881966233378154,0.0,0.0,0.00044822949350067237,0.00044822949350067237,0.0,0.0,0.0,0.0,0.0,0.00014940983116689077,0.00014940983116689077,0.00014940983116689077,0.0,0.0,0.0,0.0,0.0,0.0,0.0,0.00014940983116689077,0.00029881966233378154,0.00014940983116689077,0.0,0.0
89,89.0,5196.0,0.0,0.0,0.0,0.0,0.1878367975365666,0.18437259430331024,1.0,0.0,1.0,0.00019245573518090838,0.00019245573518090838,0.0,0.0,0.0,0.00038491147036181676,0.0,0.0,0.0,0.0,0.0,0.0,0.0026943802925327174,0.008468052347959968,0.010585065434949961,0.006543494996150885,0.009815242494226328,0.011354888375673595,0.009815242494226328,0.012702078521939953,0.009237875288683603,0.007890685142417244,0.008660508083140877,0.010392609699769052,0.011354888375673595,0.0,0.0036566589684372593,0.005581216320246343,0.0036566589684372593,0.005773672055427252,0.0011547344110854503,0.003849114703618168,0.00038491147036181676,0.0,0.0,0.001539645881447267,0.0,0.0,0.0,0.0,0.0,0.0,0.0,0.0,0.0,0.0,0.0,0.00038491147036181676,0.00038491147036181676,0.0,0.0,0.0,0.0,0.0,0.0,0.00038491147036181676,0.0,0.0,0.0,0.0,0.0,0.0,0.00019245573518090838,0.0,0.0,0.0,0.0,0.0,0.0,0.0,0.0,0.0,0.0,0.0,0.0,0.0,0.00019245573518090838,0.0,0.0,0.00019245573518090838,0.0,0.0,0.0,0.0,0.0,0.0,0.0,0.0,0.0,0.0,0.0,0.0,0.0,0.0,0.0,0.0,0.0,0.0005773672055427252,0.0,0.0,0.0,0.0,0.0,0.0,0.0,0.0,0.0,0.0,0.0,0.0,0.0,0.0
90,90.0,911.0,0.0,0.9857299670691547,0.986827661909989,0.9780461031833151,0.9879253567508233,0.9835345773874863,0.9813391877058177,0.9769484083424808,0.9341383095499451,0.0,0.0,0.0,0.0,0.0,0.0021953896816684962,0.0,0.0,0.0,0.0,0.0,0.0,0.0021953896816684962,0.12952799121844127,1.0,0.1778265642151482,0.1394072447859495,0.04610318331503842,0.4643249176728869,0.07244785949506037,0.05817782656421515,0.09769484083424808,0.1602634467618002,1.0,0.2030735455543359,0.0,0.11086717892425905,0.12843029637760703,0.10757409440175632,0.10428100987925357,0.0,0.005488474204171241,0.0,0.0,0.0,0.0,0.0,0.0,0.0,0.0,0.0,0.0,0.0,0.0,0.0,0.0,0.0,0.0,0.0,0.0,0.0,0.0,0.0,0.0,0.0,0.0021953896816684962,0.0,0.0,0.0,0.0,0.0,0.0,0.0,0.0,0.0,0.0,0.0,0.0,0.0,0.0,0.0,0.0,0.0,0.0,0.0,0.0,0.0,0.0,0.0,0.0,0.0,0.0,0.0,0.0,0.0,0.0,0.0,0.0,0.0,0.0,0.0,0.0,0.0,0.0,0.0,0.0,0.0,0.0,0.0,0.0,0.0,0.0,0.0,0.0,0.0,0.0,0.0,0.0,0.0,0.0,0.0,0.0
91,91.0,4247.0,0.0,0.0,0.0,0.0,0.0,1.0,0.0,0.0,0.0,0.0025900635742877325,0.0009418412997409936,0.0037673651989639746,0.0002354603249352484,0.0,0.00588650812338121,0.0,0.0002354603249352484,0.0,0.0,0.0,0.0002354603249352484,0.0734636213797975,0.04591476336237344,0.0,0.04732752531198493,0.049917588886272665,0.04638568401224394,0.04520838238756769,0.04874028726159642,0.0,0.04403108076289145,0.0520367318106899,0.05274311278549564,0.04214739816340946,0.0,0.024958794443136333,0.024016953143395338,0.021426889569107606,0.024487873793265835,0.04756298563692018,0.035083588415352016,0.0023546032493524842,0.0002354603249352484,0.0,0.012479397221568166,0.0,0.0002354603249352484,0.0014127619496114904,0.0,0.0,0.0009418412997409936,0.0002354603249352484,0.0002354603249352484,0.0,0.0,0.0,0.0016482222745467388,0.0018836825994819873,0.0,0.0,0.0,0.0,0.0,0.0,0.0032964445490934777,0.0,0.0021191429244172355,0.0009418412997409936,0.0,0.0,0.0,0.0002354603249352484,0.0,0.0,0.0,0.0,0.0,0.0007063809748057452,0.0028255238992229807,0.0002354603249352484,0.0007063809748057452,0.0,0.0004709206498704968,0.0,0.0,0.0002354603249352484,0.0,0.0,0.0021191429244172355,0.0,0.0,0.0,0.0,0.0002354603249352484,0.0002354603249352484,0.0,0.0002354603249352484,0.0,0.0,0.0,0.0,0.0002354603249352484,0.0,0.0,0.0,0.0,0.0035319048740287263,0.0,0.0,0.0,0.0,0.0,0.0,0.0,0.0,0.0,0.0,0.0,0.0,0.0,0.0002354603249352484
92,92.0,1933.0,0.0,0.3512674599068805,1.0,1.0,0.330574236937403,0.0,1.0,1.0,0.0,0.0005173305742369374,0.0010346611484738748,0.0,0.0,0.0,0.0005173305742369374,0.0,0.0,0.0,0.0,0.0,0.0,0.002586652871184687,0.03362648732540093,0.03000517330574237,0.03207449560269012,0.030522503879979308,0.030522503879979308,0.02793585100879462,0.028970512157268494,0.03207449560269012,0.029487842731505433,0.03000517330574237,0.023279875840662184,0.04190377651319193,0.0,0.01396792550439731,0.01396792550439731,0.017071908949818936,0.01396792550439731,0.0036213140196585617,0.004138644593895499,0.0,0.0,0.0,0.002586652871184687,0.0,0.0,0.0,0.0,0.0,0.0,0.0,0.0,0.0,0.0,0.0,0.0,0.0,0.0,0.0,0.0,0.0,0.0,0.0,0.0,0.0,0.0,0.0,0.0,0.0,0.0,0.0,0.0,0.0,0.0,0.0,0.0,0.0010346611484738748,0.0010346611484738748,0.0,0.0,0.0,0.0,0.0,0.0,0.0,0.0,0.0,0.0005173305742369374,0.0,0.0,0.0,0.0,0.0,0.0,0.0,0.0,0.0,0.0,0.0,0.0,0.0,0.0,0.0,0.0005173305742369374,0.0,0.0005173305742369374,0.0,0.0,0.0,0.0,0.0,0.0,0.0,0.0,0.0,0.0,0.0,0.0,0.0,0.0
93,93.0,1743.0,0.0,1.0,0.9977051061388411,1.0,0.9351692484222605,0.9351692484222605,0.9994262765347103,1.0,0.7165806081468732,0.0005737234652897303,0.0011474469305794606,0.0005737234652897303,0.0,0.0005737234652897303,0.0005737234652897303,0.0,0.0005737234652897303,0.0005737234652897303,0.0,0.0005737234652897303,0.0,0.002294893861158921,0.022375215146299483,0.010900745840504877,0.0,0.0,0.0,0.01491681009753299,0.0,0.01491681009753299,0.020654044750430294,1.0,0.01549053356282272,0.020080321285140562,0.0011474469305794606,0.04819277108433735,0.06540447504302926,0.06138841078600115,0.06368330464716007,0.0,0.002294893861158921,0.0,0.0,0.0,0.0005737234652897303,0.0,0.0,0.0,0.0,0.0,0.0,0.0,0.0,0.0,0.0,0.0,0.0,0.0,0.0,0.0,0.0,0.0005737234652897303,0.0,0.0,0.0,0.0,0.0,0.0,0.0,0.0005737234652897303,0.0,0.0,0.0,0.0,0.0,0.0,0.0005737234652897303,0.0,0.0011474469305794606,0.0,0.0,0.0,0.0,0.0,0.0,0.0,0.0,0.0,0.0,0.0,0.0,0.0,0.0,0.0,0.0,0.0,0.0,0.0,0.0,0.0,0.0,0.0,0.0,0.0,0.0,0.0,0.0005737234652897303,0.0,0.0,0.0,0.0,0.0,0.0,0.0,0.0,0.0,0.0,0.0,0.0,0.0,0.0
94,94.0,2215.0,0.0,1.0,1.0,1.0,0.7006772009029345,0.0,1.0,0.0,1.0,0.0004514672686230248,0.0009029345372460496,0.0004514672686230248,0.0,0.0,0.0004514672686230248,0.0,0.0,0.0,0.0,0.0,0.0,0.002257336343115124,0.040632054176072234,0.03702031602708804,0.04153498871331828,0.05553047404063206,0.045146726862302484,0.04695259593679458,0.05237020316027088,0.04334085778781038,0.046501128668171555,0.04379232505643341,0.04604966139954853,0.04875846501128668,0.0,0.025733634311512415,0.02528216704288939,0.017155756207674944,0.019413092550790066,0.0009029345372460496,0.004514672686230248,0.0013544018058690745,0.0,0.0,0.0004514672686230248,0.0,0.0,0.0,0.0,0.0,0.0,0.0,0.0,0.0,0.0,0.0,0.0004514672686230248,0.0004514672686230248,0.0,0.0,0.0,0.0,0.0,0.0,0.0,0.0,0.0004514672686230248,0.0,0.0,0.0,0.0,0.0,0.0004514672686230248,0.0,0.0,0.0,0.0,0.0,0.0,0.0,0.0,0.0,0.0,0.0,0.0,0.0,0.0,0.0,0.0004514672686230248,0.0,0.0,0.0,0.0,0.0,0.0,0.0,0.0,0.0,0.0,0.0,0.0,0.0,0.0,0.0,0.0,0.0,0.0,0.0,0.0004514672686230248,0.0,0.0,0.0,0.0,0.0,0.0,0.0,0.0004514672686230248,0.0004514672686230248,0.0,0.0,0.0
95,95.0,490.0,0.0,0.35714285714285715,1.0,0.7877551020408163,0.05918367346938776,0.8040816326530612,0.26326530612244897,0.02857142857142857,0.22244897959183674,0.0,0.0,0.0,0.0,0.0,0.0,0.0,0.0,0.0,0.0,0.0,0.0,0.0,0.04081632653061224,0.02040816326530612,0.022448979591836733,0.026530612244897958,0.0326530612244898,0.02857142857142857,0.0326530612244898,1.0,0.022448979591836733,0.0163265306122449,0.036734693877551024,0.03877551020408163,0.0,0.024489795918367346,0.01020408163265306,0.00816326530612245,0.014285714285714285,0.0,0.0,0.004081632653061225,0.0,0.0,0.00816326530612245,0.0,0.0,0.0,0.0,0.0,0.0,0.0,0.0,0.0,0.0,0.0,0.004081632653061225,0.004081632653061225,0.0,0.0,0.0,0.0,0.0,0.0,0.004081632653061225,0.0,0.0,0.0,0.0,0.0,0.0,0.0,0.0,0.0,0.0,0.0,0.0,0.0,0.0,0.0,0.0,0.0,0.0,0.0,0.0,0.0,0.0,0.0,0.0,0.0,0.0,0.0,0.0,0.0,0.0,0.0,0.0,0.0,0.0,0.0,0.0,0.0,0.0,0.0,0.0,0.0,0.0,0.0,0.0,0.0,0.0,0.0,0.0,0.0,0.0,0.0,0.0,0.0,0.0,0.0,0.0
96,96.0,897.0,0.0,1.0,0.9988851727982163,0.9977703455964325,0.9955406911928651,0.9977703455964325,0.9966555183946488,0.9966555183946488,0.9910813823857302,0.0,0.0,0.0,0.0,0.0,0.0011148272017837235,0.0,0.0,0.0,0.0,0.0,0.0,0.0,0.6967670011148273,0.2552954292084727,0.7870680044593088,0.919732441471572,0.8115942028985508,0.4069119286510591,0.653288740245262,0.7402452619843924,0.06911928651059086,0.7670011148272018,0.6521739130434783,0.7369007803790413,0.0,0.1415830546265329,0.23411371237458195,0.22519509476031216,0.20735785953177258,0.005574136008918618,0.008918617614269788,0.0,0.0,0.0,0.0011148272017837235,0.0,0.0,0.0,0.0,0.0,0.0,0.0,0.0,0.0,0.0,0.0,0.0,0.0,0.0,0.0,0.0,0.0,0.0,0.0,0.002229654403567447,0.0,0.0,0.0,0.0,0.0,0.0,0.0,0.0,0.0,0.0,0.0,0.0,0.0,0.0,0.0,0.0,0.0,0.0,0.0,0.0,0.0,0.0,0.0,0.0,0.0,0.0,0.0,0.0,0.0,0.0,0.0,0.0,0.0,0.0,0.0,0.0,0.0,0.0,0.0,0.0,0.0,0.0,0.0,0.0,0.0,0.0,0.0,0.0,0.0,0.0,0.0,0.0,0.0,0.0,0.0,0.0
97,97.0,6526.0,0.0,0.0,0.0,1.0,0.0,1.0,0.0,0.0,0.0,0.00015323322096230462,0.00030646644192460924,0.00045969966288691386,0.0,0.0,0.00030646644192460924,0.0,0.0,0.0,0.0,0.0,0.0,0.00398406374501992,0.008427827152926755,0.008121360711002145,0.0,0.00827459393196445,0.007355194606190622,0.007661661048115232,0.0056696291756052715,0.0,0.00965369292062519,0.009347226478700583,0.009500459699662888,0.006589028501379099,0.00015323322096230462,0.003677597303095311,0.00398406374501992,0.005363162733680662,0.003677597303095311,0.0021452650934722646,0.005056696291756053,0.00015323322096230462,0.0,0.0,0.001225865767698437,0.0,0.0,0.00015323322096230462,0.0,0.0,0.0,0.0,0.0,0.0,0.0,0.0,0.00015323322096230462,0.00015323322096230462,0.0,0.0,0.00015323322096230462,0.00015323322096230462,0.0,0.0,0.00015323322096230462,0.0,0.0,0.00015323322096230462,0.0,0.0,0.0,0.0,0.0,0.0,0.00015323322096230462,0.0,0.0,0.00015323322096230462,0.0,0.0,0.00015323322096230462,0.00015323322096230462,0.0,0.0,0.0,0.0,0.0,0.0,0.00015323322096230462,0.0,0.0,0.00015323322096230462,0.0,0.0,0.0,0.0,0.0,0.0,0.0,0.0,0.00015323322096230462,0.00015323322096230462,0.0,0.0,0.0,0.0,0.00015323322096230462,0.00015323322096230462,0.0,0.00015323322096230462,0.0,0.00015323322096230462,0.0,0.0,0.00015323322096230462,0.0,0.0,0.0,0.00015323322096230462,0.0,0.0
98,98.0,5777.0,0.0,1.0,1.0,1.0,1.0,1.0,1.0,0.0,1.0,0.00017310022503029253,0.0,0.0006924009001211701,0.0,0.0,0.0008655011251514627,0.0,0.0,0.0,0.0,0.0,0.0,0.0013848018002423402,0.05729617448502683,0.043967457157694304,0.0,0.05885407651029946,0.048121862558421324,0.0,0.045525359182966935,0.07356759563787432,0.04916046390860308,0.050025965033754546,0.0,0.050199065258784835,0.00017310022503029253,0.028907737580058854,0.032542842305695,0.02804223645490739,0.03150424095551324,0.0010386013501817552,0.003462004500605851,0.0,0.0,0.0,0.0012117015752120478,0.00017310022503029253,0.0,0.0,0.0,0.0,0.0,0.0,0.0,0.0,0.0,0.0,0.0,0.0,0.0,0.0,0.0,0.0,0.0,0.0,0.00017310022503029253,0.0,0.0,0.0,0.0,0.0,0.0,0.0,0.0,0.0,0.0,0.0,0.0,0.0,0.0006924009001211701,0.0,0.0,0.0,0.0,0.00017310022503029253,0.0,0.0,0.00017310022503029253,0.00017310022503029253,0.00017310022503029253,0.0,0.0,0.0,0.0,0.0,0.0,0.0,0.0,0.00017310022503029253,0.0,0.0,0.0,0.0,0.0,0.0,0.0,0.0,0.00034620045006058506,0.0,0.0,0.0,0.0,0.0,0.00017310022503029253,0.0,0.0,0.0,0.0,0.0,0.0,0.0,0.0
99,99.0,3499.0,0.0,0.9819948556730494,0.965418691054587,0.9845670191483281,0.9702772220634467,0.9702772220634467,1.0,0.9934266933409546,0.989997142040583,0.0002857959416976279,0.0,0.0,0.0,0.0,0.0005715918833952558,0.0,0.0,0.0,0.0,0.0,0.0,0.0002857959416976279,0.14718490997427836,0.09974278365247213,0.0,0.10288653901114604,0.0757359245498714,0.07745070020005716,0.0963132323521006,1.0,0.0,0.07659331237496428,0.0,0.08773935410117176,0.0,0.06773363818233781,0.08116604744212633,0.08488139468419549,0.07602172049156902,0.002000571591883395,0.00400114318376679,0.0,0.0,0.0,0.0008573878250928837,0.0,0.0,0.0,0.0,0.0,0.0,0.0,0.0,0.0,0.0,0.0,0.0,0.0,0.0,0.0,0.0,0.0,0.0,0.0,0.0,0.0,0.0,0.0,0.0,0.0,0.0,0.0,0.0,0.0,0.0,0.0,0.0,0.0,0.0008573878250928837,0.0,0.0,0.0,0.0,0.0,0.0,0.0,0.0,0.0,0.0002857959416976279,0.0,0.0,0.0,0.0,0.0,0.0,0.0,0.0,0.0,0.0,0.0,0.0,0.0,0.0,0.0,0.0002857959416976279,0.0,0.0002857959416976279,0.0,0.0,0.0,0.0,0.0,0.0,0.0,0.0,0.0,0.0,0.0,0.0,0.0,0.0
100,100.0,1109.0,0.0,0.9828674481514879,0.9837691614066727,0.9909828674481514,0.9801623083859333,0.9828674481514879,0.9936880072137061,0.933273219116321,0.9386834986474302,0.0,0.0,0.0,0.0009017132551848512,0.0,0.0,0.0,0.0,0.0,0.0009017132551848512,0.0,0.0,0.0,0.1956717763751127,0.2254283137962128,0.20649233543733092,0.19747520288548243,0.010820559062218215,0.0,0.004508566275924256,1.0,0.16952209197475204,0.1848512173128945,1.0,0.19747520288548243,0.0,0.09017132551848513,0.1073038773669973,0.12623985572587917,0.11632100991884581,0.0018034265103697023,0.005410279531109108,0.0009017132551848512,0.0,0.0,0.002705139765554554,0.0,0.0,0.0,0.0,0.0,0.0,0.0,0.0,0.0,0.0,0.0,0.0009017132551848512,0.0009017132551848512,0.0,0.0,0.0,0.0,0.0,0.0,0.0,0.0,0.0,0.0,0.0,0.0,0.0,0.0,0.0,0.0,0.0,0.0,0.0009017132551848512,0.0,0.0,0.0,0.0,0.0,0.0,0.0,0.0,0.0,0.0,0.0,0.0018034265103697023,0.0,0.0,0.0,0.0,0.0,0.0,0.0,0.0,0.0,0.0,0.0,0.0,0.0,0.0,0.0,0.0,0.0,0.0009017132551848512,0.0,0.0,0.0,0.0,0.0,0.0,0.0,0.0,0.0,0.0,0.0,0.0,0.0,0.0
101,101.0,2147.0,0.0,0.40987424312994875,0.0,1.0,1.0,0.0,0.0,1.0,0.25803446669771773,0.0,0.0004657661853749418,0.0,0.0,0.0,0.0009315323707498836,0.0,0.0,0.0,0.0,0.0,0.0,0.0032603632976245926,0.02328830926874709,0.02095947834187238,0.015836050302748022,0.02095947834187238,0.018164881229622728,0.02095947834187238,0.019096413600372612,0.019096413600372612,0.016301816488122962,0.016301816488122962,0.016301816488122962,0.015836050302748022,0.0,0.012575687005123428,0.008383791336748951,0.009315323707498836,0.008849557522123894,0.004657661853749418,0.0013972985561248254,0.0,0.0,0.0,0.0009315323707498836,0.0,0.0,0.0,0.0,0.0,0.0,0.0,0.0,0.0,0.0,0.0,0.0,0.0,0.0,0.0,0.0,0.0,0.0,0.0,0.0009315323707498836,0.0,0.0004657661853749418,0.0,0.0004657661853749418,0.0,0.0,0.0,0.0,0.0,0.0,0.0,0.0,0.0,0.0,0.0,0.0,0.0,0.0,0.0,0.0,0.0,0.0,0.0004657661853749418,0.0004657661853749418,0.0,0.0,0.0,0.0,0.0,0.0,0.0,0.0,0.0,0.0,0.0004657661853749418,0.0,0.0,0.0,0.0,0.0,0.0,0.0,0.0,0.0,0.0,0.0,0.0,0.0,0.0,0.0,0.0,0.0,0.0,0.0,0.0,0.0
102,102.0,2484.0,0.0,0.0,1.0,0.7443639291465378,0.7749597423510467,1.0,1.0,0.0,1.0,0.0,0.00040257648953301127,0.00040257648953301127,0.0,0.0,0.00040257648953301127,0.0,0.0,0.0,0.0,0.0,0.0,0.0008051529790660225,0.04146537842190016,0.046296296296296294,0.0036231884057971015,0.03904991948470209,0.0,0.013285024154589372,0.04589371980676329,0.029790660225442835,0.04146537842190016,0.040257648953301126,0.03985507246376811,0.038244766505636074,0.0012077294685990338,0.018115942028985508,0.024154589371980676,0.0249597423510467,0.023349436392914653,0.00040257648953301127,0.0024154589371980675,0.0,0.0,0.0,0.0012077294685990338,0.0,0.0,0.0,0.0,0.0,0.0,0.0,0.0,0.0,0.0,0.0,0.0,0.0,0.0,0.0,0.0,0.0,0.0,0.0,0.00040257648953301127,0.0,0.0,0.0,0.0,0.0,0.0,0.0,0.0,0.0,0.0,0.0,0.0,0.0,0.0,0.0,0.0,0.0,0.0,0.0,0.0,0.0,0.0,0.00040257648953301127,0.00040257648953301127,0.0,0.0,0.0,0.0,0.0,0.0,0.0,0.0,0.0,0.0,0.0,0.0,0.0,0.0,0.0,0.0,0.0,0.0,0.0,0.0,0.0,0.0,0.0,0.0,0.0,0.0,0.0,0.0,0.0,0.0,0.0,0.0
103,103.0,1147.0,0.0,0.9006102877070619,0.939843068875327,0.9102005231037489,0.987794245858762,0.999128160418483,0.9380993897122929,0.0,0.7218831734960767,0.0017436791630340018,0.0017436791630340018,0.0,0.0008718395815170009,0.0,0.0,0.0,0.0,0.0,0.0,0.0,0.0,0.0,0.06974716652136007,0.07933740191804708,0.004359197907585004,0.04097646033129904,0.043591979075850044,1.0,0.03836094158674804,0.07497820401046207,0.07236268526591107,0.05492589363557106,0.047079337401918046,0.06451612903225806,0.0,0.03138622493461203,0.037489102005231034,0.036617262423714034,0.047079337401918046,0.0017436791630340018,0.007846556233653008,0.0008718395815170009,0.0,0.0,0.0026155187445510027,0.0,0.0,0.0,0.0,0.0,0.0008718395815170009,0.0,0.0,0.0,0.0,0.0,0.0017436791630340018,0.0017436791630340018,0.0,0.0017436791630340018,0.0008718395815170009,0.0017436791630340018,0.0008718395815170009,0.0,0.0008718395815170009,0.0,0.0,0.0,0.0008718395815170009,0.0,0.0,0.0,0.0,0.0,0.0,0.0,0.0,0.0017436791630340018,0.0,0.0,0.0,0.0,0.0,0.0,0.0,0.0008718395815170009,0.0,0.0,0.0,0.0,0.0,0.0,0.0,0.0,0.0,0.0,0.0,0.0,0.0,0.0,0.0,0.0,0.0,0.0,0.0008718395815170009,0.0,0.0008718395815170009,0.0,0.0,0.0,0.0,0.0,0.0,0.0,0.0,0.0,0.0,0.0,0.0,0.0008718395815170009,0.0
104,104.0,803.0,0.0,0.9327521793275217,0.9476961394769614,0.9427148194271482,0.9551681195516812,0.9290161892901619,0.9476961394769614,0.8891656288916563,0.043586550435865505,0.0,0.0,0.0,0.0,0.0,0.0,0.0,0.0,0.0,0.0,0.0,0.0,0.0012453300124533001,0.08468244084682441,0.06724782067247821,0.058530510585305104,0.05977584059775841,0.08094645080946451,0.0684931506849315,0.0460772104607721,0.0759651307596513,0.07347447073474471,0.062266500622665005,0.0722291407222914,0.06351183063511831,0.0,1.0,0.038605230386052306,0.047322540473225407,0.09339975093399751,0.0012453300124533001,0.0112079701120797,0.0012453300124533001,0.0,0.0,0.0012453300124533001,0.0,0.0,0.0,0.0,0.0,0.0,0.0,0.0,0.0,0.0,0.0,0.0012453300124533001,0.0012453300124533001,0.0,0.0,0.0,0.0,0.0,0.0,0.0,0.0,0.0,0.0,0.0,0.0,0.0,0.0,0.0,0.0,0.0,0.0,0.0,0.0,0.0012453300124533001,0.0,0.0,0.0,0.0,0.0,0.0,0.0,0.0,0.0,0.0024906600249066002,0.0,0.0,0.0,0.0,0.0,0.0,0.0,0.0,0.0,0.0,0.0,0.0,0.0,0.0,0.0,0.0,0.0,0.0012453300124533001,0.0,0.0,0.0,0.0,0.0,0.0,0.0,0.0,0.0,0.0,0.0,0.0,0.0,0.0
105,105.0,2009.0,0.0,1.0,0.0,1.0,0.0,1.0,1.0,0.0,0.32653061224489793,0.0004977600796416127,0.0014932802389248383,0.0014932802389248383,0.0,0.0,0.0009955201592832255,0.0,0.0,0.0,0.0,0.0,0.0,0.003982080637132902,0.029865604778496764,0.02040816326530612,0.009955201592832254,0.029865604778496764,0.030363364858138377,0.02936784469885515,0.03434544549527128,0.028372324539571926,0.03633648581383773,0.026381284221005476,0.03484320557491289,0.030363364858138377,0.0,0.011448481831757094,0.015430562468889995,0.01443504230960677,0.01443504230960677,0.0014932802389248383,0.004479840716774514,0.0,0.0,0.0,0.0009955201592832255,0.0,0.0,0.0,0.0,0.0,0.0,0.0,0.0,0.0,0.0,0.0,0.0,0.0,0.0,0.0,0.0,0.0,0.0,0.0,0.0014932802389248383,0.0,0.0,0.0,0.0,0.0,0.0,0.0,0.0,0.0,0.0,0.0,0.0,0.0,0.0004977600796416127,0.0,0.0,0.0,0.0,0.0,0.0,0.0,0.0,0.0,0.0,0.0,0.0,0.0,0.0,0.0,0.0,0.0,0.0,0.0,0.0,0.0,0.0,0.0,0.0,0.0,0.0,0.0,0.0,0.0,0.0,0.0,0.0,0.0,0.0,0.0,0.0,0.0,0.0,0.0,0.0,0.0,0.0
106,106.0,1234.0,0.0,0.9837925445705025,0.9821717990275527,0.9829821717990276,0.9773095623987034,0.9821717990275527,0.9902755267423015,0.9805510534846029,0.9432739059967585,0.0,0.0,0.0,0.0,0.0,0.0,0.0,0.0,0.0,0.0,0.0,0.0,0.0016207455429497568,0.2293354943273906,0.1693679092382496,1.0,0.17260940032414912,0.1539708265802269,0.0,0.25040518638573744,0.0032414910858995136,0.14019448946515398,0.1847649918962723,0.22366288492706646,1.0,0.0,0.10210696920583469,0.1507293354943274,0.14991896272285252,0.1166936790923825,0.0,0.005672609400324149,0.0,0.0,0.0,0.004051863857374392,0.0,0.0,0.0,0.0,0.0,0.0,0.0,0.0,0.0,0.0,0.0,0.0,0.0,0.0,0.0,0.0,0.0,0.0,0.0,0.0008103727714748784,0.0,0.0,0.0,0.0,0.0,0.0,0.0,0.0,0.0,0.0,0.0,0.0,0.0,0.0,0.0,0.0,0.0,0.0,0.0,0.0,0.0,0.0,0.0,0.0,0.0,0.0,0.0,0.0,0.0,0.0,0.0,0.0,0.0,0.0,0.0,0.0,0.0,0.0,0.0,0.0,0.0,0.0,0.0,0.0,0.0,0.0,0.0,0.0,0.0,0.0,0.0,0.0,0.0,0.0,0.0,0.0
107,107.0,840.0,0.0,0.9964285714285714,0.9988095238095238,0.9976190476190476,0.9964285714285714,0.9952380952380953,0.9976190476190476,1.0,0.9940476190476191,0.0,0.0,0.0,0.0,0.0,0.0,0.0,0.0,0.0,0.0,0.0,0.0,0.0,0.07261904761904762,0.8202380952380952,0.04285714285714286,0.7738095238095238,0.794047619047619,0.669047619047619,0.6797619047619048,0.4726190476190476,0.7642857142857142,0.8261904761904761,0.7357142857142858,0.5869047619047619,0.0,0.25595238095238093,0.27976190476190477,0.2904761904761905,0.2916666666666667,0.0,0.013095238095238096,0.0011904761904761906,0.0,0.0,0.005952380952380952,0.0,0.0,0.0,0.0,0.0,0.0,0.0,0.0,0.0,0.0,0.0,0.0011904761904761906,0.0011904761904761906,0.0,0.0,0.0,0.0,0.0,0.0,0.0011904761904761906,0.0,0.0,0.0,0.0,0.0,0.0,0.0,0.0,0.0,0.0,0.0,0.0,0.0,0.0,0.0,0.0,0.0,0.0,0.0,0.0,0.0,0.0,0.0,0.0011904761904761906,0.0,0.0,0.0,0.0,0.0,0.0,0.0,0.0,0.0,0.0,0.0,0.0,0.0,0.0,0.0,0.0,0.0,0.0011904761904761906,0.0,0.0,0.0,0.0,0.0,0.0,0.0,0.0,0.0,0.0,0.0,0.0,0.0,0.0
108,108.0,2607.0,0.0,0.9884925201380897,0.9854238588415803,0.9896432681242808,0.9631760644418872,0.9650939777522056,0.983505945531262,1.0,0.9474491752972766,0.0003835826620636747,0.0,0.0,0.0,0.0,0.0,0.0,0.0,0.0,0.0,0.0,0.0,0.0,0.14461066359800537,0.0,0.0,0.0,0.09436133486766399,0.11008822401227465,0.0,0.0,0.0,0.14537782892213272,1.0,0.1442270809359417,0.0,0.06751054852320675,0.08707326428845416,0.08400460299194476,0.07556578442654392,0.0007671653241273494,0.004986574606827772,0.0,0.0,0.0,0.0007671653241273494,0.0,0.0,0.0,0.0,0.0,0.0,0.0,0.0,0.0,0.0,0.0,0.0,0.0,0.0,0.0,0.0,0.0,0.0,0.0,0.0007671653241273494,0.0,0.0,0.0,0.0,0.0,0.0,0.0,0.0,0.0,0.0,0.0,0.0,0.0,0.0023014959723820483,0.0,0.0,0.0,0.0,0.0,0.0,0.0,0.0,0.0,0.0003835826620636747,0.0,0.0,0.0,0.0,0.0,0.0,0.0,0.0,0.0,0.0,0.0,0.0,0.0,0.0,0.0,0.0,0.0,0.0003835826620636747,0.0,0.0,0.0,0.0003835826620636747,0.0,0.0,0.0,0.0,0.0,0.0,0.0,0.0,0.0,0.0
109,109.0,1125.0,0.0,0.9866666666666667,0.9822222222222222,0.9795555555555555,0.984,0.9857777777777778,0.9937777777777778,0.9564444444444444,0.9271111111111111,0.0,0.0,0.0,0.0,0.0,0.0008888888888888889,0.0,0.0,0.0,0.0,0.0,0.0,0.0017777777777777779,0.2248888888888889,0.18222222222222223,1.0,0.20533333333333334,0.1537777777777778,0.13777777777777778,0.18755555555555556,1.0,0.0,0.16444444444444445,0.0,0.16533333333333333,0.0,0.10044444444444445,0.11377777777777778,0.13422222222222221,0.10755555555555556,0.0,0.005333333333333333,0.0,0.0,0.0,0.0008888888888888889,0.0,0.0,0.0,0.0,0.0,0.0,0.0,0.0,0.0,0.0,0.0,0.0,0.0,0.0,0.0,0.0,0.0,0.0,0.0,0.0008888888888888889,0.0,0.0,0.0,0.0,0.0,0.0,0.0,0.0,0.0,0.0,0.0,0.0,0.0,0.0,0.0,0.0,0.0,0.0,0.0,0.0,0.0,0.0,0.0,0.0,0.0,0.0,0.0,0.0,0.0,0.0,0.0,0.0,0.0,0.0,0.0,0.0,0.0,0.0,0.0,0.0,0.0,0.0,0.0,0.0,0.0,0.0,0.0,0.0,0.0,0.0,0.0,0.0,0.0,0.0,0.0,0.0
110,110.0,831.0,0.0,0.9915764139590855,0.9927797833935018,0.9879663056558363,0.9903730445246691,0.9843561973525873,0.9915764139590855,0.9711191335740073,0.9687123947051745,0.0,0.0,0.0,0.0,0.0,0.0012033694344163659,0.0,0.0,0.0,0.0,0.0,0.0,0.0,0.2045728038507822,0.03850782190132371,0.1901323706377858,0.21660649819494585,0.7436823104693141,0.7581227436823105,0.22021660649819494,0.7725631768953068,0.12876052948255115,0.06738868832731648,0.9338146811070999,0.21660649819494585,0.0,0.09265944645006016,0.16125150421179302,0.1588447653429603,0.15403128760529483,0.0012033694344163659,0.0048134777376654635,0.0,0.0,0.0,0.0,0.0,0.0,0.0,0.0,0.0,0.0,0.0,0.0,0.0,0.0,0.0,0.0,0.0,0.0,0.0,0.0,0.0,0.0,0.0,0.0,0.0,0.0,0.0,0.0,0.0,0.0,0.0,0.0,0.0,0.0,0.0,0.0,0.0,0.0,0.0,0.0,0.0,0.0,0.0,0.0,0.0,0.0,0.0,0.0024067388688327317,0.0,0.0,0.0,0.0,0.0,0.0,0.0,0.0,0.0,0.0,0.0,0.0,0.0,0.0,0.0,0.0,0.0,0.0,0.0,0.0,0.0,0.0,0.0,0.0,0.0,0.0,0.0,0.0,0.0,0.0,0.0,0.0
111,111.0,1335.0,0.0,1.0,1.0,0.0,0.5333333333333333,1.0,0.0,0.0,1.0,0.000749063670411985,0.00149812734082397,0.0,0.0,0.0,0.00149812734082397,0.0,0.0,0.0,0.0,0.0,0.000749063670411985,0.0022471910112359553,0.026217228464419477,0.029213483146067417,0.0299625468164794,0.03295880149812734,0.03220973782771536,0.0299625468164794,0.03520599250936329,0.026217228464419477,0.027715355805243445,0.02247191011235955,0.03295880149812734,0.026217228464419477,0.000749063670411985,0.01348314606741573,0.017228464419475654,0.01198501872659176,0.020224719101123594,0.00149812734082397,0.00149812734082397,0.0,0.0,0.0,0.000749063670411985,0.0,0.0,0.0,0.000749063670411985,0.0,0.0,0.0,0.0,0.0,0.0,0.0,0.0,0.0,0.0,0.0,0.0,0.0,0.0,0.0,0.0,0.0,0.0,0.0,0.0,0.0,0.0,0.0,0.0,0.0,0.0,0.0,0.0,0.0,0.0,0.0,0.0,0.0,0.0,0.0,0.0,0.0,0.0,0.0,0.0,0.0,0.0,0.0,0.0,0.0,0.0,0.0,0.0,0.0,0.0,0.0,0.0,0.0,0.0,0.0,0.0,0.0,0.0,0.0,0.0,0.0,0.0,0.0,0.0,0.0,0.0,0.0,0.0,0.0,0.0,0.0,0.0
112,112.0,1029.0,0.0,0.9883381924198251,0.9805636540330418,0.9844509232264335,0.9776482021379981,0.967930029154519,0.9815354713313897,0.9698736637512148,0.924198250728863,0.0,0.0,0.0,0.0,0.0,0.0,0.0,0.0,0.0,0.0,0.0,0.0,0.001943634596695821,0.14480077745383868,0.1292517006802721,0.1282798833819242,1.0,0.0,1.0,0.13022351797862003,0.13119533527696792,0.1098153547133139,0.24295432458697766,0.13119533527696792,0.13994169096209913,0.0,0.001943634596695821,0.13313896987366375,0.11370262390670553,0.11467444120505345,0.0,0.001943634596695821,0.0,0.0,0.0,0.0009718172983479105,0.0,0.0,0.0,0.0,0.0,0.0,0.0,0.0009718172983479105,0.0,0.0,0.0,0.0,0.0,0.0,0.0,0.0,0.0,0.0,0.0,0.001943634596695821,0.0,0.0,0.0,0.0,0.0,0.0,0.0,0.0,0.0,0.0,0.0,0.0,0.0,0.001943634596695821,0.0,0.0,0.0,0.0,0.0,0.0,0.0,0.0,0.0,0.0,0.0,0.0,0.0,0.0,0.0,0.0,0.0,0.0,0.0,0.0,0.0,0.0,0.0,0.0,0.0,0.0,0.0,0.0009718172983479105,0.0,0.0,0.0,0.0,0.0,0.0,0.0,0.0,0.0,0.0,0.0,0.0,0.0,0.0
113,113.0,7578.0,0.0,0.0,0.0,0.0,1.0,1.0,0.0,0.13182897862232779,0.0,0.0001319609395618897,0.000395882818685669,0.0011876484560570072,0.0,0.0,0.0011876484560570072,0.0,0.0,0.0,0.0,0.0,0.0,0.003299023489047242,0.011084718923198733,0.010292953285827395,0.007125890736342043,0.009501187648456057,0.010292953285827395,0.0,0.008577461071522829,0.0,0.010688836104513063,0.010688836104513063,0.006730007917656373,0.00791765637371338,0.000395882818685669,0.00435471100554236,0.00395882818685669,0.00435471100554236,0.0040907891264185805,0.001715492214304566,0.0022433359725521247,0.0002639218791237794,0.0,0.0,0.001979414093428345,0.0,0.0,0.0,0.0,0.0,0.0001319609395618897,0.0,0.0,0.0,0.0,0.0,0.0001319609395618897,0.0002639218791237794,0.0,0.0,0.0,0.0,0.0,0.0001319609395618897,0.0001319609395618897,0.0,0.0,0.0001319609395618897,0.0,0.0,0.0,0.0,0.0,0.0,0.0,0.0,0.0,0.0,0.0002639218791237794,0.0,0.0,0.0,0.0,0.0,0.0,0.0,0.0,0.0,0.0,0.0,0.0,0.0,0.0,0.0,0.0,0.0,0.0,0.0,0.0,0.0,0.0,0.0,0.0,0.0,0.0001319609395618897,0.0,0.0,0.0,0.0,0.0,0.0,0.0,0.0,0.0,0.0,0.0,0.0,0.0,0.0,0.0,0.0
114,114.0,1649.0,0.0,1.0,0.0,1.0,1.0,1.0,1.0,0.0,0.0,0.0006064281382656155,0.0006064281382656155,0.001212856276531231,0.001212856276531231,0.0,0.0,0.0,0.0,0.0,0.0,0.0,0.0,0.0006064281382656155,0.035779260157671314,0.04548211036992116,0.03456640388114009,0.035779260157671314,0.029108550636749546,0.03395997574287447,0.03274711946634324,0.030927835051546393,0.04002425712553062,0.038811400848999394,0.030927835051546393,0.044269254093389936,0.0006064281382656155,0.019405700424499697,0.01212856276531231,0.02001212856276531,0.018192844147968467,0.0018192844147968466,0.0030321406913280777,0.001212856276531231,0.0,0.0,0.0030321406913280777,0.0,0.0,0.0,0.0,0.0,0.0,0.0,0.0,0.0,0.0,0.0,0.0006064281382656155,0.0006064281382656155,0.0,0.0,0.0,0.0,0.0,0.0,0.001212856276531231,0.0,0.0006064281382656155,0.0,0.0,0.0,0.0,0.0,0.0,0.0,0.0,0.0,0.0,0.0,0.0,0.0,0.0,0.0,0.0,0.0,0.0,0.0,0.0,0.001212856276531231,0.0,0.0,0.0,0.0,0.0,0.0,0.0,0.0,0.001212856276531231,0.0,0.0,0.0,0.0,0.0,0.0,0.0,0.0,0.0,0.0,0.0,0.0006064281382656155,0.0,0.001212856276531231,0.0,0.0,0.0,0.0,0.0,0.0,0.0,0.0,0.0,0.0
115,115.0,2011.0,0.0,1.0,1.0,0.0,1.0,0.660367976131278,1.0,1.0,0.0,0.0,0.0,0.0,0.0,0.0,0.000994530084535057,0.0,0.0,0.0,0.0,0.0,0.0,0.001989060169070114,0.046742913973147684,0.04027846842366982,0.04475385380407757,0.037294878170064646,0.035305818000994534,0.039781203381402286,0.0139234211834908,0.03928393833913476,0.040775733465937346,0.047737444057682744,0.0313276976628543,0.0,0.0,0.006464445549477871,0.02138239681750373,0.0174042764793635,0.02486325211337643,0.0014917951268025858,0.008453505718547987,0.0,0.0,0.0,0.0004972650422675286,0.0,0.0,0.0,0.0,0.0,0.0,0.0,0.0,0.0,0.0,0.0,0.0,0.0,0.0,0.0,0.0,0.0,0.0,0.0,0.000994530084535057,0.0,0.0,0.0,0.0,0.0,0.0,0.0,0.0,0.0,0.0,0.0,0.0,0.0014917951268025858,0.0,0.0,0.0,0.0,0.0,0.0,0.0,0.0,0.0,0.0,0.000994530084535057,0.0,0.0,0.0,0.0,0.0,0.0,0.0,0.0,0.0,0.0,0.0,0.0,0.0,0.0,0.0,0.0,0.0,0.0,0.0,0.0,0.0,0.0,0.0,0.0,0.0,0.0,0.0,0.0,0.0,0.0,0.0,0.0
116,116.0,756.0,0.0,0.9907407407407407,0.996031746031746,0.9894179894179894,0.9867724867724867,0.9920634920634921,0.9880952380952381,0.9841269841269841,0.9775132275132276,0.0026455026455026454,0.0,0.0,0.0,0.0,0.0026455026455026454,0.0,0.0,0.0,0.0,0.0,0.0,0.0,0.6415343915343915,0.03306878306878307,0.1349206349206349,0.1349206349206349,0.082010582010582,0.9298941798941799,0.6190476190476191,0.4246031746031746,0.43253968253968256,0.9232804232804233,0.15476190476190477,0.11375661375661375,0.0,0.09656084656084656,0.1746031746031746,0.1865079365079365,0.164021164021164,0.0,0.009259259259259259,0.0,0.0,0.0,0.003968253968253968,0.0,0.0,0.0,0.0,0.0,0.0,0.0,0.0,0.0,0.0,0.0,0.0,0.0,0.0,0.0,0.0,0.0,0.0,0.0,0.0,0.0,0.0,0.0,0.0,0.0,0.0,0.0,0.0,0.0,0.0,0.0,0.0,0.003968253968253968,0.0,0.0,0.0,0.0,0.0,0.0,0.0,0.0,0.0,0.0,0.0,0.0,0.0,0.0,0.0,0.0,0.0,0.0,0.0,0.0,0.0,0.0,0.0,0.0,0.0,0.0,0.0,0.0,0.0,0.0,0.0,0.0,0.0,0.0,0.0,0.0,0.0,0.0,0.0,0.0,0.0,0.0,0.0
117,117.0,1281.0,0.0,0.0,0.5323965651834505,0.0,1.0,1.0,1.0,1.0,0.0,0.00078064012490242,0.00078064012490242,0.00078064012490242,0.0,0.0,0.0,0.0,0.0,0.0,0.00078064012490242,0.0,0.0,0.00234192037470726,0.03825136612021858,0.03825136612021858,0.02810304449648712,0.03747072599531616,0.03825136612021858,0.03590944574551132,0.03434816549570648,0.02810304449648712,0.0312256049960968,0.04215456674473068,0.03356752537080406,0.00702576112412178,0.0,0.01483216237314598,0.01483216237314598,0.01249024199843872,0.00858704137392662,0.00156128024980484,0.00234192037470726,0.0,0.0,0.0,0.0039032006245121,0.0,0.0,0.0,0.0,0.0,0.0,0.0,0.0,0.0,0.0,0.0,0.0,0.0,0.0,0.0,0.0,0.0,0.0,0.0,0.0,0.0,0.0,0.0,0.0,0.0,0.0,0.0,0.0,0.0,0.0,0.0,0.0,0.0,0.0,0.0,0.0,0.0,0.0,0.0,0.0,0.0,0.0,0.0,0.00078064012490242,0.0,0.0,0.0,0.0,0.0,0.0,0.0,0.0,0.0,0.0,0.0,0.0,0.0,0.0,0.0,0.0,0.0,0.0,0.0,0.0,0.0,0.0,0.0,0.0,0.0,0.0,0.0,0.0,0.0,0.0,0.0,0.0
118,118.0,2009.0,0.0,1.0,0.0,0.0,0.0,1.0,1.0,0.0,0.0,0.0,0.0004977600796416127,0.0004977600796416127,0.0,0.0,0.0004977600796416127,0.0,0.0,0.0,0.0,0.0,0.0,0.001991040318566451,0.013937282229965157,0.019910403185664508,0.015928322548531607,0.0,0.015928322548531607,0.017919362867098058,0.015928322548531607,0.012444001991040319,0.009457441513190641,0.015928322548531607,0.013439522150323544,0.01642608262817322,0.0,0.007964161274265804,0.006968641114982578,0.007964161274265804,0.005973120955699353,0.001991040318566451,0.003982080637132902,0.0,0.0,0.0,0.0009955201592832255,0.0,0.0,0.0,0.0,0.0,0.0,0.0,0.0,0.0,0.0,0.0,0.0,0.0,0.0,0.0,0.0,0.0,0.0,0.0,0.0009955201592832255,0.0,0.0,0.0,0.0,0.0,0.0,0.0,0.0,0.0,0.0,0.0,0.0,0.0,0.0,0.0,0.0,0.0,0.0,0.0,0.0,0.0,0.0,0.0,0.0,0.0,0.0,0.0,0.0,0.0,0.0,0.0,0.0,0.0,0.0,0.0,0.0,0.0,0.0,0.0,0.0,0.0,0.0004977600796416127,0.0,0.0,0.0,0.0,0.0,0.0,0.0,0.0,0.0,0.0,0.0,0.0,0.0,0.0
119,119.0,10350.0,0.0,0.6570048309178744,1.0,0.0,0.0,0.0,0.0,0.0,0.0,0.0002898550724637681,0.0001932367149758454,9.66183574879227e-05,9.66183574879227e-05,0.0,0.0018357487922705314,0.0,9.66183574879227e-05,0.0,9.66183574879227e-05,9.66183574879227e-05,9.66183574879227e-05,0.0336231884057971,0.02396135265700483,0.005603864734299517,0.02251207729468599,0.024154589371980676,0.00463768115942029,0.007053140096618358,0.02859903381642512,0.02280193236714976,0.02463768115942029,0.004057971014492754,0.006280193236714976,0.023671497584541065,9.66183574879227e-05,0.013719806763285025,0.01178743961352657,0.012270531400966183,0.012077294685990338,0.022028985507246378,0.0157487922705314,0.0011594202898550724,0.0,0.0,0.006570048309178744,0.0,0.0,0.0001932367149758454,0.0001932367149758454,0.0,9.66183574879227e-05,0.0,0.0002898550724637681,0.0,0.0,0.0,0.0011594202898550724,0.001256038647342995,9.66183574879227e-05,0.0,0.0,9.66183574879227e-05,0.0,0.0,0.001352657004830918,0.0,0.0007729468599033816,0.0004830917874396135,0.0,0.0,0.0,9.66183574879227e-05,9.66183574879227e-05,0.0,0.0,0.0,0.0,9.66183574879227e-05,0.000966183574879227,0.0,0.0001932367149758454,0.0,0.0,0.0,9.66183574879227e-05,0.0,0.0,9.66183574879227e-05,0.000966183574879227,0.0,0.0,9.66183574879227e-05,0.0,0.0,0.0,0.0,0.0,0.0,0.0,0.0,0.0,0.0,0.0,0.0,0.0002898550724637681,0.0,0.0004830917874396135,0.0,0.0,0.0,0.0,0.0,0.0,0.0,0.0,0.0,9.66183574879227e-05,0.0,0.0,9.66183574879227e-05,0.0
120,120.0,827.0,0.0,0.9915356711003628,0.9951632406287787,0.9939540507859734,0.9975816203143894,0.9903264812575574,0.9963724304715841,0.9685610640870617,0.9746070133010882,0.0012091898428053204,0.0012091898428053204,0.0012091898428053204,0.0,0.0012091898428053204,0.0012091898428053204,0.0,0.0012091898428053204,0.0012091898428053204,0.0012091898428053204,0.0012091898428053204,0.0012091898428053204,0.0012091898428053204,0.11124546553808948,0.1003627569528416,0.1596130592503023,0.12454655380894801,0.10157194679564692,0.1414752116082225,0.6807738814993954,0.7436517533252721,0.5489721886336155,0.8222490931076178,0.15356711003627568,0.8851269649334945,0.0,0.14026602176541716,0.18137847642079807,0.18863361547763,0.17533252720677148,0.0024183796856106408,0.014510278113663845,0.0012091898428053204,0.0,0.0,0.0024183796856106408,0.0,0.0,0.0,0.0,0.0,0.0,0.0,0.0,0.0,0.0,0.0,0.0012091898428053204,0.0012091898428053204,0.0,0.0,0.0,0.0,0.0,0.0,0.0012091898428053204,0.0,0.0,0.0,0.0,0.0,0.0,0.0,0.0,0.0,0.0,0.0,0.0,0.0,0.0012091898428053204,0.0,0.0,0.0,0.0,0.0,0.0,0.0,0.0,0.0,0.0,0.0,0.0,0.0,0.0,0.0,0.0,0.0,0.0,0.0,0.0,0.0,0.0,0.0,0.0,0.0,0.0,0.0,0.0012091898428053204,0.0,0.0,0.0,0.0,0.0,0.0,0.0,0.0,0.0,0.0,0.0,0.0,0.0,0.0
121,121.0,1001.0,0.0,0.985014985014985,0.985014985014985,0.987012987012987,0.987012987012987,0.972027972027972,0.981018981018981,0.9790209790209791,0.9200799200799201,0.0,0.0,0.0,0.0,0.0,0.0,0.0,0.0,0.0,0.0,0.0,0.0,0.000999000999000999,0.18281718281718282,0.18181818181818182,1.0,0.1958041958041958,0.0,0.14685314685314685,0.2087912087912088,0.000999000999000999,0.17882117882117882,1.0,0.2097902097902098,0.0,0.0,0.13586413586413587,0.13486513486513488,0.11688311688311688,0.11488511488511488,0.0,0.006993006993006993,0.0,0.0,0.0,0.0,0.0,0.0,0.0,0.0,0.0,0.0,0.0,0.0,0.000999000999000999,0.0,0.0,0.0,0.0,0.0,0.0,0.0,0.0,0.0,0.0,0.0,0.0,0.0,0.0,0.0,0.0,0.0,0.0,0.0,0.0,0.0,0.0,0.0,0.0,0.0,0.0,0.0,0.0,0.0,0.0,0.0,0.0,0.0,0.0,0.0,0.0,0.0,0.0,0.0,0.0,0.0,0.0,0.0,0.0,0.0,0.0,0.0,0.0,0.0,0.0,0.0,0.0,0.001998001998001998,0.0,0.0,0.0,0.0,0.0,0.0,0.0,0.0,0.0,0.0,0.0,0.0,0.0,0.0
122,122.0,2196.0,0.0,0.9863387978142076,0.9927140255009107,0.9904371584699454,0.9635701275045537,0.964936247723133,0.9877049180327869,0.9467213114754098,0.9581056466302368,0.0004553734061930783,0.0004553734061930783,0.0004553734061930783,0.0,0.0,0.0009107468123861566,0.0,0.0,0.0,0.0,0.0,0.0,0.002276867030965392,0.17167577413479052,0.0,0.0,0.0,0.14162112932604737,0.0,0.0,0.0004553734061930783,0.0,0.13160291438979962,0.0,1.0,0.0,0.08561020036429873,0.0947176684881603,0.08925318761384335,0.07741347905282331,0.0009107468123861566,0.00546448087431694,0.0,0.0,0.0,0.0018214936247723133,0.0,0.0,0.0,0.0,0.0,0.0,0.0,0.0004553734061930783,0.0,0.0,0.0,0.0,0.0,0.0,0.0,0.0,0.0,0.0,0.0,0.0,0.0,0.0,0.0,0.0,0.0,0.0,0.0,0.0,0.0,0.0,0.0,0.0,0.0,0.001366120218579235,0.0,0.0,0.0,0.0,0.0,0.0,0.0,0.0,0.0,0.0004553734061930783,0.0,0.0,0.0,0.0,0.0,0.0,0.0,0.0,0.0,0.0,0.0,0.0,0.0,0.0,0.0,0.0,0.0,0.0,0.0,0.0,0.0,0.0,0.0,0.0,0.0,0.0,0.0,0.0,0.0,0.0,0.0,0.0
123,123.0,1536.0,0.0,0.4498697916666667,1.0,0.0,1.0,0.0,1.0,0.20052083333333334,1.0,0.0,0.0006510416666666666,0.0006510416666666666,0.0,0.0,0.0006510416666666666,0.0,0.0,0.0,0.0,0.0,0.0,0.0006510416666666666,0.029296875,0.03515625,0.032552083333333336,0.027994791666666668,0.028645833333333332,0.030598958333333332,0.033854166666666664,0.027994791666666668,0.03125,0.032552083333333336,0.021484375,0.029947916666666668,0.0,0.018880208333333332,0.009765625,0.012369791666666666,0.015625,0.001953125,0.0013020833333333333,0.0,0.0,0.0,0.0,0.0,0.0,0.0,0.0,0.0,0.0,0.0,0.0006510416666666666,0.0,0.0,0.0,0.0,0.0,0.0,0.0,0.0,0.0,0.0,0.0,0.0013020833333333333,0.0,0.0,0.0006510416666666666,0.0,0.0,0.0,0.0,0.0,0.0,0.0,0.0,0.0,0.0,0.0,0.0,0.0,0.0,0.0,0.0,0.0,0.0006510416666666666,0.0006510416666666666,0.0006510416666666666,0.0,0.0,0.0,0.0,0.0,0.0,0.0,0.0,0.0006510416666666666,0.0,0.0,0.0006510416666666666,0.0006510416666666666,0.0,0.0,0.0,0.0,0.0,0.0,0.0,0.0,0.0,0.0,0.0,0.0,0.0,0.0,0.0,0.0006510416666666666,0.0,0.0,0.0,0.0
124,124.0,2180.0,0.0,0.0,0.7660550458715596,1.0,1.0,1.0,1.0,1.0,1.0,0.0,0.0,0.0,0.0,0.0,0.00045871559633027525,0.0,0.0,0.0,0.0,0.0,0.0,0.0013761467889908258,0.05321100917431193,0.04036697247706422,0.04220183486238532,0.01055045871559633,0.0426605504587156,0.034403669724770644,0.038073394495412846,0.027522935779816515,0.03944954128440367,0.03990825688073395,0.031192660550458717,0.04036697247706422,0.0,0.027522935779816515,0.015137614678899083,0.021559633027522937,0.02706422018348624,0.0,0.00045871559633027525,0.0,0.0,0.0,0.0013761467889908258,0.0,0.0,0.0,0.0,0.0,0.0,0.0,0.0,0.0,0.0,0.0,0.0,0.0,0.0,0.0,0.0,0.0,0.0,0.0,0.00045871559633027525,0.0,0.0,0.0,0.0,0.0,0.0,0.0,0.0,0.0,0.0,0.0,0.0,0.0,0.0,0.0,0.0,0.0,0.0,0.0,0.0,0.0,0.0,0.0,0.00045871559633027525,0.0,0.0,0.0,0.0,0.0,0.0,0.0,0.00045871559633027525,0.0,0.0,0.0,0.0,0.0,0.0,0.0,0.00045871559633027525,0.0,0.0,0.0,0.0,0.0,0.0,0.0,0.0,0.0,0.0,0.0,0.0,0.0,0.0,0.0,0.0
125,125.0,2269.0,0.0,0.989863375936536,0.9947113265755839,0.9942706037902159,0.9625385632437197,0.9656236227412958,0.9911855442926399,0.9770824151608638,0.998237108858528,0.00044072278536800354,0.0,0.0008814455707360071,0.0,0.0,0.00044072278536800354,0.0,0.0,0.0,0.0,0.0,0.0,0.0013221683561040105,1.0,0.028206258263552227,0.030409872190392245,0.25209343323049804,0.09519612163948876,0.0,0.021154693697664168,0.02247686205376818,0.014103129131776113,0.07933010136624064,0.022036139268400177,0.027324812692816218,0.0,0.08109299250771265,0.07977082415160863,0.0872631115028647,0.08461877479065667,0.00044072278536800354,0.007933010136624064,0.0,0.0,0.0,0.00044072278536800354,0.0,0.0,0.0,0.0,0.0,0.0,0.0,0.0,0.0,0.0,0.0,0.0,0.0,0.0,0.0,0.0,0.0,0.0,0.0,0.0,0.0,0.0,0.0,0.0,0.0,0.0,0.0,0.0,0.0,0.0,0.0,0.0,0.00044072278536800354,0.00044072278536800354,0.0,0.0,0.0,0.0,0.0,0.0,0.0,0.0,0.0,0.0,0.0,0.0,0.0,0.0,0.0,0.0,0.0,0.0,0.0,0.0,0.0,0.0,0.0,0.0,0.0,0.0,0.0,0.0,0.0,0.0,0.0,0.0,0.0,0.0,0.0,0.0,0.0,0.0,0.0,0.0,0.0,0.0
126,126.0,863.0,0.0,0.9976825028968713,0.9976825028968713,0.9988412514484357,0.996523754345307,1.0,0.9953650057937428,0.9942062572421785,0.9930475086906141,0.0,0.0,0.0011587485515643105,0.0,0.0,0.0,0.0,0.0,0.0,0.0,0.0,0.0,0.0011587485515643105,0.32329084588644263,0.8702201622247973,0.9455388180764774,0.42526071842410196,0.8760139049826188,0.41946697566628044,0.5168018539976825,0.10660486674391657,0.8146002317497103,0.7809965237543454,0.2085747392815759,0.4298957126303592,0.0,0.2190034762456547,0.3174971031286211,0.2850521436848204,0.253765932792584,0.0,0.0034762456546929316,0.0011587485515643105,0.0,0.0,0.0011587485515643105,0.0,0.0,0.0,0.0,0.0,0.0,0.0,0.0,0.0,0.0,0.0,0.0011587485515643105,0.0011587485515643105,0.0,0.0,0.0,0.0,0.0,0.0,0.0,0.0,0.0,0.0,0.0,0.0,0.0,0.0,0.0,0.0,0.0,0.0,0.0,0.0,0.0,0.0,0.0,0.0,0.0,0.0,0.0,0.0,0.0,0.0,0.0,0.0,0.0,0.0,0.0,0.0,0.0,0.0,0.0,0.0,0.0,0.0,0.0,0.0,0.0,0.0,0.0,0.0,0.0011587485515643105,0.0,0.0,0.0,0.0,0.0,0.0,0.0,0.0,0.0,0.0,0.0,0.0,0.0,0.0
127,127.0,1877.0,0.0,0.0,1.0,0.6654235482152371,0.6819392647842302,1.0,0.0,0.0,1.0,0.0,0.0,0.0005327650506126798,0.0,0.0,0.0,0.0,0.0,0.0,0.0,0.0,0.0,0.0015982951518380393,0.02983484283431007,0.030367607884922748,0.03356419818859883,0.02823654768247203,0.03249866808737347,0.03090037293553543,0.02876931273308471,0.019712306872669155,0.02876931273308471,0.030367607884922748,0.020245071923281833,0.02503995737879595,0.0010655301012253596,0.013851891315929675,0.017048481619605753,0.011720831113478956,0.018114011720831113,0.0005327650506126798,0.0005327650506126798,0.0005327650506126798,0.0,0.0,0.0010655301012253596,0.0,0.0,0.0,0.0,0.0,0.0,0.0,0.0,0.0,0.0,0.0,0.0005327650506126798,0.0005327650506126798,0.0,0.0,0.0,0.0,0.0,0.0,0.0,0.0,0.0,0.0,0.0,0.0,0.0,0.0,0.0,0.0,0.0,0.0,0.0,0.0,0.0,0.0,0.0,0.0,0.0,0.0,0.0,0.0005327650506126798,0.0,0.0,0.0,0.0,0.0,0.0,0.0,0.0,0.0,0.0,0.0,0.0,0.0,0.0,0.0,0.0,0.0,0.0,0.0,0.0,0.0005327650506126798,0.0,0.0,0.0,0.0,0.0,0.0,0.0,0.0,0.0,0.0,0.0,0.0,0.0,0.0
128,128.0,1831.0,0.0,0.0,0.0,0.3080283997815401,1.0,1.0,0.0,0.16220644456581104,1.0,0.0,0.0005461496450027307,0.0,0.0,0.0,0.002730748225013654,0.0,0.0,0.0,0.0,0.0,0.0,0.0038230475150191155,0.025122883670125613,0.022938285090114693,0.0212998361551065,0.019115237575095576,0.02403058438012015,0.018569087930092845,0.015292190060076462,0.02075368651010377,0.0212998361551065,0.02403058438012015,0.019115237575095576,0.014199890770071,0.0,0.008738394320043691,0.013107591480065538,0.009284543965046422,0.014199890770071,0.002730748225013654,0.002730748225013654,0.0,0.0,0.0,0.0010922992900054614,0.0,0.0,0.0,0.0,0.0,0.0005461496450027307,0.0,0.0,0.0,0.0,0.0,0.0,0.0,0.0,0.0,0.0,0.0,0.0,0.0,0.0005461496450027307,0.0,0.0005461496450027307,0.0,0.0,0.0,0.0,0.0,0.0,0.0,0.0,0.0,0.0,0.0005461496450027307,0.0,0.0,0.0,0.0,0.0,0.0,0.0,0.0,0.0,0.0,0.0010922992900054614,0.0,0.0,0.0,0.0,0.0,0.0,0.0,0.0,0.0,0.0,0.0,0.0,0.0,0.0,0.0,0.0,0.0,0.0,0.0,0.0,0.0,0.0,0.0,0.0,0.0,0.0,0.0,0.0,0.0,0.0,0.0,0.0
129,129.0,1683.0,0.0,0.0011883541295306002,0.0,0.0005941770647653001,0.0017825311942959,0.0005941770647653001,0.0011883541295306002,0.0011883541295306002,0.0,0.9471182412358883,0.93048128342246,1.0,0.7243018419489008,0.8389780154486037,0.39869281045751637,0.45811051693404636,0.38324420677361853,0.38146167557932265,0.41117052881758764,0.37670825906120026,0.35472370766488415,0.0029708853238265003,0.0,0.0,0.0,0.0,0.0,0.0,0.0,0.0,0.0,0.0,0.0,0.0,0.0,0.0,0.0,0.0,0.0,0.0035650623885918,0.0011883541295306002,0.0005941770647653001,0.0,0.0,0.0,0.0029708853238265003,0.0035650623885918,0.0011883541295306002,0.0,0.0011883541295306002,0.0017825311942959,0.0,0.0005941770647653001,0.0011883541295306002,0.0029708853238265003,0.0017825311942959,0.0,0.0,0.0029708853238265003,0.0,0.0,0.0,0.0,0.0005941770647653001,0.0,0.0,0.0,0.0,0.0,0.0,0.0,0.0,0.0,0.0,0.0,0.0,0.0,0.0,0.0,0.0005941770647653001,0.0,0.0005941770647653001,0.0,0.0,0.0005941770647653001,0.0,0.0,0.0,0.0,0.0,0.0,0.0,0.0,0.0005941770647653001,0.0,0.0,0.0,0.0,0.0,0.0,0.0,0.0005941770647653001,0.0,0.0,0.0,0.0,0.0,0.0,0.0,0.0,0.0,0.0,0.0,0.0,0.0,0.0,0.0,0.0,0.0,0.0,0.0
130,130.0,871.0,0.0,0.9954075774971297,0.9908151549942594,0.9896670493685419,0.9954075774971297,0.9862227324913893,0.9885189437428243,0.9747416762342136,0.9690011481056258,0.0,0.0,0.0,0.0,0.0,0.0,0.0,0.0,0.0,0.0,0.0,0.0,0.001148105625717566,0.7807118254879449,0.8002296211251435,0.1653272101033295,0.2939150401836969,0.9586681974741676,0.10218140068886337,0.25832376578645233,0.1285878300803674,0.09644087256027555,0.08151549942594719,0.7210103329506314,0.24110218140068887,0.0,0.21814006888633755,0.1756601607347876,0.18369690011481057,0.18025258323765786,0.001148105625717566,0.008036739380022962,0.0,0.0,0.0,0.0,0.0,0.0,0.0,0.0,0.0,0.0,0.0,0.0,0.0,0.0,0.0,0.0,0.0,0.0,0.0,0.0,0.0,0.0,0.0,0.0,0.0,0.0,0.0,0.0,0.0,0.0,0.0,0.0,0.001148105625717566,0.0,0.0,0.0,0.0,0.0,0.0,0.0,0.0,0.0,0.0,0.0,0.0,0.0,0.0,0.0,0.0,0.0,0.0,0.0,0.0,0.0,0.0,0.0,0.0,0.0,0.0,0.0,0.0,0.0,0.0,0.0,0.0,0.001148105625717566,0.0,0.0,0.0,0.0,0.001148105625717566,0.0,0.0,0.0,0.0,0.0,0.0,0.0,0.0,0.0
131,131.0,758.0,0.0,1.0,1.0,0.996042216358839,0.9986807387862797,0.996042216358839,0.9973614775725593,0.9907651715039578,0.9920844327176781,0.0,0.0,0.0,0.0,0.0,0.0013192612137203166,0.0,0.0,0.0,0.0,0.0,0.0,0.0,0.7321899736147758,0.18337730870712401,0.8284960422163589,0.18337730870712401,0.837730870712401,0.18337730870712401,0.6807387862796834,0.8390501319261213,0.8641160949868074,0.4076517150395778,0.6965699208443272,0.19656992084432717,0.0,0.18733509234828497,0.22559366754617413,0.23878627968337732,0.22295514511873352,0.002638522427440633,0.005277044854881266,0.0,0.0,0.0,0.0013192612137203166,0.0,0.0,0.0,0.0,0.0,0.0,0.0,0.0,0.0,0.0,0.0,0.0,0.0,0.0,0.0,0.0,0.0,0.0,0.0,0.0,0.0,0.0,0.0,0.0,0.0,0.0,0.0,0.0,0.0,0.0,0.0,0.0,0.0,0.0,0.0,0.0,0.0,0.0,0.0,0.0,0.0,0.0,0.0,0.0013192612137203166,0.0,0.0,0.0,0.0,0.0,0.0,0.0,0.0,0.0,0.0,0.0,0.0,0.0,0.0,0.0,0.0,0.0,0.0,0.0,0.0,0.0,0.0,0.0,0.0,0.0,0.0,0.0,0.0,0.0,0.0,0.0,0.0
132,132.0,924.0,0.0,0.9989177489177489,0.9989177489177489,0.9989177489177489,0.9989177489177489,0.9956709956709957,1.0,0.9989177489177489,1.0,0.0,0.0,0.0,0.0,0.0,0.0021645021645021645,0.0,0.0,0.0,0.0,0.0,0.0,0.0,0.775974025974026,0.8506493506493507,0.803030303030303,0.7510822510822511,0.8831168831168831,0.8138528138528138,0.7056277056277056,0.7608225108225108,0.816017316017316,0.0,0.7792207792207793,0.8560606060606061,0.0,0.6655844155844156,0.4274891774891775,0.4383116883116883,0.49783549783549785,0.0010822510822510823,0.007575757575757576,0.0,0.0,0.0,0.0010822510822510823,0.0,0.0,0.0,0.0,0.0,0.0,0.0,0.0,0.0010822510822510823,0.0,0.0,0.0,0.0,0.0,0.0,0.0,0.0,0.0,0.0,0.0010822510822510823,0.0,0.0,0.0,0.0,0.0,0.0,0.0,0.0,0.0,0.0,0.0,0.0,0.0,0.0010822510822510823,0.0,0.0,0.0,0.0,0.0,0.0,0.0,0.0,0.0,0.0,0.0,0.0,0.0,0.0,0.0,0.0,0.0,0.0,0.0,0.0,0.0,0.0,0.0,0.0,0.0,0.0010822510822510823,0.0,0.0010822510822510823,0.0,0.0,0.0,0.0,0.0,0.0,0.0,0.0,0.0,0.0,0.0,0.0,0.0,0.0
133,133.0,1340.0,0.0,0.9798507462686568,0.9813432835820896,0.9776119402985075,0.9865671641791045,0.9798507462686568,0.9955223880597015,0.9335820895522388,0.9298507462686567,0.0,0.0,0.0,0.0007462686567164179,0.0,0.002238805970149254,0.0,0.0,0.0,0.0,0.0,0.0,0.0,0.15,0.20597014925373133,0.18955223880597014,0.20149253731343283,0.15671641791044777,0.13880597014925372,0.1208955223880597,1.0,1.0,0.11119402985074626,0.0014925373134328358,0.13208955223880597,0.0,0.1208955223880597,0.13134328358208955,0.12462686567164179,0.11641791044776119,0.0007462686567164179,0.005970149253731343,0.0,0.0,0.0,0.0037313432835820895,0.0,0.0,0.0,0.0,0.0,0.0,0.0,0.0,0.0,0.0,0.0,0.0,0.0,0.0,0.0,0.0,0.0,0.0,0.0,0.0007462686567164179,0.0,0.0,0.0,0.0,0.0,0.0,0.0,0.0,0.0,0.0,0.0,0.0,0.0,0.0,0.0,0.0,0.0,0.0,0.0,0.0,0.0,0.0,0.0,0.0,0.0,0.0,0.0,0.0,0.0,0.0,0.0,0.0,0.0,0.0,0.0,0.0,0.0,0.0,0.0,0.0,0.0,0.0007462686567164179,0.0,0.0,0.0,0.0,0.0,0.0,0.0,0.0,0.0,0.0,0.0,0.0,0.0,0.0
134,134.0,787.0,0.0,0.9936467598475223,0.9949174078780177,0.9923761118170267,0.98856416772554,0.9911054637865311,0.9949174078780177,0.974587039390089,0.96569250317662,0.0,0.0,0.0012706480304955528,0.0,0.0,0.0012706480304955528,0.0,0.0,0.0,0.0,0.0,0.0,0.0,0.2363405336721728,0.22871664548919948,0.8170266836086404,0.841168996188056,0.18932655654383734,0.22617534942820838,0.096569250317662,0.06607369758576874,0.8958068614993647,0.07623888182973317,0.7560355781448539,0.1855146124523507,0.0,0.17789072426937738,0.13850063532401524,0.144853875476493,0.11944091486658195,0.0,0.0025412960609911056,0.0,0.0,0.0,0.0,0.0,0.0,0.0,0.0,0.0,0.0,0.0,0.0,0.0,0.0,0.0,0.0,0.0,0.0,0.0,0.0,0.0,0.0,0.0,0.0,0.0,0.0,0.0,0.0,0.0,0.0,0.0,0.0,0.0,0.0,0.0,0.0,0.0,0.0012706480304955528,0.0,0.0,0.0,0.0,0.0,0.0,0.0,0.0,0.0,0.0012706480304955528,0.0,0.0,0.0,0.0,0.0,0.0,0.0,0.0,0.0,0.0,0.0,0.0,0.0,0.0,0.0,0.0,0.0,0.0,0.0,0.0,0.0,0.0,0.0,0.0,0.0,0.0,0.0,0.0,0.0,0.0,0.0,0.0
135,135.0,2169.0,0.0,0.719225449515906,1.0,0.5961272475795297,1.0,0.0,0.0,1.0,0.12171507607192254,0.0,0.0,0.0,0.0,0.0,0.0004610419548178884,0.0,0.0,0.0,0.0,0.0,0.0,0.0027662517289073307,0.027662517289073305,0.025357307514983864,0.02120792992162287,0.027662517289073305,0.023052097740894423,0.03319502074688797,0.03227293683725219,0.02074688796680498,0.029045643153526972,0.03135085292761641,0.027662517289073305,0.02996772706316275,0.0004610419548178884,0.015675426463808206,0.016597510373443983,0.01429230059935454,0.012909174734900875,0.003227293683725219,0.003227293683725219,0.0,0.0,0.0,0.0018441678192715537,0.0,0.0,0.0,0.0,0.0,0.0,0.0,0.0,0.0,0.0,0.0,0.0,0.0,0.0,0.0,0.0,0.0,0.0,0.0,0.0004610419548178884,0.0,0.0,0.0,0.0,0.0,0.0,0.0,0.0,0.0,0.0,0.0,0.0,0.0,0.0,0.0,0.0,0.0,0.0,0.0,0.0,0.0,0.0,0.0,0.0,0.0,0.0,0.0,0.0,0.0,0.0,0.0,0.0,0.0,0.0,0.0,0.0,0.0,0.0,0.0,0.0,0.0,0.0009220839096357768,0.0,0.0,0.0,0.0,0.0,0.0,0.0,0.0,0.0,0.0,0.0,0.0,0.0,0.0
136,136.0,2457.0,0.0,0.9877899877899878,0.989010989010989,0.9865689865689866,0.9625559625559625,0.9702889702889703,0.9633699633699634,0.9381359381359381,1.0,0.0,0.0,0.000407000407000407,0.0,0.0,0.0,0.0,0.0,0.0,0.0,0.0,0.0,0.000407000407000407,0.14733414733414735,1.0,0.0,0.0,0.09645909645909646,0.0,0.0,0.000407000407000407,0.0,0.14041514041514042,0.0,0.14041514041514042,0.0,0.08465608465608465,0.07773707773707773,0.07733007733007732,0.07407407407407407,0.000407000407000407,0.006512006512006512,0.0,0.0,0.0,0.001221001221001221,0.0,0.0,0.0,0.0,0.0,0.0,0.0,0.000407000407000407,0.0,0.0,0.0,0.0,0.0,0.0,0.0,0.0,0.0,0.0,0.0,0.000407000407000407,0.0,0.0,0.0,0.0,0.0,0.0,0.0,0.0,0.0,0.0,0.0,0.0,0.0,0.000814000814000814,0.0,0.0,0.0,0.0,0.0,0.0,0.0,0.0,0.0,0.000407000407000407,0.0,0.0,0.0,0.0,0.0,0.0,0.0,0.0,0.0,0.0,0.0,0.0,0.0,0.0,0.0,0.0,0.0,0.000407000407000407,0.0,0.0,0.0,0.0,0.0,0.0,0.0,0.0,0.0,0.0,0.0,0.0,0.0,0.0
137,137.0,1938.0,0.0,0.0,0.0,1.0,1.0,1.0,1.0,0.0,0.3302373581011352,0.0,0.0,0.0,0.0,0.0,0.0,0.0,0.0,0.0,0.0,0.0,0.0,0.0005159958720330237,0.03869969040247678,0.029411764705882353,0.010835913312693499,0.028379772961816305,0.0196078431372549,0.023735810113519093,0.022703818369453045,0.030959752321981424,0.029411764705882353,0.028379772961816305,0.021155830753353973,0.026831785345717233,0.0,0.017543859649122806,0.01238390092879257,0.012899896800825593,0.014447884416924664,0.0015479876160990713,0.0030959752321981426,0.0005159958720330237,0.0,0.0,0.0030959752321981426,0.0,0.0,0.0,0.0,0.0,0.0,0.0,0.0,0.0,0.0,0.0,0.0005159958720330237,0.0005159958720330237,0.0,0.0,0.0,0.0,0.0,0.0,0.0015479876160990713,0.0,0.0,0.0,0.0,0.0,0.0,0.0,0.0,0.0,0.0,0.0,0.0,0.0,0.0,0.0,0.0,0.0,0.0,0.0,0.0,0.0,0.0,0.0,0.0005159958720330237,0.0,0.0,0.0,0.0,0.0,0.0,0.0,0.0,0.0,0.0,0.0,0.0,0.0,0.0,0.0,0.0,0.0,0.0,0.0,0.0,0.0,0.0,0.0,0.0,0.0,0.0,0.0,0.0,0.0,0.0,0.0,0.0
138,138.0,3867.0,0.0,0.0,1.0,0.0,0.3395396948538919,1.0,1.0,0.0,0.14584949573312644,0.0,0.0,0.0002585983966899405,0.0,0.0,0.000517196793379881,0.0,0.0,0.0,0.0,0.0,0.0,0.0028445823635893457,0.01965347814843548,0.016033100594776313,0.01965347814843548,0.019394879751745538,0.00517196793379881,0.018101887768295837,0.02094647013188518,0.021980863718644945,0.01965347814843548,0.012154124644427205,0.019136281355055598,0.01034393586759762,0.0002585983966899405,0.008016550297388157,0.01008533747090768,0.012929919834497027,0.011119731057667443,0.002068787173519524,0.006464959917248513,0.0,0.0,0.0,0.000517196793379881,0.0,0.0,0.0,0.0,0.0,0.0,0.0,0.0,0.0,0.0,0.0,0.0,0.0,0.0,0.0,0.0,0.0,0.0,0.0,0.0,0.0,0.0,0.0,0.0,0.0,0.0,0.0,0.0,0.0,0.0,0.0,0.0,0.0015515903801396431,0.0,0.0,0.0,0.0,0.0,0.0,0.0,0.0,0.0,0.0,0.000517196793379881,0.0,0.0,0.0,0.0,0.0,0.0,0.0,0.0,0.0,0.0,0.0,0.0,0.0,0.0,0.0,0.0,0.0,0.0,0.0,0.0,0.0,0.0,0.0,0.0,0.0,0.0,0.0,0.0,0.0,0.0,0.0,0.0
139,139.0,1127.0,0.0,0.9893522626441881,0.9920141969831411,0.9964507542147294,0.8944099378881988,0.8864241348713399,0.9902395740905058,1.0,0.0,0.0,0.0,0.0,0.0,0.0,0.0008873114463176575,0.0,0.0,0.0008873114463176575,0.0008873114463176575,0.0,0.0,0.0008873114463176575,0.08961845607808341,0.5474711623779946,0.07453416149068323,0.554569653948536,0.049689440993788817,0.03904170363797693,0.006211180124223602,0.07453416149068323,0.03992901508429459,0.027506654835847383,0.04259094942324756,0.08518189884649512,0.0008873114463176575,0.0044365572315882874,0.032830523513753325,0.03904170363797693,0.03992901508429459,0.001774622892635315,0.005323868677905945,0.0,0.0,0.0008873114463176575,0.0,0.0,0.0,0.0,0.0,0.0,0.0,0.0,0.0008873114463176575,0.0,0.0,0.0,0.0,0.0,0.0,0.0,0.0,0.0,0.0008873114463176575,0.0,0.001774622892635315,0.0,0.0,0.0,0.0,0.0,0.0,0.0008873114463176575,0.0,0.0,0.0,0.0,0.0,0.0008873114463176575,0.0,0.0,0.0008873114463176575,0.0,0.0,0.0,0.0,0.0008873114463176575,0.0,0.0,0.0,0.0,0.0,0.0,0.0,0.0,0.0,0.0,0.0,0.0,0.0,0.0,0.0008873114463176575,0.0,0.0,0.0,0.0,0.0008873114463176575,0.0008873114463176575,0.0,0.0,0.0,0.0,0.0,0.0008873114463176575,0.0,0.0,0.0,0.0008873114463176575,0.0,0.0,0.0,0.0
140,140.0,467.0,0.0,0.9207708779443254,0.9014989293361885,0.8779443254817987,0.892933618843683,0.8843683083511777,0.0,0.961456102783726,0.9828693790149893,0.0,0.0,0.0,0.0,0.0,0.0021413276231263384,0.0,0.0,0.0,0.0,0.0,0.0,0.0,0.07066381156316917,0.032119914346895075,0.06423982869379015,0.5781584582441114,0.010706638115631691,0.029978586723768737,0.5331905781584583,0.006423982869379015,0.08779443254817987,0.04068522483940043,0.032119914346895075,0.06209850107066381,0.0,0.029978586723768737,0.03854389721627409,0.057815845824411134,0.05139186295503212,0.0,0.008565310492505354,0.0,0.0,0.0,0.0,0.0,0.0,0.0,0.0,0.0,0.0,0.0,0.0,0.0,0.0,0.0,0.0,0.0,0.0,0.0,0.0,0.0,0.0,0.0,0.0021413276231263384,0.0,0.0,0.0,0.0,0.0,0.0,0.0,0.0,0.0,0.0,0.0,0.0,0.0,0.0021413276231263384,0.0,0.0,0.0,0.0,0.0,0.0,0.0,0.0,0.0,0.0,0.0,0.0,0.0,0.0,0.0,0.0,0.0,0.0,0.0,0.0,0.0,0.0,0.0,0.0,0.0,0.0,0.0021413276231263384,0.0,0.0,0.0,0.0,0.0,0.0,0.0,0.0,0.0,0.0,0.0,0.0,0.0,0.0,0.0
141,141.0,2683.0,0.0,1.0,0.0,1.0,0.0,1.0,0.0,0.0,0.2262392843831532,0.0,0.003727171077152441,0.004472605292582929,0.0,0.0,0.0007454342154304882,0.0,0.0,0.0,0.0,0.0,0.0,0.0014908684308609765,0.017517704062616473,0.017890421170331718,0.020499440924338426,0.015654118524040254,0.017890421170331718,0.0160268356317555,0.018263138278046962,0.018263138278046962,0.02348117778606038,0.02012672381662318,0.02087215803205367,0.01528140141632501,0.0007454342154304882,0.007454342154304882,0.008572493477450614,0.008945210585165859,0.01080879612374208,0.0018635855385762206,0.0022363026462914647,0.0,0.0,0.0,0.0011181513231457323,0.0,0.0,0.0,0.0,0.0,0.0,0.0,0.0003727171077152441,0.0,0.0,0.0,0.0,0.0,0.0,0.0,0.0,0.0,0.0,0.0,0.0011181513231457323,0.0,0.0,0.0,0.0,0.0,0.0,0.0,0.0,0.0,0.0,0.0,0.0,0.0003727171077152441,0.0,0.0,0.0,0.0,0.0,0.0,0.0,0.0,0.0,0.0,0.0,0.0,0.0,0.0,0.0,0.0,0.0,0.0,0.0,0.0,0.0,0.0,0.0,0.0,0.0,0.0,0.0,0.0,0.0003727171077152441,0.0,0.0,0.0,0.0,0.0,0.0,0.0,0.0,0.0,0.0,0.0,0.0,0.0,0.0
142,142.0,505.0,0.0,0.0019801980198019802,0.0,0.0,0.0,0.0,0.0,0.0,0.0019801980198019802,0.695049504950495,0.9722772277227723,0.6336633663366337,0.6178217821782178,0.4693069306930693,0.16831683168316833,0.39801980198019804,0.16237623762376238,0.17227722772277226,0.1485148514851485,0.14455445544554454,0.15445544554455445,0.0039603960396039604,0.0,0.0,0.0,0.0,0.0,0.0,0.0,0.0,0.0,0.0,0.0,0.0,0.0,0.0,0.0,0.0,0.0,0.0,0.8455445544554455,0.0019801980198019802,0.0,0.0,0.0,0.9485148514851485,0.9623762376237623,0.9445544554455445,0.0,0.9247524752475248,0.9425742574257425,0.9564356435643564,0.0019801980198019802,0.9425742574257425,0.9326732673267327,0.9524752475247524,0.0,0.0,0.9445544554455445,0.0,0.0,0.0,0.0,0.8455445544554455,0.0019801980198019802,0.6792079207920793,0.0019801980198019802,0.0,0.0,0.0,0.0,0.0,0.0,0.0,0.0,0.0,0.0,0.0,0.0,0.0,0.0,0.0,0.0019801980198019802,0.0,0.0,0.0019801980198019802,0.0,0.0,0.0,0.0,0.0,0.0,0.0,0.0019801980198019802,0.0,0.0,0.0,0.0,0.0,0.0,0.0,0.0,0.0,0.0,0.0,0.0,0.0,0.0,0.0,0.0,0.0,0.0,0.0019801980198019802,0.0,0.0,0.0,0.0,0.0,0.0,0.0019801980198019802,0.0
143,143.0,2087.0,0.0,0.0,0.0,1.0,0.4216578821274557,1.0,0.0,1.0,0.25778629611883086,0.0004791566842357451,0.0014374700527072352,0.0014374700527072352,0.0,0.0,0.0009583133684714902,0.0,0.0,0.0,0.0,0.0,0.0,0.0014374700527072352,0.01820795400095831,0.020603737422137038,0.018687110685194058,0.015333013895543843,0.024916147580258743,0.012458073790129372,0.021082894106372783,0.012937230474365118,0.01772879731672257,0.02156205079060853,0.018687110685194058,0.015333013895543843,0.0004791566842357451,0.011020603737422138,0.006708193579300431,0.010062290368950648,0.013416387158600862,0.0019166267369429804,0.0019166267369429804,0.0,0.0,0.0,0.0019166267369429804,0.0,0.0,0.0,0.0,0.0,0.0,0.0,0.0,0.0,0.0,0.0,0.0,0.0,0.0,0.0,0.0,0.0,0.0,0.0,0.0014374700527072352,0.0,0.0,0.0,0.0,0.0,0.0,0.0,0.0,0.0,0.0,0.0,0.0,0.0,0.0004791566842357451,0.0,0.0,0.0,0.0,0.0,0.0,0.0,0.0,0.0,0.0,0.0,0.0,0.0,0.0,0.0,0.0,0.0,0.0,0.0,0.0,0.0,0.0,0.0,0.0,0.0,0.0,0.0,0.0,0.0,0.0,0.0,0.0,0.0,0.0,0.0,0.0,0.0,0.0,0.0,0.0,0.0,0.0
144,144.0,4308.0,0.0,0.21332404828226556,0.0,0.0,1.0,0.0,0.0,1.0,0.0,0.00046425255338904364,0.00023212627669452182,0.00023212627669452182,0.00023212627669452182,0.0,0.00046425255338904364,0.00023212627669452182,0.0,0.0,0.0,0.0,0.0,0.0030176415970287838,0.007892293407613741,0.009517177344475394,0.010445682451253482,0.007428040854224698,0.0064995357474466105,0.007428040854224698,0.008588672237697307,0.008588672237697307,0.011142061281337047,0.009981429897864439,0.0,0.007428040854224698,0.0,0.006731662024141133,0.003946146703806871,0.009052924791086351,0.004178272980501393,0.0030176415970287838,0.002785515320334262,0.00023212627669452182,0.0,0.0,0.001392757660167131,0.0,0.0,0.0,0.0,0.0,0.0,0.0,0.0,0.0,0.0,0.0,0.00023212627669452182,0.00023212627669452182,0.0,0.0,0.00023212627669452182,0.0,0.0,0.0,0.0006963788300835655,0.0,0.00023212627669452182,0.0,0.0,0.0,0.00023212627669452182,0.0,0.0,0.0,0.0,0.0,0.0,0.0,0.0,0.0,0.0,0.0,0.0,0.0,0.0,0.0,0.0,0.00046425255338904364,0.0,0.0,0.0,0.0,0.0,0.0,0.0,0.0,0.00023212627669452182,0.0,0.0,0.0,0.0,0.0,0.0,0.0,0.0,0.0,0.00046425255338904364,0.0,0.0,0.0,0.0,0.0,0.0,0.00046425255338904364,0.0,0.0,0.0,0.0,0.0,0.0,0.0
145,145.0,2902.0,0.0,0.22674017918676775,0.22398345968297725,1.0,1.0,0.0,0.6595451412818746,0.0,1.0,0.0010337698139214334,0.0010337698139214334,0.0006891798759476223,0.0006891798759476223,0.0,0.00034458993797381116,0.0,0.0,0.0,0.0,0.0,0.0,0.0013783597518952446,0.02308752584424535,0.02308752584424535,0.024810475534114404,0.018607856650585803,0.016195727084769126,0.02446588559614059,0.022398345968297727,0.030668504479669192,0.025499655410062026,0.025844245348035838,0.009648518263266712,0.026188835286009647,0.0,0.013783597518952447,0.008270158511371467,0.01171605789110958,0.010337698139214336,0.002412129565816678,0.003790489317711923,0.00034458993797381116,0.0,0.0,0.0013783597518952446,0.0,0.0,0.0,0.0,0.0,0.0,0.0,0.00034458993797381116,0.0,0.0,0.0,0.00034458993797381116,0.00034458993797381116,0.0,0.0,0.0,0.0,0.0,0.0,0.0006891798759476223,0.0,0.00034458993797381116,0.0,0.0,0.0,0.0,0.0,0.0,0.0,0.0,0.00034458993797381116,0.0,0.0,0.0,0.0,0.0,0.0,0.0,0.0,0.0,0.0,0.00034458993797381116,0.00034458993797381116,0.0,0.0,0.0,0.0,0.0,0.0,0.0,0.0,0.00034458993797381116,0.0,0.0,0.0,0.0,0.0,0.0,0.0,0.0,0.0,0.0,0.0,0.00034458993797381116,0.0,0.0,0.0,0.0,0.00034458993797381116,0.0,0.0,0.0,0.0006891798759476223,0.00034458993797381116,0.0,0.0
146,146.0,2783.0,0.0,0.539705353934603,1.0,1.0,1.0,1.0,0.0,0.0,0.0,0.00035932446999640676,0.0007186489399928135,0.00035932446999640676,0.0,0.0,0.00035932446999640676,0.0,0.0,0.0,0.0,0.0,0.0,0.001437297879985627,0.03090190441969098,0.03090190441969098,0.033417175709665826,0.008623787279913761,0.03233920229967661,0.016169601149838304,0.03090190441969098,0.02012217031979878,0.03090190441969098,0.008623787279913761,0.010779734099892203,0.027308659719726913,0.00035932446999640676,0.01437297879985627,0.01437297879985627,0.01760689902982393,0.018684872439813153,0.0021559468199784403,0.006827164929931728,0.0,0.0,0.0,0.0007186489399928135,0.0,0.00035932446999640676,0.0,0.0,0.0,0.0,0.0,0.00035932446999640676,0.0,0.0,0.0,0.0,0.0,0.0,0.0,0.0,0.0,0.0,0.0,0.00035932446999640676,0.0,0.00035932446999640676,0.0,0.0,0.0,0.0,0.0,0.0,0.0,0.0,0.0,0.0,0.0,0.0,0.0,0.0,0.0,0.0,0.0,0.0,0.0,0.0,0.0,0.0,0.0,0.0,0.0,0.0,0.0,0.0,0.0,0.0,0.0,0.0,0.0,0.0,0.0,0.0,0.0,0.0,0.0,0.0,0.0,0.0,0.0,0.0,0.0,0.0,0.0,0.0,0.0,0.0,0.0,0.0,0.0,0.0
147,147.0,3291.0,0.0,0.9872379216043756,0.9690063810391978,0.986022485566697,0.9665755089638408,0.9656639319355819,0.9899726526891522,1.0,0.8842297174111212,0.0006077180188392585,0.0006077180188392585,0.0,0.0,0.00030385900941962927,0.0006077180188392585,0.0,0.00030385900941962927,0.00030385900941962927,0.00030385900941962927,0.00030385900941962927,0.00030385900941962927,0.0006077180188392585,0.15162564570039502,0.08629595867517471,1.0,0.0,0.132786387116378,0.0,0.08477666362807658,0.0,0.11394712853236098,0.0,0.09267699787298693,0.0,0.0,0.0799149194773625,0.08234579155271954,0.08447280461865694,0.06715284108173808,0.00030385900941962927,0.004861744150714068,0.0,0.0,0.0,0.0027347310847766638,0.0,0.0,0.0,0.00030385900941962927,0.0,0.0,0.0,0.0,0.0,0.0,0.0,0.0,0.0,0.0,0.0,0.0,0.0,0.0,0.0,0.00030385900941962927,0.0,0.0006077180188392585,0.0,0.0,0.0,0.0,0.0,0.0,0.0,0.0,0.0,0.0,0.0,0.00030385900941962927,0.0,0.0,0.0,0.0,0.0,0.0,0.0,0.0,0.0,0.0006077180188392585,0.0,0.0,0.0,0.0,0.0,0.0,0.0,0.0,0.0,0.0,0.0,0.0,0.0,0.0,0.0,0.0,0.0006077180188392585,0.0006077180188392585,0.0,0.0,0.0,0.0,0.0,0.0,0.0,0.0,0.0,0.0,0.0,0.0,0.0,0.0
148,148.0,1855.0,0.0,1.0,0.0,1.0,0.323989218328841,0.0,0.0,0.14123989218328842,1.0,0.0005390835579514825,0.0,0.0005390835579514825,0.0005390835579514825,0.0,0.0,0.0,0.0,0.0,0.0,0.0,0.0,0.00215633423180593,0.01725067385444744,0.016711590296495958,0.01509433962264151,0.01778975741239892,0.01509433962264151,0.018867924528301886,0.018867924528301886,0.015633423180592992,0.018328840970350403,0.016711590296495958,0.018328840970350403,0.016172506738544475,0.0,0.008086253369272238,0.005929919137466307,0.009703504043126684,0.012398921832884097,0.00431266846361186,0.0005390835579514825,0.0,0.0,0.0,0.0005390835579514825,0.0,0.0,0.0,0.0005390835579514825,0.0,0.0,0.0,0.0005390835579514825,0.0,0.0,0.0,0.0,0.0,0.0,0.0,0.0,0.0,0.0,0.0,0.001078167115902965,0.0,0.0005390835579514825,0.0005390835579514825,0.0,0.0,0.0,0.0,0.0,0.0,0.0,0.0,0.0,0.0,0.0,0.0,0.0,0.0,0.0,0.0,0.0,0.001078167115902965,0.0,0.0005390835579514825,0.0,0.0,0.0,0.0,0.0,0.0,0.0,0.0,0.0,0.0,0.0,0.0,0.0005390835579514825,0.0,0.0,0.0,0.0,0.0,0.0,0.0,0.0005390835579514825,0.0,0.0005390835579514825,0.0,0.0,0.0005390835579514825,0.0,0.0,0.0,0.0005390835579514825,0.0,0.0,0.0
149,149.0,10423.0,0.0,0.6409862803415524,0.0,0.0,0.0,0.0,1.0,0.0,0.0,0.0012472416770603473,0.00028782500239854167,0.00019188333493236112,0.0,0.0,0.0017269500143912502,9.594166746618056e-05,9.594166746618056e-05,9.594166746618056e-05,0.00019188333493236112,0.0,0.0,0.03242828360356903,0.023601650196680417,0.004988966708241389,0.026671783555598197,0.021874700182289167,0.005468675045572292,0.0055646167130384725,0.023409766861748057,0.022738175189484792,0.024465125203876042,0.023217883526815697,0.004797083373309028,0.02590425021586875,0.00028782500239854167,0.009977933416482778,0.014103425117528543,0.011800825098340208,0.011513000095941667,0.020915283507627364,0.016022258466852155,0.0008634750071956251,9.594166746618056e-05,0.0,0.004509258370910487,0.0,0.0,0.00028782500239854167,0.0,0.0,0.00028782500239854167,0.0,0.00038376666986472224,0.0,9.594166746618056e-05,0.0,0.0007675333397294445,0.0007675333397294445,0.0,0.0,0.0,0.0,0.0,0.00028782500239854167,0.0012472416770603473,0.0,0.001535066679458889,9.594166746618056e-05,0.0,9.594166746618056e-05,0.0,9.594166746618056e-05,0.0,0.0,0.0,0.0,0.0,0.00028782500239854167,0.001343183344526528,0.0,0.00019188333493236112,0.0,0.0,0.0,0.0,9.594166746618056e-05,0.0,0.00019188333493236112,0.0012472416770603473,0.0,0.0,0.0,0.0,0.0,9.594166746618056e-05,0.0,0.0,0.0,0.0,0.0,0.0,0.0,0.0,0.0,0.0,0.0,0.0007675333397294445,0.0,0.0,0.0,9.594166746618056e-05,0.0,0.0,0.0,0.0,9.594166746618056e-05,0.0,0.0,0.0,9.594166746618056e-05,0.0
150,150.0,2780.0,0.0,1.0,0.0,1.0,0.0,0.0,1.0,0.0,0.2341726618705036,0.00035971223021582735,0.0,0.00035971223021582735,0.0,0.0,0.0,0.0,0.0,0.0,0.0,0.0,0.0,0.001079136690647482,0.01870503597122302,0.014748201438848921,0.01870503597122302,0.018345323741007193,0.015827338129496403,0.015827338129496403,0.016906474820143885,0.02446043165467626,0.02302158273381295,0.017266187050359712,0.015107913669064749,0.020863309352517987,0.0,0.00935251798561151,0.01079136690647482,0.006115107913669065,0.01079136690647482,0.0017985611510791368,0.003237410071942446,0.00035971223021582735,0.00035971223021582735,0.00035971223021582735,0.0014388489208633094,0.0,0.0,0.0,0.0,0.0,0.0,0.0,0.0,0.0,0.0,0.0,0.0,0.0,0.0,0.0,0.0,0.0,0.0,0.0,0.001079136690647482,0.0,0.0,0.0,0.0,0.0,0.0,0.0,0.0,0.0,0.0,0.0,0.0,0.0,0.00035971223021582735,0.0,0.0,0.0,0.0,0.0,0.0,0.0,0.0,0.0,0.00035971223021582735,0.0,0.0,0.0,0.0,0.0,0.0,0.0,0.0,0.0,0.0,0.0,0.0,0.0,0.0,0.0,0.0,0.0,0.0,0.0,0.0,0.0,0.0,0.0,0.00035971223021582735,0.0,0.0,0.0,0.0,0.0,0.0,0.0,0.0
151,151.0,5371.0,0.0,0.6358220070750326,0.0,0.0,0.0,0.0,0.0,0.0,1.0,0.0005585552038726494,0.0001861850679575498,0.0014894805436603984,0.0001861850679575498,0.0001861850679575498,0.003165146155278347,0.0,0.0001861850679575498,0.0,0.0,0.0,0.0001861850679575498,0.03127909141686837,0.024017873766523926,0.005585552038726494,0.023273133494693725,0.023459318562651276,0.005213181902811394,0.003723701359150996,0.02885868553342022,0.024576428970396573,0.023459318562651276,0.025507354310184322,0.003909886427108546,0.024204058834481474,0.0,0.012474399553155838,0.016198100912306834,0.01005399366970769,0.013591509960901136,0.01936324706758518,0.015080990504561534,0.0005585552038726494,0.0001861850679575498,0.0,0.007819772854217092,0.0,0.0,0.0007447402718301992,0.0,0.0,0.0,0.0,0.0,0.0,0.0,0.0,0.0007447402718301992,0.0005585552038726494,0.0,0.0001861850679575498,0.0,0.0001861850679575498,0.0001861850679575498,0.0001861850679575498,0.000930925339787749,0.0,0.0011171104077452988,0.0005585552038726494,0.0,0.0003723701359150996,0.0,0.0,0.0,0.0,0.0001861850679575498,0.0,0.0,0.0001861850679575498,0.0003723701359150996,0.0001861850679575498,0.0003723701359150996,0.0,0.0001861850679575498,0.0,0.0001861850679575498,0.0,0.0001861850679575498,0.0,0.0013032954757028485,0.0001861850679575498,0.0,0.0,0.0,0.0,0.0,0.0,0.0,0.0001861850679575498,0.0,0.0,0.0,0.0,0.0,0.0003723701359150996,0.0001861850679575498,0.0001861850679575498,0.0003723701359150996,0.0001861850679575498,0.0,0.0,0.0,0.0,0.0,0.0,0.0,0.0,0.0,0.0,0.0,0.0,0.0
152,152.0,1568.0,0.0,1.0,1.0,1.0,0.0,0.44005102040816324,0.0,0.17155612244897958,1.0,0.0,0.0,0.0,0.0,0.0,0.0,0.0,0.0,0.0,0.0,0.0,0.0,0.002551020408163265,0.030612244897959183,0.03380102040816327,0.03125,0.036989795918367346,0.03188775510204082,0.03762755102040816,0.02614795918367347,0.01211734693877551,0.021683673469387755,0.028698979591836735,0.03125,0.03125,0.0,0.014668367346938776,0.02040816326530612,0.016581632653061226,0.01211734693877551,0.002551020408163265,0.00510204081632653,0.0006377551020408163,0.0,0.0,0.0012755102040816326,0.0,0.0,0.0,0.0,0.0,0.0,0.0,0.0,0.0,0.0,0.0,0.0006377551020408163,0.0006377551020408163,0.0,0.0,0.0,0.0,0.0,0.0,0.0012755102040816326,0.0,0.0,0.0,0.0,0.0,0.0,0.0,0.0,0.0,0.0,0.0,0.0,0.002551020408163265,0.0,0.0,0.0,0.0,0.0,0.0,0.0,0.0,0.0,0.0,0.0,0.0,0.0,0.0,0.0,0.0,0.0,0.0,0.0,0.0,0.0,0.0,0.0,0.0,0.0,0.0,0.0,0.0,0.0,0.0,0.0,0.0,0.0,0.0,0.0,0.0,0.0,0.0,0.0,0.0,0.0,0.0,0.0
153,153.0,720.0,0.0,0.0,0.26666666666666666,0.0,0.0,0.0,0.25833333333333336,0.14166666666666666,0.1388888888888889,0.0,0.001388888888888889,0.001388888888888889,0.001388888888888889,0.0,0.0,0.001388888888888889,0.0,0.0,0.0,0.0,0.0,0.016666666666666666,0.013888888888888888,0.005555555555555556,0.011111111111111112,0.015277777777777777,1.0,0.011111111111111112,0.016666666666666666,0.020833333333333332,0.022222222222222223,0.009722222222222222,0.018055555555555554,0.013888888888888888,0.0,0.011111111111111112,0.0125,0.002777777777777778,0.005555555555555556,0.006944444444444444,0.011111111111111112,0.001388888888888889,0.0,0.0,0.001388888888888889,0.0,0.0,0.0,0.0,0.0,0.001388888888888889,0.0,0.0,0.001388888888888889,0.0,0.0,0.0,0.0,0.0,0.0,0.001388888888888889,0.001388888888888889,0.0,0.001388888888888889,0.001388888888888889,0.0,0.0,0.0,0.0,0.0,0.0,0.002777777777777778,0.001388888888888889,0.001388888888888889,0.0,0.0,0.001388888888888889,0.0,0.002777777777777778,0.0,0.001388888888888889,0.0,0.0,0.001388888888888889,0.0,0.002777777777777778,0.0,0.0,0.001388888888888889,0.0,0.0,0.0,0.001388888888888889,0.0,0.0,0.0,0.0,0.0,0.001388888888888889,0.0,0.001388888888888889,0.001388888888888889,0.0,0.0,0.001388888888888889,0.0,0.004166666666666667,0.0,0.0,0.0,0.0,0.0,0.001388888888888889,0.0,0.0,0.0,0.0,0.0,0.0,0.0,0.0
154,154.0,8864.0,0.0,0.2348826714801444,1.0,1.0,0.0,0.0,0.0,0.0,0.0,0.0,0.0,0.0001128158844765343,0.0,0.0,0.0003384476534296029,0.0,0.0,0.0,0.0,0.0,0.0,0.003384476534296029,0.009250902527075812,0.008574007220216607,0.00891245487364621,0.009814981949458484,0.009250902527075812,0.00970216606498195,0.010153429602888087,0.0,0.010153429602888087,0.007333032490974729,0.00970216606498195,0.009589350180505414,0.0,0.0042870036101083035,0.005753610108303249,0.004399819494584838,0.0050767148014440435,0.0021435018050541517,0.004174187725631769,0.0,0.0,0.0,0.0010153429602888086,0.0,0.0,0.0,0.0,0.0,0.0,0.0,0.0,0.0,0.0,0.0,0.0,0.0,0.0,0.0,0.0,0.0,0.0,0.0,0.0002256317689530686,0.0,0.0,0.0,0.0,0.0,0.0,0.0,0.0,0.0,0.0,0.0,0.0,0.0,0.0,0.0,0.0,0.0,0.0,0.0,0.0,0.0,0.0,0.0,0.0005640794223826715,0.0,0.0,0.0,0.0,0.0,0.0,0.0,0.0,0.0,0.0,0.0,0.0,0.0,0.0,0.0,0.0,0.0,0.0001128158844765343,0.0,0.0,0.0,0.0,0.0,0.0,0.0,0.0,0.0,0.0,0.0,0.0,0.0001128158844765343,0.0
155,155.0,2576.0,0.0,1.0,0.0,0.0,1.0,1.0,0.0,0.21661490683229814,0.0,0.0007763975155279503,0.004270186335403727,0.0038819875776397515,0.0,0.0,0.00038819875776397513,0.0,0.0,0.0,0.0,0.0,0.0,0.003105590062111801,0.0,0.013975155279503106,0.017857142857142856,0.018245341614906832,0.022903726708074536,0.0,0.01358695652173913,0.012422360248447204,0.017857142857142856,0.018633540372670808,0.016692546583850932,0.013975155279503106,0.00038819875776397513,0.006987577639751553,0.009704968944099378,0.010869565217391304,0.007763975155279503,0.002717391304347826,0.0038819875776397515,0.00038819875776397513,0.00038819875776397513,0.00038819875776397513,0.0007763975155279503,0.0,0.0,0.0,0.0,0.0,0.0,0.0,0.0,0.0,0.0,0.0,0.0,0.0,0.0,0.0,0.0,0.0,0.0,0.0,0.0,0.0,0.00038819875776397513,0.0,0.0,0.0,0.0,0.0,0.0,0.0,0.0,0.0,0.0,0.0,0.0,0.0,0.0,0.0,0.0,0.0,0.0,0.00038819875776397513,0.00038819875776397513,0.0,0.00038819875776397513,0.0,0.0,0.0,0.0,0.0,0.0,0.0,0.0,0.0,0.0,0.0,0.00038819875776397513,0.0,0.0,0.0,0.00038819875776397513,0.0,0.0,0.0,0.0,0.0,0.00038819875776397513,0.0,0.0,0.0,0.0,0.0,0.0,0.00038819875776397513,0.0,0.0,0.0
156,156.0,6100.0,0.0,0.0,0.15508196721311476,0.7155737704918033,0.0,0.0,0.0,1.0,0.0,0.0006557377049180328,0.0003278688524590164,0.0004918032786885246,0.0001639344262295082,0.0,0.001639344262295082,0.0,0.0,0.0,0.0003278688524590164,0.0001639344262295082,0.0001639344262295082,0.001639344262295082,0.021475409836065575,0.00819672131147541,0.023770491803278688,0.023770491803278688,0.008852459016393442,0.007049180327868852,0.022131147540983605,0.023278688524590165,0.019672131147540985,0.01918032786885246,0.008032786885245901,0.02180327868852459,0.0003278688524590164,0.011475409836065573,0.011639344262295083,0.016229508196721313,0.011639344262295083,0.021147540983606557,0.015081967213114755,0.0021311475409836068,0.0,0.0001639344262295082,0.008852459016393442,0.0,0.0,0.0001639344262295082,0.0003278688524590164,0.0,0.0003278688524590164,0.0001639344262295082,0.0001639344262295082,0.0003278688524590164,0.0,0.0001639344262295082,0.0019672131147540984,0.0021311475409836068,0.0001639344262295082,0.0,0.0001639344262295082,0.0001639344262295082,0.0,0.0,0.0018032786885245902,0.0,0.0014754098360655738,0.0004918032786885246,0.0,0.0,0.0001639344262295082,0.0,0.0001639344262295082,0.0,0.0,0.0001639344262295082,0.0,0.0,0.000819672131147541,0.0001639344262295082,0.0,0.0,0.0,0.0,0.0,0.0,0.0,0.0003278688524590164,0.0009836065573770492,0.0,0.0,0.0,0.0001639344262295082,0.0001639344262295082,0.0004918032786885246,0.0,0.0,0.0001639344262295082,0.0,0.0003278688524590164,0.0,0.0,0.0,0.0,0.0003278688524590164,0.0,0.000819672131147541,0.0001639344262295082,0.0,0.0,0.0,0.0,0.0003278688524590164,0.0,0.0001639344262295082,0.0001639344262295082,0.0,0.0003278688524590164,0.0001639344262295082,0.0,0.0001639344262295082
157,157.0,426.0,0.018779342723004695,0.07981220657276995,0.07276995305164319,0.08450704225352113,0.09624413145539906,0.05868544600938967,0.09624413145539906,0.07981220657276995,0.08685446009389672,0.5093896713615024,0.38028169014084506,0.41784037558685444,0.28169014084507044,0.3028169014084507,0.3192488262910798,0.09624413145539906,0.22769953051643194,0.5352112676056338,0.10328638497652583,0.07746478873239436,0.07042253521126761,0.06807511737089202,0.07511737089201878,0.07511737089201878,0.07746478873239436,0.09154929577464789,0.05868544600938967,0.07276995305164319,0.06807511737089202,0.08685446009389672,0.10093896713615023,0.09859154929577464,0.09859154929577464,0.07746478873239436,0.09624413145539906,0.07276995305164319,0.07746478873239436,0.06338028169014084,0.0892018779342723,0.3474178403755869,0.32629107981220656,0.3215962441314554,0.10328638497652583,0.11032863849765258,0.11502347417840375,0.3075117370892019,0.3967136150234742,0.20187793427230047,0.09859154929577464,0.45539906103286387,0.12206572769953052,0.27230046948356806,0.539906103286385,0.13145539906103287,0.12910798122065728,0.1596244131455399,0.27699530516431925,0.4272300469483568,0.08685446009389672,0.12910798122065728,0.051643192488262914,0.09389671361502347,0.24647887323943662,0.07276995305164319,0.4835680751173709,0.27699530516431925,0.47183098591549294,0.3685446009389671,0.11267605633802817,0.2699530516431925,0.44835680751173707,0.13145539906103287,0.10093896713615023,0.3192488262910798,0.2511737089201878,0.20422535211267606,0.12206572769953052,0.11267605633802817,0.07511737089201878,0.4107981220657277,0.09154929577464789,0.20657276995305165,0.22300469483568075,0.14788732394366197,0.09624413145539906,0.3075117370892019,0.20657276995305165,0.3967136150234742,0.07746478873239436,0.43661971830985913,0.41784037558685444,0.2535211267605634,0.33568075117370894,0.31690140845070425,0.33098591549295775,0.44835680751173707,0.34507042253521125,0.3215962441314554,0.2511737089201878,0.2746478873239437,0.13380281690140844,0.107981220657277,0.2676056338028169,0.24413145539906103,0.20892018779342722,0.1596244131455399,0.06103286384976526,0.2746478873239437,0.24178403755868544,0.2347417840375587,0.23708920187793428,0.32629107981220656,0.2300469483568075,0.22065727699530516,0.24178403755868544,0.22535211267605634,0.19718309859154928,0.19718309859154928,0.16666666666666666,0.19953051643192488,0.284037558685446
158,158.0,2937.0,0.0,0.24651004426285325,0.0,0.0,0.2587674497786857,0.0,0.0,1.0,1.0,0.0,0.0,0.0006809669731018045,0.00034048348655090226,0.0,0.00034048348655090226,0.00034048348655090226,0.0,0.0,0.0,0.0,0.0,0.0034048348655090228,0.011235955056179775,0.009533537623425264,0.012257405515832482,0.010895471569628872,0.010895471569628872,0.011576438542730678,0.011235955056179775,0.01191692202928158,0.013278855975485188,0.009533537623425264,0.005447735784814436,0.010214504596527068,0.0,0.006469186244467144,0.008171603677221655,0.005788219271365339,0.0068096697310180455,0.0017024174327545114,0.0030643513789581204,0.00034048348655090226,0.0,0.0,0.002383384405856316,0.0,0.0,0.00034048348655090226,0.0,0.00034048348655090226,0.0,0.00034048348655090226,0.0,0.0,0.0,0.0,0.00034048348655090226,0.00034048348655090226,0.00034048348655090226,0.0,0.0,0.0,0.0,0.0,0.0,0.0,0.00034048348655090226,0.0,0.0,0.0,0.0,0.0,0.0,0.0,0.0,0.00034048348655090226,0.0,0.0,0.0,0.0,0.0,0.00034048348655090226,0.0,0.0,0.0,0.0,0.0,0.0,0.0,0.00034048348655090226,0.0,0.0,0.00034048348655090226,0.0,0.0,0.0,0.0,0.0,0.0,0.0,0.0,0.0,0.0,0.0,0.0,0.0,0.0006809669731018045,0.0,0.0,0.00034048348655090226,0.0,0.00034048348655090226,0.00034048348655090226,0.0,0.0,0.0,0.0,0.0,0.0,0.0,0.0
159,159.0,4557.0,0.0,0.0,0.0,1.0,0.0,0.0,0.0,0.0,0.0,0.0019749835418038184,0.0006583278472679394,0.0024138687733157777,0.00043888523151195964,0.0,0.003730524467851657,0.00021944261575597982,0.00021944261575597982,0.0,0.00021944261575597982,0.0,0.00021944261575597982,0.07592714505156901,0.048716260697827515,0.041255211762124204,0.04081632653061224,0.047619047619047616,0.05156901470265526,0.040157998683344305,0.042791310072416065,0.04432740838270792,0.050032916392363395,0.04366908053543998,0.04191353960939214,0.04630239192451174,0.0,0.02326091727013386,0.02040816326530612,0.019530392802282203,0.017994294491990345,0.042791310072416065,0.03445249067368883,0.0008777704630239193,0.0,0.0,0.009216589861751152,0.0,0.0,0.0,0.0,0.0,0.0,0.00021944261575597982,0.0,0.0,0.0,0.00021944261575597982,0.0008777704630239193,0.0008777704630239193,0.00021944261575597982,0.0,0.0,0.00021944261575597982,0.00021944261575597982,0.0,0.0013166556945358788,0.0,0.0024138687733157777,0.0006583278472679394,0.0,0.0,0.0,0.0,0.00021944261575597982,0.00021944261575597982,0.0,0.0,0.00021944261575597982,0.00021944261575597982,0.0021944261575597983,0.0,0.0008777704630239193,0.00021944261575597982,0.0,0.0,0.0,0.00021944261575597982,0.0,0.00021944261575597982,0.0032916392363396972,0.0,0.0,0.00021944261575597982,0.0,0.00021944261575597982,0.0,0.00021944261575597982,0.0,0.00043888523151195964,0.0,0.0,0.0,0.0,0.0,0.0,0.0,0.0,0.0019749835418038184,0.00021944261575597982,0.0,0.00043888523151195964,0.0,0.00021944261575597982,0.00021944261575597982,0.0,0.0,0.0,0.0,0.0,0.0,0.0,0.00021944261575597982
160,160.0,1460.0,0.0,1.0,1.0,1.0,0.0,1.0,1.0,0.0,1.0,0.0,0.0,0.0,0.0,0.0,0.0,0.0,0.0,0.0,0.0,0.0,0.0,0.00410958904109589,0.049315068493150684,0.04315068493150685,0.0,0.052054794520547946,0.052054794520547946,0.05273972602739726,0.045205479452054796,0.05342465753424658,0.052054794520547946,0.05,0.04589041095890411,0.04794520547945205,0.0013698630136986301,0.028082191780821917,0.0273972602739726,0.021232876712328767,0.024657534246575342,0.0013698630136986301,0.004794520547945206,0.0,0.0,0.0,0.002054794520547945,0.0,0.0,0.0,0.0,0.0,0.0,0.0,0.0,0.0,0.0,0.0,0.0,0.0,0.0,0.0,0.0006849315068493151,0.0,0.0,0.0,0.0013698630136986301,0.0,0.0,0.0,0.0,0.0,0.0,0.0,0.0,0.0,0.0,0.0,0.0,0.0,0.0,0.0,0.0,0.0,0.0,0.0,0.0,0.0,0.0,0.0,0.0,0.0,0.0,0.0,0.0,0.0,0.0,0.0,0.0,0.0,0.0,0.0,0.0,0.0,0.0,0.0,0.0,0.0,0.0,0.0,0.0,0.0,0.0,0.0,0.0,0.0,0.0,0.0,0.0,0.0,0.0,0.0,0.0
161,161.0,1040.0,0.0,0.9605769230769231,0.9451923076923077,0.9394230769230769,0.9403846153846154,1.0,0.8807692307692307,0.0,0.5394230769230769,0.0,0.0,0.0009615384615384616,0.0,0.0,0.0009615384615384616,0.0,0.0,0.0,0.0,0.0,0.0,0.0019230769230769232,0.06346153846153846,0.08173076923076923,0.020192307692307693,0.025961538461538463,0.05961538461538462,0.025,0.03076923076923077,0.027884615384615386,0.06538461538461539,0.041346153846153845,1.0,0.07596153846153846,0.0,0.041346153846153845,0.03942307692307692,0.052884615384615384,0.03942307692307692,0.0009615384615384616,0.0057692307692307696,0.0009615384615384616,0.0,0.0,0.0019230769230769232,0.0,0.0,0.0,0.0,0.0,0.0,0.0,0.0,0.0,0.0,0.0,0.0009615384615384616,0.0009615384615384616,0.0,0.0,0.0,0.0,0.0,0.0,0.0,0.0,0.0,0.0,0.0,0.0,0.0,0.0,0.0,0.0,0.0,0.0,0.0,0.0,0.0009615384615384616,0.0,0.0,0.0,0.0,0.0,0.0,0.0,0.0,0.0,0.0,0.0,0.0,0.0,0.0,0.0,0.0,0.0,0.0,0.0,0.0,0.0,0.0,0.0,0.0,0.0,0.0,0.0,0.0009615384615384616,0.0,0.0,0.0,0.0,0.0,0.0,0.0,0.0,0.0,0.0,0.0,0.0,0.0,0.0
162,162.0,2682.0,0.0,1.0,0.0,1.0,1.0,0.7721849366144669,0.7621178225205071,1.0,0.0,0.0007457121551081282,0.0011185682326621924,0.0003728560775540641,0.0003728560775540641,0.0,0.0,0.0,0.0,0.0,0.0,0.0,0.0,0.0018642803877703207,0.0447427293064877,0.035794183445190156,0.03803131991051454,0.03803131991051454,0.038404175988068605,0.0395227442207308,0.04958985831469053,0.03355704697986577,0.04623415361670395,0.035048471290082026,0.0395227442207308,0.042505592841163314,0.0011185682326621924,0.007457121551081283,0.018269947800149143,0.02609992542878449,0.019388516032811335,0.0007457121551081282,0.002982848620432513,0.0,0.0,0.0,0.0018642803877703207,0.0,0.0,0.0,0.0,0.0,0.0,0.0,0.0,0.0,0.0,0.0,0.0,0.0,0.0,0.0,0.0003728560775540641,0.0,0.0,0.0,0.0007457121551081282,0.0,0.0003728560775540641,0.0014914243102162564,0.0,0.0,0.0,0.0,0.0,0.0,0.0,0.0,0.0,0.0003728560775540641,0.0007457121551081282,0.0,0.0,0.0,0.0,0.0,0.0,0.0003728560775540641,0.0,0.0003728560775540641,0.0007457121551081282,0.0,0.0,0.0,0.0,0.0,0.0,0.0,0.0003728560775540641,0.0,0.0,0.0,0.0003728560775540641,0.0,0.0,0.0,0.0,0.0,0.0003728560775540641,0.0,0.0003728560775540641,0.0,0.0003728560775540641,0.0,0.0,0.0003728560775540641,0.0,0.0,0.0003728560775540641,0.0003728560775540641,0.0,0.0,0.0
163,163.0,1289.0,0.0,0.0031031807602792862,0.0,0.0,0.0007757951900698216,0.0,0.0,0.0,0.0,0.9868114817688131,0.9852598913886734,0.0,0.07292474786656322,0.9371605896043445,0.8626842513576416,0.3894491854150504,0.899922420480993,0.8960434445306439,0.8851823118696664,0.8813033359193173,0.5577967416602017,0.0023273855702094647,0.0,0.0,0.0,0.0,0.0,0.0,0.0,0.0,0.0,0.0,0.0,0.0,0.0,0.0,0.0,0.0,0.0,0.0007757951900698216,0.0007757951900698216,0.0,0.0,0.0,0.0,0.0015515903801396431,0.0023273855702094647,0.0,0.0007757951900698216,0.0,0.0015515903801396431,0.0015515903801396431,0.0,0.0007757951900698216,0.0,0.0007757951900698216,0.0,0.0,0.0015515903801396431,0.0,0.0,0.0,0.0,0.0015515903801396431,0.0,0.0015515903801396431,0.0,0.0,0.0,0.0,0.0,0.0,0.0,0.0,0.0,0.0,0.0,0.0,0.0,0.0,0.0,0.0,0.0,0.0,0.0,0.0,0.0,0.0,0.0,0.0,0.0,0.0,0.0,0.0,0.0,0.0,0.0,0.0,0.0,0.0,0.0,0.0,0.0,0.0,0.0,0.0,0.0,0.0,0.0,0.0,0.0,0.0,0.0,0.0,0.0,0.0,0.0,0.0,0.0,0.0,0.0
164,164.0,1129.0,0.0,0.9813994685562445,0.975199291408326,0.9769707705934455,0.9813994685562445,0.9769707705934455,0.9769707705934455,0.9264836138175376,0.9309123117803366,0.0,0.0,0.0008857395925597874,0.0008857395925597874,0.0,0.0,0.0,0.0,0.0,0.0,0.0,0.0,0.0,0.10983170947741364,0.1195748449955713,0.1337466784765279,1.0,1.0,0.13020372010628875,0.0,0.11071744906997343,0.07794508414526129,0.20283436669619131,0.09477413640389726,0.1629760850310009,0.0,0.07174490699734277,0.10894596988485385,0.11160318866253321,0.11160318866253321,0.0,0.005314437555358724,0.0,0.0,0.0,0.0,0.0,0.0,0.0,0.0,0.0,0.0,0.0,0.0,0.0,0.0,0.0,0.0,0.0,0.0,0.0,0.0,0.0,0.0,0.0,0.0,0.0,0.0,0.0,0.0,0.0,0.0,0.0,0.0,0.0,0.0,0.0,0.0,0.0,0.0,0.0,0.0,0.0,0.0,0.0,0.0,0.0,0.0,0.0,0.0008857395925597874,0.0,0.0,0.0,0.0,0.0,0.0,0.0,0.0,0.0,0.0,0.0,0.0,0.0,0.0,0.0,0.0,0.0,0.001771479185119575,0.0,0.0,0.0,0.0,0.0,0.0,0.0,0.0,0.0,0.0,0.0,0.0,0.0,0.0
165,165.0,7585.0,0.0,0.0,0.0,0.0,1.0,0.0,1.0,0.13091628213579434,0.0,0.0,0.0,0.0,0.00013183915622940013,0.0,0.00026367831245880025,0.0,0.0,0.0,0.0,0.0,0.0,0.003955174686882004,0.01015161502966381,0.008569545154911009,0.01028345418589321,0.0064601186552406065,0.008305866842452209,0.00975609756097561,0.00922874093605801,0.009624258404746209,0.010810810810810811,0.008305866842452209,0.008305866842452209,0.00975609756097561,0.00026367831245880025,0.0034278180619644032,0.004878048780487805,0.005141727092946605,0.004087013843111404,0.0035596572181938037,0.002900461437046803,0.0007910349373764008,0.0,0.0,0.001054713249835201,0.0,0.0,0.00013183915622940013,0.0,0.0,0.0,0.0,0.0,0.0,0.0,0.0,0.0005273566249176005,0.0003955174686882004,0.0,0.0,0.0,0.0,0.0,0.0,0.0005273566249176005,0.0,0.00013183915622940013,0.0,0.00013183915622940013,0.0,0.00013183915622940013,0.0,0.0,0.0,0.0,0.0,0.0,0.00013183915622940013,0.00013183915622940013,0.0,0.00026367831245880025,0.0,0.0,0.00013183915622940013,0.0,0.00013183915622940013,0.0,0.0,0.001054713249835201,0.0,0.0,0.0,0.0,0.00013183915622940013,0.0,0.0,0.0,0.00013183915622940013,0.0,0.00013183915622940013,0.0,0.0,0.0,0.0,0.0,0.0,0.00026367831245880025,0.0,0.0,0.0,0.0,0.0,0.0,0.0,0.00026367831245880025,0.0,0.00013183915622940013,0.0,0.00013183915622940013,0.0,0.00013183915622940013
166,166.0,5529.0,0.0,0.17326822210164586,0.16603364080303853,0.0,0.0,1.0,0.0,1.0,0.08500633025863628,0.0,0.00018086453246518358,0.00018086453246518358,0.0,0.0,0.00036172906493036716,0.0,0.0,0.0,0.0,0.0,0.0,0.002170374389582203,0.012479652740097666,0.011394465545306565,0.01012841381805028,0.0074154458310725264,0.011213601012841383,0.009224091155724362,0.009224091155724362,0.0016277807921866521,0.008500633025863628,0.009043226623259178,0.0,0.007958039428468077,0.00018086453246518358,0.006872852233676976,0.005425935973955507,0.005968529571351058,0.005425935973955507,0.001266051727256285,0.002170374389582203,0.0,0.0,0.0,0.001266051727256285,0.0,0.0,0.0,0.0,0.0,0.0,0.0,0.0,0.0,0.0,0.0,0.0,0.0,0.0,0.0,0.0,0.0,0.0,0.0,0.0,0.0,0.00036172906493036716,0.00018086453246518358,0.0,0.0,0.0,0.0,0.0,0.0,0.0,0.0,0.0,0.0,0.0,0.0,0.0,0.0,0.0,0.0,0.0,0.0,0.0,0.0,0.00036172906493036716,0.0,0.0,0.0,0.0,0.0,0.0,0.0,0.0,0.0,0.0,0.0,0.0,0.0,0.0,0.0,0.0,0.0,0.00018086453246518358,0.0,0.0,0.0,0.0,0.0,0.0,0.0,0.0,0.0,0.0,0.0,0.0,0.0,0.0
167,167.0,432.0,0.0,0.06712962962962964,1.0,0.0625,0.0787037037037037,0.5347222222222222,0.08101851851851852,0.046296296296296294,0.016203703703703703,0.0,0.0,0.0,0.0,0.0,0.0,0.0,0.0,0.0,0.0,0.0,0.0,0.006944444444444444,0.013888888888888888,0.023148148148148147,0.006944444444444444,0.009259259259259259,0.011574074074074073,0.020833333333333332,0.018518518518518517,0.03009259259259259,0.016203703703703703,1.0,0.0023148148148148147,0.009259259259259259,0.0,0.0023148148148148147,0.011574074074074073,0.0,0.004629629629629629,0.0023148148148148147,0.009259259259259259,0.0,0.0,0.0,0.0023148148148148147,0.0,0.0,0.0,0.0,0.0,0.0,0.0,0.0,0.0,0.0,0.0,0.0,0.0,0.0,0.0,0.0,0.0,0.0,0.0,0.0023148148148148147,0.0,0.0,0.0,0.0,0.0,0.0,0.0,0.0,0.0,0.0,0.0,0.0,0.0,0.0,0.0,0.0,0.0,0.0,0.0,0.0,0.0,0.0,0.0,0.0,0.0,0.0,0.0,0.0,0.0,0.0,0.0,0.0,0.0,0.0,0.0,0.0,0.0,0.0,0.0,0.0,0.0,0.0,0.0,0.0,0.0,0.0,0.0,0.0,0.0,0.0,0.0,0.0,0.0,0.0,0.0,0.0
168,168.0,1373.0,0.0,0.797523670793882,0.0,0.7967953386744355,0.0,0.7895120174799709,1.0,1.0,1.0,0.0014566642388929353,0.0014566642388929353,0.0007283321194464676,0.0007283321194464676,0.0,0.0007283321194464676,0.0,0.0,0.0,0.0,0.0,0.0,0.0021849963583394027,0.03495994173343044,0.04005826656955572,0.035688273852876914,0.028404952658412235,0.03423160961398398,0.035688273852876914,0.037873270211216316,0.024763292061179897,0.037873270211216316,0.04005826656955572,0.04005826656955572,0.03423160961398398,0.0014566642388929353,0.023306627822286964,0.02039329934450109,0.024763292061179897,0.01820830298616169,0.0007283321194464676,0.0029133284777858705,0.0,0.0,0.0007283321194464676,0.0021849963583394027,0.0,0.0,0.0,0.0,0.0,0.0,0.0,0.0,0.0,0.0,0.0,0.0,0.0,0.0,0.0,0.0007283321194464676,0.0,0.0,0.0,0.0007283321194464676,0.0,0.0,0.0,0.0,0.0,0.0,0.0,0.0,0.0,0.0,0.0,0.0,0.0,0.0,0.0,0.0,0.0,0.0,0.0,0.0,0.0,0.0,0.0,0.0007283321194464676,0.0,0.0,0.0,0.0,0.0,0.0,0.0,0.0,0.0,0.0,0.0,0.0,0.0,0.0,0.0,0.0,0.0,0.0,0.0,0.0,0.0,0.0,0.0,0.0,0.0,0.0,0.0,0.0,0.0,0.0,0.0,0.0
169,169.0,3266.0,0.0,1.0,0.0,0.6175750153092467,1.0,1.0,0.5811390079608083,0.0,1.0,0.003061849357011635,0.003674219228413962,0.0015309246785058174,0.0003061849357011635,0.0,0.0003061849357011635,0.0,0.0,0.0,0.0,0.0,0.0,0.001224739742804654,0.028169014084507043,0.034292712798530314,0.02020820575627679,0.03061849357011635,0.03766074709124311,0.014084507042253521,0.035211267605633804,0.023270055113288425,0.038885486834047765,0.0327617881200245,0.016227801592161667,0.0327617881200245,0.0003061849357011635,0.019902020820575628,0.018983466013472138,0.016840171463563994,0.018677281077770974,0.002449479485609308,0.0033680342927127987,0.0,0.0,0.0,0.001224739742804654,0.0,0.0,0.0,0.0,0.0,0.0,0.0,0.001224739742804654,0.0,0.0,0.0,0.0003061849357011635,0.0,0.0,0.0,0.0,0.0,0.0,0.0,0.0009185548071034905,0.0,0.000612369871402327,0.0009185548071034905,0.0,0.0,0.0,0.0003061849357011635,0.0,0.0,0.0,0.0,0.0,0.0,0.000612369871402327,0.0,0.0,0.0,0.0,0.0,0.0,0.0009185548071034905,0.001224739742804654,0.0009185548071034905,0.0,0.0,0.0,0.0,0.0,0.0,0.0,0.0,0.001837109614206981,0.0,0.0,0.000612369871402327,0.0009185548071034905,0.0,0.0,0.0,0.0,0.0,0.000612369871402327,0.0,0.000612369871402327,0.0,0.0009185548071034905,0.0,0.0,0.0003061849357011635,0.0,0.0,0.000612369871402327,0.0009185548071034905,0.0,0.0,0.0
170,170.0,746.0,0.0,0.9932975871313673,0.9986595174262735,0.9973190348525469,1.0,0.9986595174262735,0.9973190348525469,0.9932975871313673,0.9973190348525469,0.0,0.0,0.0013404825737265416,0.0,0.0,0.0,0.0,0.0013404825737265416,0.0,0.0,0.0,0.0,0.0013404825737265416,0.660857908847185,0.1970509383378016,0.7694369973190348,0.15951742627345844,0.760053619302949,0.8914209115281502,0.6554959785522788,0.18230563002680966,0.47319034852546915,0.8431635388739946,0.7654155495978552,0.7694369973190348,0.0013404825737265416,0.6863270777479893,0.39276139410187666,0.33646112600536193,0.4155495978552279,0.0,0.002680965147453083,0.0,0.0,0.0,0.0013404825737265416,0.0,0.0,0.0,0.0,0.0,0.0,0.0,0.0,0.0,0.0,0.0,0.0,0.0,0.0,0.0,0.0,0.0,0.0,0.0,0.0,0.0,0.0,0.0,0.0,0.0,0.0,0.0,0.0,0.0,0.0,0.0,0.0,0.0013404825737265416,0.0,0.0,0.0,0.0,0.0,0.0,0.0,0.0,0.0,0.0,0.0,0.0,0.0,0.0,0.0,0.0,0.0,0.0,0.0,0.0,0.0,0.0,0.0,0.0,0.0,0.0,0.0,0.0,0.0013404825737265416,0.0,0.0,0.0,0.0,0.0,0.0,0.0,0.0,0.0,0.0,0.0,0.0,0.0,0.0
171,171.0,3268.0,0.0,0.3929008567931457,1.0,1.0,0.0,1.0,0.0,0.0,0.0,0.0,0.0009179926560587516,0.0006119951040391676,0.0003059975520195838,0.0,0.0003059975520195838,0.0,0.0,0.0,0.0,0.0,0.0003059975520195838,0.0027539779681762548,0.018971848225214197,0.021725826193390453,0.019583843329253364,0.014075887392900856,0.02386780905752754,0.01835985312117503,0.0208078335373317,0.0,0.014993880048959608,0.010097919216646267,0.018665850673194616,0.01591187270501836,0.0009179926560587516,0.009179926560587515,0.011015911872705019,0.008261933904528763,0.01040391676866585,0.0030599755201958386,0.004589963280293758,0.0,0.0,0.0,0.0015299877600979193,0.0,0.0,0.0003059975520195838,0.0003059975520195838,0.0,0.0003059975520195838,0.0003059975520195838,0.0,0.0,0.0,0.0,0.0,0.0,0.0,0.0,0.0,0.0,0.0003059975520195838,0.0,0.0009179926560587516,0.0,0.0,0.0,0.0,0.0,0.0003059975520195838,0.0003059975520195838,0.0003059975520195838,0.0,0.0003059975520195838,0.0,0.0,0.0003059975520195838,0.0,0.0,0.0003059975520195838,0.0,0.0003059975520195838,0.0,0.0,0.0003059975520195838,0.0,0.0,0.0009179926560587516,0.0003059975520195838,0.0,0.0,0.0,0.0003059975520195838,0.0,0.0,0.0,0.0003059975520195838,0.0,0.0,0.0,0.0,0.0,0.0,0.0,0.0003059975520195838,0.0003059975520195838,0.0,0.0,0.0,0.0,0.0,0.0,0.0,0.0,0.0,0.0,0.0003059975520195838,0.0,0.0,0.0
172,172.0,752.0,0.0,0.9986702127659575,0.9986702127659575,0.9960106382978723,0.9973404255319149,0.9973404255319149,0.9986702127659575,0.9960106382978723,0.9973404255319149,0.0,0.0,0.0013297872340425532,0.0013297872340425532,0.0,0.0,0.0,0.0,0.0,0.0,0.0,0.0,0.0013297872340425532,0.47074468085106386,0.7021276595744681,0.6502659574468085,0.8218085106382979,0.2393617021276596,0.550531914893617,0.39095744680851063,0.8098404255319149,0.1023936170212766,0.788563829787234,0.6382978723404256,0.675531914893617,0.0013297872340425532,0.9055851063829787,0.3723404255319149,0.42686170212765956,0.48138297872340424,0.0013297872340425532,0.007978723404255319,0.0,0.0,0.0,0.0013297872340425532,0.0,0.0,0.0,0.0,0.0,0.0,0.0,0.0,0.0,0.0,0.0,0.0,0.0,0.0,0.0,0.0,0.0,0.0,0.0,0.0013297872340425532,0.0,0.0,0.0,0.0,0.0,0.0,0.0,0.0,0.0,0.0,0.0,0.0,0.0,0.0,0.0,0.0,0.0,0.0,0.0,0.0,0.0,0.0,0.0,0.0,0.0,0.0,0.0,0.0,0.0,0.0,0.0,0.0,0.0,0.0,0.0,0.0,0.0,0.0,0.0,0.0,0.0,0.0,0.0,0.0,0.0,0.0,0.0,0.0,0.0,0.0,0.0,0.0,0.0,0.0,0.0,0.0
173,173.0,806.0,0.0,0.9900744416873449,0.9913151364764268,0.9900744416873449,0.9937965260545906,0.9925558312655087,0.9975186104218362,0.9714640198511166,0.9702233250620348,0.0,0.0,0.0,0.0,0.0,0.0012406947890818859,0.0,0.0,0.0,0.0,0.0,0.0,0.0,0.17369727047146402,0.8449131513647643,0.13027295285359802,0.20471464019851116,0.739454094292804,0.27915632754342434,0.43424317617866004,0.8858560794044665,0.10669975186104218,0.06451612903225806,0.08684863523573201,0.8225806451612904,0.0,0.1575682382133995,0.18858560794044665,0.15260545905707196,0.18362282878411912,0.0,0.0037220843672456576,0.0,0.0,0.0,0.0012406947890818859,0.0,0.0,0.0,0.0,0.0,0.0,0.0,0.0,0.0,0.0,0.0,0.0,0.0,0.0,0.0,0.0,0.0,0.0,0.0,0.0,0.0,0.0,0.0,0.0,0.0,0.0,0.0,0.0,0.0,0.0,0.0,0.0,0.0,0.0,0.0,0.0,0.0,0.0,0.0,0.0,0.0,0.0,0.0,0.0,0.0,0.0,0.0,0.0,0.0,0.0,0.0,0.0,0.0,0.0,0.0,0.0,0.0,0.0,0.0,0.0,0.0,0.0012406947890818859,0.0,0.0,0.0,0.0,0.0,0.0,0.0,0.0,0.0,0.0,0.0,0.0,0.0,0.0
174,174.0,4523.0,0.0,1.0,1.0,0.282998010170241,1.0,0.0,0.27260667698430247,0.0,0.0,0.00022109219544550078,0.00022109219544550078,0.00022109219544550078,0.0,0.0,0.0006632765863365023,0.0,0.0,0.0,0.0,0.0,0.0,0.0024320141499005084,0.015697545876630557,0.017908467831085562,0.020561574176431573,0.021224850762768074,0.01967720539464957,0.018792836612867566,0.02255140393544108,0.014370992703957551,0.02277249613088658,0.006632765863365023,0.007517134645147026,0.01414990050851205,0.00022109219544550078,0.007517134645147026,0.009949148795047534,0.010170240990493035,0.013486623922175547,0.0013265531726730046,0.0026531063453460093,0.00044218439089100157,0.0,0.0,0.001989829759009507,0.0,0.0,0.0,0.0,0.0,0.0,0.0,0.0,0.0,0.0,0.0,0.00022109219544550078,0.00022109219544550078,0.0,0.0,0.0,0.0,0.0,0.0,0.00022109219544550078,0.0,0.00022109219544550078,0.0,0.0,0.0,0.0,0.0,0.0,0.0,0.0,0.0,0.0,0.0,0.00022109219544550078,0.0,0.0,0.0,0.0,0.0,0.0,0.00022109219544550078,0.0,0.0,0.00022109219544550078,0.0,0.0,0.0,0.0,0.0,0.0,0.0,0.0,0.0,0.0,0.0,0.0,0.0,0.0,0.0,0.0,0.0,0.00022109219544550078,0.0,0.0,0.0,0.0,0.0,0.0,0.0,0.0,0.0,0.0,0.0,0.0,0.0,0.0
175,175.0,5651.0,0.0005308794903556893,0.0,0.0069014333746239605,0.0,0.0,0.0,0.004070076092726951,0.032029729251459915,0.0008847991505928155,0.04300123871881083,0.02689789417802159,0.003539196602371262,0.001946558131304194,0.001946558131304194,0.016103344540789242,0.00017695983011856308,0.00017695983011856308,0.00017695983011856308,0.0007078393204742523,0.00017695983011856308,0.0007078393204742523,0.9932755264554946,0.002123517961422757,0.0,0.001946558131304194,0.001769598301185631,0.0,0.0,0.0028313572818970093,0.001946558131304194,0.0012387188108299416,0.0010617589807113785,0.0,0.001769598301185631,0.006724473544505397,0.001769598301185631,0.0008847991505928155,0.001946558131304194,0.00017695983011856308,0.5478676340470713,0.049017872942841975,0.0012387188108299416,0.0007078393204742523,0.0015926384710670677,0.008140152185453902,0.00035391966023712616,0.0007078393204742523,0.009555830826402406,0.0,0.0,0.0012387188108299416,0.0005308794903556893,0.0012387188108299416,0.00017695983011856308,0.00017695983011856308,0.00017695983011856308,0.00017695983011856308,0.00017695983011856308,0.0,0.0,0.00035391966023712616,0.0,0.0,0.00017695983011856308,0.001769598301185631,0.0,0.015926384710670677,0.019111661652804812,0.00017695983011856308,0.0005308794903556893,0.0,0.0005308794903556893,0.0,0.0005308794903556893,0.00017695983011856308,0.0,0.0,0.00017695983011856308,0.00973279065652097,0.00017695983011856308,0.1523624137320828,0.00017695983011856308,0.00035391966023712616,0.0,0.0,0.00017695983011856308,0.0,0.00017695983011856308,0.0005308794903556893,0.0,0.0,0.00035391966023712616,0.00017695983011856308,0.0,0.00017695983011856308,0.0,0.0,0.0,0.00017695983011856308,0.0,0.00035391966023712616,0.00017695983011856308,0.0,0.0,0.0,0.00017695983011856308,0.00017695983011856308,0.0,0.0,0.00017695983011856308,0.0,0.00017695983011856308,0.0,0.0,0.0,0.0,0.00035391966023712616,0.0,0.00017695983011856308,0.0,0.0
176,176.0,676.0,0.0,0.0,0.3520710059171598,0.0,0.0,0.0,0.4334319526627219,0.0,0.15532544378698224,0.0,0.0014792899408284023,0.0,0.0014792899408284023,0.0014792899408284023,0.0,0.0,0.0,0.0,0.0,0.004437869822485207,0.0014792899408284023,0.014792899408284023,0.01775147928994083,0.005917159763313609,0.008875739644970414,0.0073964497041420114,0.004437869822485207,0.0029585798816568047,0.011834319526627219,0.019230769230769232,0.01775147928994083,0.016272189349112426,1.0,0.010355029585798817,0.0,0.0073964497041420114,0.004437869822485207,0.008875739644970414,0.005917159763313609,0.0029585798816568047,0.013313609467455622,0.0,0.0,0.0029585798816568047,0.0014792899408284023,0.0014792899408284023,0.0,0.0,0.0029585798816568047,0.0,0.0029585798816568047,0.0014792899408284023,0.0,0.0,0.0,0.0014792899408284023,0.0,0.0029585798816568047,0.0,0.0,0.0,0.0,0.0,0.0,0.0029585798816568047,0.0,0.0,0.0,0.0,0.0,0.0014792899408284023,0.0,0.0,0.0,0.0,0.0,0.0014792899408284023,0.0,0.0,0.0014792899408284023,0.0,0.0,0.0014792899408284023,0.0014792899408284023,0.0014792899408284023,0.0014792899408284023,0.0014792899408284023,0.0,0.0014792899408284023,0.0014792899408284023,0.0,0.0014792899408284023,0.0,0.0014792899408284023,0.0,0.0,0.0,0.0014792899408284023,0.0,0.0014792899408284023,0.0,0.0,0.0,0.0,0.0,0.0014792899408284023,0.0014792899408284023,0.0,0.0,0.0,0.0,0.0,0.0014792899408284023,0.0014792899408284023,0.0,0.0,0.0,0.0014792899408284023,0.0,0.0,0.0
177,177.0,7275.0,0.0,1.0,1.0,1.0,0.8379381443298969,0.8310652920962199,1.0,1.0,0.0,0.0001374570446735395,0.0,0.0001374570446735395,0.0,0.0,0.0004123711340206186,0.0,0.0001374570446735395,0.0,0.0,0.0,0.0,0.0015120274914089348,0.05140893470790378,0.0,0.01154639175257732,0.0,0.052371134020618555,0.04549828178694158,0.0,0.06020618556701031,0.040687285223367696,0.0,0.03216494845360825,0.04646048109965636,0.0004123711340206186,0.0,0.029140893470790376,0.02556701030927835,0.02652920962199313,0.0009621993127147767,0.0030240549828178696,0.0,0.0,0.0,0.0009621993127147767,0.0,0.0001374570446735395,0.0,0.0,0.0,0.0,0.0,0.0001374570446735395,0.0,0.0,0.0,0.0,0.0,0.0,0.0,0.0,0.0,0.0,0.0,0.000274914089347079,0.0,0.0,0.0,0.0,0.0,0.0,0.0,0.0,0.0,0.0,0.0,0.0,0.0,0.0004123711340206186,0.0,0.0,0.0,0.0,0.0,0.0,0.0,0.0,0.0,0.0001374570446735395,0.0,0.0,0.0,0.0,0.0,0.0,0.0,0.0,0.0,0.0,0.0,0.0,0.0,0.0,0.0,0.0,0.0,0.0,0.0,0.0,0.0,0.0,0.0,0.0,0.0,0.0,0.0,0.0,0.0,0.0,0.0,0.0
178,178.0,699.0,0.0,0.882689556509299,1.0,0.8125894134477826,0.9184549356223176,0.7753934191702432,0.8168812589413448,0.0,0.0,0.0,0.001430615164520744,0.001430615164520744,0.0,0.0,0.0,0.0,0.0,0.0,0.0,0.0,0.0,0.004291845493562232,0.07439198855507868,0.05722460658082976,0.05436337625178827,0.01430615164520744,0.0715307582260372,0.0715307582260372,0.06294706723891273,0.060085836909871244,0.05293276108726753,1.0,0.04148783977110158,0.04721030042918455,0.001430615164520744,0.034334763948497854,0.03862660944206009,0.022889842632331903,0.04148783977110158,0.0,0.002861230329041488,0.0,0.0,0.0,0.0,0.0,0.0,0.0,0.0,0.0,0.0,0.0,0.0,0.0,0.0,0.0,0.0,0.0,0.0,0.0,0.0,0.0,0.0,0.0,0.002861230329041488,0.0,0.0,0.0,0.0,0.0,0.0,0.0,0.0,0.0,0.0,0.0,0.0,0.0,0.0,0.0,0.0,0.0,0.0,0.0,0.0,0.0,0.0,0.0,0.0,0.0,0.0,0.0,0.0,0.0,0.0,0.0,0.0,0.0,0.0,0.0,0.0,0.0,0.0,0.0,0.0,0.0,0.0,0.0,0.0,0.0,0.0,0.0,0.0,0.0,0.0,0.0,0.0,0.0,0.0,0.0,0.0
179,179.0,1901.0,0.0,0.0,1.0,0.28300894266175697,0.29826407154129403,0.4529195160441873,0.0,1.0,1.0,0.0,0.0,0.0,0.0,0.0,0.0,0.0,0.0,0.0,0.0,0.0,0.0,0.0021041557075223566,0.026301946344029457,0.026301946344029457,0.022093634928984744,0.02367175170962651,0.025775907417148868,0.023145712782745922,0.021567596002104155,0.01788532351394003,0.026301946344029457,0.02367175170962651,0.017359284587059442,0.020515518148342977,0.0010520778537611783,0.01262493424513414,0.016833245660178853,0.015255128879537085,0.013677012098895318,0.0026301946344029457,0.003682272488164124,0.0,0.0,0.0,0.0015781167806417674,0.0,0.0,0.0005260389268805891,0.0,0.0,0.0,0.0,0.0,0.0,0.0,0.0,0.0,0.0,0.0,0.0,0.0,0.0,0.0,0.0,0.0010520778537611783,0.0,0.0,0.0,0.0,0.0,0.0,0.0,0.0,0.0,0.0,0.0,0.0,0.0,0.0,0.0,0.0,0.0,0.0,0.0,0.0,0.0,0.0,0.0,0.0,0.0,0.0,0.0,0.0,0.0,0.0,0.0,0.0,0.0,0.0,0.0,0.0,0.0,0.0,0.0,0.0,0.0,0.0,0.0,0.0,0.0,0.0,0.0,0.0,0.0,0.0,0.0,0.0,0.0,0.0,0.0,0.0
180,180.0,245.0,0.0,1.0,0.22040816326530613,0.0,0.9306122448979591,0.8938775510204081,0.8734693877551021,0.39591836734693875,0.42857142857142855,0.0,0.0,0.0,0.0,0.0,0.004081632653061225,0.0,0.0,0.0,0.0,0.0,0.0,0.0,0.08979591836734693,0.02040816326530612,0.04081632653061224,0.02040816326530612,0.08163265306122448,0.04897959183673469,0.012244897959183673,1.0,0.024489795918367346,0.0326530612244898,0.0163265306122449,0.036734693877551024,0.0,0.004081632653061225,0.0163265306122449,0.02040816326530612,0.0,0.0,0.004081632653061225,0.0,0.0,0.0,0.004081632653061225,0.0,0.0,0.0,0.0,0.0,0.0,0.0,0.0,0.0,0.0,0.0,0.0,0.0,0.0,0.0,0.0,0.0,0.0,0.0,0.0,0.0,0.0,0.0,0.0,0.0,0.0,0.0,0.0,0.0,0.0,0.0,0.0,0.0,0.0,0.0,0.0,0.0,0.0,0.0,0.0,0.0,0.0,0.0,0.0,0.0,0.0,0.0,0.0,0.0,0.0,0.0,0.0,0.0,0.0,0.0,0.0,0.0,0.0,0.0,0.0,0.0,0.0,0.0,0.0,0.0,0.0,0.0,0.0,0.0,0.0,0.0,0.0,0.0,0.0,0.0,0.0
181,181.0,7760.0,0.0,1.0,0.0,0.0,0.0,1.0,0.0,0.0,0.12667525773195876,0.0001288659793814433,0.0009020618556701031,0.0015463917525773195,0.0,0.0,0.0014175257731958762,0.0,0.0,0.0,0.0,0.0,0.0,0.002577319587628866,0.007345360824742268,0.010051546391752578,0.009149484536082475,0.011469072164948453,0.009536082474226805,0.00902061855670103,0.007087628865979381,0.0,0.010438144329896907,0.0076030927835051545,0.009922680412371133,0.006443298969072165,0.0002577319587628866,0.003092783505154639,0.005154639175257732,0.004896907216494845,0.003994845360824742,0.002706185567010309,0.002190721649484536,0.0001288659793814433,0.0,0.0,0.0006443298969072165,0.0,0.0,0.0,0.0001288659793814433,0.0,0.0,0.0,0.0,0.0,0.0,0.0,0.0001288659793814433,0.0001288659793814433,0.0,0.0,0.0,0.0,0.0,0.0,0.0002577319587628866,0.0,0.0001288659793814433,0.0,0.0,0.0,0.0,0.0,0.0,0.0,0.0,0.0,0.0,0.0,0.0001288659793814433,0.0,0.0,0.0,0.0,0.0,0.0,0.0001288659793814433,0.0,0.0,0.0001288659793814433,0.0,0.0,0.0,0.0,0.0,0.0,0.0,0.0,0.0,0.0,0.0,0.0,0.0,0.0,0.0,0.0,0.0,0.0,0.0,0.0,0.0,0.0,0.0001288659793814433,0.0,0.0,0.0,0.0,0.0,0.0,0.0,0.0,0.0
182,182.0,880.0,0.0,0.9965909090909091,0.9943181818181818,0.9965909090909091,0.9988636363636364,0.9875,0.9977272727272727,0.9795454545454545,0.9875,0.0,0.0,0.0,0.0,0.0,0.0,0.0,0.0,0.0,0.0,0.0,0.0,0.0,0.9079545454545455,0.09431818181818181,0.16022727272727272,0.7375,0.525,0.48295454545454547,0.45681818181818185,0.3431818181818182,0.8795454545454545,0.1375,0.13295454545454546,0.7840909090909091,0.0,0.2215909090909091,0.21477272727272728,0.26590909090909093,0.2215909090909091,0.0011363636363636363,0.004545454545454545,0.0,0.0,0.0,0.0022727272727272726,0.0,0.0,0.0,0.0,0.0,0.0,0.0,0.0,0.0,0.0,0.0,0.0,0.0,0.0,0.0,0.0,0.0,0.0,0.0,0.0011363636363636363,0.0,0.0,0.0,0.0,0.0,0.0,0.0,0.0,0.0,0.0,0.0,0.0,0.0,0.0,0.0,0.0,0.0,0.0,0.0,0.0,0.0,0.0,0.0,0.0,0.0,0.0011363636363636363,0.0,0.0,0.0,0.0,0.0,0.0,0.0,0.0,0.0,0.0,0.0,0.0,0.0,0.0,0.0,0.0,0.0,0.0,0.0,0.0,0.0,0.0,0.0,0.0,0.0,0.0,0.0,0.0,0.0,0.0
183,183.0,1127.0,0.0,0.9778172138420586,0.9849157054125999,0.9804791481810116,0.9849157054125999,0.9813664596273292,0.9804791481810116,0.9361135758651287,0.9627329192546584,0.0,0.0,0.0,0.0,0.0,0.001774622892635315,0.0,0.0,0.0,0.0,0.0,0.0,0.0,0.19254658385093168,0.0,0.12866015971606035,0.21561668145519078,0.0,0.17923691215616683,1.0,0.12422360248447205,0.1650399290150843,0.15794143744454303,1.0,0.16326530612244897,0.0,0.11623779946761313,0.10559006211180125,0.1188997338065661,0.11535048802129548,0.00354924578527063,0.005323868677905945,0.0,0.0,0.0,0.001774622892635315,0.0,0.0,0.0,0.0,0.0,0.0,0.0,0.0,0.0,0.0,0.0,0.0,0.0,0.0,0.0,0.0,0.0,0.0,0.0,0.0008873114463176575,0.0,0.0,0.0,0.0,0.0,0.0,0.0,0.0,0.0,0.0,0.0,0.0,0.0,0.0,0.0,0.0,0.0,0.0,0.0,0.0,0.0,0.0,0.0,0.0,0.0,0.0,0.0,0.0,0.0,0.0,0.0,0.0,0.0,0.0,0.0,0.0,0.0,0.0,0.0,0.0,0.0,0.0008873114463176575,0.0,0.0,0.0,0.0,0.0,0.0,0.0,0.0,0.0,0.0,0.0,0.0,0.0,0.0
184,184.0,2080.0,0.0,0.5548076923076923,0.0,0.0,0.2918269230769231,1.0,1.0,1.0,0.0,0.0,0.0,0.0,0.0,0.0,0.0004807692307692308,0.0,0.0,0.0,0.0,0.0,0.0,0.004326923076923077,0.01875,0.02451923076923077,0.022596153846153846,0.0,0.020673076923076922,0.015384615384615385,0.020192307692307693,0.011538461538461539,0.025,0.020673076923076922,0.013942307692307693,0.014903846153846155,0.0,0.011057692307692308,0.013942307692307693,0.011057692307692308,0.009615384615384616,0.0009615384615384616,0.0038461538461538464,0.0,0.0,0.0,0.002403846153846154,0.0,0.0,0.0,0.0,0.0,0.0,0.0,0.0,0.0,0.0,0.0,0.0,0.0,0.0,0.0,0.0,0.0,0.0,0.0,0.0,0.0,0.0,0.0,0.0,0.0,0.0,0.0,0.0,0.0,0.0,0.0,0.0,0.0,0.0004807692307692308,0.0,0.0,0.0,0.0,0.0004807692307692308,0.0,0.0,0.0,0.0,0.0004807692307692308,0.0,0.0,0.0,0.0,0.0,0.0,0.0,0.0,0.0,0.0,0.0,0.0,0.0,0.0,0.0,0.0,0.0,0.0004807692307692308,0.0,0.0,0.0,0.0,0.0,0.0,0.0,0.0,0.0,0.0,0.0,0.0,0.0,0.0004807692307692308
185,185.0,2424.0,0.0,0.0,1.0,0.7652640264026402,0.0,1.0,0.7458745874587459,1.0,0.22400990099009901,0.0,0.0,0.00041254125412541255,0.0,0.0,0.0,0.0,0.0,0.0,0.0,0.0,0.0,0.0012376237623762376,0.02557755775577558,0.028465346534653466,0.03547854785478548,0.026815181518151814,0.03135313531353135,0.028877887788778877,0.03135313531353135,0.026815181518151814,0.026402640264026403,0.02557755775577558,0.02929042904290429,0.025165016501650164,0.0,0.0165016501650165,0.01608910891089109,0.018151815181518153,0.01278877887788779,0.0008250825082508251,0.0028877887788778876,0.0,0.0,0.0,0.00041254125412541255,0.0,0.0,0.0,0.0,0.0,0.0,0.0,0.0,0.0,0.0,0.0,0.0,0.0,0.0,0.0,0.0,0.0,0.0,0.0,0.0,0.0,0.0,0.0,0.0,0.0,0.0,0.0,0.0,0.0,0.0,0.0,0.0,0.0,0.0,0.0,0.0,0.0,0.0,0.0,0.0,0.0,0.0,0.0,0.00041254125412541255,0.0,0.0,0.0,0.0,0.0,0.0,0.0,0.0,0.0,0.0,0.0,0.0,0.0,0.0,0.0,0.0,0.0,0.0,0.0,0.0,0.0,0.0,0.0,0.0,0.0,0.0,0.0,0.0,0.0,0.0,0.0,0.0
186,186.0,588.0,0.0,0.8639455782312925,0.8724489795918368,0.8979591836734694,0.9302721088435374,0.9013605442176871,0.0,0.8520408163265306,0.7448979591836735,0.0,0.0,0.0,0.0,0.0,0.0,0.0017006802721088435,0.0,0.0,0.0,0.0,0.0,0.0,0.04081632653061224,0.061224489795918366,0.05612244897959184,0.0391156462585034,0.05442176870748299,0.05442176870748299,0.05102040816326531,1.0,0.0663265306122449,0.04081632653061224,0.06292517006802721,0.07312925170068027,0.0,0.02040816326530612,0.030612244897959183,0.025510204081632654,0.03231292517006803,0.003401360544217687,0.01020408163265306,0.0,0.0,0.0,0.003401360544217687,0.0,0.0,0.0,0.0,0.0,0.0,0.0,0.0,0.0,0.0,0.0,0.0,0.0,0.0,0.0,0.0,0.0,0.0,0.0,0.0,0.0,0.0,0.0,0.0,0.0,0.0,0.0,0.0,0.0,0.0,0.0,0.0,0.0,0.0,0.0,0.0,0.0,0.0,0.0,0.0,0.0,0.0,0.0,0.0017006802721088435,0.0,0.0,0.0,0.0,0.0,0.0,0.0,0.0,0.0,0.0,0.0,0.0,0.0,0.0,0.0,0.0,0.0,0.0017006802721088435,0.0,0.0,0.0,0.0,0.0,0.0,0.0,0.0,0.0,0.0,0.0,0.0,0.0,0.0
187,187.0,2002.0,0.0,1.0,0.0,1.0,1.0,0.0,0.0,0.0,0.0,0.0004995004995004995,0.0014985014985014985,0.0014985014985014985,0.0004995004995004995,0.0,0.0004995004995004995,0.0,0.0,0.0,0.0,0.0,0.0,0.0034965034965034965,0.014985014985014986,0.015984015984015984,0.017982017982017984,0.01848151848151848,0.014985014985014986,0.013986013986013986,0.013986013986013986,0.01098901098901099,0.017982017982017984,0.013986013986013986,0.017982017982017984,0.011488511488511488,0.0,0.007492507492507493,0.007992007992007992,0.005994005994005994,0.006993006993006993,0.0034965034965034965,0.001998001998001998,0.0004995004995004995,0.0,0.0,0.0004995004995004995,0.0,0.0,0.0,0.0,0.0,0.0,0.0,0.0,0.0,0.0,0.0,0.0,0.0,0.0,0.0,0.0,0.0,0.0,0.0,0.0014985014985014985,0.0,0.0004995004995004995,0.0,0.0,0.0,0.0,0.0,0.0,0.0,0.0,0.0,0.0,0.0,0.0,0.0,0.0,0.0,0.0,0.0,0.0,0.000999000999000999,0.0004995004995004995,0.0004995004995004995,0.0004995004995004995,0.0,0.0,0.0,0.0,0.0,0.0,0.0,0.0,0.0,0.0,0.0,0.0,0.0,0.0,0.0,0.0,0.0,0.000999000999000999,0.0,0.0,0.0,0.0,0.0,0.0,0.000999000999000999,0.0,0.0,0.000999000999000999,0.0,0.0,0.0,0.0
188,188.0,637.0,0.0,0.12558869701726844,0.0,0.11616954474097331,0.10047095761381476,0.8288854003139717,0.10518053375196232,0.11145996860282574,0.13814756671899528,0.0,0.0015698587127158557,0.0,0.0,0.0,0.004709576138147566,0.0,0.0015698587127158557,0.0,0.0,0.0015698587127158557,0.0,0.0015698587127158557,0.02197802197802198,0.018838304552590265,0.01726844583987441,0.0141287284144427,0.0141287284144427,0.012558869701726845,0.018838304552590265,1.0,0.02197802197802198,0.02040816326530612,0.01098901098901099,0.02040816326530612,0.0,0.0141287284144427,0.006279434850863423,0.009419152276295133,0.01098901098901099,0.015698587127158554,0.012558869701726845,0.0031397174254317113,0.0,0.0,0.0015698587127158557,0.0015698587127158557,0.0,0.0,0.0,0.0,0.0,0.0,0.0,0.0,0.0,0.0,0.0015698587127158557,0.0,0.0,0.0,0.0,0.0,0.0015698587127158557,0.0,0.0015698587127158557,0.0,0.0,0.0,0.0,0.0,0.0,0.0015698587127158557,0.0,0.0,0.0015698587127158557,0.0015698587127158557,0.0,0.0,0.0015698587127158557,0.0,0.0,0.0,0.0015698587127158557,0.0,0.0,0.0,0.0,0.0,0.0015698587127158557,0.0,0.0,0.0,0.0,0.0,0.0015698587127158557,0.0,0.0,0.0,0.0,0.0,0.0,0.0,0.0,0.0,0.0015698587127158557,0.0,0.004709576138147566,0.0,0.0,0.0,0.0,0.0,0.0,0.0,0.0,0.0,0.0,0.0,0.0,0.0015698587127158557,0.0
189,189.0,463.0,0.0,0.6349892008639308,0.9438444924406048,0.0,0.91792656587473,0.8012958963282938,0.8466522678185745,0.5593952483801296,0.04967602591792657,0.0,0.0,0.0,0.0,0.0,0.0,0.0,0.0,0.0,0.0,0.0,0.0,0.0,0.0367170626349892,0.03455723542116631,0.06047516198704104,0.0367170626349892,0.05399568034557235,0.038876889848812095,0.032397408207343416,0.0367170626349892,0.032397408207343416,0.04103671706263499,0.017278617710583154,1.0,0.0,0.019438444924406047,0.019438444924406047,0.02591792656587473,0.03023758099352052,0.0021598272138228943,0.0064794816414686825,0.0021598272138228943,0.0,0.0,0.0021598272138228943,0.0,0.0,0.0,0.0,0.0,0.0,0.0,0.0,0.0,0.0,0.0,0.0021598272138228943,0.0021598272138228943,0.0,0.0,0.0,0.0,0.0,0.0,0.0,0.0,0.0,0.0,0.0,0.0,0.0,0.0,0.0,0.0,0.0,0.0,0.0,0.0,0.0,0.0,0.0,0.0,0.0,0.0,0.0,0.0,0.0,0.0,0.0,0.0,0.0,0.0,0.0,0.0,0.0,0.0,0.0,0.0,0.0,0.0,0.0,0.0,0.0,0.0,0.0,0.0,0.0,0.0,0.0,0.0,0.0,0.0,0.0,0.0,0.0,0.0,0.0,0.0,0.0,0.0,0.0
190,190.0,793.0,0.0,0.0,0.35182849936948296,0.0,0.0,0.0,0.3266078184110971,0.1273644388398487,0.1210592686002522,0.0012610340479192938,0.0,0.0,0.0012610340479192938,0.0,0.0012610340479192938,0.0,0.0,0.0,0.0,0.0,0.0,0.018915510718789406,0.012610340479192938,0.007566204287515763,0.0201765447667087,0.013871374527112233,0.0037831021437578815,1.0,0.021437578814627996,0.018915510718789406,0.01639344262295082,0.01639344262295082,0.006305170239596469,0.01639344262295082,0.0,0.011349306431273645,0.008827238335435058,0.01008827238335435,0.008827238335435058,0.01008827238335435,0.005044136191677175,0.0012610340479192938,0.0,0.0,0.007566204287515763,0.0,0.0,0.0012610340479192938,0.0,0.0,0.0,0.0,0.0,0.0,0.0,0.0,0.0012610340479192938,0.0012610340479192938,0.0012610340479192938,0.0,0.0,0.0,0.0,0.0,0.0012610340479192938,0.0,0.0,0.0012610340479192938,0.0,0.0,0.0,0.0,0.0,0.0,0.0,0.0,0.0012610340479192938,0.0,0.0,0.0,0.0,0.0,0.0,0.0,0.0,0.0,0.0,0.0,0.0,0.0,0.0,0.0,0.0,0.0,0.0,0.0,0.0,0.0,0.0,0.0,0.0,0.0,0.0,0.0012610340479192938,0.0012610340479192938,0.0,0.0012610340479192938,0.0,0.0012610340479192938,0.0012610340479192938,0.0,0.0012610340479192938,0.0012610340479192938,0.0,0.0012610340479192938,0.0,0.0,0.0012610340479192938,0.0,0.0,0.0012610340479192938
191,191.0,962.0,0.01975051975051975,0.0010395010395010396,0.0031185031185031187,0.0,0.002079002079002079,0.0,0.0010395010395010396,0.0,0.0,0.4074844074844075,0.24844074844074845,0.9126819126819127,0.5686070686070686,0.7650727650727651,0.24532224532224534,0.2390852390852391,0.21933471933471935,0.24636174636174638,0.21413721413721415,0.21205821205821207,0.18503118503118504,0.02286902286902287,0.0,0.0,0.0,0.0010395010395010396,0.0010395010395010396,0.0010395010395010396,0.0010395010395010396,0.0010395010395010396,0.002079002079002079,0.0,0.0,0.002079002079002079,0.0031185031185031187,0.0,0.0,0.0,0.0010395010395010396,0.016632016632016633,0.002079002079002079,0.0,0.0,0.0010395010395010396,0.0,0.011434511434511435,0.015592515592515593,0.0,0.0,0.010395010395010396,0.0010395010395010396,0.004158004158004158,0.011434511434511435,0.0031185031185031187,0.002079002079002079,0.0031185031185031187,0.005197505197505198,0.0010395010395010396,0.0010395010395010396,0.0031185031185031187,0.0,0.0,0.0010395010395010396,0.0010395010395010396,0.004158004158004158,0.002079002079002079,0.004158004158004158,0.008316008316008316,0.0,0.008316008316008316,0.005197505197505198,0.010395010395010396,0.0,0.0010395010395010396,0.0010395010395010396,0.0,0.0,0.0,0.0,0.008316008316008316,0.0,0.0,0.0,0.0,0.0,0.008316008316008316,0.0010395010395010396,0.0,0.0,0.0031185031185031187,0.004158004158004158,0.0010395010395010396,0.005197505197505198,0.008316008316008316,0.0010395010395010396,0.004158004158004158,0.0,0.002079002079002079,0.007276507276507277,0.0,0.0,0.004158004158004158,0.0,0.0010395010395010396,0.0,0.004158004158004158,0.0010395010395010396,0.0,0.0,0.0,0.0010395010395010396,0.006237006237006237,0.0,0.0,0.0,0.0010395010395010396,0.0,0.002079002079002079,0.0010395010395010396,0.0,0.0010395010395010396
192,192.0,3096.0,0.0,0.9673772609819121,0.9680232558139535,0.963501291989664,0.959625322997416,0.963501291989664,1.0,0.9890180878552972,1.0,0.0,0.0,0.00032299741602067185,0.0,0.0,0.00032299741602067185,0.0,0.0,0.0,0.0,0.0,0.0,0.00032299741602067185,0.0,0.09948320413436693,0.09270025839793282,1.0,0.0,0.0,0.1111111111111111,0.0,0.09819121447028424,0.0,0.08624031007751938,0.12015503875968993,0.0,0.08139534883720931,0.07816537467700259,0.08462532299741603,0.07170542635658915,0.0006459948320413437,0.009366925064599484,0.0,0.0,0.0,0.0009689922480620155,0.0,0.0,0.0,0.0,0.0,0.0,0.0,0.0,0.0,0.0,0.0,0.0,0.0,0.0,0.0,0.0,0.0,0.0,0.0,0.0,0.0,0.0,0.0,0.0,0.0,0.0,0.0,0.0,0.00032299741602067185,0.0,0.0,0.0,0.0,0.0006459948320413437,0.0,0.0,0.0,0.0,0.0,0.0,0.0,0.0,0.0,0.0006459948320413437,0.0,0.0,0.0,0.0,0.0,0.0,0.0,0.0,0.0,0.0,0.0,0.0,0.0,0.0,0.0,0.0,0.0,0.0,0.0,0.0,0.0,0.0,0.0,0.0,0.0,0.0,0.0,0.0,0.0,0.0,0.0,0.0
193,193.0,568.0,0.0,1.0,0.0,1.0,0.0,1.0,0.0,1.0,0.0,0.0,0.00528169014084507,0.00528169014084507,0.0,0.0,0.0017605633802816902,0.0,0.0,0.0,0.0,0.0,0.0,0.0,0.02112676056338028,0.01584507042253521,0.02640845070422535,0.017605633802816902,0.02112676056338028,0.01936619718309859,0.02464788732394366,0.01936619718309859,0.02992957746478873,0.022887323943661973,0.01056338028169014,0.02112676056338028,0.0,0.008802816901408451,0.01232394366197183,0.014084507042253521,0.01232394366197183,0.0,0.00528169014084507,0.0,0.0,0.0,0.0,0.0,0.0,0.0,0.0,0.0,0.0,0.0,0.0,0.0,0.0,0.0,0.0,0.0,0.0,0.0,0.0,0.0,0.0,0.0,0.0,0.0,0.0017605633802816902,0.0,0.0,0.0,0.0,0.0,0.0,0.0,0.0,0.0,0.0,0.0,0.0,0.0,0.0,0.0,0.0,0.0,0.0,0.0,0.0,0.0,0.0017605633802816902,0.0,0.0,0.0,0.0,0.0,0.0,0.0,0.0,0.0,0.0,0.0,0.0,0.0,0.0,0.0,0.0,0.0,0.0,0.0,0.0,0.0,0.0,0.0,0.0,0.0,0.0,0.0,0.0,0.0,0.0,0.0,0.0
194,194.0,1637.0,0.0,0.9871716554673182,0.9841172877214417,0.9902260232131949,0.982895540623091,0.9780085522296884,0.9853390348197923,0.9896151496640195,0.9260843005497862,0.0,0.0006108735491753207,0.0,0.0,0.0,0.0018326206475259622,0.0,0.0,0.0,0.0,0.0,0.0,0.0006108735491753207,0.15577275503970678,0.10384850335980451,0.598045204642639,0.042150274893097125,0.1240073304825901,1.0,0.12889431887599268,0.07513744654856444,0.1508857666463042,0.07574832009773977,0.1148442272449603,0.660965180207697,0.0006108735491753207,0.02748930971288943,0.10873549175320708,0.12461820403176542,0.09407452657299939,0.0018326206475259622,0.012828344532681736,0.0,0.0,0.0,0.0036652412950519244,0.0,0.0,0.0,0.0,0.0,0.0,0.0,0.0,0.0,0.0,0.0,0.0,0.0,0.0,0.0,0.0,0.0,0.0,0.0,0.0,0.0,0.0,0.0,0.0,0.0,0.0,0.0,0.0,0.0,0.0,0.0,0.0,0.0,0.0006108735491753207,0.0,0.0,0.0,0.0,0.0,0.0,0.0,0.0,0.0006108735491753207,0.0,0.0,0.0,0.0,0.0,0.0,0.0,0.0,0.0,0.0,0.0,0.0,0.0,0.0,0.0,0.0,0.0,0.0,0.0,0.0,0.0,0.0,0.0,0.0,0.0,0.0,0.0,0.0,0.0,0.0,0.0,0.0,0.0
195,195.0,607.0,0.0,0.0,1.0,1.0,1.0,0.0,0.0,0.0,1.0,0.0016474464579901153,0.0016474464579901153,0.0016474464579901153,0.0,0.0,0.0,0.0,0.0,0.0,0.0,0.0,0.0,0.0032948929159802307,0.014827018121911038,0.019769357495881382,0.026359143327841845,0.023064250411861616,0.02471169686985173,0.03459637561779242,0.0214168039538715,0.008237232289950576,0.019769357495881382,0.02471169686985173,0.014827018121911038,0.009884678747940691,0.0,0.009884678747940691,0.0214168039538715,0.013179571663920923,0.013179571663920923,0.0,0.0016474464579901153,0.0,0.0,0.0,0.0016474464579901153,0.0,0.0,0.0,0.0,0.0,0.0,0.0,0.0,0.0,0.0,0.0,0.0,0.0,0.0,0.0,0.0,0.0,0.0,0.0,0.0,0.0,0.0,0.0,0.0,0.0,0.0,0.0,0.0,0.0,0.0,0.0,0.0,0.0,0.0,0.0,0.0,0.0,0.0,0.0,0.0,0.0,0.0,0.0,0.0016474464579901153,0.0,0.0,0.0,0.0,0.0,0.0,0.0,0.0,0.0,0.0,0.0,0.0,0.0,0.0,0.0,0.0,0.0,0.0,0.0,0.0,0.0,0.0,0.0,0.0,0.0,0.0,0.0,0.0,0.0,0.0,0.0,0.0
196,196.0,752.0,0.0,0.9933510638297872,0.9946808510638298,0.9946808510638298,1.0,0.9946808510638298,0.9946808510638298,0.9840425531914894,0.9906914893617021,0.0,0.0,0.0,0.0,0.0,0.0,0.0,0.0,0.0,0.0,0.0,0.0,0.0026595744680851063,0.9148936170212766,0.7792553191489362,0.1622340425531915,0.35904255319148937,0.09574468085106383,0.19281914893617022,0.3098404255319149,0.2898936170212766,0.8404255319148937,0.8550531914893617,0.8098404255319149,0.42686170212765956,0.0,0.2473404255319149,0.2859042553191489,0.25930851063829785,0.2859042553191489,0.0,0.009308510638297872,0.0,0.0,0.0,0.0,0.0,0.0,0.0,0.0,0.0,0.0,0.0,0.0,0.0,0.0,0.0,0.0,0.0,0.0,0.0,0.0,0.0,0.0,0.0013297872340425532,0.0,0.0013297872340425532,0.0,0.0,0.0,0.0,0.0,0.0,0.0,0.0,0.0,0.0,0.0,0.0,0.0,0.0,0.0,0.0,0.0,0.0,0.0,0.0,0.0,0.0,0.0013297872340425532,0.0,0.0,0.0,0.0,0.0,0.0,0.0,0.0,0.0,0.0,0.0,0.0,0.0,0.0,0.0,0.0013297872340425532,0.0,0.003989361702127659,0.0,0.0,0.0,0.0,0.0,0.0,0.0,0.0,0.0,0.0,0.0,0.0,0.0013297872340425532,0.0
197,197.0,2822.0,0.0,0.6630049610205528,1.0,0.0,0.0,0.0,0.648830616583983,0.10311835577604536,1.0,0.0,0.0,0.0,0.0,0.0,0.0,0.0,0.0,0.0,0.0,0.0,0.0,0.001771793054571226,0.014174344436569808,0.014883061658398299,0.020198440822111977,0.018072289156626505,0.02161587526576896,0.021261516654854713,0.014528703047484054,0.01913536498936924,0.020907158043940468,0.018781006378454996,0.011693834160170093,0.018072289156626505,0.00035435861091424523,0.00815024805102764,0.009213323883770375,0.012048192771084338,0.010985116938341602,0.0007087172218284905,0.003543586109142452,0.0,0.0,0.0,0.0007087172218284905,0.0,0.0,0.0,0.0,0.0,0.0,0.0,0.00035435861091424523,0.0,0.0,0.0,0.0,0.0,0.0,0.0,0.0,0.00035435861091424523,0.0,0.0,0.0007087172218284905,0.0,0.00035435861091424523,0.0,0.0,0.0,0.0,0.0,0.0,0.0,0.0,0.0,0.0,0.0,0.00035435861091424523,0.0,0.0,0.0,0.00035435861091424523,0.0,0.0,0.0,0.0,0.0,0.0,0.0,0.0,0.0,0.0,0.0,0.0,0.0,0.0,0.0,0.0,0.0,0.0,0.0,0.0,0.0,0.00035435861091424523,0.0,0.0007087172218284905,0.0,0.0,0.0,0.0,0.0,0.0,0.0,0.0,0.0,0.0,0.0,0.0,0.0,0.0
198,198.0,2882.0,0.1589174184594032,0.0013879250520471894,0.001040943789035392,0.0,0.0006939625260235947,0.0006939625260235947,0.001040943789035392,0.0,0.0,0.7109646079111728,0.7890353920888272,1.0,1.0,0.017002081887578072,0.11311589174184594,0.18077723802914641,0.10895211658570438,0.08848022206800833,0.08605135322692574,0.09090909090909091,0.09090909090909091,0.002775850104094379,0.001040943789035392,0.0006939625260235947,0.0,0.00034698126301179735,0.0006939625260235947,0.00034698126301179735,0.00034698126301179735,0.0006939625260235947,0.00034698126301179735,0.00034698126301179735,0.0,0.0,0.0006939625260235947,0.0006939625260235947,0.0006939625260235947,0.0,0.0,0.003122831367106176,0.004163775156141568,0.0006939625260235947,0.0,0.0006939625260235947,0.0006939625260235947,0.006939625260235947,0.01943095072866065,0.0013879250520471894,0.0006939625260235947,0.0024288688410825814,0.001040943789035392,0.007286606523247745,0.014920194309507287,0.0017349063150589867,0.0013879250520471894,0.0017349063150589867,0.012838306731436502,0.0,0.0006939625260235947,0.00034698126301179735,0.30707841776544065,0.00034698126301179735,0.00034698126301179735,0.0013879250520471894,0.0006939625260235947,0.0017349063150589867,0.0,0.00034698126301179735,0.00034698126301179735,0.006245662734212352,0.0,0.005204718945176961,0.001040943789035392,0.0006939625260235947,0.0006939625260235947,0.00034698126301179735,0.0,0.0,0.0013879250520471894,0.013532269257460098,0.0006939625260235947,0.001040943789035392,0.0,0.0006939625260235947,0.00034698126301179735,0.001040943789035392,0.0,0.0006939625260235947,0.001040943789035392,0.0,0.00034698126301179735,0.0,0.00034698126301179735,0.00034698126301179735,0.0006939625260235947,0.0,0.0006939625260235947,0.0006939625260235947,0.0013879250520471894,0.00034698126301179735,0.00034698126301179735,0.006245662734212352,0.001040943789035392,0.001040943789035392,0.001040943789035392,0.0013879250520471894,0.001040943789035392,0.0,0.0,0.00034698126301179735,0.0,0.0006939625260235947,0.0006939625260235947,0.0006939625260235947,0.0,0.00034698126301179735,0.0,0.001040943789035392,0.00034698126301179735,0.0,0.0
199,199.0,2473.0,0.0,0.24706833805095027,0.0,1.0,0.22118883946623535,0.0,1.0,1.0,0.11928831378892034,0.0004043671653861706,0.0004043671653861706,0.0,0.0004043671653861706,0.0,0.0004043671653861706,0.0,0.0,0.0,0.0,0.0,0.0,0.0008087343307723412,0.022240194096239386,0.01981399110392236,0.01900525677315002,0.021431459765467044,0.021431459765467044,0.023453295592397897,0.01981399110392236,0.027496967246259604,0.01819652244237768,0.01900525677315002,0.011726647796198949,0.016983420946219168,0.0,0.008896077638495753,0.009300444803881924,0.010513546300040437,0.006874241811564901,0.001213101496158512,0.003234937323089365,0.0,0.0,0.0,0.004448038819247877,0.0,0.0,0.0004043671653861706,0.0,0.0,0.0004043671653861706,0.0,0.0,0.0,0.0,0.0,0.0004043671653861706,0.0,0.0,0.0004043671653861706,0.0004043671653861706,0.0004043671653861706,0.0,0.0,0.0004043671653861706,0.0,0.0,0.0,0.0,0.0,0.0,0.0,0.0,0.0,0.0,0.0,0.0,0.0,0.0004043671653861706,0.0,0.0,0.0,0.0,0.0,0.0,0.0,0.0,0.0,0.0004043671653861706,0.0,0.0,0.0,0.0,0.0,0.0,0.0,0.0,0.0,0.0004043671653861706,0.0,0.0,0.0,0.0,0.0,0.0,0.0,0.0,0.0,0.0,0.0,0.0,0.0,0.0,0.0,0.0,0.0,0.0,0.0,0.0,0.0,0.0
