,cluster ID,size,mirai_ratio,Port17140,Port17132,Port17128,Port17130,Port17138,Port17136,Port17134,Port17142,Port80,Port8080,Port23,Port2323,Port81,Port5555,Port1023,Port52869,Port8443,Port49152,Port7574,Port37215,Port54594,Port34218,Port34226,Port34224,Port34228,Port34216,Port34220,Port33964,Port33960,Port33962,Port33970,Port33972,Port33968,Port50401,Port34222,Port34230,Port33966,Port33974,Port445,Port0,Port22,Port8291,Port8728,Port1433,Port8000,Port8081,Port5353,Port2004,Port11211,Port6881,Port8082,Port443,Port4000,Port5060,Port8083,Port8088,Port6379,Port30301,Port7001,Port9527,Port7002,Port9200,Port1027,Port3389,Port1900,Port21,Port5900,Port6380,Port88,Port389,Port8181,Port35,Port5000,Port5001,Port8008,Port4444,Port49153,Port137,Port7547,Port56880,Port5984,Port2222,Port8001,Port2480,Port8888,Port139,Port53,Port3544,Port873,Port50070,Port161,Port631,Port9000,Port111,Port27017,Port4786,Port1883,Port8090,Port554,Port3306,Port60001,Port82,Port83,Port3443,Port85,Port12866,Port3000,Port587,Port5901,Port143,Port50075,Port444,Port995,Port1521,Port110,Port465,Port993,Port10001,Port7777,Port548
0,0.0,2556.0,0.0,0.00039277297721916735,0.0,0.0,0.00039277297721916735,0.00039277297721916735,0.0,0.00039277297721916735,0.00039277297721916735,0.9890023566378634,0.978790259230165,0.6704634721131186,0.9945011783189317,0.8507462686567164,0.0,0.9277297721916733,1.0,0.8629222309505107,0.8943440691280441,0.8719560094265515,0.8739198743126474,0.002356637863315004,0.0,0.0,0.0,0.0,0.0,0.0,0.0,0.0,0.0,0.0,0.0,0.0,0.0,0.0,0.0,0.0,0.0,0.0,0.00039277297721916735,0.0,0.0,0.0,0.0,0.0,0.00039277297721916735,0.0,0.0,0.00039277297721916735,0.0,0.00039277297721916735,0.0,0.0007855459544383347,0.0,0.00039277297721916735,0.0,0.0,0.00039277297721916735,0.0,0.00039277297721916735,0.0,0.0,0.0,0.0,0.0,0.00039277297721916735,0.0,0.0,0.0,0.0,0.0,0.0,0.0,0.0,0.0,0.0,0.0,0.0,0.0,0.0,0.0,0.0,0.0,0.0,0.0,0.0,0.0,0.0,0.0,0.0,0.0,0.0,0.0,0.0,0.0,0.0,0.0,0.0,0.0,0.0,0.0,0.0,0.0,0.0,0.0,0.0,0.0,0.0,0.0,0.0,0.0,0.0,0.0,0.0,0.0,0.0,0.0,0.0,0.0,0.0
1,1.0,4467.0,0.0,0.0,0.0,0.0,1.0,0.0,0.0,0.0,0.0,0.00044772778150884264,0.0011193194537721066,0.0031340944705618985,0.00022386389075442132,0.00022386389075442132,0.0049250055965972695,0.0,0.00022386389075442132,0.0,0.00044772778150884264,0.0,0.0,0.07051712558764271,0.05126483098276248,0.04701141705842848,0.03917618088202373,0.04074322811730468,0.04074322811730468,0.04231027535258563,0.04656368927691963,0.03716140586523394,0.04790687262144616,0.04499664204163869,0.04342959480635774,0.04589209760465637,0.0008954555630176853,0.024177300201477504,0.02014775016789792,0.019923886277143497,0.020595477949406762,0.04342959480635774,0.033803447503917616,0.0024625027982986348,0.0,0.0,0.014775016789791807,0.00044772778150884264,0.0,0.00022386389075442132,0.0,0.0,0.00022386389075442132,0.00022386389075442132,0.00022386389075442132,0.0,0.0,0.0,0.0020147750167897917,0.0022386389075442132,0.00022386389075442132,0.0,0.0,0.00022386389075442132,0.0,0.00022386389075442132,0.0011193194537721066,0.00022386389075442132,0.0017909111260353706,0.001343183344526528,0.0,0.0,0.0,0.0,0.0,0.00022386389075442132,0.00022386389075442132,0.0,0.0,0.000671591672263264,0.0017909111260353706,0.0,0.00044772778150884264,0.0,0.0,0.0,0.0,0.0,0.00022386389075442132,0.00044772778150884264,0.0047011417058428475,0.0,0.0,0.0,0.0,0.0,0.0,0.00044772778150884264,0.00022386389075442132,0.0,0.0,0.0,0.0,0.0,0.0,0.0,0.00044772778150884264,0.0,0.0015670472352809493,0.00022386389075442132,0.0,0.00022386389075442132,0.0,0.0,0.0,0.0,0.0,0.0,0.0,0.0,0.0,0.0,0.0
2,2.0,2683.0,0.0,0.9992581602373888,0.9981454005934719,0.9985163204747775,0.9988872403560831,0.9977744807121662,0.9985163204747775,0.9992581602373888,0.9988872403560831,0.001112759643916914,0.000370919881305638,0.0,0.001112759643916914,0.000370919881305638,0.001483679525222552,0.000370919881305638,0.001112759643916914,0.000370919881305638,0.001112759643916914,0.000370919881305638,0.001112759643916914,0.001112759643916914,0.9658753709198813,0.9562314540059348,0.9729228486646885,0.9751483679525222,0.9588278931750742,0.9688427299703265,0.9577151335311573,0.9580860534124629,0.9643916913946587,0.9655044510385757,0.9547477744807122,0.9480712166172107,0.000741839762611276,0.8864985163204748,1.0,0.8742581602373888,1.0,0.00370919881305638,0.00556379821958457,0.000370919881305638,0.000370919881305638,0.000370919881305638,0.001112759643916914,0.000741839762611276,0.0,0.0,0.0,0.0,0.0,0.0,0.0,0.0,0.0,0.0,0.0,0.0,0.0,0.0,0.0,0.0,0.0,0.0,0.001112759643916914,0.0,0.0,0.0,0.0,0.0,0.0,0.0,0.0,0.0,0.0,0.0,0.0,0.001483679525222552,0.0,0.0,0.000741839762611276,0.0,0.0,0.0,0.0,0.0,0.0,0.000370919881305638,0.000370919881305638,0.0,0.000741839762611276,0.0,0.0,0.0,0.0,0.0,0.001483679525222552,0.0,0.000741839762611276,0.0,0.0,0.000741839762611276,0.0,0.0,0.0,0.0,0.000741839762611276,0.0,0.0,0.0,0.0,0.000741839762611276,0.0,0.0,0.0,0.0,0.0,0.0,0.0,0.0,0.0
3,3.0,222.0,0.0,0.0,0.0,0.0,0.0,0.0,0.0,0.0,0.0,0.42792792792792794,0.018018018018018018,0.6486486486486487,0.0,0.0,0.6126126126126126,0.0,0.0,0.536036036036036,0.0,0.0,0.0,0.0,0.0,0.0,0.0,0.0,0.0,0.0,0.0,0.0,0.0,0.0,0.0,0.0,0.0,0.0,0.0,0.0,0.0,0.34684684684684686,0.13513513513513514,0.0,0.0,0.0,0.0,0.0,0.0,0.0,0.0,0.6756756756756757,0.0,0.0,0.581081081081081,0.0,0.0,0.0,0.0,0.581081081081081,0.0,0.0,0.0,0.0,0.0,0.0,0.6711711711711712,0.05855855855855856,0.6666666666666666,0.581081081081081,0.0,0.0,0.6486486486486487,0.0,0.0,0.0,0.0,0.0,0.0,0.0,0.06756756756756757,0.6081081081081081,0.0,0.0,0.0,0.0,0.0,0.0,0.0,0.07207207207207207,0.0,0.6846846846846847,0.6441441441441441,0.0045045045045045045,0.6666666666666666,0.0,0.06756756756756757,0.6351351351351351,0.3738738738738739,0.5855855855855856,0.0,0.0,0.0,0.0,0.0,0.0,0.0,0.0,0.0,0.0,0.0,0.0,0.0,0.6936936936936937,0.0,0.0,0.0,0.0,0.0,0.0,0.06756756756756757,0.0,0.581081081081081
4,4.0,9863.0,0.029402818615025854,0.0006082108464267612,0.0006082108464267612,0.0009123162696401419,0.0010136847440446021,0.00020273694880892042,0.00040547389761784084,0.00020273694880892042,0.0006082108464267612,0.0,0.0,0.998682209832742,0.0,0.8559553978712621,0.007805372529143436,0.005676634566649772,0.02473390775468829,0.005575266092245312,0.0064875823618854534,0.005778003041054232,0.006284845413076533,0.0034465281297516473,0.00010136847440446021,0.00010136847440446021,0.0,0.00010136847440446021,0.0,0.00010136847440446021,0.0,0.00010136847440446021,0.0,0.00040547389761784084,0.0,0.00010136847440446021,0.0009123162696401419,0.00010136847440446021,0.0,0.0,0.0,0.026964014191586415,0.00010136847440446021,0.0036492650785605674,0.00010136847440446021,0.00020273694880892042,0.0,0.0,0.0008109477952356817,0.026153066396350733,0.0,0.00020273694880892042,0.00020273694880892042,0.00010136847440446021,0.002838317283324886,0.0,0.00010136847440446021,0.00010136847440446021,0.00020273694880892042,0.00010136847440446021,0.0,0.0,0.0005068423720223011,0.0,0.00010136847440446021,0.00010136847440446021,0.0007095793208312215,0.00010136847440446021,0.0007095793208312215,0.001926001013684744,0.0,0.0,0.00020273694880892042,0.00010136847440446021,0.0,0.00010136847440446021,0.0,0.0,0.0,0.0,0.00020273694880892042,0.0006082108464267612,0.0,0.0003041054232133806,0.002230106436898125,0.0,0.0005068423720223011,0.00010136847440446021,0.0,0.0,0.00010136847440446021,0.0,0.00010136847440446021,0.00010136847440446021,0.0,0.0003041054232133806,0.0,0.00010136847440446021,0.0,0.0,0.0,0.0,0.00010136847440446021,0.002838317283324886,0.0,0.0,0.00010136847440446021,0.0,0.0,0.0,0.00010136847440446021,0.0,0.0,0.0,0.0,0.0,0.0,0.0,0.0,0.0,0.00010136847440446021,0.0,0.00010136847440446021
5,5.0,10104.0,0.0,0.657264449722882,0.0,1.0,0.0,0.0,0.0,0.0,0.0,9.897070467141726e-05,0.0002969121140142518,0.0010886777513855897,0.0001979414093428345,0.0,0.001979414093428345,9.897070467141726e-05,0.0,0.0,0.0,9.897070467141726e-05,0.0,0.0020783847980997625,0.026524148851939825,0.024742676167854315,0.023851939825811557,0.026425178147268406,0.028305621536025335,0.023653998416468723,0.00504750593824228,0.0,0.027612826603325414,0.02414885193982581,0.0059382422802850355,0.025831353919239904,0.0,0.01296516231195566,0.012272367379255739,0.011084718923198733,0.010292953285827395,0.01801266825019794,0.0010886777513855897,0.0,0.0,0.0,0.003562945368171021,0.0,0.0,0.0,9.897070467141726e-05,0.0,0.0001979414093428345,9.897070467141726e-05,0.0,9.897070467141726e-05,0.0,0.0,0.0,0.0,0.0,0.0,0.0,9.897070467141726e-05,0.0,0.0,0.0006927949326999208,0.0,0.0009897070467141725,0.0002969121140142518,9.897070467141726e-05,0.0,0.0,0.0,9.897070467141726e-05,9.897070467141726e-05,9.897070467141726e-05,9.897070467141726e-05,0.0,9.897070467141726e-05,0.0012866191607284244,0.0,0.0001979414093428345,9.897070467141726e-05,0.0,0.0,9.897070467141726e-05,9.897070467141726e-05,9.897070467141726e-05,9.897070467141726e-05,0.0011876484560570072,0.0,0.0,0.0,0.0,0.0,0.0,9.897070467141726e-05,0.0,0.0001979414093428345,9.897070467141726e-05,0.0,0.0,9.897070467141726e-05,0.0,0.0,0.0,9.897070467141726e-05,0.0009897070467141725,0.0,0.0,0.0,0.0,0.0,0.0,0.0,0.0,0.0,0.0,9.897070467141726e-05,0.0,9.897070467141726e-05,0.0
6,6.0,3186.0,0.0,0.0,1.0,1.0,1.0,0.8097928436911488,1.0,1.0,0.37664783427495296,0.0,0.0006277463904582549,0.0,0.0,0.0,0.0009416195856873824,0.0,0.0,0.0,0.0,0.0,0.0,0.0021971123666038924,0.04582548650345261,0.029190207156308854,0.048964218455743884,0.032956685499058384,0.032015065913371,0.027306967984934087,0.04551161330822348,0.02197112366603892,0.0,0.02479598242310107,0.04143126177024482,0.044569993722536096,0.0,0.0,0.009102322661644697,0.010043942247332079,0.0069052102950408045,0.0018832391713747647,0.0012554927809165098,0.0,0.0,0.0,0.0015693659761456373,0.0,0.0,0.0,0.0,0.0,0.0,0.0,0.0,0.0,0.0,0.0,0.0,0.0,0.0,0.0,0.0,0.0,0.0,0.0,0.00031387319522912746,0.0,0.0,0.0,0.0,0.0,0.0,0.0,0.0,0.0,0.0,0.0,0.0,0.0,0.00031387319522912746,0.0,0.0,0.0,0.0,0.0,0.0,0.0,0.0,0.0,0.00031387319522912746,0.0,0.0,0.0,0.0,0.0,0.00031387319522912746,0.0,0.0,0.0,0.0,0.0,0.0,0.0,0.0,0.0,0.0,0.0,0.00031387319522912746,0.0,0.0,0.0,0.0,0.0,0.0,0.0,0.0,0.0,0.0,0.0,0.0,0.0,0.0
7,7.0,756.0,0.0,0.9946949602122015,0.9960212201591512,0.9933687002652519,0.9933687002652519,0.9973474801061007,0.9973474801061007,0.9920424403183024,0.9920424403183024,0.001326259946949602,0.0,0.0,0.0,0.0,0.001326259946949602,0.0,0.0,0.0,0.0,0.0,0.0,0.001326259946949602,0.1989389920424403,0.5092838196286472,0.7771883289124668,0.4535809018567639,0.05039787798408488,0.7891246684350133,0.623342175066313,0.6644562334217506,0.08488063660477453,0.8766578249336869,0.2493368700265252,0.8103448275862069,0.0,0.22944297082228116,0.21352785145888592,0.22015915119363394,0.48806366047745353,0.001326259946949602,0.01856763925729443,0.0,0.0,0.0,0.003978779840848806,0.0,0.0,0.0,0.0,0.0,0.0,0.0,0.0,0.0,0.0,0.0,0.0,0.0,0.0,0.0,0.0,0.0,0.0,0.0,0.001326259946949602,0.0,0.0,0.0,0.0,0.0,0.0,0.0,0.0,0.0,0.0,0.0,0.0,0.0,0.0,0.0,0.0,0.0,0.0,0.0,0.0,0.0,0.0,0.0,0.0,0.0,0.0,0.0,0.0,0.0,0.0,0.0,0.0,0.0,0.0,0.0,0.0,0.0,0.0,0.0,0.0,0.0,0.0,0.0,0.0,0.0,0.0,0.0,0.0,0.0,0.0,0.0,0.0,0.0,0.0,0.0,0.0
8,8.0,1267.0,0.0,1.0,0.0,0.21766561514195584,0.20662460567823343,0.6348580441640378,0.0,1.0,1.0,0.0007886435331230284,0.0007886435331230284,0.0,0.0,0.0,0.0,0.0,0.0,0.0,0.0,0.0,0.0,0.0015772870662460567,0.02444794952681388,0.032334384858044164,0.02365930599369085,0.028391167192429023,0.01971608832807571,0.028391167192429023,0.017350157728706624,0.026813880126182965,0.022870662460567823,0.026025236593059935,0.022870662460567823,0.027602523659305992,0.0,0.00946372239747634,0.011829652996845425,0.01025236593059937,0.01813880126182965,0.0007886435331230284,0.0015772870662460567,0.0,0.0,0.0,0.0015772870662460567,0.0,0.0,0.0,0.0007886435331230284,0.0,0.0,0.0,0.0,0.0,0.0,0.0,0.0,0.0,0.0,0.0,0.0,0.0,0.0,0.0,0.0007886435331230284,0.0,0.0,0.0,0.0,0.0,0.0,0.0,0.0,0.0,0.0,0.0,0.0,0.0,0.0,0.0,0.0,0.0,0.0,0.0,0.0,0.0,0.0,0.0,0.0,0.0,0.0,0.0,0.0,0.0,0.0,0.0,0.0,0.0,0.0,0.0,0.0,0.0,0.0,0.0,0.0,0.0,0.0,0.0,0.0,0.0,0.0,0.0,0.0,0.0,0.0,0.0,0.0,0.0,0.0,0.0,0.0
9,9.0,1997.0,0.07811717576364546,0.0,0.002503755633450175,0.004506760140210315,0.000500751126690035,0.0,0.0,0.0,0.001502253380070105,0.9999999999999999,0.0,0.0,0.00100150225338007,0.07761642463695542,0.031547320981472206,0.01301952929394091,0.017526289434151226,0.017526289434151226,0.020530796194291434,0.02303455182774161,0.04406609914872308,0.11116675012518777,0.000500751126690035,0.0,0.0,0.000500751126690035,0.0,0.00100150225338007,0.0,0.0,0.0,0.0,0.0,0.000500751126690035,0.0,0.000500751126690035,0.0,0.000500751126690035,0.000500751126690035,0.0400600901352028,0.03104656985478217,0.018527791687531294,0.002503755633450175,0.003505257886830245,0.00400600901352028,0.01201802704056084,0.008512769153730594,0.00801201802704056,0.0,0.001502253380070105,0.007511266900350525,0.00300450676014021,0.49974962443665494,0.00100150225338007,0.000500751126690035,0.00400600901352028,0.008512769153730594,0.00600901352028042,0.000500751126690035,0.004506760140210315,0.00300450676014021,0.002503755633450175,0.00200300450676014,0.0,0.004506760140210315,0.001502253380070105,0.005508262393590385,0.024536805207811714,0.00300450676014021,0.05207811717576364,0.001502253380070105,0.000500751126690035,0.0,0.00500751126690035,0.00300450676014021,0.000500751126690035,0.00100150225338007,0.001502253380070105,0.00200300450676014,0.00100150225338007,0.00100150225338007,0.00200300450676014,0.000500751126690035,0.002503755633450175,0.002503755633450175,0.0,0.0100150225338007,0.006509764646970455,0.0,0.000500751126690035,0.000500751126690035,0.008512769153730594,0.001502253380070105,0.002503755633450175,0.00100150225338007,0.000500751126690035,0.00100150225338007,0.000500751126690035,0.00200300450676014,0.00100150225338007,0.00100150225338007,0.011517275913870806,0.002503755633450175,0.00200300450676014,0.001502253380070105,0.0400600901352028,0.0,0.00200300450676014,0.00100150225338007,0.002503755633450175,0.00100150225338007,0.001502253380070105,0.000500751126690035,0.0,0.000500751126690035,0.001502253380070105,0.000500751126690035,0.000500751126690035,0.002503755633450175,0.000500751126690035,0.00100150225338007
10,10.0,23317.0,0.0,0.0016725993910022732,0.0021014710297208045,0.001929922374233392,0.0015868250632585668,0.002144358193592658,0.0018441480464896857,0.0015439378993867138,0.00081485611356521,0.00025732298323111896,4.288716387185316e-05,0.0006004202942059442,0.0,0.00021443581935926578,0.00012866149161555948,0.0,0.00012866149161555948,0.0,0.00017154865548741263,4.288716387185316e-05,0.0,0.9993995797057942,0.00012866149161555948,8.577432774370632e-05,8.577432774370632e-05,8.577432774370632e-05,4.288716387185316e-05,0.00012866149161555948,8.577432774370632e-05,0.0,0.0,0.00021443581935926578,0.0,4.288716387185316e-05,1.0,4.288716387185316e-05,8.577432774370632e-05,4.288716387185316e-05,4.288716387185316e-05,0.004717588025903848,0.0015868250632585668,0.0,0.0,0.0,4.288716387185316e-05,0.0,0.0,0.00021443581935926578,0.0,0.0,0.00012866149161555948,0.0,0.00012866149161555948,0.0,0.0,0.0,0.0,0.0,0.0,0.0,0.0,0.0,0.0,0.0,0.0,0.0,8.577432774370632e-05,0.00012866149161555948,0.0,0.0,0.0,0.0,0.0,0.0,0.0,0.0,0.0,4.288716387185316e-05,0.00017154865548741263,0.0,0.0007290817858215037,0.0,0.0,0.0,0.0,0.0,0.0,0.0,4.288716387185316e-05,0.0,0.00017154865548741263,0.0,0.0,0.0,0.0,0.0,0.0,0.0,0.0,0.0,0.0,4.288716387185316e-05,0.0,0.0,0.0,0.0,0.0,0.0,0.0,0.0,0.0,8.577432774370632e-05,0.0,0.0,0.0,0.0,0.0,0.0,0.0,0.0,0.0
11,11.0,2095.0,0.0,0.0,0.0,0.0,1.0,1.0,0.39236276849642004,0.2840095465393795,1.0,0.00047732696897374703,0.00047732696897374703,0.0,0.00047732696897374703,0.0,0.0009546539379474941,0.0,0.0,0.0,0.0,0.0,0.0,0.0033412887828162294,0.029116945107398567,0.025298329355608593,0.020525059665871124,0.015274463007159905,0.02386634844868735,0.02100238663484487,0.013842482100238664,0.022911694510739856,0.02243436754176611,0.0243436754176611,0.020525059665871124,0.020047732696897375,0.0,0.011933174224343675,0.014319809069212411,0.009069212410501194,0.01909307875894988,0.002386634844868735,0.002386634844868735,0.0,0.0,0.00047732696897374703,0.002386634844868735,0.0,0.0,0.0,0.0,0.00047732696897374703,0.00047732696897374703,0.0,0.0,0.0,0.0,0.0,0.0,0.0,0.0,0.0,0.00047732696897374703,0.0,0.0,0.0,0.00047732696897374703,0.0,0.00047732696897374703,0.0,0.0,0.0,0.0,0.0,0.0,0.0,0.0,0.0,0.0,0.00047732696897374703,0.0,0.0,0.0,0.0,0.0,0.0,0.0,0.0,0.0,0.0,0.00047732696897374703,0.0,0.0,0.0,0.0,0.0,0.0,0.0,0.0,0.0,0.0,0.0,0.0,0.0,0.0,0.0,0.0,0.0,0.0,0.0,0.0,0.0,0.0,0.0,0.0,0.0,0.0,0.0,0.0,0.0,0.0,0.0,0.0
12,12.0,10738.0,0.0,1.0,0.18429875209536226,0.0,1.0,0.0,0.1891413671074688,0.0,0.0,0.000651890482398957,0.0010243993294840753,0.0007450176941702365,0.00018625442354255913,0.0,0.0005587632706276774,0.0,0.0,0.0,0.0,0.0,0.0,0.002793816353138387,0.01070962935369715,0.007170795306388526,0.010989010989010988,0.011827155894952505,0.007822685788787484,0.01052337493015459,0.012572173589122741,0.008660830694729,0.012106537530266344,0.008102067424101323,0.011920283106723785,0.01294468243620786,9.312721177127957e-05,0.007170795306388526,0.005215123859191656,0.00651890482398957,0.0043769789532501395,0.001955671447196871,0.0035388340473086234,0.0008381449059415161,0.0,0.0,0.001303780964797914,0.0,0.0,9.312721177127957e-05,0.0,0.0,0.0,0.0,0.00037250884708511827,0.0,0.0,0.0,0.00037250884708511827,0.00037250884708511827,0.0,0.0,0.0,0.0,0.0,0.0,0.0012106537530266344,0.0,0.00037250884708511827,0.0002793816353138387,0.0,0.0,0.0,0.0,0.0,0.0,0.0,9.312721177127957e-05,0.0,0.0,9.312721177127957e-05,0.0,0.0,0.0,0.0,0.0,0.0,9.312721177127957e-05,0.0002793816353138387,0.00037250884708511827,0.00037250884708511827,0.0,0.0,9.312721177127957e-05,0.0,0.0,0.00018625442354255913,0.0,0.0,0.0,0.0,0.00046563605885639785,0.000651890482398957,0.0,0.0,0.0,0.0,0.0,0.00018625442354255913,9.312721177127957e-05,0.00046563605885639785,0.0,0.00018625442354255913,0.0,0.0,0.0002793816353138387,0.0,0.00018625442354255913,0.0,0.0,9.312721177127957e-05,0.0,0.0
13,13.0,67543.0,0.002516915150348667,0.0009327391439527412,0.0012140414254622981,0.0009919606769021217,0.0011696252757502628,0.0010807929763261921,0.0010659875930888471,0.00047377226359504316,0.0006070207127311491,1.0,1.0,1.0,0.0,0.0011252091260382274,0.004115896539981938,0.0003257184312215922,0.0021763913358897294,0.0007254637786299099,0.0003257184312215922,0.0009623499104274314,0.0008587122277660158,0.0,4.441614971203529e-05,2.9610766474690198e-05,4.441614971203529e-05,2.9610766474690198e-05,1.4805383237345099e-05,1.4805383237345099e-05,5.9221532949380395e-05,5.9221532949380395e-05,2.9610766474690198e-05,4.441614971203529e-05,4.441614971203529e-05,4.441614971203529e-05,5.9221532949380395e-05,2.9610766474690198e-05,7.40269161867255e-05,2.9610766474690198e-05,4.441614971203529e-05,0.00812815539730246,0.0006810476289178745,0.0014213167907851294,0.00010363768266141569,0.00020727536532283138,5.9221532949380395e-05,0.0001332484491361059,0.0021615859526523842,0.0001332484491361059,0.00020727536532283138,2.9610766474690198e-05,8.883229942407059e-05,0.0001332484491361059,0.0014657329404971647,5.9221532949380395e-05,2.9610766474690198e-05,0.000148053832373451,0.0012140414254622981,2.9610766474690198e-05,5.9221532949380395e-05,0.00010363768266141569,0.00019246998208548627,7.40269161867255e-05,2.9610766474690198e-05,2.9610766474690198e-05,0.000148053832373451,2.9610766474690198e-05,0.00025169151503486666,0.0004589668803576981,2.9610766474690198e-05,5.9221532949380395e-05,0.0,0.00020727536532283138,4.441614971203529e-05,4.441614971203529e-05,2.9610766474690198e-05,8.883229942407059e-05,2.9610766474690198e-05,1.4805383237345099e-05,2.9610766474690198e-05,0.0015397598566838902,1.4805383237345099e-05,0.00374576195904831,2.9610766474690198e-05,4.441614971203529e-05,0.003775372725523,7.40269161867255e-05,2.9610766474690198e-05,8.883229942407059e-05,2.9610766474690198e-05,1.4805383237345099e-05,2.9610766474690198e-05,5.9221532949380395e-05,1.4805383237345099e-05,1.4805383237345099e-05,2.9610766474690198e-05,0.0,1.4805383237345099e-05,5.9221532949380395e-05,0.000148053832373451,0.0,4.441614971203529e-05,4.441614971203529e-05,4.441614971203529e-05,2.9610766474690198e-05,1.4805383237345099e-05,5.9221532949380395e-05,1.4805383237345099e-05,2.9610766474690198e-05,8.883229942407059e-05,7.40269161867255e-05,0.00010363768266141569,0.0,2.9610766474690198e-05,0.00010363768266141569,1.4805383237345099e-05,8.883229942407059e-05,0.00010363768266141569,0.00010363768266141569,0.0,2.9610766474690198e-05,7.40269161867255e-05
14,14.0,1100.0,0.0,0.0018181818181818182,0.0018181818181818182,0.0009090909090909091,0.0009090909090909091,0.0018181818181818182,0.0018181818181818182,0.0018181818181818182,0.0009090909090909091,0.9981818181818182,1.0,0.7272727272727273,0.9272727272727272,0.9945454545454545,0.9745454545454545,0.850909090909091,0.9709090909090909,0.9445454545454546,0.9654545454545455,0.9563636363636364,0.990909090909091,0.0009090909090909091,0.0009090909090909091,0.0,0.0009090909090909091,0.0,0.0,0.0,0.0009090909090909091,0.0,0.0,0.0009090909090909091,0.0,0.0,0.0,0.0,0.0009090909090909091,0.0,0.0,0.0,0.95,0.0,0.0,0.0,0.0,0.9772727272727273,0.980909090909091,0.9818181818181818,0.0,0.9563636363636364,0.9763636363636363,0.9845454545454545,0.0,0.9763636363636363,0.9681818181818181,0.9790909090909091,0.0,0.0,0.9781818181818182,0.0,0.0,0.0,0.0,0.8236363636363636,0.0,0.6536363636363637,0.0,0.0,0.0,0.0,0.0,0.0,0.0,0.0,0.0,0.0,0.0,0.0,0.0,0.0,0.0,0.0,0.0,0.0,0.0,0.0,0.0,0.0,0.0,0.0,0.0,0.0,0.0,0.0,0.0,0.0,0.0,0.0,0.0,0.0,0.0,0.0,0.0,0.0,0.0,0.0,0.0,0.0,0.0,0.0,0.0,0.0,0.0,0.0,0.0,0.0,0.0,0.0,0.0,0.0,0.0
15,15.0,1064.0,0.0,0.9796279893711249,0.975199291408326,0.9805137289636847,0.9796279893711249,0.9805137289636847,0.9734278122232064,0.9353410097431355,0.9822852081488043,0.0,0.0,0.0,0.0008857395925597874,0.0,0.0,0.0,0.0,0.0,0.0,0.0,0.0,0.0008857395925597874,0.06023029229406555,0.1337466784765279,0.9193976970770594,0.15766164747564215,0.1550044286979628,0.25597874224977857,0.06465899025686449,0.11071744906997343,0.9964570416297609,0.4517271922054916,0.08680248007085917,0.11071744906997343,0.0,0.1479185119574845,0.07617360496014172,0.13197519929140833,0.10008857395925598,0.001771479185119575,0.0044286979627989375,0.0,0.0,0.0,0.002657218777679362,0.0,0.0,0.0,0.0,0.0,0.0,0.0,0.0,0.0,0.0,0.0,0.0,0.0,0.0,0.0,0.0,0.0,0.0,0.0,0.0008857395925597874,0.0,0.0,0.0,0.0,0.0,0.0,0.0,0.0,0.0,0.0,0.0,0.0,0.0,0.0008857395925597874,0.0,0.0,0.0,0.0,0.0,0.0,0.0,0.0,0.0,0.0008857395925597874,0.0,0.0,0.0,0.0,0.0,0.0,0.0,0.0,0.0,0.0,0.0,0.0,0.0,0.0,0.0,0.0,0.0,0.0,0.0,0.0,0.0,0.0,0.0,0.0,0.0,0.0,0.0,0.0,0.0,0.0,0.0,0.0
16,16.0,67800.0,0.0016224188790560472,0.0,0.0,0.0,0.0,0.0,0.0,0.0,0.0,0.0,0.0,0.0,8.849557522123894e-05,0.0009292035398230089,0.007890855457227139,0.0007669616519174042,0.0006932153392330384,0.000663716814159292,0.0005014749262536874,0.0006194690265486726,0.00042772861356932154,0.0,0.0018289085545722715,0.0021828908554572275,0.0017404129793510326,0.0016666666666666668,0.0016519174041297936,0.0016371681415929204,0.0,0.0017109144542772862,0.0016961651917404132,0.0011504424778761063,0.0,0.0017109144542772862,0.00026548672566371683,0.0010619469026548673,0.0009292035398230089,0.0009292035398230089,0.0008554572271386431,0.024498525073746315,0.0,0.005471976401179942,0.00014749262536873156,0.00014749262536873156,0.0,0.0037168141592920354,0.0009439528023598821,0.0008997050147492626,0.0003097345132743363,0.0003097345132743363,0.001991150442477876,0.0004867256637168142,0.002463126843657817,0.0005162241887905605,0.00014749262536873156,0.0002949852507374631,0.0007374631268436578,0.0005899705014749262,0.00022123893805309737,0.0007227138643067847,0.0009882005899705015,0.0006784660766961652,0.0005752212389380532,0.00039823008849557525,0.004292035398230089,0.00028023598820059,0.0041740412979351035,0.003672566371681416,0.0004572271386430679,0.0006932153392330384,0.005678466076696165,0.005988200589970502,0.0,0.005678466076696165,0.005722713864306785,0.005427728613569322,0.005575221238938053,0.005339233038348083,0.001976401179941003,0.00017699115044247788,0.0005014749262536874,0.0003392330383480826,0.00392330383480826,0.003112094395280236,0.00032448377581120947,0.0013421828908554573,0.003554572271386431,0.0008997050147492626,0.007595870206489676,0.0003392330383480826,0.00013274336283185842,0.0005162241887905605,0.0003687315634218289,0.0006194690265486726,0.0002949852507374631,0.00028023598820059,0.0003687315634218289,0.00016224188790560473,0.0002949852507374631,0.0003834808259587021,0.00039823008849557525,0.00047197640117994103,7.374631268436578e-05,0.00016224188790560473,0.0016961651917404132,0.00035398230088495576,0.007433628318584071,0.00022123893805309737,0.0002507374631268437,0.00028023598820059,0.00013274336283185842,0.00013274336283185842,0.00023598820058997051,0.00017699115044247788,0.00026548672566371683,0.00026548672566371683,0.00026548672566371683,0.0002507374631268437,0.0005014749262536874,0.0003687315634218289,0.0003392330383480826
17,17.0,4256.0,0.0,0.9725416568880545,0.9894390988030979,0.9711335367284675,0.9652663693968553,0.9807556911523116,0.9704294766486741,0.9985918798404131,0.9049518892278808,0.0,0.0,0.0002346866932644919,0.0,0.0,0.0002346866932644919,0.0,0.0,0.0,0.0,0.0,0.0,0.0004693733865289838,0.05843698662285848,0.05444731283736212,0.08542595634827506,1.0,0.1131189861534851,0.11804740671203943,0.09363999061253227,0.0,0.0837831494954236,0.0,0.07181412813893452,0.07697723539075335,0.0002346866932644919,0.05562074630368458,0.072518188218728,0.07298756160525699,0.06289603379488383,0.0004693733865289838,0.006805914104670265,0.0,0.0,0.0,0.0007040600797934757,0.0,0.0,0.0,0.0,0.0,0.0,0.0,0.0,0.0,0.0,0.0,0.0,0.0,0.0,0.0,0.0,0.0,0.0,0.0,0.0002346866932644919,0.0,0.0,0.0,0.0,0.0,0.0,0.0,0.0,0.0002346866932644919,0.0,0.0,0.0,0.0,0.0009387467730579676,0.0,0.0,0.0,0.0,0.0,0.0,0.0,0.0,0.0,0.0004693733865289838,0.0,0.0,0.0,0.0,0.0,0.0,0.0,0.0,0.0,0.0,0.0,0.0,0.0,0.0,0.0,0.0,0.0,0.0002346866932644919,0.0,0.0,0.0,0.0,0.0,0.0,0.0,0.0,0.0,0.0,0.0,0.0,0.0,0.0
18,18.0,11189.0,0.0,0.0,1.0,1.0,0.0,0.17883635713647333,0.22119939226025562,0.04736795066583251,0.0,0.0,0.000178746983644651,0.000178746983644651,0.000178746983644651,0.0,0.0002681204754669765,0.0,0.0,0.0,0.0,0.0,8.93734918223255e-05,0.003038698721959067,0.010992939494146037,0.010277951559567433,0.011082312985968363,0.01090356600232371,0.011618553936902315,0.010814192510501386,0.0,0.002859951738314416,0.009026722674054875,0.008401108231298597,0.007060505853963715,0.011171686477790687,0.000357493967289302,0.005988023952095809,0.00714987934578604,0.004736795066583251,0.004647421574760926,0.0022343372955581373,0.004468674591116275,0.0002681204754669765,0.0,8.93734918223255e-05,0.001251228885512557,0.0,0.0,8.93734918223255e-05,8.93734918223255e-05,0.0,8.93734918223255e-05,8.93734918223255e-05,0.0,0.0,0.0,0.0,0.0002681204754669765,0.0002681204754669765,0.0,0.0,0.0,0.0,8.93734918223255e-05,0.0,0.000536240950933953,0.0,0.0,0.0,0.0,0.0,8.93734918223255e-05,8.93734918223255e-05,8.93734918223255e-05,0.0,8.93734918223255e-05,0.0,0.0,0.000178746983644651,0.0,0.0,8.93734918223255e-05,0.0,8.93734918223255e-05,0.0,0.0,8.93734918223255e-05,0.0,0.0,0.0006256144427562785,8.93734918223255e-05,0.0,0.0,0.0,8.93734918223255e-05,0.0,0.0,0.0,8.93734918223255e-05,0.0,0.0,0.0,0.0,0.0,0.0,0.0,8.93734918223255e-05,0.0002681204754669765,0.0,0.0,0.0,0.0,0.0,0.0,0.0,0.0,8.93734918223255e-05,0.0,0.0,0.0,8.93734918223255e-05,0.0
19,19.0,4283.0,0.0,0.0,1.0,0.0,0.0,0.22227410693439179,0.0,1.0,0.0,0.0,0.0,0.0,0.0,0.0,0.0,0.0,0.0,0.0,0.0,0.0,0.0,0.0035022180714452487,0.01097361662386178,0.010740135419098762,0.009339248190520663,0.009339248190520663,0.01097361662386178,0.01097361662386178,0.00887228578099463,0.007704879757179547,0.009339248190520663,0.01027317300957273,0.009105766985757647,0.009105766985757647,0.00046696240952603317,0.007004436142890497,0.003268736866682232,0.006303992528601448,0.0046696240952603316,0.0030352556619192158,0.0025682932523931824,0.0,0.0,0.0,0.0009339248190520663,0.0,0.0,0.0,0.0,0.0,0.0,0.0,0.0,0.0,0.0,0.0,0.0,0.0,0.0,0.0,0.0,0.0,0.0,0.0,0.00023348120476301658,0.0,0.0,0.0,0.0,0.0,0.0,0.0,0.0,0.0,0.0,0.0,0.0,0.0,0.00023348120476301658,0.0,0.0,0.0,0.0,0.0,0.0,0.0,0.0,0.0,0.0,0.0,0.0,0.0,0.0,0.0,0.0,0.0,0.0,0.0,0.0,0.0,0.0,0.0,0.0,0.0,0.0,0.0,0.0,0.0,0.0,0.0,0.0,0.0,0.0,0.0,0.0,0.0,0.0,0.0,0.0,0.0,0.0
20,20.0,5911.0,0.0,1.0,0.214853662662832,1.0,0.21705295212316023,1.0,0.22111317881915074,0.0,0.0,0.0001691761123329386,0.0027068177973270176,0.0032143461343258333,0.0,0.0,0.0010150566739976317,0.0,0.0,0.0,0.0,0.0,0.0,0.002537641684994079,0.021485366266283203,0.017763491794958553,0.020131957367619694,0.018778548468956185,0.02402300795127728,0.02165454237861614,0.01691761123329386,0.021485366266283203,0.024868888512941976,0.011673151750972763,0.023177127389612587,0.02419218406361022,0.0005075283369988158,0.009135510065978684,0.009981390627643378,0.009981390627643378,0.0,0.0010150566739976317,0.0038910505836575876,0.0,0.0,0.0,0.0015225850109964474,0.0,0.0,0.0,0.0,0.0,0.0001691761123329386,0.0,0.0001691761123329386,0.0,0.0,0.0,0.0,0.0,0.0,0.0,0.0,0.0,0.0,0.0,0.0010150566739976317,0.0,0.0,0.0,0.0,0.0,0.0,0.0,0.0,0.0,0.0,0.0,0.0,0.0,0.0,0.0,0.0,0.0,0.0,0.0,0.0,0.0,0.0,0.0,0.0,0.0001691761123329386,0.0,0.0,0.0,0.0,0.0,0.0,0.0,0.0,0.0,0.0,0.0,0.0,0.0001691761123329386,0.0,0.0,0.0,0.0001691761123329386,0.0,0.0,0.0,0.0001691761123329386,0.0,0.0,0.0,0.0,0.0,0.0,0.0,0.0,0.0,0.0
21,21.0,4018.0,0.0,1.0,0.0,0.846938775510204,0.8608760577401692,1.0,1.0,0.6065206570433052,0.0,0.00024888003982080636,0.00024888003982080636,0.0004977600796416127,0.0004977600796416127,0.0,0.0,0.0,0.0,0.0,0.0,0.0,0.0,0.0014932802389248383,0.03832752613240418,0.03832752613240418,0.03758088601294176,0.038576406172224985,0.0353409656545545,0.03758088601294176,0.03608760577401692,0.03733200597312095,0.016177202588352414,0.0,0.03708312593330015,0.039820806371329016,0.0004977600796416127,0.007964161274265804,0.004728720756595321,0.020657043305126927,0.015430562468889995,0.0007466401194624191,0.004479840716774514,0.00024888003982080636,0.0,0.0,0.0014932802389248383,0.0,0.0,0.0,0.0,0.0,0.0,0.0,0.0,0.0,0.0,0.0,0.0,0.0,0.0,0.0,0.0,0.0,0.0,0.0,0.0004977600796416127,0.0,0.00024888003982080636,0.0,0.0,0.0,0.0,0.0,0.0,0.0,0.0,0.0,0.0,0.00024888003982080636,0.0,0.0,0.0,0.0,0.0,0.0,0.0,0.00024888003982080636,0.0,0.0004977600796416127,0.00024888003982080636,0.0,0.0,0.0,0.0,0.0,0.0004977600796416127,0.0,0.0,0.0,0.0,0.0,0.0,0.0,0.0,0.0,0.0,0.0,0.00024888003982080636,0.0,0.00024888003982080636,0.0,0.0004977600796416127,0.0,0.0,0.0,0.0,0.0,0.0,0.0,0.0,0.0,0.0
22,22.0,3244.0,0.0,0.8168362627197039,0.807277212457601,0.9999999999999999,0.0,0.7964847363552265,0.9999999999999999,0.0,0.9999999999999999,0.0,0.0,0.0,0.0,0.0,0.0003083564600678384,0.0,0.0,0.0,0.0,0.0,0.0,0.0033919210607462223,0.035769349367869255,0.03484427998766574,0.04008633980881899,0.04563675609004008,0.04008633980881899,0.012950971322849213,0.039469626888683315,0.011100832562442183,0.046561825470243595,0.0345359235275979,0.03700277520814061,0.036077705827937095,0.0006167129201356768,0.01942645698427382,0.024668516805427074,0.018501387604070305,0.018501387604070305,0.0018501387604070304,0.004625346901017576,0.0003083564600678384,0.0,0.0,0.001541782300339192,0.0,0.0,0.0,0.0,0.0,0.0,0.0,0.0,0.0,0.0,0.0,0.0003083564600678384,0.0003083564600678384,0.0,0.0,0.0003083564600678384,0.0,0.0,0.0,0.0006167129201356768,0.0,0.0,0.0,0.0,0.0,0.0,0.0,0.0,0.0,0.0,0.0,0.0,0.0,0.0003083564600678384,0.0,0.0,0.0,0.0,0.0,0.0,0.0,0.0,0.0,0.0,0.0,0.0,0.0,0.0,0.0,0.0,0.0,0.0,0.0,0.0,0.0,0.0,0.0,0.0,0.0,0.0,0.0,0.0,0.0,0.0,0.0,0.0,0.0,0.0,0.0,0.0,0.0,0.0,0.0,0.0,0.0,0.0
23,23.0,1181.0,0.0,0.0016877637130801688,0.0008438818565400844,0.0,0.0,0.0,0.0,0.0,0.0008438818565400844,0.8025316455696203,0.7097046413502109,0.7772151898734178,0.9392405063291139,0.22278481012658227,0.15611814345991562,0.48945147679324896,0.32236286919831225,1.0,0.09873417721518987,0.2616033755274262,0.19662447257383966,0.0008438818565400844,0.0008438818565400844,0.0008438818565400844,0.0,0.0,0.0,0.0008438818565400844,0.0008438818565400844,0.0,0.0,0.0008438818565400844,0.0,0.0,0.0,0.0,0.0008438818565400844,0.0008438818565400844,0.0,0.0042194092827004225,0.002531645569620253,0.0,0.0008438818565400844,0.0,0.0008438818565400844,0.0,0.0016877637130801688,0.002531645569620253,0.0008438818565400844,0.0042194092827004225,0.0,0.0016877637130801688,0.0016877637130801688,0.0008438818565400844,0.0042194092827004225,0.0016877637130801688,0.0008438818565400844,0.0,0.0008438818565400844,0.0016877637130801688,0.0,0.0,0.0,0.0008438818565400844,0.0,0.0033755274261603376,0.0,0.0008438818565400844,0.0,0.0,0.0,0.0,0.0008438818565400844,0.0,0.0016877637130801688,0.0,0.0,0.0,0.0,0.0008438818565400844,0.0,0.0,0.0016877637130801688,0.0008438818565400844,0.0,0.0016877637130801688,0.0,0.0008438818565400844,0.0,0.0,0.0008438818565400844,0.0,0.0,0.0,0.0008438818565400844,0.0,0.0008438818565400844,0.0008438818565400844,0.0016877637130801688,0.0008438818565400844,0.0,0.0,0.0,0.0008438818565400844,0.0,0.0,0.0008438818565400844,0.0,0.0,0.0008438818565400844,0.0,0.0,0.0008438818565400844,0.0,0.0008438818565400844,0.0008438818565400844,0.0016877637130801688,0.0,0.0,0.0,0.0
24,24.0,3420.0,0.0,0.0,0.0,1.0,0.3801169590643275,1.0,1.0,0.0,0.0,0.0,0.0,0.0,0.0,0.0,0.0,0.0,0.0,0.0,0.0,0.0,0.0,0.0020467836257309943,0.020760233918128656,0.02017543859649123,0.023976608187134502,0.018128654970760234,0.023099415204678363,0.016959064327485382,0.01432748538011696,0.01929824561403509,0.019005847953216373,0.008771929824561403,0.01608187134502924,0.0152046783625731,0.00029239766081871346,0.009649122807017544,0.009649122807017544,0.009649122807017544,0.008479532163742691,0.0017543859649122807,0.002631578947368421,0.00029239766081871346,0.0,0.0,0.0023391812865497076,0.0,0.0,0.0,0.0,0.0,0.0,0.0,0.0,0.0,0.0,0.0,0.00029239766081871346,0.00029239766081871346,0.0,0.0,0.0,0.0,0.0,0.0,0.0011695906432748538,0.0,0.0,0.0,0.0,0.0,0.0,0.0,0.0,0.0,0.0,0.0,0.0,0.0,0.0,0.0,0.0,0.0,0.0,0.0,0.0,0.0,0.0,0.0,0.00029239766081871346,0.0,0.0,0.0,0.0,0.0,0.0,0.0,0.0,0.0,0.0,0.0,0.0,0.0,0.0,0.0,0.0,0.0,0.0,0.0,0.0,0.0,0.0,0.0,0.0,0.0,0.0,0.0,0.0,0.0,0.0,0.0,0.0
25,25.0,836.0,0.0,0.9975932611311673,0.9987966305655837,0.9987966305655837,0.9951865222623346,0.9939831528279182,0.9975932611311673,0.9951865222623346,0.9939831528279182,0.0,0.0,0.0,0.0,0.0,0.0012033694344163659,0.0,0.0,0.0,0.0,0.0,0.0,0.0,0.5499398315282792,0.2719614921780987,0.6787003610108303,0.851985559566787,0.8664259927797834,0.7966305655836342,0.8219013237063779,0.5752105896510229,0.4380264741275572,0.07701564380264742,0.7208182912154032,0.8664259927797834,0.0,0.28399518652226236,0.13357400722021662,0.19494584837545126,0.2647412755716005,0.0036101083032490976,0.006016847172081829,0.0,0.0,0.0,0.0,0.0,0.0,0.0,0.0,0.0,0.0,0.0,0.0,0.0,0.0,0.0,0.0,0.0,0.0,0.0,0.0,0.0,0.0,0.0,0.0024067388688327317,0.0,0.0,0.0,0.0,0.0,0.0,0.0,0.0,0.0,0.0,0.0,0.0,0.0,0.0,0.0,0.0,0.0,0.0,0.0,0.0,0.0,0.0,0.0,0.0012033694344163659,0.0,0.0,0.0,0.0,0.0,0.0,0.0,0.0,0.0,0.0,0.0,0.0,0.0,0.0,0.0,0.0,0.0,0.0012033694344163659,0.0,0.0,0.0,0.0,0.0,0.0,0.0,0.0,0.0,0.0,0.0,0.0,0.0,0.0
26,26.0,895.0,0.0,0.9832402234636871,0.9832402234636871,0.9776536312849161,0.0670391061452514,0.9843575418994412,0.0,0.022346368715083796,0.9675977653631284,0.0,0.0,0.0,0.0,0.0,0.0,0.0,0.0,0.0,0.0,0.0,0.0,0.0033519553072625698,0.0335195530726257,0.041340782122905026,0.027932960893854747,0.04469273743016759,0.04469273743016759,0.04581005586592178,0.22458100558659216,0.036871508379888264,0.021229050279329607,0.041340782122905026,0.030167597765363124,0.02346368715083799,0.0,0.011173184357541898,0.025698324022346366,0.02011173184357542,0.02346368715083799,0.0,0.007821229050279328,0.0022346368715083797,0.0,0.0,0.0033519553072625698,0.0,0.0,0.0,0.0,0.0,0.0011173184357541898,0.0,0.0,0.0,0.0,0.0,0.0022346368715083797,0.0022346368715083797,0.0,0.0,0.0,0.0,0.0,0.0,0.0,0.0,0.0,0.0,0.0,0.0,0.0,0.0,0.0,0.0,0.0,0.0,0.0,0.005586592178770949,0.0,0.0,0.0,0.0,0.0,0.0,0.0,0.0,0.0,0.0,0.0,0.0,0.0,0.0,0.0,0.0,0.0,0.0,0.0,0.0,0.0,0.0,0.0,0.0,0.0,0.0,0.0,0.0,0.0,0.0,0.0,0.0,0.0,0.0,0.0,0.0,0.0,0.0,0.0,0.0,0.0,0.0,0.0
27,27.0,737.0,0.0,0.9945872801082545,0.9932341001353181,0.9945872801082545,0.9918809201623817,0.9891745602165088,0.9932341001353181,0.9769959404600813,0.9837618403247632,0.0,0.0,0.0,0.0,0.0,0.0013531799729364006,0.0,0.0,0.0,0.0,0.0,0.0,0.0,0.8660351826792965,0.12449255751014886,0.1948579161028417,0.8876860622462788,0.4682002706359946,0.49391069012178623,0.14479025710419488,0.31664411366711775,0.9093369418132612,0.14073071718538566,0.050067658998646826,0.5277401894451963,0.0,0.23951285520974291,0.15967523680649529,0.29499323410013534,0.16644113667117727,0.0,0.006765899864682004,0.0,0.0,0.0,0.0027063599458728013,0.0,0.0,0.0,0.0,0.0,0.0,0.0,0.0,0.0,0.0,0.0,0.0,0.0,0.0,0.0,0.0,0.0,0.0,0.0,0.0,0.0,0.0,0.0,0.0,0.0,0.0,0.0,0.0,0.0,0.0,0.0,0.0,0.0,0.0,0.0,0.0,0.0,0.0,0.0,0.0,0.0,0.0,0.0,0.0,0.0,0.0,0.0,0.0,0.0,0.0,0.0,0.0,0.0,0.0,0.0,0.0,0.0,0.0,0.0,0.0,0.0,0.0,0.0,0.0,0.0,0.0,0.0,0.0,0.0,0.0,0.0,0.0,0.0,0.0,0.0,0.0
28,28.0,9511.0,0.0,0.003469666701713805,0.00021028283040689727,0.00042056566081379455,0.0003154242456103459,0.00010514141520344864,0.00021028283040689727,0.00010514141520344864,0.0003154242456103459,0.9988434444327621,0.9972663232047103,0.0,0.9968457575438965,0.947954999474293,1.0,0.9870676059299758,0.9582588581642308,0.948690989380717,0.9577331510882137,0.9533172116496688,1.0,0.005467353590579329,0.0,0.0,0.0,0.0,0.0,0.0,0.0,0.0,0.0,0.0,0.0,0.00010514141520344864,0.0,0.0,0.0,0.0,0.0,0.003995373777731048,0.0009462727368310378,0.0003154242456103459,0.0003154242456103459,0.0003154242456103459,0.0,0.00042056566081379455,0.0006308484912206918,0.0003154242456103459,0.0,0.0005257070760172432,0.00042056566081379455,0.0005257070760172432,0.00010514141520344864,0.00021028283040689727,0.0,0.0003154242456103459,0.0,0.0,0.0006308484912206918,0.0,0.0008411313216275891,0.0,0.0,0.0010514141520344864,0.0,0.0006308484912206918,0.00021028283040689727,0.0,0.0,0.0,0.0,0.0,0.0,0.0,0.0,0.0,0.0,0.0,0.0,0.0,0.0,0.0,0.0,0.0,0.0,0.0,0.0,0.0,0.0,0.0,0.0,0.0,0.0,0.0,0.0,0.0,0.0,0.0,0.0,0.0,0.0,0.0,0.0,0.0,0.0,0.0,0.0,0.0,0.0,0.0,0.0,0.0,0.0,0.0,0.0,0.0,0.0,0.0,0.0,0.0,0.0
29,29.0,8694.0,0.0,1.0,0.0,0.0,0.0,0.23153899240855763,1.0,0.0,0.0,0.0,0.00023004370830457787,0.00023004370830457787,0.0,0.0,0.00023004370830457787,0.0,0.0,0.0,0.0,0.0,0.0,0.0026455026455026454,0.009201748332183115,0.01069703243616287,0.010121923165401427,0.011042097998619738,0.010236945019553715,0.01069703243616287,0.00966183574879227,0.008396595353117093,0.010006901311249138,0.007016333103289625,0.008856682769726247,0.01196227283183805,0.0,0.004715896020243846,0.005406027145157579,0.004945939728548424,0.003335633770416379,0.001955371520588912,0.003680699332873246,0.00011502185415228893,0.0,0.0,0.0010351966873706005,0.0,0.0,0.0,0.0,0.0,0.0,0.0,0.00023004370830457787,0.0,0.0,0.0,0.00023004370830457787,0.00011502185415228893,0.0,0.0,0.0,0.0,0.0,0.00011502185415228893,0.00046008741660915573,0.0,0.0,0.0,0.0,0.0,0.0,0.00011502185415228893,0.0,0.0,0.0,0.0,0.0,0.00011502185415228893,0.00023004370830457787,0.0,0.0,0.0,0.0,0.0,0.0,0.00011502185415228893,0.0,0.0,0.0,0.0,0.0,0.0,0.0,0.0,0.0,0.0,0.0,0.0,0.0,0.0,0.0,0.0,0.0,0.0,0.0,0.0,0.00023004370830457787,0.0,0.0,0.0,0.00011502185415228893,0.0,0.0,0.0,0.0,0.0,0.0,0.0,0.0,0.00011502185415228893,0.0
30,30.0,955.0,0.0,0.007329842931937174,0.004188481675392671,0.006282722513089006,0.006282722513089006,0.004188481675392671,0.011518324607329844,0.004188481675392671,0.007329842931937174,0.9937172774869111,0.7968586387434555,0.9790575916230367,0.0010471204188481676,0.03036649214659686,0.02303664921465969,0.0010471204188481676,0.006282722513089006,0.004188481675392671,0.005235602094240838,0.006282722513089006,0.0010471204188481676,1.0,0.0,0.0,0.0,0.0010471204188481676,0.0,0.0,0.0,0.0020942408376963353,0.0,0.0,0.0,0.0,0.0387434554973822,0.0,0.0,0.0,0.0,0.09633507853403142,0.006282722513089006,0.032460732984293195,0.042931937172774874,0.043979057591623044,0.0,0.0,0.0,0.0,0.0,0.0,0.0,0.0,0.0,0.0,0.0,0.0,0.0,0.0,0.0,0.0,0.0010471204188481676,0.0,0.0,0.0,0.0,0.0,0.004188481675392671,0.004188481675392671,0.0,0.0,0.0,0.0,0.0,0.0,0.0,0.0,0.0,0.0,0.0,0.0,0.0,0.0,0.0,0.0,0.0,0.0,0.0,0.0,0.0,0.0,0.0,0.0,0.0,0.0,0.0,0.0,0.0,0.0,0.0,0.0,0.0,0.0,0.0,0.0,0.0,0.0,0.0,0.0,0.0,0.0,0.0,0.0,0.0,0.0,0.0,0.0,0.0,0.0,0.0,0.0,0.0
31,31.0,730.0,0.0,0.9943502824858756,0.9915254237288136,0.9901129943502824,0.9943502824858756,0.9929378531073446,0.9872881355932204,0.9675141242937854,0.9830508474576272,0.0,0.0,0.0,0.0,0.0,0.0,0.0,0.0,0.0,0.0,0.0,0.0,0.0,0.23587570621468926,0.8333333333333334,0.08050847457627118,0.19350282485875706,0.1497175141242938,0.15254237288135594,0.12005649717514125,0.2274011299435028,0.8559322033898306,0.9138418079096046,0.1285310734463277,0.268361581920904,0.0,0.1016949152542373,0.5677966101694916,0.17796610169491525,0.12429378531073446,0.0,0.0014124293785310734,0.0,0.0,0.0,0.0014124293785310734,0.0,0.0,0.0,0.0,0.0,0.0,0.0,0.0,0.0,0.0,0.0,0.0,0.0,0.0,0.0,0.0,0.0,0.0,0.0,0.0,0.0,0.0,0.0,0.0,0.0,0.0,0.0,0.0,0.0,0.0,0.0,0.0,0.0,0.0,0.0,0.0,0.0,0.0,0.0,0.0,0.0,0.0,0.0,0.0,0.0,0.0,0.0,0.0,0.0,0.0,0.0,0.0,0.0,0.0,0.0,0.0,0.0,0.0,0.0,0.0,0.0,0.0014124293785310734,0.0,0.0,0.0,0.0,0.0,0.0,0.0,0.0,0.0,0.0,0.0,0.0,0.0,0.0
32,32.0,406.0,0.0,0.3448275862068966,1.0,0.0,0.0812807881773399,0.0,0.2536945812807882,0.0665024630541872,0.0,0.0024630541871921183,0.0,0.0,0.0,0.0,0.0024630541871921183,0.0,0.0,0.0,0.0,0.0,0.0,0.0,0.017241379310344827,1.0,0.012315270935960592,0.017241379310344827,0.012315270935960592,0.017241379310344827,0.017241379310344827,0.009852216748768473,0.009852216748768473,0.007389162561576354,0.009852216748768473,0.007389162561576354,0.0,0.0049261083743842365,0.0024630541871921183,0.007389162561576354,0.009852216748768473,0.0,0.0,0.0,0.0,0.0,0.0,0.0,0.0,0.0,0.0,0.0,0.0,0.0,0.0,0.0,0.0,0.0,0.0,0.0,0.0,0.0,0.0,0.0,0.0,0.0,0.0,0.0,0.0,0.0,0.0,0.0,0.0,0.0,0.0,0.0,0.0,0.0,0.0,0.0,0.0,0.0,0.0,0.0,0.0,0.0,0.0,0.0,0.0,0.0,0.0024630541871921183,0.0,0.0,0.0,0.0,0.0,0.0,0.0,0.0,0.0,0.0,0.0,0.0,0.0,0.0,0.0,0.0,0.0,0.0024630541871921183,0.0,0.0,0.0,0.0,0.0,0.0,0.0,0.0,0.0,0.0,0.0,0.0,0.0,0.0
33,33.0,4429.0,0.0,0.0,0.0,0.22488146308421764,0.0,0.0,1.0,1.0,0.0,0.0,0.0,0.0,0.0,0.0,0.0,0.0,0.0,0.0,0.0,0.0,0.0,0.001128923007450892,0.010611876270038383,0.010837660871528562,0.008805599458116957,0.010160307067058026,0.01106344547301874,0.011289230074508919,0.011515014675999096,0.0067735380447053505,0.007676676450666065,0.009031384059607135,0.009031384059607135,0.01106344547301874,0.0,0.004515692029803568,0.0040641228268232105,0.007450891849175886,0.0067735380447053505,0.002257846014901784,0.0020320614134116052,0.00022578460149017836,0.0,0.0,0.0013547076089410702,0.0,0.0,0.0,0.0,0.0,0.0,0.0,0.0,0.0,0.0,0.0,0.0,0.0,0.0,0.0,0.0,0.0,0.0,0.0,0.0006773538044705351,0.0,0.0,0.0,0.0,0.0,0.00022578460149017836,0.0,0.0,0.0,0.0,0.0,0.0,0.0,0.00022578460149017836,0.0,0.0,0.0,0.0,0.0,0.0,0.00022578460149017836,0.0,0.0,0.0004515692029803567,0.0,0.0,0.0,0.0,0.0,0.0,0.0,0.0,0.0,0.0,0.0,0.0,0.0,0.0,0.0,0.0,0.0,0.0,0.0,0.0,0.0,0.0,0.0,0.0,0.0,0.0,0.0,0.0,0.0,0.0,0.0,0.0
34,34.0,6525.0,0.0,0.01793103448275862,0.021609195402298848,0.023601532567049808,0.0003065134099616858,0.021609195402298848,0.020996168582375477,0.012413793103448275,0.011340996168582375,0.011340996168582375,0.001532567049808429,0.0038314176245210726,0.001685823754789272,0.0007662835249042145,0.01639846743295019,0.0003065134099616858,0.0009195402298850574,0.0001532567049808429,0.0009195402298850574,0.0007662835249042145,0.0006130268199233716,0.04061302681992337,0.0007662835249042145,0.0012260536398467432,0.001379310344827586,0.0007662835249042145,0.001379310344827586,0.0007662835249042145,0.0018390804597701149,0.001379310344827586,0.0004597701149425287,0.0010727969348659004,0.0010727969348659004,0.0012260536398467432,0.0006130268199233716,0.0010727969348659004,0.0009195402298850574,0.0006130268199233716,0.002145593869731801,0.050268199233716476,1.0,0.0038314176245210726,0.0,0.0003065134099616858,0.02957854406130268,0.011187739463601533,0.0007662835249042145,0.004137931034482759,0.0004597701149425287,0.002145593869731801,0.0009195402298850574,0.0009195402298850574,0.0038314176245210726,0.0009195402298850574,0.0007662835249042145,0.0012260536398467432,0.0004597701149425287,0.0006130268199233716,0.0006130268199233716,0.0003065134099616858,0.0001532567049808429,0.0003065134099616858,0.0004597701149425287,0.0004597701149425287,0.007509578544061302,0.0018390804597701149,0.00475095785440613,0.001685823754789272,0.0,0.0007662835249042145,0.0007662835249042145,0.0009195402298850574,0.0003065134099616858,0.0,0.0003065134099616858,0.0001532567049808429,0.0001532567049808429,0.004137931034482759,0.0018390804597701149,0.0006130268199233716,0.0001532567049808429,0.0,0.0003065134099616858,0.015478927203065134,0.0004597701149425287,0.0007662835249042145,0.002145593869731801,0.002145593869731801,0.012567049808429119,0.0001532567049808429,0.0,0.003524904214559387,0.0003065134099616858,0.0007662835249042145,0.0001532567049808429,0.0003065134099616858,0.0003065134099616858,0.0004597701149425287,0.0006130268199233716,0.0001532567049808429,0.0001532567049808429,0.0001532567049808429,0.0003065134099616858,0.0003065134099616858,0.0009195402298850574,0.0006130268199233716,0.001379310344827586,0.0004597701149425287,0.0001532567049808429,0.0004597701149425287,0.0,0.0001532567049808429,0.0009195402298850574,0.0004597701149425287,0.0004597701149425287,0.0001532567049808429,0.0006130268199233716,0.0003065134099616858,0.0006130268199233716,0.0006130268199233716,0.0001532567049808429
35,35.0,18075.0,0.0,0.0016044260027662516,0.0007192254495159059,0.0008852005532503458,0.0008852005532503458,0.0008852005532503458,0.0008852005532503458,0.000995850622406639,0.0006085753803596127,0.9988934993084371,0.9966804979253112,1.0,0.9923651452282157,0.9532503457814661,1.0,0.9221023513139696,0.9549100968188104,0.9498755186721991,0.9631535269709544,0.9586721991701245,1.0,0.001715076071922545,0.0,5.532503457814661e-05,0.0,0.00011065006915629322,0.0,0.00011065006915629322,5.532503457814661e-05,0.00011065006915629322,0.00011065006915629322,5.532503457814661e-05,0.0,0.00016597510373443983,0.0,0.0,0.0,0.0,5.532503457814661e-05,0.0011618257261410787,0.0011065006915629322,0.0,0.0,0.0,0.0,0.0023789764868603043,0.0025449515905947443,0.0024896265560165973,0.0,0.0026002766251728908,0.002268326417704011,0.0023789764868603043,0.0,0.0023789764868603043,0.001549100968188105,0.002987551867219917,0.0,0.0,0.002821576763485477,0.0,0.00027662517289073305,0.0,0.0,0.0004426002766251729,0.0,0.00022130013831258644,0.0,5.532503457814661e-05,0.0,0.0,0.0,0.0,0.0,0.0,0.0,0.0,0.0,0.0,0.0,0.0,0.0,0.0,0.0,0.0,0.0,0.0,0.0,0.0,0.0,0.0,0.0,0.0,0.0,0.0,0.0,0.0,0.0,0.0,0.0,0.0,0.0,0.0,0.0,0.0,0.0,0.0,0.0,0.0,0.0,0.0,0.0,0.0,0.0,0.0,0.0,0.0,0.0,0.0,0.0,0.0,0.0
36,36.0,1009.0,0.0,0.9851778656126482,0.983201581027668,0.9822134387351777,0.9822134387351777,0.9792490118577074,0.9782608695652173,0.9762845849802371,0.9377470355731224,0.0,0.0,0.0,0.0,0.0,0.0,0.0,0.0,0.0,0.0,0.0,0.0,0.0009881422924901185,0.05928853754940711,0.1551383399209486,0.06916996047430829,0.133399209486166,0.16897233201581027,0.17885375494071146,0.08201581027667984,0.3517786561264822,0.2707509881422925,0.06620553359683794,0.9999999999999999,0.9999999999999999,0.0,0.11561264822134387,0.0859683794466403,0.133399209486166,0.08498023715415019,0.0029644268774703555,0.007905138339920948,0.0,0.0,0.0,0.0009881422924901185,0.0,0.0,0.0,0.0,0.0,0.0,0.0,0.0,0.0,0.0,0.0,0.0,0.0,0.0,0.0,0.0,0.0,0.0,0.0009881422924901185,0.0,0.0009881422924901185,0.0,0.0,0.0,0.0,0.0,0.0,0.0,0.0,0.0,0.0,0.0,0.0,0.0,0.0,0.0,0.0,0.0,0.0,0.0,0.0,0.0,0.0,0.0009881422924901185,0.0,0.0,0.0,0.0,0.0,0.0,0.0,0.0,0.0,0.0,0.0,0.0,0.0,0.0,0.0,0.0,0.0,0.0009881422924901185,0.0,0.0,0.0,0.0,0.0,0.0,0.0,0.0,0.0,0.0,0.0,0.0,0.0009881422924901185,0.0
37,37.0,568.0,0.0,0.0,0.0,0.0,0.0,0.0,0.0,0.0,0.0,1.0,1.0,0.9982394366197184,1.0,0.9929577464788732,1.0,0.9982394366197184,0.8732394366197184,1.0,1.0,0.0,0.875,0.0,0.0,0.0,0.0,0.0,0.0,0.0,0.0,0.0,0.0,0.0,0.0,0.0,0.0,0.0,0.0,0.0,0.0,0.9964788732394366,0.869718309859155,1.0,0.8767605633802817,0.0,0.875,1.0,0.9982394366197184,1.0,0.0,1.0,1.0,0.8556338028169014,1.0,1.0,0.9788732394366197,0.875,0.8573943661971831,0.9982394366197184,0.0,1.0,0.8556338028169014,0.8573943661971831,1.0,0.0035211267605633804,1.0,0.017605633802816902,0.9982394366197184,0.9982394366197184,0.0,1.0,0.8767605633802817,0.9964788732394366,0.8573943661971831,1.0,1.0,1.0,0.9982394366197184,0.8767605633802817,0.9964788732394366,1.0,0.0,1.0,1.0,1.0,0.9964788732394366,1.0,0.8556338028169014,1.0,0.0,1.0,0.9982394366197184,1.0,1.0,0.9929577464788732,1.0,0.8767605633802817,1.0,1.0,1.0,1.0,1.0,0.8732394366197184,0.9929577464788732,1.0,0.8556338028169014,0.8573943661971831,0.0,1.0,1.0,1.0,1.0,0.8556338028169014,0.9929577464788732,1.0,1.0,1.0,0.9964788732394366,1.0,1.0,0.9982394366197184,0.875
38,38.0,4361.0,0.0,1.0,1.0,0.0,1.0,0.6927310249942673,1.0,0.0,0.2852556753038294,0.00022930520522815867,0.00022930520522815867,0.0,0.00045861041045631735,0.0,0.00045861041045631735,0.0,0.0,0.0,0.0,0.00022930520522815867,0.0,0.0020637468470534283,0.03301994955285485,0.0371474432469617,0.03508369639990828,0.03210272873194221,0.03210272873194221,0.02063746847053428,0.03645952763127723,0.01903233203393717,0.04058702132538409,0.038752579683558816,0.022930520522815866,0.03233203393717037,0.00022930520522815867,0.017885806007796375,0.019490942444393488,0.010548039440495299,0.016968585186883742,0.002293052052281587,0.00343957807842238,0.0,0.0,0.0,0.0018344416418252694,0.0,0.0,0.0,0.0,0.0,0.00022930520522815867,0.0,0.0,0.0,0.0,0.0,0.0,0.0,0.0,0.0,0.00022930520522815867,0.0,0.0,0.0,0.000687915615684476,0.0,0.0,0.0,0.0,0.0,0.0,0.0,0.0,0.0,0.0,0.0,0.0,0.0,0.00045861041045631735,0.00022930520522815867,0.0,0.0,0.0,0.0,0.0,0.0,0.0,0.00022930520522815867,0.00045861041045631735,0.0,0.0,0.0,0.0,0.0,0.0,0.0,0.0,0.0,0.0,0.00022930520522815867,0.0,0.0,0.0,0.0,0.0,0.0,0.0,0.0,0.0,0.0,0.0,0.0,0.0,0.0,0.0,0.0,0.0,0.0,0.0,0.0,0.0
39,39.0,7856.0,0.0,0.8542515274949083,0.8562881873727087,0.9999999999999999,0.9999999999999999,0.9999999999999999,0.860743380855397,0.0,0.9999999999999999,0.0010183299389002036,0.0010183299389002036,0.0012729124236252544,0.00012729124236252545,0.0,0.0006364562118126272,0.0,0.0,0.0,0.0,0.0,0.0,0.0012729124236252544,0.05180753564154786,0.0495162932790224,0.04684317718940936,0.05880855397148676,0.00038187372708757637,0.0,0.0430244399185336,0.0,0.015784114052953154,0.008910386965376781,0.0,0.04747963340122199,0.00012729124236252545,0.008528513238289204,0.031695519348268836,0.0,0.00865580448065173,0.0012729124236252544,0.0035641547861507126,0.0,0.0,0.0,0.0010183299389002036,0.00012729124236252545,0.0,0.0,0.0,0.0,0.0,0.0,0.0002545824847250509,0.0,0.0,0.0,0.0,0.0,0.0,0.0,0.00012729124236252545,0.00012729124236252545,0.0,0.0,0.00038187372708757637,0.0,0.0,0.00012729124236252545,0.0,0.0,0.0,0.00012729124236252545,0.0,0.0,0.0,0.0,0.0,0.0,0.0002545824847250509,0.0,0.0,0.0,0.0,0.00012729124236252545,0.0,0.0002545824847250509,0.0002545824847250509,0.0006364562118126272,0.0005091649694501018,0.0,0.0,0.0,0.0,0.0,0.0006364562118126272,0.0,0.0,0.00012729124236252545,0.0,0.00012729124236252545,0.0002545824847250509,0.0,0.0,0.0,0.0,0.0,0.00038187372708757637,0.0,0.00012729124236252545,0.0,0.0002545824847250509,0.0,0.00012729124236252545,0.0,0.0,0.00012729124236252545,0.0,0.00038187372708757637,0.0,0.0,0.0
40,40.0,1237.0,0.0,0.00482315112540193,0.002411575562700965,0.003215434083601286,0.0008038585209003215,0.001607717041800643,0.001607717041800643,0.002411575562700965,0.001607717041800643,0.9790996784565916,0.9734726688102894,0.46945337620578775,0.0,0.8762057877813505,0.8480707395498392,0.0,0.8593247588424437,0.8971061093247589,0.8536977491961415,0.8512861736334405,0.8737942122186495,0.0008038585209003215,0.0,0.0,0.0,0.0,0.0,0.0,0.0,0.0,0.0,0.0,0.0,0.0008038585209003215,0.0,0.0,0.0,0.0,0.0,0.001607717041800643,0.003215434083601286,0.0,0.0,0.0,0.0,0.00482315112540193,0.008038585209003215,0.0040192926045016075,0.0008038585209003215,0.0040192926045016075,0.0040192926045016075,0.005627009646302251,0.0,0.005627009646302251,0.001607717041800643,0.00482315112540193,0.0008038585209003215,0.0,0.006430868167202572,0.0,0.0,0.0,0.0,0.001607717041800643,0.0,0.001607717041800643,0.0,0.0,0.0,0.0,0.0,0.0,0.0,0.0,0.0,0.0,0.0,0.0,0.0,0.0008038585209003215,0.0,0.0,0.0,0.0,0.0,0.0,0.0,0.0,0.0,0.0,0.0,0.0,0.0,0.0,0.0,0.0,0.0,0.0,0.0,0.0,0.0,0.0,0.0,0.0,0.0,0.0,0.0,0.0,0.0,0.0,0.0,0.0,0.0,0.0,0.0,0.0,0.0,0.0,0.0,0.0,0.0
41,41.0,1248.0,0.0,0.9337060702875399,0.9440894568690096,0.950479233226837,0.9936102236421724,0.8674121405750799,0.9345047923322684,0.0,0.7332268370607028,0.0007987220447284345,0.0,0.001597444089456869,0.0,0.0,0.0007987220447284345,0.0,0.0,0.0,0.0,0.0,0.0,0.001597444089456869,0.05670926517571885,0.08945686900958466,0.0670926517571885,0.05191693290734824,0.08546325878594249,0.0023961661341853034,0.054313099041533544,0.04952076677316294,0.05591054313099041,0.06309904153354633,1.0,0.0718849840255591,0.0,0.034345047923322686,0.039137380191693286,0.05830670926517571,0.04153354632587859,0.0007987220447284345,0.004792332268370607,0.0007987220447284345,0.0,0.0,0.0007987220447284345,0.0,0.0,0.0,0.0,0.0,0.0,0.0,0.0,0.0,0.0,0.0,0.0007987220447284345,0.0007987220447284345,0.0,0.0,0.0,0.0,0.0,0.0,0.0,0.0,0.0,0.0,0.0,0.0,0.0,0.0,0.0,0.0,0.0,0.0,0.0,0.0,0.0007987220447284345,0.0,0.0,0.0,0.0,0.0,0.0,0.0007987220447284345,0.0,0.0,0.0007987220447284345,0.0,0.0,0.0,0.0,0.0,0.0,0.0,0.0,0.0,0.0,0.0,0.0,0.0,0.0,0.0,0.0,0.0,0.0007987220447284345,0.0,0.0,0.0,0.0,0.0,0.0,0.0,0.0,0.0,0.0,0.0,0.0,0.0,0.0
42,42.0,6392.0,0.0,0.32916145181476847,0.0,0.0,0.2529724655819775,1.0,0.08229036295369212,1.0,0.0,0.0,0.00031289111389236547,0.00031289111389236547,0.0,0.0,0.00031289111389236547,0.0,0.0,0.00015644555694618273,0.0,0.0,0.0,0.002346683354192741,0.015018773466833543,0.011107634543178974,0.012828535669586983,0.013297872340425532,0.012828535669586983,0.009856070087609511,0.01095118898623279,0.013610763454317897,0.01095118898623279,0.007665832290362954,0.012046307884856071,0.010638297872340425,0.0,0.007352941176470588,0.004693366708385482,0.006727158948685858,0.00344180225281602,0.0012515644555694619,0.0028160200250312893,0.00015644555694618273,0.00015644555694618273,0.00031289111389236547,0.0015644555694618273,0.0,0.0,0.0,0.0,0.0,0.0,0.00015644555694618273,0.0,0.0,0.0,0.0,0.0,0.0,0.0,0.0,0.0,0.0,0.0,0.00015644555694618273,0.0,0.0,0.00031289111389236547,0.00015644555694618273,0.0,0.0,0.0,0.0,0.0,0.0,0.00015644555694618273,0.00015644555694618273,0.0,0.0,0.0,0.0,0.0,0.0,0.0,0.0,0.0,0.00015644555694618273,0.0,0.0,0.0006257822277847309,0.0,0.0,0.0,0.0,0.0,0.0,0.00015644555694618273,0.00015644555694618273,0.0,0.0,0.0,0.0,0.0,0.0,0.0,0.0,0.0,0.00015644555694618273,0.00015644555694618273,0.0,0.00015644555694618273,0.0,0.0,0.0,0.00015644555694618273,0.0,0.0,0.0,0.0,0.0,0.0,0.0
43,43.0,4284.0,0.0,0.9687426000473597,0.9673218091404214,0.9706369879232772,0.9725313757991949,0.9824769121477622,0.9670850106559318,0.893677480464125,1.0,0.00023679848448969926,0.0,0.0,0.0,0.0,0.000947193937958797,0.0,0.0,0.0,0.0,0.0,0.0,0.0011839924224484964,0.09945536348567369,0.07624911200568316,0.0,0.006156760596732181,0.1266871892019891,0.08643144683874023,0.08666824532322993,0.0977977740942458,1.0,0.08903623016812692,0.0670139711105849,0.08572105138527113,0.0,0.00023679848448969926,0.05209566658773384,0.060146815060383614,0.0639355908122188,0.0016575893914278948,0.004025574236324887,0.0,0.0,0.0,0.0023679848448969927,0.0,0.0,0.0,0.0,0.0,0.0,0.0,0.0,0.0,0.0,0.0,0.0,0.0,0.0,0.0,0.0,0.0,0.0,0.0,0.0,0.0,0.0,0.0,0.0,0.0,0.0,0.0,0.0,0.0,0.0,0.0,0.0,0.0,0.00023679848448969926,0.0,0.0,0.0,0.0,0.0,0.0,0.0,0.0,0.0,0.0004735969689793985,0.0,0.0,0.0,0.0,0.0,0.0,0.0,0.0,0.0,0.0,0.0,0.0,0.0,0.0,0.0,0.0,0.0,0.00023679848448969926,0.0,0.0,0.0,0.0,0.0,0.0,0.0,0.0,0.0,0.0,0.0,0.0,0.0,0.0
44,44.0,3182.0,0.2426147077309868,0.0015713387806411063,0.0006285355122564425,0.001257071024512885,0.001257071024512885,0.0,0.0009428032683846638,0.0006285355122564425,0.00031426775612822125,1.0,0.0,1.0,0.0,0.023255813953488372,0.02262727844123193,0.006285355122564425,0.01571338780641106,0.01257071024512885,0.013827781269641735,0.011942174732872408,0.011627906976744186,0.0,0.0,0.0,0.0,0.0,0.0,0.0,0.00031426775612822125,0.00031426775612822125,0.0,0.0,0.0,0.0,0.0,0.0,0.0,0.00031426775612822125,0.0,0.012884978001257071,0.0009428032683846638,0.001257071024512885,0.0009428032683846638,0.0018856065367693275,0.0,0.0021998742928975488,0.003771213073538655,0.0,0.00031426775612822125,0.0006285355122564425,0.0,0.00031426775612822125,0.0028284098051539913,0.0,0.0,0.0006285355122564425,0.001257071024512885,0.00031426775612822125,0.0,0.0,0.0,0.0,0.0,0.00031426775612822125,0.001257071024512885,0.0,0.0,0.003771213073538655,0.00031426775612822125,0.0015713387806411063,0.0,0.00031426775612822125,0.0,0.0,0.0,0.0,0.0,0.0,0.0,0.0006285355122564425,0.0,0.001257071024512885,0.00031426775612822125,0.0,0.001257071024512885,0.0,0.0,0.00031426775612822125,0.0,0.0,0.0,0.0,0.0,0.0,0.0,0.0,0.0,0.0,0.0,0.00031426775612822125,0.00031426775612822125,0.0,0.0,0.0,0.0,0.0015713387806411063,0.0,0.00031426775612822125,0.0,0.001257071024512885,0.00031426775612822125,0.00031426775612822125,0.00031426775612822125,0.0,0.0,0.0,0.0,0.0,0.0,0.0,0.0
45,45.0,3634.0,0.0,1.0,1.0,1.0,0.6954607977991747,1.0,0.0,1.0,0.4605226960110041,0.0002751031636863824,0.0005502063273727648,0.0011004126547455295,0.0,0.0,0.0008253094910591471,0.0,0.0,0.0,0.0,0.0,0.0,0.001375515818431912,0.04181568088033012,0.02063273727647868,0.042090784044016505,0.030536451169188444,0.029160935350756534,0.027510316368638238,0.028060522696011003,0.02530949105914718,0.009903713892709765,0.031911966987620353,0.04291609353507565,0.035213204951856945,0.0002751031636863824,0.006052269601100412,0.017056396148555707,0.01513067400275103,0.013480055020632736,0.0002751031636863824,0.0038514442916093533,0.0,0.0,0.0,0.0005502063273727648,0.0,0.0,0.0,0.0,0.0,0.0,0.0,0.0,0.0,0.0,0.0,0.0,0.0,0.0,0.0,0.0,0.0,0.0,0.0,0.0002751031636863824,0.0,0.0,0.0,0.0,0.0,0.0,0.0,0.0,0.0,0.0,0.0,0.0,0.0,0.0005502063273727648,0.0,0.0,0.0,0.0,0.0,0.0,0.0,0.0,0.0,0.0,0.0,0.0,0.0,0.0,0.0,0.0,0.0,0.0,0.0,0.0,0.0,0.0,0.0,0.0,0.0002751031636863824,0.0002751031636863824,0.0,0.0002751031636863824,0.0,0.0,0.0,0.0,0.0,0.0,0.0,0.0,0.0,0.0,0.0,0.0,0.0,0.0
46,46.0,552.0,0.0,1.0,1.0,0.5,0.0,0.0,0.0,1.0,1.0,0.0,0.0,0.0,0.0,0.0,0.0,0.0,0.0,0.0,0.0,0.0,0.0,0.009057971014492754,0.02355072463768116,0.018115942028985508,0.04710144927536232,0.030797101449275364,0.016304347826086956,0.018115942028985508,0.021739130434782608,0.01992753623188406,0.02355072463768116,0.025362318840579712,0.041666666666666664,0.03804347826086957,0.0,0.02717391304347826,0.02717391304347826,0.014492753623188406,0.01992753623188406,0.0036231884057971015,0.0018115942028985507,0.0,0.0,0.0,0.0,0.0,0.0,0.0,0.0,0.0,0.0,0.0,0.0,0.0,0.0,0.0,0.0,0.0,0.0,0.0,0.0,0.0,0.0,0.0,0.0018115942028985507,0.0,0.0,0.0,0.0,0.0,0.0,0.0,0.0,0.0,0.0,0.0,0.0,0.0,0.0018115942028985507,0.0,0.0,0.0,0.0,0.0,0.0,0.0,0.0,0.0,0.0,0.0,0.0,0.0,0.0,0.0,0.0,0.0,0.0,0.0,0.0,0.0,0.0,0.0,0.0,0.0,0.0,0.0,0.0,0.0,0.0,0.0,0.0,0.0,0.0,0.0,0.0,0.0,0.0,0.0,0.0,0.0,0.0
47,47.0,1886.0,0.0,1.0,0.0,1.0,0.0,0.0,0.31495227995758224,1.0,0.1389183457051962,0.0,0.0005302226935312832,0.0,0.0,0.0,0.0005302226935312832,0.0,0.0,0.0,0.0,0.0,0.0,0.0021208907741251328,0.023860021208907744,0.011134676564156946,0.019088016967126194,0.01961823966065748,0.022269353128313893,0.02014846235418876,0.02014846235418876,0.01961823966065748,0.022269353128313893,0.015906680805938496,0.022269353128313893,0.015376458112407213,0.0005302226935312832,0.009544008483563097,0.006892895015906682,0.008483563096500531,0.012195121951219513,0.0031813361611876994,0.002651113467656416,0.0,0.0,0.0,0.0010604453870625664,0.0,0.0,0.0,0.0,0.0,0.0,0.0,0.0,0.0,0.0,0.0,0.0,0.0,0.0,0.0,0.0,0.0,0.0,0.0,0.0005302226935312832,0.0,0.0,0.0,0.0,0.0,0.0,0.0,0.0,0.0,0.0,0.0,0.0,0.0,0.0,0.0,0.0,0.0,0.0,0.0,0.0,0.0,0.0,0.0,0.0,0.0,0.0,0.0,0.0,0.0,0.0,0.0,0.0,0.0,0.0,0.0,0.0,0.0,0.0,0.0,0.0,0.0,0.0,0.0,0.0,0.0,0.0,0.0,0.0,0.0,0.0,0.0,0.0,0.0,0.0,0.0,0.0
48,48.0,1212.0,0.0,0.0008250825082508251,0.0008250825082508251,0.0024752475247524753,0.0016501650165016502,0.0008250825082508251,0.0024752475247524753,0.0,0.0008250825082508251,0.9067656765676568,0.9183168316831684,0.0,0.0,0.0,0.0,0.0,0.0,0.0,0.0,0.0,0.0,0.0,0.0,0.0,0.0008250825082508251,0.0,0.0,0.0008250825082508251,0.0,0.0,0.0,0.0008250825082508251,0.0,0.0,0.0,0.0,0.0,0.0008250825082508251,0.0,0.004125412541254125,0.0,0.0,0.0,0.0,0.9026402640264026,0.0,0.0,0.0,0.0,0.0,0.0,0.0,0.0,0.0,0.0,0.0,0.9851485148514851,0.8886138613861386,0.0,0.981023102310231,0.0,0.9826732673267327,0.8828382838283828,0.0,0.0,0.0,0.0,0.0,0.9488448844884488,0.0,0.0,0.0,0.0,0.0,0.0,0.0,0.0,0.0,0.0,0.0,0.0,0.0,0.0,0.0,0.0,0.0,0.0,0.0,0.0,0.0,0.0,0.0,0.0,0.0,0.0,0.0,0.0,0.0,0.0,0.0,0.0,0.0,0.0,0.0,0.0,0.0,0.0,0.0,0.0,0.0,0.0,0.0,0.0,0.0,0.0,0.0,0.0,0.0,0.0,0.0,0.0
49,49.0,7544.0,0.0,0.0,0.0,1.0,0.0,0.0,1.0,0.0,0.12460233297985154,0.0,0.0,0.0001325556733828208,0.0,0.0,0.0003976670201484624,0.0,0.0,0.0,0.0,0.0,0.0,0.004109225874867444,0.00808589607635207,0.008881230116648993,0.010339342523860023,0.00808589607635207,0.011930010604453872,0.01007423117709438,0.009146341463414635,0.0,0.005965005302226936,0.009013785790031814,0.0011930010604453872,0.010206786850477201,0.0002651113467656416,0.00503711558854719,0.005567338282078473,0.003844114528101803,0.005434782608695653,0.0018557794273594912,0.0035790031813361617,0.0009278897136797456,0.0,0.0,0.0023860021208907743,0.0,0.0,0.0,0.0,0.0,0.0,0.0,0.0,0.0,0.0,0.0,0.0009278897136797456,0.0009278897136797456,0.0,0.0,0.0,0.0,0.0,0.0,0.0001325556733828208,0.0,0.0,0.0001325556733828208,0.0,0.0,0.0,0.0,0.0,0.0,0.0,0.0,0.0,0.0,0.0001325556733828208,0.0,0.0,0.0,0.0,0.0,0.0,0.0,0.0,0.0,0.0001325556733828208,0.0,0.0,0.0,0.0,0.0,0.0,0.0,0.0,0.0,0.0,0.0,0.0,0.0,0.0,0.0,0.0,0.0,0.0,0.0,0.0,0.0,0.0,0.0,0.0,0.0,0.0,0.0,0.0,0.0,0.0,0.0,0.0
50,50.0,8850.0,0.03152542372881356,0.0011298158400180772,0.0006778895040108463,0.00033894475200542314,0.000790871088012654,0.000790871088012654,0.00045192633600723084,0.0005649079200090386,0.0006778895040108463,0.9552592927352842,1.0,0.0,0.0024855948480397697,0.041125296576658005,0.010168342560162694,0.003502429104056039,0.010620268896169925,0.009603434640153655,0.004858208112077732,0.009490453056151848,0.008925545136142809,0.016721274432267542,0.0,0.0,0.0,0.00011298158400180771,0.00011298158400180771,0.00011298158400180771,0.0,0.00011298158400180771,0.0,0.0,0.0,0.00011298158400180771,0.00011298158400180771,0.0,0.0,0.0,0.00011298158400180771,0.014348661168229578,0.0006778895040108463,0.001920686928030731,0.0005649079200090386,0.0009038526720144617,0.0033894475200542313,0.02903626708846458,0.013670771664218732,0.00045192633600723084,0.0,0.00045192633600723084,0.00011298158400180771,0.0025985764320415774,0.03400745678454412,0.00011298158400180771,0.00033894475200542314,0.0014687605920235003,0.007004858208112078,0.001581742176025308,0.00022596316800361542,0.004745226528075924,0.0011298158400180772,0.0029375211840470005,0.002033668512032539,0.00022596316800361542,0.0014687605920235003,0.00022596316800361542,0.0011298158400180772,0.004293300192068693,0.002033668512032539,0.0321997514405152,0.0,0.0024855948480397697,0.00011298158400180771,0.0012427974240198849,0.0011298158400180772,0.0,0.00011298158400180771,0.0,0.00011298158400180771,0.0013557790080216926,0.0,0.0021466500960343467,0.0,0.000790871088012654,0.0014687605920235003,0.007795729296124732,0.00022596316800361542,0.001920686928030731,0.00011298158400180771,0.0,0.0,0.00011298158400180771,0.0,0.005310134448084963,0.0,0.0,0.0,0.0,0.0049711896960795395,0.00022596316800361542,0.00033894475200542314,0.005197152864083155,0.005875042368094001,0.005310134448084963,0.0,0.005762060784092193,0.0,0.0,0.00022596316800361542,0.0,0.0010168342560162695,0.0,0.0,0.0,0.0,0.00011298158400180771,0.00011298158400180771,0.0005649079200090386,0.0012427974240198849,0.00022596316800361542,0.0
51,51.0,2925.0,0.0,0.9645655877342418,0.9846678023850085,0.9747870528109028,0.9454855195911414,0.9192504258943781,0.9652470187393526,1.0,0.8327086882453151,0.0,0.0006814310051107325,0.0,0.0,0.0,0.0017035775127768314,0.0,0.0,0.0,0.0,0.0,0.0,0.0010221465076660986,0.08313458262350937,0.06405451448040886,0.07632027257240204,0.0006814310051107325,0.010221465076660987,1.0,0.07597955706984667,0.0,0.0,0.013969335604770016,0.05792163543441226,0.0637137989778535,0.0006814310051107325,0.0,0.05417376490630323,0.0565587734241908,0.004088586030664395,0.0006814310051107325,0.005792163543441226,0.0,0.0,0.0,0.0017035775127768314,0.0,0.0,0.0,0.0,0.0,0.0,0.0,0.0,0.0,0.0,0.0,0.0,0.0,0.0,0.0,0.0,0.0,0.0,0.0,0.0006814310051107325,0.0,0.0,0.0,0.0,0.0,0.0,0.0,0.0,0.0,0.0,0.0,0.0,0.0010221465076660986,0.001362862010221465,0.0,0.0,0.0,0.0,0.0,0.0,0.0,0.0,0.00034071550255536625,0.0006814310051107325,0.0,0.0,0.0,0.0,0.0,0.0,0.0,0.0,0.0,0.0,0.0,0.0,0.0,0.0,0.0,0.0,0.0,0.0,0.0,0.0,0.0,0.0,0.0,0.0,0.0,0.0,0.0,0.0,0.0,0.0,0.0,0.0
52,52.0,4478.0,0.0,0.0,0.0,0.0,0.0,1.0,0.0,0.0,0.0,0.0024564537740062527,0.0006699419383653417,0.003573023671281822,0.00044662795891022776,0.0,0.005136221527467619,0.0,0.00022331397945511388,0.0,0.0,0.00022331397945511388,0.00022331397945511388,0.06632425189816882,0.04421616793211255,0.04689593568557392,0.04555605180884323,0.04801250558284948,0.04488610987047789,0.04399285395265744,0.0466726217061188,0.03997320232246539,0.043099598034836976,0.05046895935685573,0.05113890129522108,0.04086645824028584,0.0,0.023894595801697185,0.022331397945511387,0.020321572130415362,0.023001339883876728,0.04198302813756141,0.0020098258150960248,0.0026797677534613666,0.00022331397945511388,0.0,0.012282268870031263,0.00022331397945511388,0.00022331397945511388,0.0013398838767306833,0.00022331397945511388,0.0,0.0011165698972755694,0.0,0.00022331397945511388,0.00022331397945511388,0.00022331397945511388,0.0,0.0022331397945511387,0.0022331397945511387,0.0,0.0,0.0,0.0,0.0,0.0,0.0029030817329164806,0.0,0.0020098258150960248,0.0008932559178204555,0.0,0.00022331397945511388,0.0,0.0,0.0,0.0,0.00022331397945511388,0.0,0.0,0.00022331397945511388,0.0026797677534613666,0.0,0.0006699419383653417,0.00022331397945511388,0.00044662795891022776,0.0,0.0,0.0,0.0,0.0,0.0020098258150960248,0.0,0.0,0.0,0.0,0.0,0.00022331397945511388,0.0,0.0,0.0,0.0,0.00022331397945511388,0.00022331397945511388,0.00044662795891022776,0.0,0.0,0.0,0.0,0.003573023671281822,0.0,0.0,0.00022331397945511388,0.0,0.0,0.0,0.0,0.0,0.0,0.0,0.00022331397945511388,0.0,0.0,0.00022331397945511388
53,53.0,4540.0,0.0,0.8950033017829627,0.895443539511336,1.0,0.9007263922518159,0.0,0.8972044904248294,0.726172132951794,1.0,0.0,0.00044023772837332157,0.0,0.00022011886418666079,0.0,0.0,0.0,0.0,0.0,0.0,0.0,0.0,0.0008804754567466431,0.03565925599823905,0.030156284393572527,0.03675985031917235,0.048426150121065374,0.02883557120845256,0.0,0.03081664098613251,0.011886418666079682,0.04160246533127889,0.03675985031917235,0.02443319392471935,0.037200088047545675,0.0,0.02047105436935945,0.026854501430772615,0.0008804754567466431,0.003742020691173233,0.0006603565925599824,0.004182258419546555,0.00044023772837332157,0.0,0.0,0.001100594320933304,0.0,0.0,0.0,0.0,0.0,0.0,0.0,0.0,0.0,0.0,0.0,0.0,0.0,0.0,0.00022011886418666079,0.0,0.00022011886418666079,0.0,0.0,0.00022011886418666079,0.0,0.00022011886418666079,0.0,0.0,0.0,0.0,0.0,0.00022011886418666079,0.0,0.0,0.0,0.0,0.0,0.0,0.0,0.0,0.0,0.0,0.0,0.0,0.00044023772837332157,0.00022011886418666079,0.0,0.0,0.0,0.0,0.0,0.0,0.0,0.0,0.0,0.0,0.0,0.0,0.00022011886418666079,0.0,0.0,0.0,0.0,0.0,0.0,0.00044023772837332157,0.0,0.00022011886418666079,0.0,0.00022011886418666079,0.0,0.0,0.0,0.0,0.00022011886418666079,0.0,0.00022011886418666079,0.0,0.0,0.0
54,54.0,2445.0,0.0,0.0,1.0,0.24826175869120654,1.0,0.25685071574642127,0.0,0.10920245398773007,1.0,0.00040899795501022495,0.00040899795501022495,0.00040899795501022495,0.0,0.0,0.0,0.0,0.0,0.0,0.0,0.0,0.0,0.0008179959100204499,0.023312883435582823,0.020858895705521473,0.022903885480572598,0.018404907975460124,0.020040899795501024,0.0212678936605317,0.0212678936605317,0.0179959100204499,0.020858895705521473,0.01881390593047035,0.02044989775051125,0.02044989775051125,0.0,0.00899795501022495,0.01717791411042945,0.01063394683026585,0.011860940695296524,0.0008179959100204499,0.00408997955010225,0.0,0.0,0.0,0.0008179959100204499,0.0,0.0,0.0,0.0,0.0,0.0,0.0,0.0,0.0,0.0,0.0,0.0,0.0,0.0,0.0,0.0,0.0,0.0,0.0,0.00040899795501022495,0.0,0.0,0.0,0.0,0.0,0.0,0.0,0.0,0.0,0.0,0.0,0.0,0.0,0.0,0.0,0.0,0.0,0.0,0.0,0.0,0.0,0.0,0.0,0.00040899795501022495,0.0,0.0,0.0,0.0,0.0,0.0,0.0,0.0,0.0,0.0,0.0,0.0,0.0,0.0,0.0,0.0,0.0,0.0,0.0,0.0,0.0,0.0,0.0,0.00040899795501022495,0.0,0.0,0.0,0.0,0.0,0.0,0.0,0.0
55,55.0,308.0,0.0,0.9123376623376624,0.775974025974026,0.8571428571428572,0.8928571428571429,0.0,0.8993506493506495,0.38311688311688313,0.16558441558441558,0.0,0.0,0.0,0.0,0.0,0.0,0.0,0.0,0.0,0.0,0.0,0.0,0.006493506493506494,0.048701298701298704,0.03571428571428572,0.05194805194805195,0.045454545454545456,0.05194805194805195,0.05194805194805195,0.029220779220779224,0.05194805194805195,0.029220779220779224,0.04220779220779221,0.048701298701298704,0.048701298701298704,0.0,0.029220779220779224,0.022727272727272728,0.029220779220779224,1.0,0.003246753246753247,0.003246753246753247,0.0,0.0,0.0,0.0,0.0,0.0,0.0,0.0,0.0,0.0,0.0,0.0,0.0,0.0,0.0,0.0,0.0,0.0,0.0,0.0,0.0,0.0,0.0,0.0,0.0,0.0,0.0,0.0,0.0,0.0,0.0,0.0,0.0,0.0,0.0,0.0,0.0,0.0,0.0,0.0,0.0,0.0,0.0,0.0,0.0,0.0,0.0,0.0,0.0,0.0,0.0,0.0,0.0,0.0,0.0,0.0,0.0,0.0,0.0,0.0,0.0,0.0,0.0,0.0,0.0,0.0,0.0,0.0,0.0,0.0,0.0,0.0,0.0,0.0,0.0,0.0,0.0,0.0,0.0,0.0
56,56.0,354.0,0.0,0.0,0.0,0.0,0.0,0.0,0.0,0.0,0.0,0.9661016949152542,1.0,0.748587570621469,0.963276836158192,0.5225988700564972,0.6751412429378532,0.8305084745762712,0.6836158192090396,0.7090395480225988,0.6751412429378532,0.6892655367231638,0.596045197740113,0.0,0.0,0.0,0.0,0.0,0.0,0.0,0.0,0.0,0.0,0.0,0.0,0.0,0.0,0.0,0.0,0.0,0.0,0.002824858757062147,0.8813559322033898,0.0,0.0,0.0,0.0,0.9887005649717514,0.9858757062146892,0.9858757062146892,0.0,0.9887005649717514,0.980225988700565,0.980225988700565,0.0,0.9745762711864406,0.9717514124293786,0.9661016949152542,0.0,0.0,0.9830508474576272,0.0,0.0,0.0,0.0,0.9689265536723164,0.0,0.9265536723163842,0.0,0.0,0.0,0.0,0.0,0.0,0.0,0.0,0.0,0.0,0.0,0.0,0.0,0.0,0.0,0.0,0.0,0.0,0.0,0.0,0.0,0.0,0.0,0.0,0.0,0.0,0.0,0.0,0.0,0.0,0.0,0.0,0.0,0.0,0.0,0.0,0.0,0.0,0.0,0.0,0.0,0.0,0.0,0.0,0.0,0.0,0.0,0.0,0.0,0.0,0.0,0.0,0.0,0.0,0.0
57,57.0,836.0,0.0,0.9962025316455696,0.9936708860759493,0.9924050632911393,0.9949367088607595,0.9974683544303797,0.9974683544303797,0.989873417721519,0.9848101265822785,0.0,0.0,0.0,0.0012658227848101266,0.0,0.002531645569620253,0.0,0.0,0.0,0.0,0.0,0.0,0.0,0.8936708860759494,0.21772151898734177,0.718987341772152,0.17088607594936708,0.20759493670886076,0.14177215189873418,0.15316455696202533,0.9734177215189873,0.5620253164556962,0.5683544303797469,0.718987341772152,0.19873417721518988,0.0,0.18354430379746836,0.21012658227848102,0.23037974683544304,0.16455696202531647,0.0,0.01139240506329114,0.0,0.0,0.0,0.0012658227848101266,0.0,0.0,0.0,0.0,0.0,0.0,0.0,0.0,0.0,0.0,0.0,0.0,0.0,0.0,0.0,0.0,0.0,0.0,0.0,0.0,0.0,0.0,0.0,0.0,0.0,0.0,0.0,0.0,0.0,0.0,0.0,0.0012658227848101266,0.0,0.0,0.0,0.0,0.0,0.0,0.0,0.0,0.0,0.0,0.0,0.005063291139240506,0.0,0.0,0.0,0.0,0.0,0.0,0.0,0.0,0.0,0.0,0.0,0.0,0.0,0.0,0.0,0.0,0.0,0.0012658227848101266,0.0,0.0,0.0,0.0,0.0,0.0,0.0,0.0,0.0,0.0,0.0,0.0,0.0,0.0
58,58.0,1112.0,0.0,0.9809782608695652,0.9846014492753623,0.9809782608695652,0.9773550724637682,0.9809782608695652,0.9791666666666666,0.9773550724637682,0.9347826086956522,0.0,0.0,0.0,0.0,0.0,0.0018115942028985507,0.0,0.0,0.0,0.0,0.0,0.0,0.0,0.24909420289855072,0.20923913043478262,0.015398550724637682,0.18206521739130435,0.19112318840579712,0.14130434782608695,1.0,0.1793478260869565,0.13134057971014493,0.0,1.0,0.11956521739130435,0.0,0.10778985507246377,0.1068840579710145,0.11503623188405797,0.10778985507246377,0.0018115942028985507,0.007246376811594203,0.0,0.0,0.0,0.0018115942028985507,0.0,0.0,0.0,0.0,0.0,0.0,0.0,0.0,0.0,0.0,0.0,0.0,0.0,0.0,0.0,0.0,0.0,0.0,0.0,0.0,0.0,0.0,0.0,0.0,0.0,0.0,0.0,0.0,0.0,0.0,0.0,0.0,0.0,0.0,0.0,0.0,0.0,0.0,0.0,0.0,0.0,0.0,0.0,0.0,0.0,0.0,0.0,0.0,0.0,0.0,0.0,0.0,0.0,0.0,0.0,0.0,0.0,0.0,0.0,0.0,0.0,0.0,0.0,0.0,0.0,0.0,0.0,0.0,0.0,0.0,0.0,0.0,0.0,0.0,0.0,0.0
59,59.0,3312.0,0.0,1.0,0.0,1.0,1.0,0.0,0.3958333333333333,0.0,0.0,0.00030193236714975844,0.0018115942028985505,0.0009057971014492753,0.0006038647342995169,0.0,0.00030193236714975844,0.0,0.0,0.0,0.0,0.0,0.0,0.0024154589371980675,0.014794685990338164,0.019927536231884056,0.018719806763285024,0.0196256038647343,0.019927536231884056,0.016606280193236716,0.01932367149758454,0.016606280193236716,0.017814009661835748,0.008454106280193236,0.02294685990338164,0.018115942028985508,0.0,0.009057971014492754,0.009359903381642512,0.009057971014492754,0.004227053140096618,0.002717391304347826,0.002717391304347826,0.0,0.0,0.0,0.0006038647342995169,0.0,0.0,0.0,0.0,0.0,0.0,0.0,0.0,0.0,0.0,0.0,0.0,0.0,0.0,0.0,0.0,0.0,0.0,0.0,0.0018115942028985505,0.0,0.0,0.0,0.0,0.0,0.0,0.0,0.0,0.0,0.0,0.0,0.0,0.0,0.0,0.0,0.0,0.0,0.0,0.0,0.0,0.0006038647342995169,0.0012077294685990338,0.0006038647342995169,0.0006038647342995169,0.0,0.0,0.0,0.0,0.0,0.0009057971014492753,0.0,0.0,0.0,0.0,0.0009057971014492753,0.0006038647342995169,0.0,0.0,0.0,0.0,0.0,0.0006038647342995169,0.0,0.0006038647342995169,0.0,0.00030193236714975844,0.0,0.0,0.0006038647342995169,0.0,0.00030193236714975844,0.0,0.0018115942028985505,0.0,0.0,0.0
60,60.0,3991.0,0.0,0.0,1.0,0.479077925331997,1.0,1.0,0.0,0.0,0.14607867702330243,0.0,0.0005011275369581559,0.0007516913054372337,0.0,0.0,0.0007516913054372337,0.0,0.0,0.0,0.0,0.0,0.0,0.002756201453269857,0.021297920320721624,0.02179904785767978,0.023803558005512402,0.022550739163117013,0.021297920320721624,0.014031571034828364,0.020295665246805313,0.016286644951140065,0.021297920320721624,0.02079679278376347,0.017790027562014532,0.018541718867451765,0.00025056376847907793,0.010273114507642195,0.008268604359809572,0.011776497118516662,0.011525933350037584,0.0015033826108744675,0.0045101478326234025,0.0,0.0,0.0,0.0007516913054372337,0.0,0.0,0.0,0.0,0.0,0.0,0.0,0.00025056376847907793,0.0,0.0,0.0,0.0,0.0,0.0,0.0,0.0,0.0,0.0,0.0,0.00025056376847907793,0.0,0.0,0.0,0.0,0.0,0.0,0.0,0.0,0.0,0.0,0.0,0.0,0.0,0.0,0.0,0.0,0.0,0.0,0.0,0.0,0.0,0.0,0.0,0.0,0.0,0.0,0.0,0.0,0.0,0.0,0.0,0.0,0.0,0.0,0.0,0.0,0.00025056376847907793,0.0,0.0,0.0,0.0,0.0005011275369581559,0.0,0.0,0.0,0.0,0.0,0.0,0.0,0.0,0.0,0.0,0.0,0.0,0.0,0.0
61,61.0,4091.0,0.0,1.0,0.3317037399168907,1.0,0.0,0.0,1.0,0.0,0.15888535810315327,0.0,0.0,0.0004888780249327792,0.0002444390124663896,0.0,0.0,0.0,0.0,0.0,0.0,0.0,0.0,0.0009777560498655585,0.01857736494744561,0.015888535810315324,0.023221706184307016,0.023955023221706184,0.022732828159374236,0.02004399902224395,0.022732828159374236,0.017110730872647275,0.02102175507210951,0.02004399902224395,0.022732828159374236,0.021755072109508677,0.0002444390124663896,0.010266438523588365,0.010999755560987532,0.008310926423857248,0.007088731361525299,0.0012221950623319481,0.0034221461745294547,0.0002444390124663896,0.0,0.0,0.0014666340747983377,0.0,0.0,0.0,0.0,0.0,0.0,0.0,0.0,0.0,0.0,0.0,0.0002444390124663896,0.0002444390124663896,0.0,0.0,0.0,0.0,0.0,0.0,0.0007333170373991689,0.0,0.0,0.0,0.0,0.0,0.0,0.0,0.0,0.0,0.0,0.0,0.0,0.0,0.0004888780249327792,0.0,0.0,0.0,0.0,0.0,0.0,0.0,0.0,0.0,0.0002444390124663896,0.0,0.0,0.0,0.0,0.0,0.0,0.0,0.0,0.0,0.0,0.0,0.0,0.0,0.0,0.0,0.0,0.0,0.0,0.0,0.0,0.0,0.0,0.0,0.0002444390124663896,0.0,0.0,0.0,0.0,0.0,0.0,0.0,0.0
62,62.0,948.0,0.0,0.9671610169491526,0.9830508474576272,0.972457627118644,0.961864406779661,0.9798728813559322,0.965042372881356,0.9078389830508474,0.885593220338983,0.0,0.0,0.0,0.0,0.0,0.001059322033898305,0.0,0.0,0.0,0.0,0.0,0.0,0.001059322033898305,0.9173728813559322,0.09851694915254237,0.009533898305084746,0.09533898305084745,0.09216101694915255,0.09745762711864407,0.00211864406779661,0.07944915254237288,0.1016949152542373,0.019067796610169493,0.012711864406779662,0.9332627118644068,0.0,0.06779661016949153,0.2478813559322034,0.09216101694915255,0.0614406779661017,0.0,0.007415254237288136,0.0,0.0,0.0,0.001059322033898305,0.0,0.0,0.0,0.0,0.0,0.0,0.0,0.0,0.0,0.0,0.0,0.0,0.0,0.0,0.0,0.0,0.0,0.0,0.0,0.0,0.0,0.0,0.0,0.0,0.0,0.0,0.0,0.0,0.0,0.0,0.0,0.0,0.001059322033898305,0.0,0.0,0.0,0.0,0.0,0.0,0.0,0.0,0.0,0.0,0.0,0.0,0.0,0.0,0.0,0.0,0.0,0.0,0.0,0.0,0.0,0.0,0.0,0.0,0.0,0.0,0.0,0.0,0.0,0.0,0.0,0.0,0.0,0.0,0.0,0.0,0.0,0.0,0.0,0.0,0.0,0.001059322033898305,0.0
63,63.0,801.0,0.0,0.9886934673366834,0.9912060301507538,0.992462311557789,0.9962311557788945,0.9824120603015075,0.9849246231155779,0.9660804020100503,0.9522613065326633,0.0,0.0,0.0,0.0,0.0,0.0,0.0,0.0,0.0,0.0,0.0,0.0,0.0,0.8291457286432161,0.8140703517587939,0.17839195979899497,0.06658291457286432,0.8304020100502513,0.08542713567839195,0.11055276381909548,0.8216080402010051,0.15326633165829145,0.14195979899497488,0.16457286432160803,0.292713567839196,0.0,0.14949748743718594,0.12060301507537688,0.13819095477386936,0.07788944723618091,0.0,0.00628140703517588,0.0,0.0,0.0,0.001256281407035176,0.0,0.0,0.0,0.0,0.0,0.0,0.0,0.0,0.0,0.0,0.0,0.0,0.0,0.0,0.0,0.0,0.0,0.0,0.0,0.0,0.0,0.0,0.0,0.0,0.0,0.0,0.0,0.0,0.001256281407035176,0.0,0.0,0.0,0.0,0.0,0.0,0.0,0.0,0.0,0.0,0.0,0.0,0.0,0.0,0.0,0.0,0.0,0.0,0.0,0.0,0.0,0.0,0.0,0.0,0.0,0.0,0.0,0.0,0.0,0.0,0.0,0.0,0.001256281407035176,0.0,0.0,0.0,0.0,0.0,0.0,0.0,0.0,0.0,0.0,0.0,0.0,0.0,0.0
64,64.0,1015.0,0.0,0.0,0.0,0.0,0.0,0.0,0.0,0.0,0.0,0.9338758901322481,0.8931841302136317,0.7385554425228891,0.9745676500508647,0.7700915564598169,0.0,0.8524923702950152,0.0,0.745676500508647,0.7914547304170905,0.7833163784333672,0.7507629704984741,0.001017293997965412,0.0,0.0,0.001017293997965412,0.0,0.0,0.0,0.0,0.001017293997965412,0.0,0.0,0.0,0.001017293997965412,0.0,0.0,0.0,0.0,0.0,0.002034587995930824,0.0,0.001017293997965412,0.001017293997965412,0.0,0.0,0.0,0.0,0.0,0.0,0.0,0.0,0.0,0.0,0.0,0.0,0.001017293997965412,0.0,0.0,0.0,0.0,0.0,0.001017293997965412,0.0,0.0,0.0,0.0,0.0,0.0,0.0,0.0,0.0,0.0,0.0,0.0,0.0,0.0,0.001017293997965412,0.0,0.0,0.0,0.0,0.0,0.0,0.0,0.0,0.0,0.0,0.001017293997965412,0.0,0.001017293997965412,0.0,0.0,0.0,0.0,0.0,0.0,0.0,0.0,0.0,0.0,0.001017293997965412,0.0,0.0,0.0,0.001017293997965412,0.0,0.0,0.0,0.0,0.0,0.0,0.0,0.0,0.0,0.0,0.0,0.0,0.0,0.001017293997965412,0.001017293997965412,0.0
65,65.0,3093.0,0.0,0.9684176603287142,0.9832420238478892,0.9703512729616501,0.9674508540122463,0.9581050596197229,0.9590718659361909,1.0,1.0,0.0003222687721559781,0.0,0.0,0.0,0.0,0.0,0.0,0.0,0.0,0.0,0.0,0.0,0.0006445375443119562,0.06413148565903964,0.0544634224943603,0.088301643570738,0.0,0.12052852078633582,0.12020625201417984,0.07895584917821463,1.0,0.0,0.0,0.09829197550757332,0.09249113760876572,0.0,0.008378988076055431,0.07283274250725105,0.07992265549468257,0.0,0.0019336126329358686,0.0045117628101836935,0.0,0.0,0.0,0.0006445375443119562,0.0,0.0,0.0,0.0,0.0,0.0,0.0,0.0,0.0,0.0,0.0,0.0,0.0,0.0,0.0,0.0,0.0,0.0,0.0,0.0003222687721559781,0.0,0.0,0.0,0.0,0.0,0.0,0.0,0.0,0.0,0.0,0.0,0.0,0.0,0.0006445375443119562,0.0,0.0,0.0,0.0,0.0,0.0,0.0,0.0,0.0003222687721559781,0.0006445375443119562,0.0,0.0,0.0,0.0,0.0,0.0,0.0,0.0,0.0,0.0,0.0,0.0,0.0,0.0,0.0,0.0003222687721559781,0.0,0.0,0.0,0.0,0.0,0.0,0.0,0.0,0.0,0.0,0.0,0.0,0.0,0.0,0.0,0.0
66,66.0,1058.0,0.0,0.0,1.0,1.0,0.7533081285444234,0.4801512287334594,0.0,1.0,1.0,0.0,0.0,0.0,0.0,0.0,0.0,0.0,0.0,0.0,0.0,0.0,0.0,0.001890359168241966,0.03213610586011342,0.034026465028355386,0.034026465028355386,0.02457466918714556,0.036862003780718335,0.04064272211720227,0.03497164461247637,0.03308128544423441,0.038752362948960305,0.04158790170132325,0.030245746691871456,0.04064272211720227,0.0,0.02457466918714556,0.023629489603024575,0.015122873345935728,0.01890359168241966,0.000945179584120983,0.005671077504725898,0.0,0.0,0.0,0.0,0.0,0.0,0.0,0.0,0.0,0.0,0.0,0.0,0.0,0.0,0.0,0.0,0.0,0.0,0.0,0.0,0.0,0.0,0.0,0.001890359168241966,0.0,0.0,0.0,0.0,0.0,0.0,0.0,0.0,0.0,0.0,0.0,0.0,0.0,0.0,0.0,0.0,0.0,0.0,0.0,0.0,0.0,0.0,0.0,0.000945179584120983,0.0,0.0,0.0,0.0,0.0,0.0,0.0,0.0,0.0,0.0,0.0,0.0,0.0,0.0,0.0,0.0,0.0,0.0,0.0,0.0,0.0,0.0,0.0,0.0,0.0,0.0,0.0,0.0,0.0,0.0,0.0,0.0
67,67.0,8628.0,0.0,0.0,1.0,0.0,0.0,0.2347009735744089,1.0,0.0,0.0,0.0001159017153453871,0.0,0.0004636068613815484,0.0,0.0,0.0001159017153453871,0.0001159017153453871,0.0,0.0,0.0,0.0,0.0,0.0032452480296708388,0.009967547519703291,0.003013444598980065,0.010199350950394065,0.00927213722763097,0.009503940658321743,0.011358368103847936,0.012633286972647194,0.011937876680574873,0.00915623551228558,0.011706073249884097,0.003940658321743161,0.012169680111265646,0.0,0.005447380621233194,0.005563282336578581,0.005215577190542419,0.003477051460361613,0.0025498377375985162,0.004867872044506259,0.0,0.0,0.0,0.0008113120074177097,0.0001159017153453871,0.0,0.0002318034306907742,0.0,0.0001159017153453871,0.0001159017153453871,0.0,0.0,0.0,0.0,0.0,0.0,0.0,0.0,0.0,0.0,0.0,0.0,0.0,0.0001159017153453871,0.0001159017153453871,0.0002318034306907742,0.0001159017153453871,0.0,0.0,0.0,0.0,0.0,0.0,0.0,0.0,0.0,0.0006954102920723226,0.0001159017153453871,0.0,0.0,0.0,0.0,0.0,0.0,0.0,0.0,0.0,0.0002318034306907742,0.0,0.0,0.0,0.0,0.0,0.0,0.0001159017153453871,0.0,0.0,0.0,0.0,0.0,0.0,0.0,0.0,0.0,0.0,0.0001159017153453871,0.0,0.0,0.0,0.0,0.0,0.0,0.0,0.0,0.0,0.0,0.0,0.0,0.0,0.0
68,68.0,2810.0,0.0,0.0,0.4370106761565837,0.46156583629893244,1.0,0.0,1.0,0.0,1.0,0.0,0.0,0.0,0.0,0.0,0.0007117437722419929,0.0,0.0,0.0,0.0,0.0,0.0,0.0014234875444839859,0.02526690391459075,0.02597864768683274,0.02206405693950178,0.016725978647686834,0.025622775800711747,0.02419928825622776,0.02526690391459075,0.027402135231316727,0.02313167259786477,0.027402135231316727,0.017437722419928827,0.02419928825622776,0.0,0.014946619217081852,0.009608540925266905,0.009608540925266905,0.01103202846975089,0.0010676156583629894,0.0035587188612099647,0.00035587188612099647,0.0,0.0,0.0017793594306049823,0.0,0.0,0.0,0.0,0.0,0.0,0.0,0.0,0.0,0.0,0.0,0.00035587188612099647,0.00035587188612099647,0.0,0.0,0.0,0.0,0.0,0.0,0.0007117437722419929,0.0,0.0,0.0,0.0,0.0,0.0,0.0,0.0,0.0,0.0,0.0,0.0,0.0,0.0,0.0,0.0,0.0,0.0,0.0,0.0,0.0,0.0,0.0,0.0,0.0,0.0,0.0,0.0,0.0,0.0,0.0,0.0,0.0,0.0,0.0,0.0,0.0,0.0,0.0,0.0,0.0,0.0,0.0,0.0,0.0,0.0,0.0,0.0,0.0,0.0,0.0,0.0,0.0,0.0,0.0,0.0
69,69.0,724.0,0.0,0.9778085991678225,0.9902912621359223,0.9944521497919556,0.984743411927878,0.9819694868238558,0.9778085991678225,0.9597780859916782,0.9736477115117892,0.0,0.0,0.0013869625520110957,0.0,0.0,0.0013869625520110957,0.0,0.0,0.0,0.0,0.0,0.0,0.0013869625520110957,0.20110957004160887,0.21220527045769766,0.18446601941747573,0.21636615811373094,0.2565880721220527,0.2552011095700416,0.2912621359223301,0.231622746185853,0.21497919556171985,0.24549237170596394,0.2274618585298197,0.2302357836338419,0.0,1.0,1.0,0.1678224687933426,0.15950069348127602,0.0027739251040221915,0.0,0.0,0.0,0.0,0.0,0.0,0.0,0.0,0.0,0.0,0.0,0.0,0.0,0.0,0.0,0.0,0.0,0.0,0.0,0.0,0.0,0.0,0.0,0.0,0.0027739251040221915,0.0,0.0,0.0,0.0,0.0,0.0,0.0,0.0,0.0,0.0,0.0,0.0,0.0,0.0,0.0,0.0,0.0,0.0,0.0,0.0,0.0,0.0,0.0,0.0,0.0,0.0,0.0,0.0,0.0,0.0,0.0,0.0,0.0,0.0,0.0,0.0,0.0,0.0,0.0,0.0,0.0,0.0,0.0,0.0,0.0,0.0,0.0,0.0,0.0,0.0,0.0,0.0,0.0,0.0,0.0,0.0
70,70.0,4838.0,0.0,0.0,0.19243489045059942,1.0,0.0,0.0,0.0,1.0,0.10128152128978916,0.00020669698222405952,0.0,0.00041339396444811904,0.00020669698222405952,0.0,0.00020669698222405952,0.0,0.0,0.0,0.0,0.00020669698222405952,0.00020669698222405952,0.0022736668044646548,0.0086812732534105,0.011575031004547333,0.009508061182306737,0.012608515915667631,0.011781727986771393,0.010748243075651096,0.0062009094667217855,0.011161637040099214,0.007234394377842083,0.008887970235634559,0.011575031004547333,0.010748243075651096,0.00020669698222405952,0.004754030591153369,0.005167424555601488,0.0064076064489458455,0.005787515502273666,0.002893757751136833,0.0022736668044646548,0.0006200909466721786,0.0,0.0,0.0012401818933443572,0.0,0.0,0.00020669698222405952,0.00020669698222405952,0.0,0.00020669698222405952,0.00020669698222405952,0.0,0.00020669698222405952,0.0,0.00020669698222405952,0.0006200909466721786,0.0006200909466721786,0.0,0.0,0.00020669698222405952,0.0,0.0,0.0,0.0008267879288962381,0.0,0.00020669698222405952,0.00020669698222405952,0.0,0.0,0.00020669698222405952,0.0,0.0,0.0,0.0,0.00020669698222405952,0.0,0.0,0.00020669698222405952,0.00020669698222405952,0.0,0.0,0.0,0.0,0.0,0.0,0.0,0.00020669698222405952,0.0,0.0,0.0,0.0,0.0,0.00020669698222405952,0.0,0.0,0.00020669698222405952,0.0,0.0,0.0,0.0,0.0,0.0,0.0,0.00020669698222405952,0.0,0.0006200909466721786,0.00020669698222405952,0.0,0.0,0.0,0.0,0.00020669698222405952,0.0,0.00020669698222405952,0.00020669698222405952,0.00020669698222405952,0.0,0.00020669698222405952,0.0,0.00020669698222405952
71,71.0,11604.0,0.9127025163736643,0.0001723543605653223,0.0002585315408479835,0.0001723543605653223,0.00043088590141330575,0.0002585315408479835,0.0003447087211306446,0.0002585315408479835,0.0002585315408479835,0.0,0.024043433298862462,0.9875043088590142,1.0,0.019045156842468113,0.009824198552223372,0.008445363667700793,0.011633919338159255,0.006549465701482247,0.007238883143743537,0.009220958290244743,0.008617718028266115,0.0012926577042399173,8.617718028266115e-05,0.0001723543605653223,8.617718028266115e-05,0.0003447087211306446,0.0002585315408479835,0.0003447087211306446,0.0003447087211306446,0.000517063081695967,0.000603240261978628,0.0003447087211306446,8.617718028266115e-05,0.0001723543605653223,0.00043088590141330575,0.0,0.0002585315408479835,0.0003447087211306446,0.0001723543605653223,0.0019820751465012064,0.003360910031023785,0.0009479489831092727,0.0003447087211306446,0.0007755946225439504,8.617718028266115e-05,0.002068252326783868,0.002326783867631851,0.000603240261978628,0.0002585315408479835,0.0003447087211306446,0.0003447087211306446,0.0025853154084798345,0.002412961047914512,0.0009479489831092727,0.0003447087211306446,0.0003447087211306446,0.00043088590141330575,0.0001723543605653223,0.0003447087211306446,0.0006894174422612892,0.0,0.0001723543605653223,0.0002585315408479835,0.00043088590141330575,8.617718028266115e-05,0.0007755946225439504,0.0001723543605653223,0.000603240261978628,0.0001723543605653223,0.00224060668734919,0.0002585315408479835,0.00224060668734919,0.00043088590141330575,0.0002585315408479835,0.000517063081695967,0.0002585315408479835,0.000517063081695967,0.0001723543605653223,0.0003447087211306446,0.0001723543605653223,0.0001723543605653223,0.0003447087211306446,0.0006894174422612892,0.0002585315408479835,0.0002585315408479835,0.0002585315408479835,0.0001723543605653223,0.0002585315408479835,0.00043088590141330575,0.0,0.0002585315408479835,0.0003447087211306446,0.000517063081695967,0.000517063081695967,0.00043088590141330575,0.000603240261978628,0.0002585315408479835,0.0003447087211306446,0.0001723543605653223,0.000517063081695967,0.000517063081695967,0.0018958979662185454,0.0001723543605653223,0.00043088590141330575,0.000517063081695967,0.0002585315408479835,0.0003447087211306446,0.0001723543605653223,0.0003447087211306446,0.0001723543605653223,0.0003447087211306446,0.0001723543605653223,0.0003447087211306446,0.0002585315408479835,0.00043088590141330575,0.00043088590141330575,0.00043088590141330575,0.0002585315408479835,0.0002585315408479835,0.000517063081695967,0.0002585315408479835
72,72.0,2051.0,0.0,0.0,0.0,1.0,1.0,1.0,0.0,0.0,0.0,0.00048756704046806434,0.0009751340809361287,0.001462701121404193,0.0,0.0,0.001462701121404193,0.0,0.0,0.0,0.0,0.0,0.0,0.0009751340809361287,0.01803998049731838,0.013651877133105802,0.017064846416382253,0.016089712335446125,0.018527547537786446,0.01901511457825451,0.017064846416382253,0.019990248659190638,0.017064846416382253,0.017064846416382253,0.018527547537786446,0.01803998049731838,0.0009751340809361287,0.008776206728425159,0.005850804485616772,0.008288639687957094,0.0078010726474890294,0.0009751340809361287,0.0048756704046806435,0.0,0.0,0.0,0.0,0.0,0.0,0.0,0.0,0.0,0.0,0.0,0.0,0.0,0.0,0.0,0.00048756704046806434,0.0,0.0,0.0,0.0,0.0,0.0,0.0,0.0,0.0,0.0,0.0,0.0,0.0,0.0,0.0,0.0,0.0,0.0,0.0,0.0,0.00048756704046806434,0.00048756704046806434,0.0,0.0,0.0,0.0,0.0,0.0,0.0,0.0,0.0,0.0,0.0,0.0,0.0,0.0,0.0,0.0,0.0,0.0,0.0,0.0,0.0,0.0,0.0,0.0,0.0,0.0,0.0,0.0,0.0,0.0,0.0,0.0,0.0,0.0,0.0,0.0,0.0,0.0,0.0,0.0,0.0,0.0
73,73.0,193.0,0.0,0.0,0.0,0.0,0.0,0.0,0.0,0.0,0.0051813471502590676,0.18652849740932642,0.9119170984455959,0.17098445595854922,0.09326424870466321,0.06217616580310881,0.11917098445595856,0.02072538860103627,0.10880829015544041,0.05181347150259068,0.05699481865284974,0.07253886010362695,0.08808290155440415,0.0051813471502590676,0.0,0.0,0.0,0.0,0.0,0.0,0.0,0.0,0.0,0.0,0.0,0.0,0.0,0.0,0.0,0.0,0.0,0.0,0.7305699481865285,0.0051813471502590676,0.0,0.0,0.0,0.8860103626943006,0.917098445595855,0.8393782383419689,0.0,0.8238341968911918,0.8963730569948187,0.8860103626943006,0.0051813471502590676,0.8911917098445596,0.8341968911917099,0.8860103626943006,0.0,0.0,0.8963730569948187,0.0,0.0,0.0,0.0,0.6839378238341969,0.0051813471502590676,0.2538860103626943,0.0051813471502590676,0.0,0.0,0.0,0.0,0.0,0.0,0.0,0.0,0.0,0.0,0.0,0.0,0.0,0.0,0.0,0.0051813471502590676,0.0,0.0,0.0051813471502590676,0.0,0.0,0.0,0.0,0.0,0.0,0.0,0.0051813471502590676,0.0,0.0,0.0,0.0,0.0,0.0,0.0,0.0,0.0,0.0,0.0,0.0,0.0,0.0,0.0,0.0,0.0,0.0,0.0051813471502590676,0.0,0.0,0.0,0.0,0.0,0.0,0.0051813471502590676,0.0
74,74.0,4464.0,0.0,1.0,1.0,0.0,0.0,1.0,0.2907706093189964,0.12029569892473119,0.13261648745519714,0.00044802867383512545,0.0013440860215053765,0.0011200716845878136,0.0,0.0,0.0008960573476702509,0.0,0.0,0.0,0.0,0.0,0.00022401433691756272,0.0038082437275985663,0.019489247311827957,0.01881720430107527,0.020833333333333332,0.02620967741935484,0.023297491039426525,0.021953405017921146,0.018369175627240143,0.01635304659498208,0.016129032258064516,0.016129032258064516,0.023521505376344086,0.01568100358422939,0.0011200716845878136,0.014336917562724014,0.012544802867383513,0.008512544802867384,0.0,0.0020161290322580645,0.0038082437275985663,0.00044802867383512545,0.0,0.0,0.002240143369175627,0.0,0.0,0.00022401433691756272,0.00022401433691756272,0.0,0.0,0.0,0.0,0.0,0.0,0.0,0.00044802867383512545,0.00044802867383512545,0.0,0.0,0.0,0.0,0.0,0.0,0.00022401433691756272,0.0,0.0,0.0,0.0,0.0,0.0,0.0,0.0,0.0,0.00022401433691756272,0.0,0.0,0.0006720430107526882,0.00044802867383512545,0.0,0.0,0.0,0.0,0.0,0.0,0.0,0.0,0.0,0.00022401433691756272,0.0,0.0,0.0,0.0,0.0,0.0,0.0,0.0,0.0,0.0,0.0,0.0,0.0,0.0,0.0,0.00022401433691756272,0.0,0.0,0.0,0.0,0.0,0.0,0.0,0.0,0.0,0.0,0.0,0.0,0.0,0.0,0.0,0.0
75,75.0,258.0,0.0,1.0,0.4573643410852713,0.5232558139534884,0.09689922480620156,1.0,0.35271317829457366,0.375968992248062,0.07751937984496124,0.0,0.0,0.0,0.0,0.0,0.0,0.0,0.0,0.0,0.0,0.0,0.0,0.0,0.03875968992248062,0.015503875968992248,0.031007751937984496,0.031007751937984496,0.015503875968992248,0.023255813953488372,0.03875968992248062,0.031007751937984496,0.011627906976744186,0.04263565891472868,0.04263565891472868,0.023255813953488372,0.0,0.011627906976744186,0.015503875968992248,0.01937984496124031,1.0,0.0,0.0,0.0,0.0,0.0,0.0,0.0,0.0,0.0,0.0,0.0,0.0,0.0,0.0,0.0,0.0,0.0,0.0,0.0,0.0,0.0,0.0,0.0,0.0,0.0,0.0,0.0,0.0,0.0,0.0,0.0,0.0,0.0,0.0,0.0,0.0,0.0,0.0,0.0,0.0,0.0,0.0,0.0,0.0,0.0,0.0,0.0,0.0,0.0,0.0,0.0,0.0,0.0,0.0,0.0,0.0,0.0,0.0,0.0,0.0,0.0,0.0,0.0,0.0,0.0,0.0,0.0,0.0,0.0,0.0,0.0,0.0,0.0,0.0,0.0,0.0,0.0,0.0,0.0,0.0,0.0,0.0
76,76.0,731.0,0.0,0.9917695473251028,0.99039780521262,0.9986282578875171,0.9958847736625513,0.9945130315500685,0.9931412894375856,0.9794238683127572,0.9739368998628257,0.0,0.0,0.0,0.0,0.0,0.0,0.0,0.0,0.0,0.0,0.0,0.0,0.0013717421124828531,0.8518518518518517,0.17695473251028807,0.07270233196159122,0.2633744855967078,0.24142661179698216,0.2620027434842249,0.06172839506172839,0.0672153635116598,0.13031550068587106,0.8381344307270232,0.8244170096021948,0.784636488340192,0.0,0.1344307270233196,0.10562414266117968,0.14266117969821673,0.14814814814814814,0.0,0.0027434842249657062,0.0,0.0,0.0,0.0013717421124828531,0.0,0.0,0.0,0.0,0.0,0.0,0.0,0.0,0.0,0.0,0.0,0.0,0.0,0.0,0.0,0.0,0.0,0.0,0.0,0.0,0.0,0.0,0.0,0.0,0.0,0.0,0.0,0.0,0.0,0.0,0.0,0.0,0.0,0.0013717421124828531,0.0,0.0,0.0,0.0,0.0,0.0,0.0,0.0,0.0,0.0,0.0,0.0,0.0,0.0,0.0,0.0,0.0,0.0,0.0,0.0,0.0,0.0,0.0,0.0,0.0,0.0013717421124828531,0.0,0.0,0.0,0.0,0.0,0.0,0.0,0.0,0.0,0.0,0.0,0.0,0.0,0.0,0.0,0.0
77,77.0,3415.0,0.0,1.0,0.0,0.0,0.0,0.0,0.0,0.0,1.0,0.0,0.0,0.00029282576866764275,0.0,0.0,0.0005856515373352855,0.0,0.00029282576866764275,0.0,0.0,0.0,0.0,0.0014641288433382138,0.008199121522693998,0.008784773060029283,0.008784773060029283,0.007613469985358712,0.008199121522693998,0.005856515373352855,0.010834553440702782,0.005856515373352855,0.009077598828696925,0.008784773060029283,0.006149341142020498,0.009663250366032211,0.0,0.005856515373352855,0.005563689604685213,0.0017569546120058564,0.003806734992679356,0.0035139092240117128,0.0029282576866764276,0.0,0.0,0.0,0.0008784773060029282,0.0,0.0,0.0,0.0,0.0,0.0,0.0,0.0,0.0,0.0,0.0,0.0,0.0,0.0,0.0,0.0,0.0,0.0,0.0,0.0,0.0,0.0,0.0,0.0,0.0,0.0,0.0,0.0,0.0,0.00029282576866764275,0.0,0.0,0.0,0.0,0.0,0.0,0.0,0.0,0.0,0.0,0.0,0.0,0.0,0.0008784773060029282,0.0,0.0,0.0,0.0,0.0,0.0,0.0,0.0,0.0,0.0,0.0,0.0,0.0,0.0,0.0,0.0,0.0,0.0,0.0,0.0,0.0,0.0,0.0,0.0,0.0,0.0,0.0,0.0,0.0,0.0,0.0,0.0
78,78.0,6592.0,0.0,0.0,0.0,0.0,0.9999999999999999,0.0,0.9999999999999999,0.0,0.0,0.0,0.0,0.0,0.00015169902912621358,0.0,0.00015169902912621358,0.0,0.0,0.0,0.0,0.0,0.0,0.003944174757281553,0.009708737864077669,0.00804004854368932,0.009708737864077669,0.005157766990291262,0.008191747572815534,0.009405339805825242,0.007736650485436892,0.009101941747572815,0.009253640776699028,0.00804004854368932,0.009557038834951456,0.009708737864077669,0.00030339805825242716,0.003337378640776699,0.0048543689320388345,0.0037924757281553394,0.003944174757281553,0.0034890776699029124,0.002882281553398058,0.0007584951456310678,0.0,0.0,0.0012135922330097086,0.0,0.0,0.00015169902912621358,0.0,0.0,0.0,0.0,0.0,0.0,0.0,0.0,0.0006067961165048543,0.00045509708737864074,0.0,0.0,0.0,0.0,0.0,0.0,0.00045509708737864074,0.0,0.00015169902912621358,0.0,0.00015169902912621358,0.0,0.00015169902912621358,0.0,0.0,0.0,0.0,0.0,0.0,0.00015169902912621358,0.00015169902912621358,0.0,0.00015169902912621358,0.0,0.0,0.00015169902912621358,0.0,0.00015169902912621358,0.0,0.0,0.0007584951456310678,0.0,0.0,0.0,0.0,0.00015169902912621358,0.0,0.0,0.0,0.00015169902912621358,0.0,0.00015169902912621358,0.0,0.0,0.0,0.0,0.0,0.0,0.00015169902912621358,0.0,0.0,0.0,0.0,0.0,0.0,0.0,0.00030339805825242716,0.0,0.0,0.00015169902912621358,0.00015169902912621358,0.0,0.00015169902912621358
79,79.0,4341.0,0.0,0.0,1.0,0.0,0.0,0.22990094448283804,0.0,0.0,1.0,0.000230361667818475,0.0,0.0,0.000230361667818475,0.0,0.00046072333563695,0.000230361667818475,0.0,0.0,0.0,0.0,0.0,0.004376871688551025,0.0101359133840129,0.0119788067265607,0.00875374337710205,0.010366275051831375,0.009444828380557475,0.01059663671964985,0.0119788067265607,0.010366275051831375,0.0073715733701912,0.0082930200414651,0.01059663671964985,0.010366275051831375,0.0,0.005298318359824925,0.006219765031098825,0.0046072333563695,0.00506795669200645,0.002073255010366275,0.0036857866850956,0.0,0.0,0.0,0.0,0.0,0.0,0.0,0.0,0.0,0.0,0.0,0.0,0.0,0.0,0.0,0.0,0.0,0.0,0.0,0.000230361667818475,0.0,0.0,0.0,0.00046072333563695,0.0,0.0,0.0,0.0,0.0,0.0,0.0,0.000230361667818475,0.0,0.0,0.0,0.0,0.0,0.0,0.0,0.0,0.0,0.0,0.0,0.0,0.0,0.0,0.0,0.000230361667818475,0.0,0.0,0.0,0.0,0.0,0.0,0.0,0.0,0.0,0.0,0.0,0.0,0.0,0.0,0.0,0.0,0.0,0.0,0.0,0.0,0.0,0.0,0.0,0.0,0.0,0.0,0.0,0.0,0.0,0.0,0.0,0.0
80,80.0,3106.0,0.0,1.0,1.0,0.5399227301996137,1.0,1.0,0.0,0.0,0.0,0.000643915003219575,0.0019317450096587251,0.0016097875080489374,0.0,0.0,0.000643915003219575,0.0,0.0,0.0,0.0,0.0,0.0,0.00128783000643915,0.03444945267224726,0.030907920154539602,0.032839665164198326,0.03316162266580811,0.03638119768190599,0.032839665164198326,0.03638119768190599,0.032839665164198326,0.030585962652929812,0.030907920154539602,0.03638119768190599,0.031551835157759174,0.0,0.015775917578879587,0.015453960077269801,0.015775917578879587,0.015132002575660013,0.000643915003219575,0.004829362524146812,0.0,0.0,0.0,0.0016097875080489374,0.0,0.0003219575016097875,0.0,0.0,0.0,0.0,0.0,0.0,0.0,0.0,0.0,0.0,0.0,0.0,0.0,0.0,0.0,0.0,0.0,0.0003219575016097875,0.0,0.0003219575016097875,0.0,0.0,0.0,0.0,0.0,0.0,0.0,0.0,0.0,0.0,0.0,0.0,0.0,0.0,0.0,0.0,0.0,0.0,0.0,0.0,0.0,0.0,0.0,0.0,0.0,0.0,0.0,0.0,0.0,0.0,0.0,0.0,0.0,0.0,0.0,0.0,0.0,0.0,0.0,0.0,0.0,0.0,0.0,0.0,0.0,0.0,0.0,0.0,0.0,0.0,0.0,0.0,0.0,0.0
81,81.0,651.0,0.0,0.9922600619195047,0.9922600619195047,0.998452012383901,0.998452012383901,0.9969040247678019,0.998452012383901,0.9891640866873066,0.9938080495356038,0.0,0.0,0.0,0.0,0.0,0.0015479876160990713,0.0,0.0,0.0,0.0,0.0,0.0,0.0,0.3142414860681115,0.34984520123839014,0.7321981424148607,0.16408668730650156,0.7647058823529412,0.1996904024767802,0.29411764705882354,0.24148606811145512,0.8343653250773995,0.14396284829721362,0.5603715170278638,0.6207430340557276,0.0,0.20123839009287928,0.8405572755417957,0.4520123839009288,0.5092879256965944,0.006191950464396285,0.0030959752321981426,0.0015479876160990713,0.0,0.0,0.0030959752321981426,0.0,0.0,0.0,0.0,0.0,0.0,0.0,0.0,0.0,0.0,0.0,0.0015479876160990713,0.0015479876160990713,0.0,0.0,0.0,0.0,0.0,0.0,0.0,0.0,0.0,0.0,0.0,0.0,0.0,0.0,0.0,0.0,0.0,0.0,0.0,0.0,0.0015479876160990713,0.0,0.0,0.0,0.0,0.0,0.0,0.0,0.0,0.0,0.0,0.0,0.0,0.0,0.0,0.0,0.0,0.0,0.0,0.0,0.0,0.0,0.0,0.0,0.0,0.0,0.0,0.0,0.0,0.0,0.0,0.0,0.0,0.0,0.0,0.0,0.0,0.0,0.0,0.0,0.0,0.0,0.0
82,82.0,6676.0,0.0,0.0,0.0,0.0,1.0,1.0,0.0,0.0,0.0,0.00014979029358897544,0.00014979029358897544,0.001048532055122828,0.0,0.0,0.001048532055122828,0.0,0.0,0.0,0.0,0.0,0.0,0.0029958058717795086,0.011234272019173158,0.009736369083283403,0.006141402037147993,0.008837627321749551,0.009586578789694428,0.007789095266626723,0.007938885560215698,0.007789095266626723,0.010335530257639305,0.011384062312762133,0.007938885560215698,0.007639304973037747,0.0,0.003744757339724386,0.003744757339724386,0.0035949670461354107,0.003445176752546435,0.0019472738166566807,0.002396644697423607,0.0002995805871779509,0.0,0.0,0.0019472738166566807,0.0,0.0,0.0,0.0,0.0,0.00014979029358897544,0.0,0.0,0.0,0.0,0.0,0.00014979029358897544,0.0002995805871779509,0.0,0.0,0.0,0.0,0.0,0.00014979029358897544,0.00014979029358897544,0.0,0.0,0.00014979029358897544,0.0,0.0,0.0,0.0,0.0,0.0,0.0,0.0,0.0,0.0,0.0002995805871779509,0.0,0.0,0.0,0.0,0.0,0.0,0.0,0.0,0.0,0.0,0.0,0.0,0.0,0.0,0.0,0.0,0.0,0.0,0.0,0.0,0.0,0.0,0.0,0.0,0.0,0.00014979029358897544,0.0,0.0,0.0,0.0,0.0,0.0,0.0,0.0,0.0,0.0,0.0,0.0,0.0,0.0,0.0,0.0
83,83.0,1231.0,0.0,0.9886086248982913,0.9780309194467046,0.9804719283970708,0.9812855980471928,0.9861676159479251,0.9804719283970708,0.969080553295362,0.9259560618388933,0.0,0.0,0.0008136696501220504,0.0,0.0,0.0040683482506102524,0.0,0.0,0.0,0.0,0.0,0.0,0.0008136696501220504,0.15052888527257932,0.15134255492270138,0.13832384052074856,1.0,0.10089503661513426,0.12367778681855167,0.09194467046379169,1.0,0.13262815296989422,0.14564686737184704,0.14483319772172498,0.08950366151342555,0.0,0.09438567941415785,0.11798209926769732,0.11716842961757526,0.10414971521562245,0.0016273393002441008,0.008950366151342554,0.0,0.0,0.0,0.0024410089503661514,0.0,0.0,0.0,0.0,0.0,0.0,0.0,0.0,0.0,0.0,0.0,0.0,0.0,0.0,0.0,0.0,0.0,0.0,0.0,0.0016273393002441008,0.0,0.0,0.0,0.0,0.0,0.0,0.0,0.0,0.0,0.0,0.0,0.0,0.0,0.0,0.0,0.0,0.0,0.0,0.0,0.0,0.0,0.0,0.0,0.0,0.0,0.0,0.0,0.0,0.0,0.0,0.0,0.0,0.0,0.0,0.0,0.0,0.0,0.0,0.0,0.0,0.0,0.0008136696501220504,0.0,0.0,0.0,0.0,0.0,0.0,0.0,0.0,0.0,0.0,0.0,0.0,0.0,0.0
84,84.0,1544.0,0.0,0.9814585908529048,0.9839307787391841,0.976514215080346,0.9870210135970333,0.9758961681087762,0.9808405438813349,0.9548825710754016,0.9406674907292953,0.0012360939431396785,0.0012360939431396785,0.0012360939431396785,0.0,0.0006180469715698393,0.0006180469715698393,0.0,0.0006180469715698393,0.0006180469715698393,0.0006180469715698393,0.0006180469715698393,0.0006180469715698393,0.0,0.9029666254635351,0.10692212608158219,0.6872682323856613,0.11248454882571074,0.09703337453646477,0.10754017305315203,0.027194066749072928,0.05067985166872682,0.10630407911001236,0.05129789864029666,0.572929542645241,0.019159456118665017,0.0,0.08838071693448701,0.07972805933250926,0.06798516687268231,0.06860321384425215,0.0006180469715698393,0.002472187886279357,0.0,0.0,0.0,0.005562422744128553,0.0,0.0,0.0,0.0006180469715698393,0.0,0.0,0.0,0.0,0.0,0.0,0.0,0.0,0.0,0.0,0.0,0.0,0.0,0.0,0.0,0.0,0.0,0.0,0.0,0.0,0.0,0.0,0.0,0.0,0.0,0.0,0.0,0.0,0.0,0.0006180469715698393,0.0,0.0,0.0,0.0,0.0,0.0,0.0,0.0,0.0,0.0,0.0,0.0,0.0,0.0,0.0,0.0,0.0,0.0,0.0,0.0,0.0,0.0,0.0,0.0,0.0,0.0,0.0,0.0,0.0,0.0,0.0,0.0,0.0,0.0,0.0,0.0,0.0,0.0,0.0,0.0,0.0,0.0
85,85.0,4401.0,0.0,1.0,0.0,0.0,0.0,0.0,0.0,0.0,0.0,0.0009088843444671666,0.0006816632583503749,0.003862758463985458,0.00022722108611679165,0.0,0.0018177686889343332,0.0004544421722335833,0.0,0.0,0.0,0.0,0.00022722108611679165,0.07407407407407408,0.04226312201772325,0.04112701658713929,0.048170870256759826,0.04544421722335833,0.041808679845489666,0.05203362872074529,0.04021813224267212,0.049079754601226995,0.043626448534423996,0.048170870256759826,0.04680754374005908,0.049988638945694164,0.0004544421722335833,0.022949329697795957,0.021813224267211998,0.021586003181095208,0.021131561008861623,0.03885480572597137,0.0022722108611679167,0.0029538741195182915,0.0,0.00022722108611679165,0.013178822994773916,0.0,0.00022722108611679165,0.0013633265167007499,0.00022722108611679165,0.00022722108611679165,0.0006816632583503749,0.0004544421722335833,0.0,0.0,0.0,0.00022722108611679165,0.0029538741195182915,0.002499431947284708,0.00022722108611679165,0.00022722108611679165,0.00022722108611679165,0.0009088843444671666,0.0,0.0,0.0029538741195182915,0.0,0.0015905476028175414,0.0004544421722335833,0.00022722108611679165,0.0004544421722335833,0.00022722108611679165,0.0,0.0,0.0,0.0,0.00022722108611679165,0.0,0.0,0.002044989775051125,0.0,0.0004544421722335833,0.00022722108611679165,0.0,0.00022722108611679165,0.0,0.00022722108611679165,0.0,0.00022722108611679165,0.003181095205635083,0.00022722108611679165,0.00022722108611679165,0.0,0.0,0.0004544421722335833,0.0,0.0,0.00022722108611679165,0.00022722108611679165,0.00022722108611679165,0.0,0.0,0.00022722108611679165,0.0,0.0,0.0004544421722335833,0.0,0.002044989775051125,0.0,0.0,0.0004544421722335833,0.0,0.0,0.0,0.0,0.00022722108611679165,0.0,0.0,0.0,0.0,0.00022722108611679165,0.0
86,86.0,588.0,0.0,0.0,0.0,0.0,0.0,0.0,0.0,0.0,0.0,0.0,0.0,0.0,0.003401360544217687,0.003401360544217687,0.0,0.0,0.0,0.003401360544217687,0.0,0.0017006802721088435,0.0,0.0,0.0,0.0017006802721088435,0.0,0.0,0.0017006802721088435,0.0,0.0,0.0,0.0017006802721088435,0.0,0.0,0.0,0.0,0.0,0.0,0.0,0.0017006802721088435,0.0,0.0017006802721088435,0.003401360544217687,0.0,0.0,0.0,0.0,0.0,0.0,0.003401360544217687,0.0,0.0017006802721088435,0.0,0.003401360544217687,0.0,0.0,0.0,0.0,0.0017006802721088435,0.0,0.0,0.0017006802721088435,0.003401360544217687,0.0,0.0017006802721088435,0.0017006802721088435,0.0,0.0017006802721088435,0.0,0.003401360544217687,0.0,0.0,0.0017006802721088435,1.0,0.0,0.0,0.0,0.0,0.0,0.0017006802721088435,0.0,0.0017006802721088435,0.0,0.0,0.0,0.0,0.0,0.0,0.0,0.0,0.0017006802721088435,0.0017006802721088435,0.0017006802721088435,0.003401360544217687,0.0,0.0017006802721088435,0.0017006802721088435,0.0017006802721088435,0.0,0.0017006802721088435,0.0017006802721088435,0.0,0.0017006802721088435,0.0,0.0,0.0017006802721088435,0.0,0.0,0.0,0.0,0.0017006802721088435,0.0,0.0,0.0017006802721088435,0.0,0.0,0.0,0.0,0.0017006802721088435,0.0017006802721088435,0.0017006802721088435,0.0
87,87.0,759.0,0.003952569169960474,0.0,0.5375494071146245,0.48616600790513836,0.0,0.056653491436100135,0.06851119894598155,0.030303030303030304,0.0,0.0,0.0,0.0,0.002635046113306983,0.003952569169960474,0.0,0.0,0.0,0.0,0.0,0.0,0.0,0.002635046113306983,0.02503293807641634,0.014492753623188406,0.022397891963109356,0.01844532279314888,0.017127799736495388,0.021080368906455864,1.0,0.015810276679841896,0.021080368906455864,0.02503293807641634,0.005270092226613966,0.028985507246376812,0.0,0.007905138339920948,0.011857707509881424,0.00922266139657444,0.00922266139657444,0.006587615283267458,0.0,0.003952569169960474,0.0,0.0,0.007905138339920948,0.002635046113306983,0.003952569169960474,0.0,0.0,0.0,0.0,0.002635046113306983,0.0,0.0,0.0,0.0013175230566534915,0.002635046113306983,0.002635046113306983,0.0,0.0,0.0,0.0,0.0,0.0,0.003952569169960474,0.0,0.0,0.0,0.0,0.002635046113306983,0.0,0.003952569169960474,0.0,0.0,0.0,0.0,0.0,0.0,0.0,0.0,0.0013175230566534915,0.0,0.0,0.0013175230566534915,0.0,0.0013175230566534915,0.0013175230566534915,0.0,0.0,0.0,0.0,0.0,0.0,0.0,0.0,0.0,0.0,0.0,0.0,0.0,0.0,0.0,0.0,0.0,0.0,0.0,0.0,0.0,0.0,0.0,0.0,0.0,0.0013175230566534915,0.0013175230566534915,0.0,0.0,0.0013175230566534915,0.0013175230566534915,0.0,0.0,0.0
88,88.0,3379.0,0.0,0.0,0.0,0.0,1.0,0.0,0.0,0.0,1.0,0.0,0.0002959455460195324,0.0,0.0,0.0,0.0005918910920390648,0.0,0.0,0.0,0.0,0.0,0.0,0.005031074282332051,0.012725658478839894,0.007990529742527376,0.007694584196507843,0.009470257472625037,0.007102693104468778,0.009174311926605505,0.00858242083456644,0.007398638650488311,0.009470257472625037,0.010062148564664102,0.010062148564664102,0.006806747558449245,0.0,0.004143237644273454,0.004143237644273454,0.0029594554601953243,0.004735128736312519,0.0008878366380585972,0.0026635099141757916,0.0,0.0,0.0,0.0014797277300976621,0.0,0.0,0.0002959455460195324,0.0,0.0,0.0,0.0002959455460195324,0.0002959455460195324,0.0,0.0,0.0,0.0,0.0,0.0,0.0,0.0,0.0,0.0,0.0,0.0002959455460195324,0.0,0.0,0.0,0.0,0.0,0.0,0.0,0.0,0.0,0.0,0.0,0.0,0.0,0.0,0.0,0.0,0.0,0.0,0.0,0.0,0.0,0.0,0.0,0.0002959455460195324,0.0,0.0,0.0,0.0,0.0,0.0,0.0,0.0,0.0,0.0,0.0,0.0,0.0,0.0,0.0002959455460195324,0.0,0.0,0.0,0.0,0.0,0.0,0.0,0.0,0.0,0.0,0.0,0.0,0.0,0.0,0.0,0.0,0.0
89,89.0,3965.0,0.0,0.0,1.0,0.33694829760403533,1.0,0.0,1.0,0.14627994955863807,0.0,0.0,0.0,0.0,0.0,0.0,0.0,0.00025220680958385876,0.0,0.0,0.0,0.0,0.0,0.0017654476670870113,0.02395964691046658,0.02042875157629256,0.019167717528373266,0.020933165195460277,0.018915510718789406,0.01866330390920555,0.021437578814627996,0.02042875157629256,0.01841109709962169,0.02068095838587642,0.02194199243379571,0.02421185372005044,0.00025220680958385876,0.009331651954602775,0.008827238335435056,0.008575031525851198,0.006305170239596469,0.001008827238335435,0.00201765447667087,0.0,0.0,0.0,0.00025220680958385876,0.0,0.0,0.0,0.0,0.0,0.0,0.0,0.0,0.0,0.0,0.0,0.0,0.0,0.0,0.0,0.0,0.0,0.0,0.0,0.00025220680958385876,0.0,0.0,0.0,0.0,0.0,0.0,0.0,0.0,0.0,0.0,0.0,0.0,0.00025220680958385876,0.00025220680958385876,0.0,0.0,0.0,0.0,0.0,0.0,0.0,0.0,0.00025220680958385876,0.00025220680958385876,0.0,0.0,0.0,0.0,0.0,0.0,0.0,0.0,0.0,0.0,0.00025220680958385876,0.0,0.0,0.0,0.0,0.0,0.0,0.0005044136191677175,0.0,0.0,0.0,0.0,0.0,0.0,0.0,0.0,0.0,0.0,0.0,0.0,0.0,0.00025220680958385876
90,90.0,808.0,0.0,0.9878640776699028,0.9939320388349514,0.9902912621359222,0.9927184466019416,0.9866504854368932,0.9939320388349514,0.9817961165048543,0.9720873786407767,0.0,0.0,0.0,0.0,0.0,0.0012135922330097086,0.0,0.0,0.0,0.0,0.0,0.0,0.0,0.09223300970873785,0.7463592233009708,0.35800970873786403,0.12378640776699028,0.19902912621359223,0.895631067961165,0.21723300970873785,0.8725728155339805,0.733009708737864,0.08980582524271843,0.08980582524271843,0.2682038834951456,0.0,0.17718446601941745,0.09223300970873785,0.15048543689320387,0.1529126213592233,0.0,0.006067961165048543,0.0,0.0,0.0,0.0024271844660194173,0.0,0.0,0.0,0.0,0.0,0.0,0.0,0.0,0.0,0.0,0.0,0.0,0.0,0.0,0.0,0.0,0.0,0.0,0.0,0.0,0.0,0.0,0.0,0.0,0.0,0.0,0.0,0.0,0.0,0.0,0.0,0.0,0.0,0.0012135922330097086,0.0,0.0,0.0,0.0,0.0,0.0,0.0,0.0,0.0,0.0,0.0,0.0,0.0,0.0,0.0,0.0,0.0,0.0,0.0,0.0,0.0,0.0,0.0,0.0,0.0,0.0,0.0,0.0012135922330097086,0.0,0.0,0.0,0.0,0.0,0.0,0.0,0.0,0.0,0.0,0.0,0.0,0.0,0.0
91,91.0,959.0,0.0,1.0,1.0,0.9989484752891693,0.9978969505783386,0.9978969505783386,1.0,0.9947423764458464,0.9947423764458464,0.0,0.0,0.0,0.0,0.0,0.0,0.0,0.0,0.0,0.0,0.0,0.0,0.0010515247108307045,0.8222923238696109,0.879074658254469,0.8464773922187171,0.9600420609884331,0.8517350157728706,0.8569926393270242,0.797055730809674,0.8454258675078864,0.8212407991587802,0.9295478443743428,0.8002103049421662,0.8496319663512092,0.0,0.0,0.3785488958990536,0.7234490010515247,0.2744479495268139,0.0,0.004206098843322818,0.0,0.0,0.0,0.002103049421661409,0.0,0.0,0.0,0.0,0.0,0.0,0.0,0.0,0.0010515247108307045,0.0,0.0,0.0,0.0,0.0,0.0,0.0,0.0,0.0,0.0,0.002103049421661409,0.0,0.0,0.0,0.0,0.0,0.0,0.0,0.0,0.0,0.0,0.0,0.0,0.0,0.0,0.0,0.0,0.0,0.0,0.0,0.0,0.0,0.0,0.0,0.002103049421661409,0.0,0.0,0.0,0.0,0.0,0.0,0.0,0.0,0.0,0.0,0.0,0.0,0.0,0.0,0.0,0.0010515247108307045,0.0,0.0010515247108307045,0.0,0.0,0.0,0.0,0.0,0.0,0.0,0.0,0.0,0.0,0.0,0.0,0.0,0.0
92,92.0,923.0,0.0,0.986096256684492,0.9764705882352941,0.9807486631016042,0.9850267379679145,0.9711229946524065,0.9796791443850268,0.9176470588235295,0.8941176470588236,0.0021390374331550803,0.0,0.0,0.0,0.0,0.0010695187165775401,0.0,0.0,0.0,0.0,0.0,0.0,0.0,1.0,0.0,0.06096256684491979,0.1486631016042781,0.14545454545454545,0.21711229946524066,1.0,0.22139037433155082,0.19144385026737967,0.19144385026737967,0.0,0.0,0.0,0.08128342245989305,0.10267379679144385,0.1144385026737968,0.08556149732620322,0.0010695187165775401,0.005347593582887701,0.0,0.0,0.0,0.0032085561497326204,0.0,0.0,0.0,0.0,0.0,0.0,0.0,0.0,0.0,0.0,0.0,0.0,0.0,0.0,0.0,0.0,0.0,0.0,0.0,0.0010695187165775401,0.0,0.0,0.0,0.0,0.0,0.0,0.0,0.0,0.0,0.0,0.0,0.0,0.0032085561497326204,0.0010695187165775401,0.0,0.0,0.0,0.0,0.0,0.0,0.0,0.0,0.0,0.0,0.0,0.0,0.0,0.0,0.0,0.0,0.0,0.0,0.0,0.0,0.0,0.0,0.0,0.0,0.0,0.0,0.0,0.0,0.0,0.0,0.0,0.0,0.0,0.0,0.0,0.0,0.0,0.0,0.0,0.0,0.0,0.0
93,93.0,4407.0,0.0,0.225096437485818,0.0,1.0,0.0,0.0,0.0,0.0,1.0,0.0,0.0,0.0,0.0,0.0,0.0,0.0,0.0,0.0,0.0,0.0,0.0,0.0034036759700476512,0.009984116178806445,0.008622645790787383,0.008168822328114363,0.012480145223508056,0.009757204447469935,0.008395734059450873,0.011345586566825504,0.008395734059450873,0.010437939641479464,0.007261175402768323,0.009757204447469935,0.009530292716133424,0.0,0.004538234626730202,0.004538234626730202,0.004992058089403222,0.005445881552076242,0.0020422055820285907,0.0029498525073746312,0.0,0.0,0.0,0.0006807351940095302,0.0,0.0,0.0,0.0002269117313365101,0.0,0.0,0.0,0.0,0.0,0.0,0.0,0.0,0.0,0.0,0.0,0.0,0.0,0.0,0.0,0.0002269117313365101,0.0,0.0,0.0,0.0,0.0,0.0,0.0,0.0,0.0,0.0,0.0,0.0,0.0,0.0,0.0,0.0,0.0,0.0,0.0,0.0,0.0,0.0,0.0,0.0002269117313365101,0.0,0.0,0.0,0.0,0.0,0.0,0.0,0.0,0.0,0.0,0.0,0.0,0.0,0.0,0.0,0.0,0.0,0.0,0.0,0.0,0.0,0.0,0.0,0.0,0.0,0.0,0.0,0.0,0.0,0.0,0.0,0.0
94,94.0,2454.0,0.0,0.971498371335505,0.989413680781759,0.9780130293159609,0.9755700325732899,0.9820846905537459,0.969869706840391,0.9128664495114007,1.0,0.0,0.0,0.0,0.0,0.0,0.0008143322475570033,0.0,0.0,0.0,0.0,0.0,0.0,0.00040716612377850165,0.08143322475570033,0.12947882736156352,0.0981270358306189,0.024429967426710098,0.018729641693811076,0.11970684039087949,0.08061889250814333,0.11237785016286646,0.1449511400651466,0.13232899022801303,0.08631921824104236,0.09527687296416938,0.0,1.0,0.0,0.06718241042345277,0.08265472312703584,0.0,0.005700325732899023,0.0,0.0,0.0,0.0016286644951140066,0.0,0.0,0.0,0.0,0.0,0.0,0.0,0.00040716612377850165,0.0,0.0,0.0,0.0,0.0,0.0,0.0,0.0,0.0,0.0,0.00040716612377850165,0.0,0.0,0.0,0.0,0.0,0.0,0.0,0.0,0.0,0.0,0.0,0.0,0.0,0.0,0.0016286644951140066,0.0,0.0,0.0,0.0,0.0,0.0,0.0,0.0,0.0,0.0,0.0,0.0,0.0,0.0,0.0,0.0,0.0,0.0,0.0,0.0,0.0,0.0,0.0,0.0,0.0,0.0,0.0,0.00040716612377850165,0.0,0.0,0.0,0.0,0.0,0.0,0.0,0.0,0.0,0.0,0.0,0.0,0.0,0.0
95,95.0,798.0,0.0,0.9974937343358395,0.9974937343358395,0.9974937343358395,0.9937343358395989,0.9937343358395989,0.9962406015037594,0.9899749373433584,0.9887218045112781,0.0,0.0,0.0012531328320802004,0.0012531328320802004,0.0,0.0012531328320802004,0.0,0.0,0.0,0.0,0.0,0.0,0.0012531328320802004,0.2581453634085213,0.29448621553884713,0.20175438596491227,0.7907268170426065,0.7431077694235588,0.8897243107769424,0.2744360902255639,0.8583959899749373,0.3220551378446115,0.9223057644110275,0.3433583959899749,0.23684210526315788,0.0012531328320802004,0.45112781954887216,0.15538847117794485,0.2656641604010025,0.15538847117794485,0.0012531328320802004,0.008771929824561403,0.0,0.0,0.0,0.002506265664160401,0.0,0.0,0.0,0.0,0.0,0.0,0.0,0.0012531328320802004,0.0,0.0,0.0,0.0,0.0,0.0,0.0,0.0,0.0,0.0,0.0,0.0,0.0,0.0,0.0,0.0,0.0,0.0,0.0,0.0,0.0,0.0,0.0,0.0,0.0,0.0,0.0,0.0,0.0,0.0,0.0,0.0,0.0,0.0,0.0,0.0,0.0,0.0,0.0,0.0,0.0,0.0,0.0,0.0,0.0,0.0,0.0,0.0,0.0,0.0,0.0,0.0,0.0,0.0,0.0,0.0,0.0,0.0,0.0,0.0,0.0,0.0,0.0,0.0,0.0,0.0,0.0,0.0
96,96.0,3596.0,0.0,0.0,1.0,1.0,0.45884315906562845,1.0,1.0,0.17408231368186874,0.0,0.0,0.0,0.0,0.0,0.0,0.00027808676307007786,0.0,0.0,0.0,0.0,0.0,0.0,0.001946607341490545,0.03281423804226919,0.031979977753058955,0.035038932146829814,0.030033370411568408,0.03615127919911012,0.030311457174638488,0.029755283648498332,0.03476084538375973,0.02864293659621802,0.03364849833147942,0.02836484983314794,0.03420467185761958,0.0005561735261401557,0.012791991101223582,0.012513904338153505,0.014738598442714126,0.011957730812013349,0.0013904338153503894,0.005005561735261402,0.0005561735261401557,0.0,0.0,0.002224694104560623,0.0,0.0,0.0,0.0,0.0,0.0,0.0,0.0,0.0,0.0,0.0,0.0005561735261401557,0.0005561735261401557,0.0,0.0,0.0,0.0,0.0,0.0,0.0008342602892102335,0.0,0.0,0.0,0.0,0.0,0.0,0.0,0.0,0.0,0.0,0.0,0.0,0.0,0.0,0.0,0.0,0.0,0.0,0.0,0.0,0.0,0.0,0.0,0.00027808676307007786,0.0,0.0,0.0,0.0,0.0,0.0,0.0,0.0,0.0,0.0,0.0,0.0,0.0,0.0,0.0,0.0,0.0,0.0,0.0,0.0,0.0,0.0,0.0,0.0,0.0,0.0,0.0,0.0,0.0,0.0,0.0,0.0
97,97.0,2706.0,0.0,0.0,1.0,0.0,0.7878787878787878,1.0,0.6622320768662232,1.0,0.3008130081300813,0.0,0.0,0.0,0.0,0.0,0.0,0.0,0.0,0.0,0.0,0.0,0.0,0.0018477457501847746,0.03288987435328899,0.03325942350332594,0.031411677753141166,0.026607538802660754,0.028824833702882482,0.0336289726533629,0.02993348115299335,0.03067257945306726,0.03399852180339985,0.037324464153732445,0.02697708795269771,0.029194382852919438,0.0003695491500369549,0.01736881005173688,0.015521064301552107,0.013673318551367332,0.014042867701404286,0.0025868440502586844,0.003695491500369549,0.0,0.0,0.0,0.0018477457501847746,0.0,0.0,0.0,0.0,0.0,0.0,0.0,0.0,0.0,0.0,0.0,0.0,0.0,0.0,0.0,0.0,0.0,0.0,0.0,0.0003695491500369549,0.0,0.0,0.0,0.0,0.0,0.0,0.0,0.0,0.0,0.0,0.0,0.0,0.0,0.0007390983000739098,0.0,0.0,0.0,0.0,0.0,0.0,0.0,0.0,0.0,0.0011086474501108647,0.0,0.0,0.0,0.0,0.0,0.0,0.0,0.0,0.0,0.0,0.0,0.0,0.0,0.0,0.0,0.0,0.0,0.0,0.0,0.0,0.0,0.0,0.0,0.0,0.0,0.0,0.0,0.0,0.0,0.0,0.0,0.0
98,98.0,1078.0,0.0,0.0,0.0028089887640449437,0.0028089887640449437,0.0009363295880149813,0.0009363295880149813,0.0018726591760299626,0.0009363295880149813,0.0,0.851123595505618,0.8726591760299626,0.7771535580524345,0.750936329588015,0.3848314606741573,0.3661048689138577,0.0018726591760299626,0.5046816479400749,0.20880149812734083,0.9653558052434457,0.43258426966292135,0.28277153558052437,0.003745318352059925,0.0018726591760299626,0.0,0.0,0.0018726591760299626,0.0,0.0,0.0009363295880149813,0.0009363295880149813,0.0009363295880149813,0.0,0.0,0.0,0.0,0.0009363295880149813,0.0,0.0009363295880149813,0.0,0.003745318352059925,0.0028089887640449437,0.0009363295880149813,0.0,0.0,0.0,0.0046816479400749065,0.003745318352059925,0.0018726591760299626,0.0009363295880149813,0.0028089887640449437,0.0046816479400749065,0.0028089887640449437,0.0009363295880149813,0.0046816479400749065,0.0046816479400749065,0.0009363295880149813,0.0,0.0009363295880149813,0.0028089887640449437,0.0,0.0,0.0009363295880149813,0.0,0.0028089887640449437,0.0018726591760299626,0.0018726591760299626,0.0,0.0,0.0,0.0009363295880149813,0.0,0.0,0.0,0.0009363295880149813,0.0,0.0,0.0009363295880149813,0.0,0.0,0.0,0.0009363295880149813,0.0009363295880149813,0.0,0.0,0.0009363295880149813,0.0,0.0,0.0,0.0,0.0,0.0,0.0,0.0,0.0,0.0009363295880149813,0.0009363295880149813,0.0009363295880149813,0.0009363295880149813,0.0,0.0,0.0009363295880149813,0.0009363295880149813,0.0,0.0009363295880149813,0.0,0.0,0.0,0.0,0.0009363295880149813,0.0,0.0,0.0009363295880149813,0.0,0.0,0.0,0.0009363295880149813,0.0,0.0,0.0009363295880149813,0.0,0.0
99,99.0,4223.0,0.0,0.0,0.2278001420790907,0.0,0.0,0.0,1.0,0.0,1.0,0.0,0.0,0.0,0.0,0.0,0.00023679848448969926,0.0,0.0,0.0,0.0,0.0,0.0,0.0023679848448969927,0.007103954534690978,0.008051148472649775,0.008051148472649775,0.010182334833057069,0.009945536348567369,0.007814349988160076,0.012313521193464362,0.011839924224484964,0.007577551503670376,0.008051148472649775,0.00947193937958797,0.00923514089509827,0.0,0.002841581813876391,0.006630357565711579,0.004025574236324887,0.004499171205304286,0.000947193937958797,0.004735969689793985,0.0004735969689793985,0.0,0.0,0.0014207909069381955,0.0,0.0,0.0,0.0,0.0,0.0,0.0,0.0,0.0,0.0,0.0,0.0004735969689793985,0.0004735969689793985,0.0,0.0,0.0,0.0,0.0,0.0,0.0007103954534690977,0.0,0.0,0.0,0.0,0.0,0.0,0.00023679848448969926,0.0,0.0,0.0,0.0,0.0,0.0,0.0,0.0,0.0,0.0,0.0,0.0,0.0,0.00023679848448969926,0.0,0.0,0.00023679848448969926,0.0,0.0,0.0,0.0,0.0,0.0,0.0,0.0,0.0,0.0,0.0,0.0,0.0,0.0,0.0,0.00023679848448969926,0.0,0.0007103954534690977,0.0,0.0,0.0,0.0,0.0,0.0,0.0,0.0,0.0,0.0,0.0,0.0,0.0,0.0
100,100.0,6783.0,0.0,0.0,0.0,1.0,1.0,0.0,0.0,0.0,0.0,0.0002948547840188707,0.00014742739200943535,0.00014742739200943535,0.0,0.0,0.00014742739200943535,0.0,0.0,0.0,0.0,0.0,0.0,0.0026536930561698365,0.008698216128556686,0.007371369600471768,0.010025062656641603,0.007371369600471768,0.008993070912575557,0.007813651776500074,0.009287925696594427,0.00796107916850951,0.008403361344537815,0.006191950464396285,0.00855078873654725,0.009287925696594427,0.0,0.005454813504349108,0.0056022408963585435,0.005159958720330237,0.0028011204481792717,0.003243402624207578,0.0014742739200943535,0.0002948547840188707,0.0,0.0,0.0004422821760283061,0.0,0.0,0.00014742739200943535,0.0,0.0,0.0,0.0,0.0,0.0,0.0,0.0,0.00014742739200943535,0.00014742739200943535,0.0,0.0,0.0,0.0,0.0,0.0,0.0005897095680377414,0.0,0.00014742739200943535,0.0,0.0,0.0,0.0,0.0,0.0,0.0,0.0,0.0,0.0,0.0,0.0,0.0,0.0,0.0,0.0,0.0,0.0,0.0,0.0,0.0,0.00014742739200943535,0.0,0.0,0.0,0.0,0.0,0.0,0.0,0.0,0.00014742739200943535,0.0,0.0,0.0,0.0,0.0,0.0,0.0,0.0,0.0002948547840188707,0.0,0.0,0.0,0.0,0.0,0.0,0.0,0.0,0.0,0.0,0.0,0.0,0.0,0.0
101,101.0,1663.0,0.0,0.0024052916416115455,0.0072158749248346366,0.0036079374624173183,0.0006013229104028864,0.0006013229104028864,0.0024052916416115455,0.0012026458208057728,0.0036079374624173183,0.006013229104028864,0.0018039687312086591,0.029464822609741433,0.0024052916416115455,0.0,0.00661455201443175,0.0006013229104028864,0.0,0.0,0.0,0.0,0.0,0.005411906193625977,0.0,0.0012026458208057728,0.0,0.0012026458208057728,0.0006013229104028864,0.0012026458208057728,0.0006013229104028864,0.0006013229104028864,0.0,0.0,0.0,0.0012026458208057728,0.0006013229104028864,0.0006013229104028864,0.0006013229104028864,0.0,0.0012026458208057728,0.7919422730006014,0.0036079374624173183,0.0619362597714973,0.0006013229104028864,0.0,0.9981960312687914,0.0,0.0012026458208057728,0.0,0.0,0.0006013229104028864,0.0,0.0006013229104028864,0.0012026458208057728,0.0,0.028863499699338546,0.0,0.06133493686109441,0.06374022850270596,0.0,0.00661455201443175,0.0,0.004209260372820205,0.006013229104028864,0.0012026458208057728,0.05111244738424534,0.0006013229104028864,0.03307276007215875,0.03487672880336741,0.004209260372820205,0.0,0.0,0.0,0.0,0.003006614552014432,0.0,0.0,0.0,0.0,0.0,0.0,0.0,0.0012026458208057728,0.0,0.0,0.0006013229104028864,0.0012026458208057728,0.0006013229104028864,0.0006013229104028864,0.0,0.0,0.0006013229104028864,0.029464822609741433,0.0,0.0,0.004810583283223091,0.0012026458208057728,0.0,0.0012026458208057728,0.0018039687312086591,0.0012026458208057728,0.03006614552014432,0.0006013229104028864,0.0,0.0,0.0,0.0,0.0024052916416115455,0.0,0.003006614552014432,0.0006013229104028864,0.0,0.0,0.0,0.0006013229104028864,0.0024052916416115455,0.0,0.0,0.0006013229104028864,0.0,0.0012026458208057728,0.0
102,102.0,736.0,0.0,0.9986206896551724,0.9986206896551724,0.9972413793103447,0.9986206896551724,0.9958620689655172,0.9986206896551724,0.9958620689655172,0.9972413793103447,0.0,0.0,0.0,0.0,0.0,0.0,0.0,0.0,0.0,0.0,0.0,0.0,0.001379310344827586,0.6868965517241379,0.8482758620689654,0.7668965517241378,0.8137931034482758,0.17241379310344826,0.6248275862068965,0.7572413793103447,0.9227586206896551,0.536551724137931,0.03310344827586206,0.7213793103448275,0.43999999999999995,0.0,0.34206896551724136,0.49655172413793097,0.5172413793103448,0.36137931034482756,0.0,0.019310344827586205,0.0,0.0,0.0,0.0,0.0,0.0,0.0,0.0,0.0,0.0,0.0,0.0,0.0,0.0,0.0,0.0,0.0,0.0,0.0,0.0,0.0,0.0,0.0,0.001379310344827586,0.0,0.0,0.0,0.0,0.0,0.0,0.0,0.0,0.0,0.0,0.0,0.0,0.0,0.0,0.0,0.0,0.0,0.0,0.0,0.0,0.0,0.0,0.0,0.0,0.0,0.0,0.0,0.0,0.0,0.0,0.0,0.0,0.0,0.0,0.0,0.0,0.0,0.0,0.0,0.001379310344827586,0.0,0.001379310344827586,0.0,0.0,0.0,0.0,0.0,0.0,0.0,0.0,0.0,0.0,0.0,0.0,0.0,0.0
103,103.0,12070.0,0.0,1.0,1.0,1.0,1.0,1.0,1.0,1.0,1.0,0.00024855012427506213,0.00024855012427506213,0.00016570008285004143,0.0,0.0,0.00033140016570008286,0.0,0.0,0.0,0.0,0.0,0.0,0.0009113504556752279,0.07216238608119305,0.0,0.07083678541839271,0.0,0.0,0.0,0.07232808616404308,0.0,0.0,0.0,0.07241093620546811,0.06760563380281691,0.0,0.0,0.04995857497928749,0.0,0.0,0.0004142502071251036,0.006379453189726595,0.0,0.0,0.0,0.0008285004142502072,0.0,0.0,0.0,0.0,0.0,0.0,0.0,8.285004142502072e-05,0.0,0.0,0.0,0.0,0.0,0.0,0.0,0.0,0.0,0.0,0.0,0.00016570008285004143,0.0,0.0,0.0,0.0,0.0,0.0,0.0,0.0,0.0,8.285004142502072e-05,0.0,0.0,0.0,0.0006628003314001657,0.0,0.0,0.0,0.0,0.0,0.0,0.0,0.0,0.0,0.00024855012427506213,0.0,0.0,8.285004142502072e-05,0.0,0.0,0.0,0.0,0.0,0.0,0.0,0.0,0.0,0.0,0.0,0.0,8.285004142502072e-05,0.00016570008285004143,0.00016570008285004143,0.0,0.0,0.0,8.285004142502072e-05,0.0,0.0,0.0,0.0,0.0,8.285004142502072e-05,0.0,0.0,0.0,0.0
104,104.0,2429.0,0.0,0.0,0.23754631535611362,0.2478386167146974,0.0,1.0,1.0,0.10745162618361466,1.0,0.0,0.0,0.0,0.0,0.0,0.0004116920543433512,0.0,0.0,0.0,0.0,0.0,0.0,0.0016467682173734047,0.018526142445450804,0.020172910662824207,0.01440922190201729,0.02058460271716756,0.019761218608480857,0.016467682173734045,0.015644298065047343,0.02099629477151091,0.01440922190201729,0.02470152326060107,0.018937834499794155,0.0168793742280774,0.0,0.005763688760806917,0.012350761630300536,0.00699876492383697,0.009880609304240428,0.002470152326060107,0.002470152326060107,0.0,0.0,0.0,0.0004116920543433512,0.0,0.0,0.0,0.0,0.0,0.0,0.0,0.0,0.0,0.0,0.0,0.0,0.0,0.0,0.0,0.0,0.0,0.0,0.0,0.0004116920543433512,0.0,0.0,0.0,0.0,0.0,0.0,0.0,0.0,0.0,0.0,0.0,0.0,0.0,0.0,0.0,0.0,0.0,0.0,0.0,0.0,0.0,0.0,0.0,0.0,0.0004116920543433512,0.0,0.0,0.0,0.0,0.0,0.0,0.0,0.0,0.0,0.0,0.0004116920543433512,0.0,0.0,0.0,0.0,0.0,0.0004116920543433512,0.0,0.0,0.0,0.0,0.0,0.0,0.0,0.0,0.0,0.0,0.0,0.0,0.0,0.0
105,105.0,780.0,0.0,0.993455497382199,0.993455497382199,0.9947643979057592,0.993455497382199,0.9947643979057592,0.993455497382199,0.9803664921465969,0.9568062827225131,0.0013089005235602095,0.0013089005235602095,0.0013089005235602095,0.0,0.0013089005235602095,0.003926701570680629,0.0,0.0013089005235602095,0.0013089005235602095,0.0013089005235602095,0.0013089005235602095,0.0013089005235602095,0.0,0.1924083769633508,0.18324607329842932,0.12958115183246074,0.17408376963350786,0.24607329842931938,0.17670157068062828,0.8259162303664922,0.5052356020942409,0.2054973821989529,1.0,0.9070680628272252,0.13612565445026178,0.0,0.11780104712041886,0.10732984293193717,0.1531413612565445,0.1531413612565445,0.003926701570680629,0.009162303664921467,0.0,0.0,0.0,0.0013089005235602095,0.0,0.0,0.0,0.0,0.0,0.0,0.0,0.0,0.0,0.0,0.0,0.0,0.0,0.0,0.0,0.0,0.0,0.0,0.0,0.0,0.0,0.0,0.0,0.0,0.0,0.0,0.0,0.0,0.0,0.0,0.0,0.0,0.0,0.0,0.0,0.0,0.0,0.0,0.0,0.0,0.0,0.0,0.0,0.0,0.0,0.0,0.0,0.0,0.0,0.0,0.0,0.0,0.0,0.0,0.0,0.0,0.0,0.0,0.0,0.0,0.0,0.002617801047120419,0.0,0.0,0.0,0.0,0.0,0.0,0.0,0.0,0.0,0.0,0.0,0.0,0.0,0.0
106,106.0,1321.0,0.0,0.894776684330053,0.9462528387585163,0.9212717638152914,0.8932626797880394,0.9485238455715367,0.915215745647237,0.0,0.846328538985617,0.0,0.0,0.0,0.000757002271006813,0.0,0.000757002271006813,0.000757002271006813,0.0,0.0,0.0,0.0,0.0,0.000757002271006813,0.07191521574564724,0.06661619984859954,0.0643451930355791,0.07115821347464042,0.07797123391370174,0.002271006813020439,0.05450416351249054,1.0,0.09462528387585163,0.07342922028766086,0.02498107494322483,0.05299015897047691,0.000757002271006813,0.029523088569265707,0.03557910673732021,0.03406510219530658,0.031037093111279335,0.000757002271006813,0.006056018168054504,0.0,0.0,0.0,0.002271006813020439,0.0,0.0,0.0,0.0,0.0,0.0,0.0,0.0,0.0,0.0,0.0,0.0,0.0,0.0,0.0,0.0,0.0,0.0,0.0,0.002271006813020439,0.0,0.0,0.0,0.0,0.0,0.0,0.0,0.0,0.0,0.0,0.0,0.0,0.0,0.001514004542013626,0.0,0.0,0.0,0.0,0.0,0.0,0.0,0.0,0.0,0.000757002271006813,0.0,0.0,0.0,0.0,0.0,0.0,0.0,0.0,0.0,0.0,0.0,0.0,0.0,0.0,0.0,0.0,0.0,0.000757002271006813,0.0,0.0,0.0,0.0,0.0,0.0,0.0,0.0,0.0,0.0,0.0,0.0,0.0,0.0
107,107.0,5987.0,0.0,0.004342742608986137,0.06063136796392183,0.05762485385000835,0.002672456990145315,0.0025054284282612325,0.003507599799565726,0.0015032570569567397,0.002004342742608986,0.0033405712376816435,0.02522131284449641,0.04710205445131117,0.0013362284950726574,0.0008351428094204109,0.015533656255219642,0.0,0.00033405712376816435,0.0006681142475363287,0.0006681142475363287,0.00033405712376816435,0.0006681142475363287,1.0,0.002004342742608986,0.002004342742608986,0.0015032570569567397,0.0018373141807249038,0.0018373141807249038,0.002672456990145315,0.0023383998663771503,0.0018373141807249038,0.0011691999331885751,0.0013362284950726574,0.0013362284950726574,0.0016702856188408218,0.00033405712376816435,0.002004342742608986,0.0011691999331885751,0.002004342742608986,0.00016702856188408218,0.5273091698680474,0.0023383998663771503,0.0011691999331885751,0.0005010856856522465,0.001002171371304493,0.0058459996659428765,0.0,0.00016702856188408218,0.009353599465508601,0.0,0.0,0.0011691999331885751,0.0,0.0008351428094204109,0.0,0.00016702856188408218,0.00016702856188408218,0.0,0.00016702856188408218,0.0,0.0,0.00016702856188408218,0.0,0.0,0.00016702856188408218,0.0016702856188408218,0.0,0.014364456322031068,0.017370970435944547,0.00016702856188408218,0.0,0.0,0.0,0.0,0.00016702856188408218,0.00016702856188408218,0.0,0.0,0.00016702856188408218,0.009019542341740438,0.0,0.1444797060297311,0.00016702856188408218,0.0,0.0,0.0,0.00016702856188408218,0.0,0.0,0.0005010856856522465,0.0,0.0,0.00016702856188408218,0.0,0.0,0.0,0.0,0.00016702856188408218,0.0,0.0,0.0,0.00033405712376816435,0.00016702856188408218,0.0,0.0,0.0,0.0,0.00016702856188408218,0.0,0.0,0.0,0.0,0.00016702856188408218,0.0,0.0,0.0,0.0,0.0,0.00033405712376816435,0.00016702856188408218,0.0,0.0
108,108.0,6767.0,0.0,0.0,0.9999999999999999,0.0,0.9999999999999999,0.0,0.0,0.0,0.0,0.0,0.0,0.0002955519432540269,0.0,0.0,0.0004433279148810403,0.0,0.0,0.0,0.0,0.0,0.0,0.0022166395744052016,0.0072410226097236585,0.008866558297620807,0.006797694694842618,0.007536574552977685,0.009309886212501846,0.010935421900398994,0.010787645928771981,0.007684350524604699,0.007832126496231712,0.0072410226097236585,0.008423230382739766,0.009900990099009901,0.00014777597162701344,0.005763262893453524,0.003398847347421309,0.005467710950199497,0.00517215900694547,0.0017733116595241613,0.002807743460913255,0.0,0.0,0.0,0.0008866558297620806,0.0,0.0,0.0,0.0,0.0,0.0,0.0,0.0,0.0,0.0,0.0,0.0,0.0,0.0,0.0,0.0,0.0,0.0,0.0,0.0004433279148810403,0.0,0.0,0.0,0.0,0.0,0.0,0.0,0.0,0.0,0.0,0.0,0.0,0.0,0.0,0.0,0.0,0.0,0.0,0.0,0.0,0.0,0.0,0.0,0.0002955519432540269,0.0,0.0,0.0,0.0,0.0,0.0,0.0,0.0,0.0,0.0,0.0,0.0,0.0,0.0,0.0,0.0,0.0,0.00014777597162701344,0.0,0.0,0.0,0.0,0.0,0.0,0.0,0.0,0.0,0.0,0.0,0.0,0.0,0.0
109,109.0,3159.0,0.0,0.0,0.16176005064893953,0.0,0.0,0.15321304210193099,0.13706869262424817,1.0,1.0,0.0,0.0,0.00031655587211142766,0.0,0.0,0.00031655587211142766,0.0,0.0,0.0,0.0,0.0,0.0,0.004431782209559987,0.01361190250079139,0.00823045267489712,0.011079455523899969,0.010446343779677113,0.012662234884457106,0.009813232035454257,0.011396011396011397,0.009180120291231402,0.012978790756568534,0.013928458372902817,0.010762899651788541,0.00949667616334283,0.0006331117442228553,0.007597340930674264,0.010129787907565685,0.007597340930674264,0.006964229186451409,0.001899335232668566,0.0031655587211142765,0.00031655587211142766,0.0,0.0,0.0022158911047799935,0.0,0.0,0.00031655587211142766,0.0,0.0,0.0,0.0,0.0,0.0,0.0,0.0,0.00031655587211142766,0.00031655587211142766,0.0,0.0,0.0,0.0,0.0,0.0,0.0,0.0,0.0,0.0,0.0,0.0,0.0,0.0,0.0,0.0,0.0,0.0,0.0,0.0,0.0,0.0,0.0,0.0,0.0,0.0,0.0,0.0,0.0,0.0,0.0,0.0,0.0,0.0,0.0,0.0,0.0,0.0,0.0,0.0,0.0,0.0,0.0,0.0,0.0,0.0,0.0,0.0,0.0,0.0,0.0,0.0,0.0,0.0,0.0,0.0,0.0,0.0,0.0,0.0,0.0,0.0,0.0
110,110.0,2291.0,0.0,0.9593073593073593,0.9887445887445887,0.9658008658008658,0.9913419913419913,0.9887445887445887,0.9636363636363636,0.9744588744588745,0.9757575757575757,0.0,0.0,0.0004329004329004329,0.0,0.0,0.0004329004329004329,0.0,0.0,0.0,0.0,0.0,0.0,0.0008658008658008658,0.07142857142857142,1.0,0.19480519480519481,0.0316017316017316,0.02207792207792208,0.023809523809523808,0.0,0.045454545454545456,0.02207792207792208,0.047186147186147186,0.13333333333333333,0.15541125541125542,0.0,0.003463203463203463,0.06147186147186147,0.018614718614718615,0.006926406926406926,0.0008658008658008658,0.004761904761904762,0.0,0.0,0.0,0.0021645021645021645,0.0,0.0,0.0,0.0,0.0,0.0,0.0,0.0004329004329004329,0.0,0.0,0.0,0.0,0.0,0.0,0.0,0.0,0.0,0.0,0.0,0.0004329004329004329,0.0,0.0004329004329004329,0.0,0.0,0.0,0.0,0.0,0.0,0.0,0.0,0.0,0.0,0.0,0.0008658008658008658,0.0,0.0,0.0,0.0,0.0,0.0,0.0,0.0,0.0,0.0004329004329004329,0.0,0.0,0.0,0.0,0.0,0.0,0.0,0.0,0.0,0.0,0.0,0.0,0.0,0.0,0.0,0.0004329004329004329,0.0,0.0,0.0,0.0,0.0,0.0,0.0,0.0,0.0,0.0,0.0,0.0,0.0,0.0,0.0,0.0
111,111.0,7555.0,0.0,0.8676548438327157,0.8721545791424035,0.07901005823186871,0.08403917416622553,0.07821598729486501,0.875198517734251,0.7351773425092643,0.036924298570672316,0.00013234515616728428,0.0003970354685018529,0.00013234515616728428,0.0,0.0,0.0003970354685018529,0.0,0.0,0.0,0.0,0.0,0.0,0.0025145579671784013,0.019190047644256223,0.004102699841185812,0.024880889359449446,0.018660667019587084,0.017734250926416093,0.020778189518263632,0.019322392800423506,0.01760190577024881,0.010852302805717312,0.021439915299100054,0.018131286394917945,0.018263631551085232,0.00013234515616728428,0.006087877183695077,0.005823186871360508,0.011381683430386449,0.007676019057702489,0.00185283218634198,0.00277924827951297,0.0,0.0,0.0,0.0019851773425092643,0.0,0.0,0.0,0.0,0.0,0.00013234515616728428,0.0,0.0,0.0,0.0,0.0,0.0,0.0,0.0,0.0,0.0,0.0,0.0,0.0,0.0003970354685018529,0.0,0.0,0.0,0.0,0.0,0.0,0.0,0.0,0.0,0.0,0.0,0.0,0.0,0.0,0.0,0.0,0.0,0.0,0.0,0.0,0.0,0.0,0.0,0.00026469031233456857,0.0,0.0,0.0,0.0,0.0,0.0,0.0,0.0,0.0,0.0,0.0,0.0,0.0,0.0,0.0,0.0,0.0,0.00026469031233456857,0.0,0.0,0.0,0.0,0.0,0.0,0.0,0.0,0.0,0.00013234515616728428,0.0,0.0,0.0,0.0
112,112.0,1355.0,0.0,0.8925680647534953,0.8778513612950699,0.8977189109639441,0.8852097130242825,0.8668138337012509,0.9300956585724798,1.0,0.0,0.0,0.0,0.0,0.0,0.0,0.0014716703458425313,0.0,0.0,0.0,0.0,0.0,0.0,0.0,0.06328182487122884,0.06990434142752024,0.06548933038999265,0.0684326710816777,0.0772626931567329,0.07431935246504782,0.059602649006622516,0.06622516556291391,1.0,0.05886681383370125,0.06769683590875644,0.06328182487122884,0.0,0.04415011037527594,0.036055923473142015,0.044885945548197206,0.033112582781456956,0.0029433406916850625,0.0029433406916850625,0.0,0.0,0.0,0.005886681383370125,0.0,0.0,0.0,0.0,0.0,0.0,0.0,0.0,0.0,0.0,0.0,0.0,0.0,0.0,0.0,0.0,0.0,0.0,0.0,0.0,0.0,0.0007358351729212656,0.0,0.0,0.0,0.0,0.0,0.0,0.0,0.0,0.0,0.0,0.0,0.0007358351729212656,0.0,0.0,0.0,0.0,0.0,0.0,0.0,0.0,0.0,0.0007358351729212656,0.0,0.0,0.0,0.0,0.0,0.0,0.0,0.0,0.0,0.0,0.0,0.0,0.0,0.0,0.0,0.0,0.0,0.0014716703458425313,0.0,0.0,0.0,0.0,0.0,0.0,0.0,0.0,0.0,0.0,0.0,0.0,0.0,0.0
113,113.0,6821.0,0.0,0.0,1.0,0.0,0.0,1.0,0.0,0.0,0.0,0.00014660606949127694,0.0,0.0004398182084738308,0.0,0.0,0.00029321213898255387,0.0,0.0,0.0,0.0,0.0,0.0,0.0033719395982993697,0.00864975809998534,0.008063333822020232,0.007770121683037677,0.006890485266090016,0.008796364169476616,0.008356545961002786,0.009822606655915554,0.010262424864389386,0.0070370913355812924,0.011581879489810877,0.005864242779651078,0.004984606362703416,0.0,0.004691394223720862,0.004104969945755754,0.002785515320334262,0.004544788154229585,0.0033719395982993697,0.004398182084738308,0.0,0.0,0.0,0.0008796364169476616,0.00014660606949127694,0.0,0.0,0.0,0.0,0.0,0.0,0.0,0.0,0.0,0.0,0.0,0.0,0.0,0.0,0.0,0.0,0.0,0.0,0.0005864242779651077,0.0,0.0,0.0,0.0,0.0,0.0,0.0,0.0,0.0,0.0,0.0,0.0,0.00014660606949127694,0.00014660606949127694,0.0,0.00014660606949127694,0.0,0.0,0.0,0.0,0.0,0.0,0.0,0.0004398182084738308,0.0,0.0,0.0,0.0,0.0,0.0,0.0,0.0,0.0,0.0,0.0,0.0,0.0,0.0,0.0,0.0,0.0,0.00014660606949127694,0.0,0.0,0.0,0.0,0.0,0.0,0.0,0.0,0.0,0.00014660606949127694,0.0,0.0,0.0,0.0
114,114.0,616.0,0.0,0.900974025974026,0.0,0.7662337662337663,0.7938311688311689,0.8360389610389611,0.8782467532467533,0.3198051948051948,0.15422077922077923,0.0,0.0,0.0,0.0,0.0,0.0,0.0,0.0,0.0,0.0,0.0,0.0,0.0,0.03896103896103896,0.030844155844155847,0.04707792207792208,0.03896103896103896,0.03896103896103896,0.030844155844155847,0.048701298701298704,0.03571428571428572,0.03733766233766234,1.0,0.040584415584415584,0.05032467532467533,0.0,0.022727272727272728,0.016233766233766236,0.016233766233766236,0.016233766233766236,0.0016233766233766235,0.0016233766233766235,0.0016233766233766235,0.0,0.0,0.00487012987012987,0.0,0.0,0.0,0.0,0.0,0.0,0.0,0.0,0.0,0.0,0.0,0.0016233766233766235,0.0016233766233766235,0.0,0.0,0.0,0.0,0.0,0.0,0.0,0.0,0.0016233766233766235,0.0016233766233766235,0.0,0.0,0.0,0.0,0.0,0.0,0.0,0.0,0.0,0.0,0.0016233766233766235,0.0,0.0,0.0,0.0,0.0,0.0,0.0,0.0,0.0,0.0,0.0,0.0,0.0,0.0,0.0,0.0,0.0,0.0,0.0,0.0,0.0,0.0,0.0,0.0,0.0,0.0,0.0,0.0,0.0,0.0,0.0,0.0,0.0,0.0,0.0,0.0,0.0,0.0,0.0,0.0,0.0,0.0
115,115.0,2773.0,0.0,0.2142084385142445,1.0,1.0,0.0,0.21781464118283447,0.2142084385142445,0.0,1.0,0.0,0.0,0.0,0.0,0.0,0.000721240533717995,0.0,0.0,0.0,0.0,0.0,0.0,0.003966822935448973,0.019112874143526866,0.02271907681211684,0.020915975477821855,0.020555355210962856,0.020915975477821855,0.025243418680129824,0.01009736747205193,0.023800937612693834,0.021997836278398845,0.02019473494410386,0.021997836278398845,0.020915975477821855,0.000721240533717995,0.010457987738910927,0.01009736747205193,0.00865488640461594,0.013342949873782907,0.0025243418680129825,0.0025243418680129825,0.0,0.0,0.0,0.000721240533717995,0.0,0.0,0.0,0.0,0.0,0.0,0.0,0.0,0.0,0.0,0.0,0.0,0.0,0.0,0.0,0.0,0.0,0.0,0.0,0.0010818608005769925,0.0,0.0,0.0,0.0,0.0,0.0,0.0,0.0,0.0,0.0,0.0,0.0,0.0,0.0,0.0,0.0,0.0,0.0,0.0,0.0,0.0,0.0,0.0,0.0010818608005769925,0.0,0.0,0.0,0.0,0.0,0.0,0.0,0.0,0.0,0.0,0.0,0.0,0.0,0.0,0.0,0.0,0.0,0.0,0.0,0.0,0.0,0.0,0.0,0.0,0.0,0.0,0.0,0.0,0.0,0.0,0.0,0.0
116,116.0,2123.0,0.0,0.0023551577955723034,0.0004710315591144607,0.0,0.0,0.0,0.0,0.0009420631182289214,0.0009420631182289214,0.9952896844088555,0.9919924634950542,0.5186057465850212,0.6118699952896844,0.9811587376354216,0.9821008007536506,0.9736222326895903,0.9576071596796986,0.959020254357042,0.9707960433349034,0.9797456429580782,0.0,0.001413094677343382,0.0,0.0,0.0,0.0,0.0,0.0,0.0,0.0,0.0,0.0,0.0,0.0,0.0,0.0,0.0,0.0,0.0,0.0004710315591144607,0.0009420631182289214,0.0004710315591144607,0.0,0.0,0.0,0.0,0.0,0.0,0.0,0.0004710315591144607,0.0004710315591144607,0.0004710315591144607,0.0,0.0004710315591144607,0.0,0.0004710315591144607,0.0,0.0,0.0004710315591144607,0.0,0.0,0.0,0.0,0.0004710315591144607,0.0,0.0004710315591144607,0.0,0.0,0.0,0.0,0.0,0.0,0.0,0.0,0.0,0.0,0.0,0.0,0.0,0.0,0.0,0.0,0.0,0.0,0.0,0.0,0.0,0.0,0.0,0.0,0.0,0.0,0.0,0.0,0.0,0.0,0.0,0.0,0.0,0.0,0.0,0.0,0.0,0.0,0.0,0.0,0.0,0.0,0.0,0.0,0.0,0.0,0.0,0.0,0.0,0.0,0.0,0.0,0.0,0.0,0.0
117,117.0,3955.0,0.0,1.0,1.0,1.0,0.3332490518331226,0.0,0.0,0.13173198482932996,0.0,0.0,0.0,0.00025284450063211124,0.0,0.0,0.0005056890012642225,0.0,0.0,0.0,0.0,0.0,0.0,0.0017699115044247787,0.020733249051833123,0.012895069532237673,0.017446270543615677,0.021744627054361566,0.019216182048040455,0.018963337547408345,0.01871049304677623,0.021744627054361566,0.023008849557522124,0.01845764854614412,0.01845764854614412,0.019216182048040455,0.00025284450063211124,0.007332490518331226,0.008849557522123894,0.01011378002528445,0.007079646017699115,0.0017699115044247787,0.0027812895069532235,0.00025284450063211124,0.0,0.0,0.0017699115044247787,0.0,0.0,0.0,0.0,0.0,0.0,0.0,0.0,0.0,0.0,0.0,0.00025284450063211124,0.00025284450063211124,0.0,0.0,0.0,0.0,0.0,0.0,0.00025284450063211124,0.0,0.0,0.0,0.0,0.0,0.0,0.0,0.0,0.0,0.0,0.0,0.0,0.0,0.0,0.0,0.0,0.0,0.0,0.0,0.0,0.0,0.0,0.0,0.0005056890012642225,0.0,0.0,0.0,0.0,0.0,0.0,0.0,0.0,0.0,0.0,0.0,0.0,0.0,0.0,0.0,0.0,0.0,0.00025284450063211124,0.0,0.0,0.0,0.0,0.0,0.0,0.0,0.0,0.0,0.0,0.0,0.0,0.0,0.0
118,118.0,5310.0,0.0,1.0,1.0,1.0,1.0,0.6952919020715631,1.0,0.0,0.0,0.00018832391713747646,0.0003766478342749529,0.0003766478342749529,0.0,0.0,0.00018832391713747646,0.0,0.0,0.0,0.0,0.0,0.0,0.0018832391713747645,0.04726930320150659,0.04463276836158192,0.04952919020715631,0.04990583804143126,0.05630885122410546,0.010546139359698682,0.04632768361581921,0.01167608286252354,0.05103578154425612,0.0480225988700565,0.0,0.04726930320150659,0.0,0.004331450094161958,0.02391713747645951,0.023540489642184557,0.02071563088512241,0.0009416195856873823,0.004331450094161958,0.00018832391713747646,0.0,0.0,0.0011299435028248588,0.0,0.0,0.0,0.0,0.0,0.00018832391713747646,0.0,0.0,0.0,0.0,0.0,0.00018832391713747646,0.00018832391713747646,0.0,0.0,0.0,0.0,0.0,0.0,0.0003766478342749529,0.0,0.0,0.0,0.0,0.0,0.0,0.0,0.0,0.0,0.0,0.0,0.0,0.0,0.00018832391713747646,0.0,0.0,0.0,0.0,0.0,0.0,0.0,0.0,0.0,0.0,0.0,0.0,0.0,0.0,0.0,0.00018832391713747646,0.0,0.0,0.0,0.0,0.0,0.0,0.0,0.0,0.0,0.0,0.0,0.0005649717514124294,0.0,0.0,0.0,0.0,0.0,0.0,0.0,0.0,0.0,0.0,0.0,0.0,0.0,0.0
119,119.0,2244.0,0.0,0.0,0.0,0.0,0.0,0.0,0.0,0.9999999999999999,0.0,0.00089126559714795,0.00089126559714795,0.0035650623885918,0.0,0.0,0.004010695187165775,0.0,0.0,0.0,0.000445632798573975,0.0,0.0,0.07798573975044563,0.0427807486631016,0.05124777183600713,0.049019607843137254,0.04367201426024955,0.04545454545454545,0.04545454545454545,0.04723707664884135,0.04590017825311943,0.043226381461675574,0.03654188948306595,0.04233511586452763,0.0427807486631016,0.000445632798573975,0.023618538324420676,0.022281639928698752,0.03342245989304812,0.0213903743315508,0.049910873440285206,0.002228163992869875,0.00445632798573975,0.0,0.000445632798573975,0.01871657754010695,0.0,0.0,0.0,0.000445632798573975,0.0,0.000445632798573975,0.0,0.000445632798573975,0.000445632798573975,0.0,0.0,0.004010695187165775,0.00445632798573975,0.000445632798573975,0.0,0.0,0.000445632798573975,0.0,0.0,0.0031194295900178253,0.0,0.0031194295900178253,0.00089126559714795,0.0,0.0,0.0,0.0,0.000445632798573975,0.0,0.0,0.0,0.0,0.0,0.0017825311942959,0.0,0.00089126559714795,0.0,0.0,0.0,0.0,0.000445632798573975,0.0,0.000445632798573975,0.002228163992869875,0.0,0.0,0.0,0.000445632798573975,0.0,0.0,0.0,0.00089126559714795,0.000445632798573975,0.0,0.00089126559714795,0.0,0.0,0.0,0.0,0.000445632798573975,0.0,0.001336898395721925,0.0,0.0,0.0,0.0,0.0,0.000445632798573975,0.0,0.0,0.000445632798573975,0.0,0.0,0.0,0.0,0.0
120,120.0,711.0,0.0,0.9943181818181819,0.9943181818181819,0.9914772727272727,0.9943181818181819,0.9943181818181819,0.9943181818181819,0.9730113636363636,0.9801136363636364,0.0,0.0,0.0,0.0,0.0,0.0014204545454545455,0.0,0.0,0.0,0.0,0.0,0.0,0.0,0.22017045454545456,0.2911931818181818,0.23011363636363638,0.9190340909090909,0.17045454545454547,0.17329545454545456,0.22301136363636365,0.15198863636363638,0.9303977272727273,0.17897727272727273,0.9346590909090909,0.18039772727272727,0.0,0.20170454545454547,0.09090909090909091,0.4275568181818182,0.16193181818181818,0.0,0.005681818181818182,0.0,0.0,0.0,0.0014204545454545455,0.0,0.0,0.0,0.0,0.0,0.0,0.0,0.0,0.0,0.0,0.0,0.0,0.0,0.0,0.0,0.0,0.0,0.0,0.0,0.0,0.0,0.0014204545454545455,0.0,0.0,0.0,0.0,0.0,0.0,0.0,0.0,0.0,0.0,0.0,0.0,0.0,0.0,0.0,0.0,0.0,0.0,0.0,0.0,0.0,0.0,0.0,0.0014204545454545455,0.0,0.0,0.0,0.0,0.0,0.0,0.0,0.0,0.0,0.0,0.0,0.0,0.0,0.0,0.0,0.0014204545454545455,0.0,0.0,0.0,0.0,0.0,0.0,0.0,0.0,0.0,0.0,0.0,0.0,0.0,0.0
121,121.0,4185.0,0.0,0.0,0.0,0.0,0.0,0.0,1.0,0.0,0.0,0.003106332138590203,0.0007168458781362007,0.003106332138590203,0.0,0.0,0.004062126642771804,0.00023894862604540023,0.00023894862604540023,0.00023894862604540023,0.00047789725209080046,0.0,0.0,0.07718040621266427,0.047311827956989246,0.04540023894862604,0.05400238948626045,0.043488649940262844,0.044683393070489845,0.04707287933094385,0.047311827956989246,0.04563918757467145,0.04659498207885304,0.044683393070489845,0.0,0.04826762246117085,0.0007168458781362007,0.01887694145758662,0.027240143369175625,0.023655913978494623,0.022222222222222223,0.04802867383512545,0.0016726403823178015,0.0019115890083632018,0.00023894862604540023,0.0,0.008841099163679809,0.0,0.0,0.0007168458781362007,0.0,0.0,0.0007168458781362007,0.0,0.00047789725209080046,0.0,0.00023894862604540023,0.0,0.0014336917562724014,0.0016726403823178015,0.0,0.0,0.0,0.0,0.0,0.00047789725209080046,0.0026284348864994023,0.0,0.0035842293906810036,0.00023894862604540023,0.0,0.00023894862604540023,0.0,0.0,0.0,0.0,0.0,0.0,0.0,0.0,0.002867383512544803,0.0,0.00047789725209080046,0.0,0.0,0.0,0.0,0.0,0.0,0.00047789725209080046,0.003106332138590203,0.0,0.0,0.0,0.0,0.0,0.0,0.0,0.00023894862604540023,0.0,0.0,0.0,0.0,0.0,0.0,0.0,0.0,0.0,0.002150537634408602,0.0,0.0,0.0,0.0,0.0,0.0,0.0,0.0,0.0,0.00023894862604540023,0.0,0.0,0.0,0.0
122,122.0,706.0,0.0,0.9971509971509972,0.9943019943019944,0.9985754985754987,0.9985754985754987,0.9971509971509972,0.9985754985754987,0.9985754985754987,0.9871794871794872,0.0,0.0,0.0,0.0,0.0,0.0014245014245014246,0.0,0.0,0.0,0.0,0.0,0.0,0.0,0.8703703703703705,0.42022792022792027,0.7934472934472935,0.7735042735042735,0.8404558404558405,0.16809116809116809,0.7905982905982907,0.2250712250712251,0.32193732193732194,0.858974358974359,0.16524216524216526,0.3133903133903134,0.0,0.37464387464387466,0.18376068376068377,0.2834757834757835,0.15811965811965814,0.0014245014245014246,0.009971509971509971,0.0,0.0,0.0,0.0,0.0,0.0,0.0,0.0,0.0,0.0,0.0,0.0,0.0,0.0,0.0,0.0,0.0,0.0,0.0,0.0,0.0,0.0,0.0,0.0,0.0,0.0,0.0,0.0,0.0,0.0,0.0,0.0,0.0,0.0,0.0,0.0,0.0,0.0,0.0,0.0,0.0,0.0,0.0,0.0,0.0,0.0,0.0,0.0,0.0,0.0,0.0,0.0,0.0,0.0,0.0,0.0,0.0,0.0,0.0,0.0,0.0,0.0,0.0,0.0,0.0,0.0,0.0,0.0,0.0,0.0,0.0,0.0,0.0,0.0,0.0,0.0,0.0,0.0,0.0,0.0
123,123.0,2755.0,0.0,0.9999999999999999,0.24428312159709617,0.9999999999999999,0.9999999999999999,0.2246823956442831,0.20798548094373864,0.9999999999999999,0.10490018148820326,0.0007259528130671506,0.0014519056261343012,0.0003629764065335753,0.0003629764065335753,0.0,0.0007259528130671506,0.0,0.0,0.0,0.0,0.0,0.0,0.0029038112522686023,0.03557168784029038,0.02540834845735027,0.02613430127041742,0.031215970961887475,0.025771324863883845,0.0279491833030853,0.034845735027223226,0.031941923774954625,0.01778584392014519,0.010889292196007259,0.031941923774954625,0.029764065335753175,0.0007259528130671506,0.01778584392014519,0.008348457350272231,0.019600725952813067,0.007259528130671506,0.002540834845735027,0.0,0.0,0.0,0.0,0.0029038112522686023,0.0,0.0,0.0,0.0,0.0,0.0,0.0,0.0,0.0,0.0,0.0,0.0,0.0,0.0,0.0,0.0003629764065335753,0.0,0.0,0.0,0.0010889292196007258,0.0,0.0,0.0010889292196007258,0.0003629764065335753,0.0,0.0,0.0,0.0,0.0,0.0,0.0,0.0,0.0,0.0007259528130671506,0.0,0.0,0.0,0.0,0.0,0.0,0.0,0.0,0.0007259528130671506,0.0007259528130671506,0.0,0.0,0.0,0.0,0.0,0.0003629764065335753,0.0,0.0,0.0,0.0,0.0003629764065335753,0.0003629764065335753,0.0,0.0,0.0,0.0,0.0,0.0007259528130671506,0.0,0.0003629764065335753,0.0,0.0003629764065335753,0.0,0.0,0.0003629764065335753,0.0,0.0003629764065335753,0.0,0.0003629764065335753,0.0,0.0,0.0
124,124.0,530.0,0.0,0.2169811320754717,0.19056603773584907,1.0,0.0,0.0,0.39245283018867927,0.09056603773584906,0.033962264150943396,0.0,0.0,0.0018867924528301887,0.0018867924528301887,0.0018867924528301887,0.0018867924528301887,0.0,0.0018867924528301887,0.0,0.0018867924528301887,0.0,0.0018867924528301887,0.0,0.016981132075471698,0.013207547169811321,0.01509433962264151,0.01509433962264151,0.016981132075471698,0.009433962264150943,0.011320754716981133,1.0,0.016981132075471698,0.009433962264150943,0.013207547169811321,0.035849056603773584,0.0,0.007547169811320755,0.007547169811320755,0.0056603773584905665,0.0056603773584905665,0.0056603773584905665,0.0056603773584905665,0.0037735849056603774,0.0,0.0,0.013207547169811321,0.0,0.0,0.0,0.0,0.0,0.0,0.0,0.0,0.0,0.0,0.0018867924528301887,0.0037735849056603774,0.0037735849056603774,0.0018867924528301887,0.0,0.0,0.0,0.0018867924528301887,0.0,0.0,0.0,0.0,0.0018867924528301887,0.0,0.0,0.0,0.0,0.0,0.0,0.0,0.0,0.0018867924528301887,0.0018867924528301887,0.0,0.0,0.0,0.0,0.0,0.0,0.0,0.0,0.0,0.0,0.0,0.0,0.0,0.0018867924528301887,0.0,0.0018867924528301887,0.0,0.0,0.0,0.0,0.0,0.0,0.0,0.0,0.0,0.0,0.0,0.0,0.0,0.0018867924528301887,0.0,0.0018867924528301887,0.0,0.0,0.0018867924528301887,0.0,0.0,0.0,0.0,0.0,0.0,0.0,0.0018867924528301887
125,125.0,2169.0,0.0,1.0,0.2821576763485477,0.0,1.0,0.0,0.28077455048409405,1.0,0.0,0.0,0.0004610419548178884,0.0,0.0,0.0,0.0,0.0,0.0,0.0,0.0,0.0,0.0,0.0027662517289073303,0.02028584601198709,0.022591055786076533,0.02351313969571231,0.022130013831258642,0.01475334255417243,0.01751959428307976,0.017980636237897647,0.012909174734900875,0.02028584601198709,0.018902720147533424,0.022130013831258642,0.017980636237897647,0.0004610419548178884,0.012448132780082987,0.01152604887044721,0.01429230059935454,0.009220839096357769,0.0027662517289073303,0.0055325034578146606,0.0004610419548178884,0.0,0.0,0.0013831258644536651,0.0,0.0,0.0,0.0,0.0,0.0,0.0,0.0,0.0,0.0,0.0,0.0004610419548178884,0.0004610419548178884,0.0,0.0,0.0,0.0,0.0,0.0,0.0013831258644536651,0.0,0.0009220839096357768,0.0,0.0,0.0,0.0004610419548178884,0.0,0.0,0.0,0.0,0.0,0.0,0.0,0.0,0.0,0.0,0.0,0.0,0.0,0.0,0.0,0.0,0.0004610419548178884,0.0,0.0,0.0,0.0,0.0,0.0,0.0004610419548178884,0.0,0.0,0.0,0.0,0.0,0.0,0.0,0.0,0.0,0.0,0.0,0.0,0.0,0.0,0.0,0.0,0.0,0.0,0.0004610419548178884,0.0,0.0,0.0,0.0,0.0,0.0,0.0
126,126.0,6791.0,0.0,1.0,0.0,0.0,0.0,1.0,0.0,0.0,0.0,0.00014725371815638345,0.0,0.0007362685907819173,0.0,0.0,0.0007362685907819173,0.0,0.0,0.0,0.0,0.0,0.0,0.002208805772345752,0.007068178471506406,0.010013252834634074,0.008393461934913856,0.009276984243852157,0.00854071565307024,0.00809895449860109,0.005742895008098954,0.006626417317037255,0.008982476807539391,0.006184656162568105,0.00942423796200854,0.005890148726255338,0.00014725371815638345,0.0025033132086585185,0.003975850390222353,0.005006626417317037,0.0,0.0030923280812840525,0.002356059490502135,0.00014725371815638345,0.0,0.0,0.0007362685907819173,0.0,0.0,0.0,0.00014725371815638345,0.0,0.0,0.0,0.0,0.0,0.0,0.0,0.00014725371815638345,0.00014725371815638345,0.0,0.0,0.0,0.0,0.0,0.0,0.0002945074363127669,0.0,0.00014725371815638345,0.0,0.0,0.0,0.0,0.0,0.0,0.0,0.0,0.0,0.0,0.0,0.00014725371815638345,0.0,0.0,0.0,0.0,0.0,0.0,0.00014725371815638345,0.0,0.0,0.00014725371815638345,0.0,0.0,0.0,0.0,0.0,0.0,0.0,0.0,0.0,0.0,0.0,0.0,0.0,0.0,0.0,0.0,0.0,0.0,0.0,0.0,0.0,0.0,0.00014725371815638345,0.0,0.0,0.0,0.0,0.0,0.0,0.0,0.0,0.0
127,127.0,1695.0,0.0,0.0,1.0,0.49852507374631266,0.0,0.8324483775811209,0.6637168141592921,1.0,1.0,0.0,0.0,0.0005899705014749262,0.0,0.0,0.0,0.0,0.0,0.0,0.0,0.0,0.0,0.0011799410029498525,0.024778761061946902,0.03716814159292035,0.03185840707964602,0.030678466076696165,0.03480825958702065,0.03716814159292035,0.02831858407079646,0.0359882005899705,0.02654867256637168,0.03421828908554572,0.029498525073746312,0.032448377581120944,0.0005899705014749262,0.02359882005899705,0.01710914454277286,0.02064896755162242,0.015339233038348082,0.0,0.0011799410029498525,0.0,0.0,0.0,0.0005899705014749262,0.0,0.0,0.0,0.0,0.0,0.0,0.0,0.0,0.0,0.0,0.0,0.0,0.0,0.0,0.0,0.0,0.0,0.0,0.0,0.0,0.0,0.0,0.0,0.0,0.0,0.0,0.0,0.0,0.0,0.0,0.0,0.0,0.0,0.0,0.0,0.0,0.0,0.0,0.0,0.0,0.0,0.0,0.0,0.0,0.0,0.0,0.0,0.0,0.0,0.0,0.0,0.0,0.0,0.0,0.0,0.0,0.0,0.0,0.0,0.0,0.0,0.0,0.0,0.0,0.0,0.0,0.0,0.0,0.0,0.0,0.0,0.0,0.0,0.0,0.0,0.0
128,128.0,3791.0,0.0,0.9632177824821381,0.9878274675840168,0.9727441121989944,0.9724794919290817,0.9857105054247155,0.9655993649113521,0.9002381582429213,0.9923260121725324,0.0,0.0,0.0,0.0,0.0,0.0002646202699126753,0.0,0.0,0.0,0.0,0.0,0.0,0.0018523418893887271,0.06800740936755754,0.06906589044720825,0.09129399311987298,0.0,0.15930140248743052,0.0942048160889124,0.06377348504895475,0.09843874040751521,0.0,1.0,0.07912146070388991,0.09102937284996031,0.0002646202699126753,0.006880127017729558,0.071712093146335,0.0653612066684308,0.0,0.0007938608097380259,0.007144747287642233,0.0,0.0,0.0,0.0007938608097380259,0.0,0.0,0.0,0.0,0.0,0.0,0.0,0.0,0.0,0.0,0.0,0.0,0.0,0.0,0.0,0.0,0.0,0.0,0.0,0.0002646202699126753,0.0,0.0,0.0,0.0,0.0002646202699126753,0.0,0.0,0.0,0.0,0.0,0.0,0.0002646202699126753,0.0,0.0010584810796507012,0.0,0.0,0.0,0.0,0.0,0.0,0.0,0.0,0.0,0.0,0.0,0.0,0.0,0.0,0.0,0.0,0.0,0.0,0.0,0.0,0.0,0.0,0.0,0.0,0.0,0.0,0.0,0.0005292405398253506,0.0,0.0,0.0,0.0,0.0,0.0,0.0,0.0,0.0,0.0,0.0,0.0,0.0,0.0
129,129.0,7536.0,0.0,0.0,0.0,0.0,0.0,1.0,1.0,0.12405365918448666,0.0,0.0,0.0,0.0,0.0,0.0,0.0005312790543232833,0.0,0.0,0.0,0.0,0.0,0.0,0.002523575508035596,0.008766104396334176,0.010227121795723205,0.011820958958693055,0.010227121795723205,0.007305086996945146,0.008766104396334176,0.008898924159914995,0.008234825342010891,0.007570726524106787,0.006640988179041042,0.007437906760525967,0.009828662504980741,0.0,0.003984592907424625,0.0035861336166821624,0.004383052198167088,0.0034533138531013417,0.0021251162172931334,0.002523575508035596,0.0,0.0,0.0,0.0007969185814849251,0.0,0.0,0.00013281976358082084,0.0,0.0,0.0,0.0,0.0,0.0,0.0,0.0,0.0,0.0,0.0,0.0,0.0,0.0,0.0,0.0,0.00013281976358082084,0.0,0.0,0.00013281976358082084,0.0,0.0,0.0,0.0,0.0,0.0,0.0,0.0,0.0,0.0,0.00013281976358082084,0.0,0.0,0.0,0.0,0.00013281976358082084,0.0,0.0,0.0,0.0,0.00013281976358082084,0.0,0.0,0.00013281976358082084,0.0,0.0,0.0,0.0,0.0,0.0,0.0,0.0,0.0,0.0,0.0,0.0,0.0,0.0,0.00013281976358082084,0.0,0.0,0.0,0.0,0.0,0.0,0.0,0.0,0.0,0.0,0.0,0.0,0.0,0.00013281976358082084
130,130.0,662.0,0.0,0.9969135802469136,1.0,0.9984567901234568,1.0,0.9969135802469136,0.9984567901234568,0.9969135802469136,0.9953703703703703,0.0,0.0,0.0,0.0,0.0,0.0015432098765432098,0.0,0.0,0.0,0.0,0.0,0.0,0.0015432098765432098,0.7793209876543209,0.6080246913580246,0.6342592592592592,0.5709876543209876,0.12345679012345678,0.9043209876543209,0.8194444444444444,0.09567901234567901,0.882716049382716,0.757716049382716,0.736111111111111,0.38425925925925924,0.0,0.4212962962962963,0.5324074074074073,0.24537037037037035,0.30246913580246915,0.0,0.007716049382716049,0.0,0.0,0.0,0.0,0.0,0.0,0.0,0.0,0.0,0.0,0.0,0.0,0.0,0.0,0.0,0.0,0.0,0.0,0.0,0.0,0.0,0.0,0.0,0.0,0.0,0.0,0.0,0.0,0.0,0.0,0.0,0.0,0.0,0.0,0.0,0.0,0.0,0.0,0.0,0.0,0.0,0.0,0.0,0.0,0.0,0.0,0.0,0.0,0.0,0.0,0.0,0.0,0.0,0.0,0.0,0.0,0.0,0.0,0.0,0.0,0.0,0.0,0.0,0.0,0.0,0.004629629629629629,0.0,0.0,0.0,0.0,0.0,0.0,0.0,0.0,0.0,0.0,0.0,0.0,0.0,0.0
131,131.0,1243.0,0.0,0.0008045052292839903,0.0016090104585679806,0.0,0.0,0.0008045052292839903,0.0,0.0,0.0008045052292839903,0.9686242960579243,0.9436846339501206,0.9243765084473049,0.9420756234915526,0.8061142397425582,0.8785197103781174,0.9082864038616251,0.5221238938053097,0.5615446500402252,0.30973451327433627,0.8913917940466612,0.0,0.0008045052292839903,0.0,0.0,0.0,0.0,0.0,0.0,0.0,0.0,0.0,0.0,0.0008045052292839903,0.0,0.0,0.0,0.0,0.0,0.0,0.0008045052292839903,0.0008045052292839903,0.0,0.0,0.0,0.0,0.0,0.0,0.0008045052292839903,0.0,0.0,0.0,0.0,0.0,0.0,0.0,0.0,0.0,0.0,0.0,0.0,0.0008045052292839903,0.0,0.0,0.0,0.0,0.0008045052292839903,0.0,0.0,0.0,0.0,0.0,0.0,0.0,0.0,0.0,0.0,0.0,0.0,0.0,0.0,0.0,0.0,0.0,0.0,0.0,0.0,0.0,0.0,0.0,0.0,0.0,0.0,0.0,0.0,0.0,0.0,0.0,0.0,0.0,0.0,0.0,0.0,0.0,0.0,0.0,0.0,0.0,0.0,0.0,0.0,0.0,0.0,0.0,0.0,0.0,0.0,0.0,0.0,0.0,0.0,0.0
132,132.0,2023.0,0.0,0.9695630829651448,0.9896907216494846,0.9749631811487481,0.970054000981836,0.9671084928816888,0.9617083946980854,0.9023073146784487,0.9666175748649976,0.0,0.0,0.0,0.0,0.0,0.0,0.0,0.0,0.0,0.0,0.0,0.0,0.0014727540500736377,0.09081983308787432,0.1055473735886107,0.0898379970544919,0.006381934216985763,0.0,0.10996563573883161,0.07658321060382917,0.12076583210603829,0.007363770250368188,0.14678448699067256,0.08541973490427099,0.08541973490427099,0.0,0.0,0.07609229258713794,0.0741286205203731,1.0,0.0004909180166912126,0.0039273441335297005,0.0,0.0,0.0,0.0009818360333824251,0.0,0.0,0.0,0.0,0.0,0.0,0.0,0.0,0.0004909180166912126,0.0,0.0,0.0,0.0,0.0,0.0,0.0,0.0,0.0,0.0,0.0004909180166912126,0.0,0.0,0.0,0.0,0.0,0.0,0.0004909180166912126,0.0,0.0,0.0,0.0,0.0,0.0,0.0004909180166912126,0.0,0.0,0.0,0.0,0.0,0.0,0.0,0.0004909180166912126,0.0,0.0,0.0,0.0,0.0,0.0,0.0,0.0,0.0,0.0,0.0,0.0,0.0,0.0,0.0,0.0,0.0,0.0,0.0,0.0009818360333824251,0.0,0.0,0.0,0.0,0.0,0.0,0.0,0.0,0.0,0.0,0.0,0.0,0.0,0.0
133,133.0,4028.0,0.0,0.9999999999999999,0.9296507307406489,0.2935348030715878,0.2826356205102799,0.9999999999999999,0.926925935100322,0.8429526876393361,0.9999999999999999,0.0004954173891503591,0.0004954173891503591,0.00024770869457517957,0.0,0.0,0.00024770869457517957,0.0,0.0,0.0,0.0,0.0,0.0,0.001733960862026257,0.041862769383205344,0.014119395590785235,0.047807778053009654,0.01610106514738667,0.01733960862026257,0.015110230369085953,0.037651721575427295,0.009660639088432003,0.015110230369085953,0.015110230369085953,0.042110478077780525,0.03567005201882586,0.0,0.008422095615556105,0.02353232598464206,0.01139459995045826,0.006440426058954668,0.00024770869457517957,0.005201882586078771,0.0,0.0,0.0,0.0009908347783007183,0.0,0.0,0.0,0.0,0.0,0.0,0.0,0.0,0.0,0.0,0.0,0.0,0.0,0.0,0.0,0.0,0.0,0.0,0.0,0.0009908347783007183,0.0,0.0,0.0,0.0,0.0,0.0,0.0,0.0,0.0,0.0,0.0,0.0,0.0004954173891503591,0.00024770869457517957,0.0,0.0,0.0,0.0,0.0,0.0,0.00024770869457517957,0.0,0.0,0.00024770869457517957,0.0,0.0,0.0,0.0,0.0,0.0,0.0,0.0,0.0,0.0,0.0,0.0,0.0,0.0,0.0,0.0,0.0,0.0,0.0,0.0,0.0,0.0,0.0,0.0,0.0,0.0,0.0,0.0,0.0,0.0,0.0,0.0
134,134.0,1044.0,0.0,0.9689621726479146,0.9786614936954413,0.9786614936954413,0.973811833171678,0.9757516973811833,0.973811833171678,0.8991270611057226,0.8758486905916586,0.0,0.0,0.0,0.0,0.0,0.0,0.0,0.0,0.0,0.0,0.0,0.0,0.0009699321047526673,0.09990300678952474,0.0019398642095053346,1.0,0.14742967992240544,0.16779825412221144,0.1454898157129001,1.0,0.16779825412221144,0.15615906886517944,0.08535402521823472,0.1483996120271581,0.0,0.0,0.06983511154219205,0.0921435499515034,0.11154219204655674,0.07080504364694472,0.0009699321047526673,0.005819592628516004,0.0,0.0,0.0,0.0,0.0,0.0,0.0,0.0,0.0,0.0,0.0,0.0,0.0,0.0,0.0,0.0,0.0,0.0,0.0,0.0,0.0,0.0,0.0,0.0009699321047526673,0.0,0.0,0.0,0.0,0.0,0.0,0.0,0.0,0.0,0.0,0.0,0.0,0.0,0.0,0.0,0.0,0.0,0.0,0.0,0.0,0.0,0.0,0.0,0.0,0.0,0.0,0.0,0.0,0.0,0.0,0.0,0.0,0.0,0.0,0.0,0.0,0.0,0.0,0.0,0.0,0.0009699321047526673,0.0019398642095053346,0.0,0.0,0.0,0.0,0.0,0.0,0.0,0.0,0.0,0.0,0.0,0.0,0.0,0.0
135,135.0,1115.0,0.0,0.0017905102954341987,0.0008952551477170994,0.0008952551477170994,0.0017905102954341987,0.0008952551477170994,0.0017905102954341987,0.0017905102954341987,0.0,0.9659803043867502,0.9319606087735004,0.6884512085944494,0.9803043867502238,0.39480752014324083,0.9668755595344674,0.7761862130707251,0.23724261414503134,0.8504923903312444,0.1683079677708147,0.8504923903312444,0.9829901521933752,0.0026857654431512983,0.0,0.0,0.0,0.0008952551477170994,0.0,0.0,0.0,0.0,0.0,0.0,0.0,0.0,0.0,0.0,0.0,0.0,0.0,0.0017905102954341987,0.0008952551477170994,0.0008952551477170994,0.0,0.0,0.0,0.0008952551477170994,0.0008952551477170994,0.0,0.0,0.0,0.0008952551477170994,0.0008952551477170994,0.0,0.0017905102954341987,0.0008952551477170994,0.0,0.0,0.0,0.0,0.0,0.0,0.0,0.0,0.0008952551477170994,0.0,0.0008952551477170994,0.0,0.0,0.0,0.0,0.0,0.0,0.0,0.0,0.0,0.0,0.0,0.0,0.0,0.0,0.0,0.0,0.0,0.0,0.0,0.0,0.0,0.0,0.0,0.0,0.0,0.0,0.0,0.0,0.0,0.0,0.0,0.0,0.0,0.0,0.0,0.0,0.0,0.0,0.0,0.0,0.0,0.0,0.0,0.0,0.0,0.0,0.0,0.0,0.0,0.0,0.0,0.0,0.0,0.0,0.0
136,136.0,3025.0,0.0,1.0,0.0,0.8316798941798942,0.8382936507936507,1.0,0.8267195767195766,1.0,1.0,0.0006613756613756613,0.0006613756613756613,0.00033068783068783067,0.0,0.0,0.0,0.0,0.0,0.0,0.0,0.0,0.0,0.0016534391534391533,0.037037037037037035,0.031084656084656083,0.03835978835978836,0.04199735449735449,0.01951058201058201,0.036375661375661374,0.03571428571428571,0.04133597883597884,0.020833333333333332,0.031084656084656083,0.04265873015873016,0.03306878306878307,0.000992063492063492,0.022486772486772486,0.02546296296296296,0.013888888888888888,0.022817460317460316,0.00033068783068783067,0.003968253968253968,0.0,0.0,0.0,0.000992063492063492,0.0,0.0,0.0,0.0,0.0,0.0,0.0,0.0,0.0,0.0,0.0,0.0,0.0,0.0,0.0,0.0,0.0,0.0,0.0,0.0006613756613756613,0.0,0.0,0.0,0.0,0.0,0.0,0.0,0.0,0.0,0.0,0.0,0.0,0.0,0.0,0.0,0.0,0.0,0.0,0.0,0.0,0.0,0.0,0.0,0.00033068783068783067,0.0,0.0,0.0,0.0,0.0,0.0,0.0,0.0,0.0,0.0,0.0,0.0,0.0,0.0,0.0,0.0,0.0,0.00033068783068783067,0.0,0.0,0.0,0.0,0.0,0.0,0.0,0.0,0.0,0.0,0.0,0.0,0.0,0.0
137,137.0,718.0,0.0,0.9985955056179775,0.9985955056179775,0.997191011235955,1.0,0.997191011235955,0.9985955056179775,0.9929775280898876,0.9929775280898876,0.0,0.0,0.0,0.0,0.0,0.0,0.0,0.0,0.0,0.0,0.0,0.0,0.0014044943820224719,0.14185393258426965,0.848314606741573,0.6418539325842696,0.10393258426966293,0.898876404494382,0.27247191011235955,0.7443820224719101,0.5575842696629213,0.6952247191011236,0.8398876404494382,0.5491573033707865,0.7626404494382022,0.0014044943820224719,0.3834269662921348,0.15308988764044942,0.273876404494382,0.11376404494382023,0.0,0.004213483146067416,0.0,0.0,0.0,0.0028089887640449437,0.0,0.0,0.0,0.0,0.0,0.0,0.0,0.0,0.0,0.0,0.0,0.0,0.0,0.0,0.0,0.0,0.0,0.0,0.0,0.0,0.0,0.0,0.0,0.0,0.0,0.0,0.0,0.0,0.0,0.0,0.0,0.0,0.0,0.0014044943820224719,0.0,0.0,0.0,0.0,0.0,0.0,0.0,0.0,0.0,0.0,0.0,0.0,0.0,0.0,0.0,0.0,0.0,0.0,0.0,0.0,0.0,0.0,0.0,0.0,0.0,0.0,0.0,0.0,0.0,0.0,0.0,0.0,0.0,0.0,0.0,0.0,0.0,0.0,0.0,0.0,0.0,0.0
138,138.0,5914.0,0.0,0.0,0.1687521136286777,0.16773757186337504,1.0,0.0,0.0,1.0,0.08522150828542441,0.00016909029421711193,0.00016909029421711193,0.00016909029421711193,0.00033818058843422386,0.00016909029421711193,0.0006763611768684477,0.00016909029421711193,0.0,0.0,0.0,0.0,0.0,0.0030436252959080146,0.012681772066283395,0.012005410889414947,0.010652688535678051,0.010314507947243827,0.009807237064592493,0.0074399729455529254,0.01048359824146094,0.010990869124112276,0.012343591477849171,0.012512681772066284,0.009976327358809604,0.01048359824146094,0.0,0.005579979709164694,0.0038890767669935745,0.008285424416638485,0.006087250591816029,0.0037199864727764627,0.0028745350016909027,0.00016909029421711193,0.00016909029421711193,0.0,0.0013527223537368955,0.0,0.00016909029421711193,0.00033818058843422386,0.0,0.00016909029421711193,0.00016909029421711193,0.00016909029421711193,0.0,0.0,0.00016909029421711193,0.0,0.0,0.0,0.00016909029421711193,0.0,0.00016909029421711193,0.0,0.0,0.0,0.00016909029421711193,0.0,0.00016909029421711193,0.0,0.0,0.0,0.0,0.0,0.0,0.0,0.0,0.00033818058843422386,0.0,0.0,0.0,0.0,0.00016909029421711193,0.00016909029421711193,0.0,0.00016909029421711193,0.0,0.0,0.0,0.00016909029421711193,0.00016909029421711193,0.00016909029421711193,0.0,0.00016909029421711193,0.00033818058843422386,0.0,0.0,0.0,0.00016909029421711193,0.0,0.0,0.0,0.00016909029421711193,0.0,0.0,0.0,0.0,0.0,0.0006763611768684477,0.00016909029421711193,0.0,0.00033818058843422386,0.00016909029421711193,0.00033818058843422386,0.00016909029421711193,0.00016909029421711193,0.0,0.0,0.0,0.0,0.0,0.0,0.0
139,139.0,837.0,0.0,0.8984468339307048,0.9283154121863799,0.9139784946236559,0.9080047789725209,0.8841099163679809,0.9486260454002389,0.8590203106332138,0.0,0.0,0.0,0.0,0.0,0.0,0.0,0.0,0.0,0.0,0.0,0.0,0.0,0.0011947431302270011,0.07646356033452807,0.06690561529271206,0.06571087216248506,0.06929510155316607,0.08482676224611709,0.08004778972520908,0.06810035842293906,0.08363201911589008,0.009557945041816009,0.08841099163679808,0.06571087216248506,0.06212664277180406,0.0,0.9999999999999999,0.03225806451612903,0.04301075268817204,0.04420549581839904,0.0011947431302270011,0.008363201911589008,0.0023894862604540022,0.0,0.0,0.0023894862604540022,0.0,0.0,0.0,0.0,0.0,0.0,0.0,0.0,0.0,0.0,0.0,0.0023894862604540022,0.0023894862604540022,0.0,0.0,0.0,0.0,0.0,0.0,0.0,0.0,0.0,0.0,0.0,0.0,0.0,0.0,0.0,0.0,0.0,0.0,0.0,0.0,0.0023894862604540022,0.0,0.0,0.0,0.0,0.0,0.0,0.0,0.0,0.0,0.0023894862604540022,0.0,0.0,0.0,0.0,0.0,0.0,0.0,0.0,0.0,0.0,0.0,0.0,0.0,0.0,0.0,0.0011947431302270011,0.0,0.0011947431302270011,0.0,0.0,0.0,0.0,0.0,0.0,0.0,0.0,0.0,0.0,0.0,0.0,0.0,0.0
140,140.0,917.0,0.0,0.0,0.001049317943336831,0.0,0.0,0.0,0.0,0.0,0.0,0.9601259181532005,0.9370409233997902,0.6935991605456453,0.9685204616998951,0.7355718782791186,0.9653725078698846,0.863588667366212,0.0,0.4144805876180483,1.0,0.3064008394543547,0.7681007345225603,0.0,0.0,0.0,0.0,0.0,0.0,0.0,0.0,0.0,0.0,0.0,0.0,0.0,0.0,0.0,0.0,0.0,0.0,0.0,0.002098635886673662,0.0,0.0,0.0,0.0,0.0,0.001049317943336831,0.0,0.0,0.001049317943336831,0.002098635886673662,0.002098635886673662,0.0,0.004197271773347324,0.0,0.0,0.0,0.0,0.002098635886673662,0.0,0.0,0.0,0.0,0.001049317943336831,0.0,0.002098635886673662,0.0,0.0,0.0,0.0,0.0,0.0,0.0,0.0,0.0,0.0,0.0,0.0,0.0,0.0,0.0,0.0,0.0,0.0,0.0,0.0,0.0,0.0,0.0,0.0,0.0,0.0,0.0,0.0,0.0,0.0,0.0,0.0,0.0,0.0,0.0,0.0,0.0,0.0,0.0,0.0,0.0,0.0,0.0,0.0,0.0,0.0,0.0,0.0,0.0,0.0,0.0,0.0,0.0,0.0,0.0
141,141.0,803.0,0.0,0.9974874371859297,1.0,0.9987437185929648,0.9987437185929648,1.0,1.0,0.9974874371859297,1.0,0.0,0.0,0.0,0.0,0.0,0.001256281407035176,0.0,0.001256281407035176,0.0,0.0,0.0,0.0,0.0,0.9095477386934674,0.7537688442211056,0.7361809045226131,0.0,0.9120603015075377,0.864321608040201,0.6381909547738693,0.8165829145728644,0.6871859296482412,0.7650753768844222,0.6582914572864321,0.6896984924623115,0.0,0.4334170854271357,0.4396984924623116,0.271356783919598,0.6771356783919598,0.002512562814070352,0.005025125628140704,0.0,0.0,0.0,0.0,0.0,0.0,0.0,0.0,0.0,0.0,0.0,0.0,0.001256281407035176,0.0,0.0,0.0,0.0,0.0,0.0,0.0,0.0,0.0,0.0,0.0,0.0,0.0,0.0,0.0,0.0,0.0,0.0,0.0,0.0,0.0,0.0,0.0,0.001256281407035176,0.0,0.0,0.0,0.0,0.0,0.0,0.0,0.0,0.0,0.0,0.001256281407035176,0.0,0.0,0.0,0.0,0.0,0.0,0.0,0.0,0.0,0.0,0.0,0.0,0.0,0.0,0.0,0.0,0.0,0.001256281407035176,0.0,0.0,0.0,0.0,0.0,0.0,0.0,0.0,0.0,0.0,0.0,0.0,0.0,0.0
142,142.0,2409.0,0.0,0.24408468244084683,0.0,1.0,0.23412204234122042,1.0,0.0,0.11124948111249482,1.0,0.0,0.0012453300124533001,0.0008302200083022001,0.0,0.0,0.0016604400166044002,0.0,0.0,0.0,0.0,0.0,0.0,0.0008302200083022001,0.022000830220008302,0.023661270236612703,0.021585720215857203,0.0157741801577418,0.021585720215857203,0.022000830220008302,0.014113740141137402,0.022000830220008302,0.019925280199252802,0.021170610211706103,0.019095060190950603,0.0157741801577418,0.0,0.006641760066417601,0.010792860107928601,0.010792860107928601,0.0078870900788709,0.0024906600249066002,0.0024906600249066002,0.0,0.0,0.0,0.0016604400166044002,0.0,0.0,0.0,0.0,0.0,0.0,0.0,0.0,0.0,0.0,0.0,0.0,0.0,0.0,0.0,0.0,0.0,0.0,0.0,0.0008302200083022001,0.0,0.0,0.0,0.0,0.0,0.0,0.0,0.0,0.0,0.0,0.0,0.0,0.00041511000415110004,0.0,0.0,0.0,0.0,0.0,0.0,0.0,0.0,0.0,0.0,0.00041511000415110004,0.0,0.0,0.0,0.0,0.0,0.0,0.0,0.0,0.0,0.0,0.0,0.0,0.0,0.0,0.0,0.0,0.0,0.00041511000415110004,0.0,0.0,0.0,0.0,0.0,0.0,0.0,0.0,0.0,0.0,0.0,0.0,0.0,0.0
143,143.0,756.0,0.0,1.0,1.0,1.0,1.0,1.0,1.0,0.9960317460317459,1.0,0.0,0.0,0.0013227513227513227,0.0,0.0,0.0,0.0,0.0,0.0,0.0,0.0013227513227513227,0.0,0.0,0.8544973544973544,0.865079365079365,0.8187830687830687,0.8637566137566137,0.8756613756613756,0.8584656084656084,0.8531746031746031,0.8915343915343915,0.8597883597883598,0.8637566137566137,0.8624338624338623,0.8756613756613756,0.0,1.0,1.0,0.6957671957671957,0.0,0.005291005291005291,0.0026455026455026454,0.0,0.0,0.0,0.0026455026455026454,0.0,0.0,0.0,0.0,0.0,0.0,0.0,0.0,0.0,0.0,0.0,0.0,0.0,0.0,0.0,0.0,0.0,0.0,0.0,0.0013227513227513227,0.0,0.0,0.0,0.0,0.0,0.0,0.0,0.0,0.0,0.0,0.0,0.0,0.0,0.0013227513227513227,0.0,0.0,0.0,0.0,0.0,0.0,0.0,0.0,0.0,0.0013227513227513227,0.0,0.0,0.0,0.0,0.0,0.0,0.0,0.0,0.0,0.0,0.0,0.0,0.0,0.0,0.0,0.0013227513227513227,0.0,0.0026455026455026454,0.0,0.0,0.0,0.0,0.0,0.0,0.0,0.0,0.0,0.0,0.0,0.0,0.0,0.0
144,144.0,2694.0,0.0,0.0,1.0,1.0,1.0,0.0,0.0,0.2260579064587973,0.0,0.0,0.0,0.0,0.0,0.0,0.0007423904974016332,0.0,0.0,0.0,0.0,0.0,0.0,0.001855976243504083,0.01744617668893838,0.01744617668893838,0.016703786191536747,0.015219005196733481,0.020044543429844096,0.022271714922048998,0.01967334818114328,0.018188567186340016,0.017817371937639197,0.020415738678544914,0.015961395694135114,0.01744617668893838,0.0003711952487008166,0.010022271714922048,0.009279881217520415,0.006310319227913882,0.008537490720118782,0.0014847809948032665,0.005939123979213066,0.0,0.0,0.0,0.0,0.0,0.0,0.0,0.0,0.0,0.0,0.0,0.0,0.0,0.0,0.0,0.0,0.0,0.0,0.0,0.0,0.0,0.0,0.0,0.0,0.0,0.0,0.0,0.0,0.0,0.0,0.0,0.0,0.0,0.0,0.0,0.0,0.0,0.0,0.0,0.0,0.0,0.0,0.0,0.0,0.0,0.0,0.0,0.0,0.0,0.0,0.0,0.0,0.0,0.0,0.0,0.0,0.0,0.0,0.0,0.0,0.0,0.0,0.0,0.0,0.0,0.0003711952487008166,0.0,0.0,0.0,0.0,0.0,0.0,0.0,0.0,0.0,0.0,0.0,0.0,0.0,0.0
145,145.0,1002.0,0.0,0.9999999999999999,0.0,0.0,0.0,0.9999999999999999,0.0,0.0,0.9999999999999999,0.0,0.0,0.0,0.0,0.0,0.0,0.0,0.0,0.0,0.0,0.0,0.0,0.00499001996007984,0.008982035928143712,0.008982035928143712,0.01397205588822355,0.02594810379241517,0.01896207584830339,0.015968063872255488,0.015968063872255488,0.01896207584830339,0.021956087824351295,0.015968063872255488,0.01397205588822355,0.011976047904191616,0.0,0.006986027944111775,0.012974051896207584,0.003992015968063872,0.007984031936127744,0.0,0.000998003992015968,0.0,0.0,0.0,0.0,0.0,0.0,0.0,0.0,0.0,0.0,0.0,0.0,0.0,0.0,0.0,0.0,0.0,0.0,0.0,0.0,0.0,0.0,0.0,0.0,0.0,0.0,0.0,0.0,0.0,0.0,0.0,0.0,0.0,0.0,0.0,0.0,0.0,0.0,0.0,0.0,0.0,0.0,0.0,0.0,0.0,0.0,0.0,0.0,0.0,0.0,0.0,0.0,0.0,0.0,0.0,0.0,0.0,0.0,0.0,0.0,0.0,0.0,0.0,0.0,0.0,0.0,0.0,0.0,0.0,0.0,0.0,0.0,0.0,0.0,0.0,0.0,0.0,0.0,0.0,0.0
146,146.0,2453.0,0.0,1.0,0.24011414594374236,0.0,0.24663677130044842,0.0,1.0,0.09947003668976763,1.0,0.0,0.0,0.0008153281695882593,0.0,0.0,0.0,0.0,0.0,0.0,0.0,0.0,0.0,0.00040766408479412964,0.015083571137382797,0.020383204239706482,0.02119853240929474,0.022013860578883,0.02323685283326539,0.017529555646147575,0.018752547900529964,0.015491235222176927,0.02323685283326539,0.02323685283326539,0.018344883815735832,0.019160211985324093,0.0,0.008153281695882593,0.008153281695882593,0.01059926620464737,0.00978393803505911,0.0008153281695882593,0.003261312678353037,0.0,0.0,0.0,0.00040766408479412964,0.0,0.0,0.0,0.0,0.0,0.0,0.0,0.00040766408479412964,0.0,0.0,0.0,0.0,0.0,0.0,0.0,0.0,0.0,0.0,0.0,0.00040766408479412964,0.0,0.0,0.00040766408479412964,0.0,0.0,0.0,0.0,0.0,0.0,0.0,0.0,0.0,0.0,0.0,0.0,0.0,0.0,0.0,0.0,0.0,0.0,0.0,0.00040766408479412964,0.00040766408479412964,0.0,0.0,0.0,0.0,0.0,0.0,0.0,0.00040766408479412964,0.0,0.0,0.00040766408479412964,0.00040766408479412964,0.0,0.0,0.0,0.0,0.0,0.0,0.0,0.0,0.0,0.0,0.0,0.0,0.00040766408479412964,0.0,0.0,0.0,0.00040766408479412964,0.0,0.0,0.0
147,147.0,1513.0,0.0,0.9360158311345647,0.9439313984168866,0.9663588390501319,0.9689973614775725,0.9201846965699209,0.9386543535620052,0.7519788918205804,0.9986807387862796,0.0006596306068601583,0.0,0.0,0.0,0.0,0.0013192612137203166,0.0,0.0,0.0,0.0,0.0,0.0,0.0,0.07453825857519789,0.07651715039577836,0.07717678100263851,0.018469656992084433,0.017150395778364115,0.0,0.06662269129287599,0.0,0.021108179419525065,0.017150395778364115,0.06464379947229551,0.07124010554089709,0.0,0.011213720316622692,0.056068601583113456,1.0,0.009894459102902374,0.0013192612137203166,0.0032981530343007912,0.0,0.0,0.0,0.0013192612137203166,0.0,0.0,0.0,0.0,0.0,0.0,0.0,0.0,0.0,0.0,0.0,0.0,0.0,0.0,0.0,0.0,0.0,0.0,0.0,0.0,0.0,0.0,0.0,0.0,0.0,0.0,0.0,0.0,0.0,0.0,0.0,0.0,0.0,0.0,0.0,0.0,0.0,0.0,0.0,0.0,0.0,0.0,0.0,0.0006596306068601583,0.0,0.0,0.0,0.0,0.0,0.0,0.0,0.0,0.0,0.0,0.0,0.0,0.0,0.0,0.0,0.0,0.0,0.0,0.0,0.0,0.0,0.0,0.0,0.0,0.0,0.0,0.0,0.0,0.0,0.0,0.0,0.0
148,148.0,671.0,0.0,0.9957203994293866,0.9971469329529244,0.9871611982881598,0.9900142653352354,0.9957203994293866,0.9928673323823111,0.978601997146933,0.964336661911555,0.0,0.0,0.0,0.0,0.0,0.0014265335235378032,0.0,0.0,0.0,0.0,0.0,0.0,0.0,0.20399429386590587,0.8930099857346648,0.21968616262482168,0.1369472182596291,0.19258202567760344,0.9386590584878745,0.19543509272467904,0.16119828815977175,0.1754636233951498,0.19400855920114124,0.9415121255349501,0.21540656205420827,0.0,0.16405135520684735,0.1369472182596291,0.4664764621968616,0.17403708987161198,0.0,0.0,0.0,0.0,0.0,0.0,0.0,0.0,0.0,0.0,0.0,0.0,0.0,0.0,0.0,0.0,0.0,0.0,0.0,0.0,0.0,0.0,0.0,0.0,0.0,0.0,0.0,0.0,0.0,0.0,0.0,0.0,0.0,0.0,0.0,0.0,0.0,0.0,0.0,0.0,0.0,0.0,0.0,0.0,0.0,0.0,0.0,0.0,0.0,0.0,0.0,0.0,0.0,0.0,0.0,0.0,0.0,0.0,0.0,0.0,0.0,0.0,0.0,0.0,0.0,0.0,0.0,0.0,0.0,0.0,0.0,0.0,0.0,0.0,0.0,0.0,0.0,0.0,0.0,0.0,0.0,0.0
149,149.0,2048.0,0.0,0.0,1.0,0.0,1.0,1.0,1.0,0.0,0.3193359375,0.0,0.00048828125,0.0,0.0,0.0,0.0009765625,0.0,0.0,0.0,0.0,0.0,0.0,0.001953125,0.02880859375,0.0263671875,0.0224609375,0.02685546875,0.029296875,0.02587890625,0.029296875,0.0244140625,0.03076171875,0.02734375,0.0283203125,0.02685546875,0.001953125,0.01708984375,0.01025390625,0.01904296875,0.01953125,0.0009765625,0.00244140625,0.0,0.0,0.0,0.00048828125,0.0,0.0,0.0,0.0,0.0,0.0,0.0,0.0,0.0,0.0,0.0,0.0,0.0,0.0,0.0,0.0,0.0,0.0,0.0,0.00048828125,0.0,0.0,0.0,0.0,0.0,0.0,0.0,0.0,0.0,0.0,0.0,0.0,0.0,0.0,0.0,0.0,0.0,0.0,0.0,0.0,0.0,0.0,0.0,0.00048828125,0.0,0.0,0.0,0.0,0.0,0.0,0.0,0.0,0.0,0.0,0.0,0.0,0.0,0.0,0.0,0.0,0.0,0.0,0.0,0.0,0.0,0.0,0.0,0.0,0.0,0.0,0.0,0.0,0.0,0.0,0.0,0.0
150,150.0,3370.0,0.0,1.0,0.0,0.0,0.0,0.0,0.0,1.0,0.0,0.0,0.0,0.0008902077151335311,0.0005934718100890207,0.0005934718100890207,0.0002967359050445104,0.0005934718100890207,0.0,0.0,0.0,0.0,0.0,0.003857566765578635,0.006231454005934718,0.011275964391691394,0.011275964391691394,0.009495548961424332,0.00830860534124629,0.013946587537091987,0.006528189910979228,0.008902077151335312,0.007121661721068249,0.008902077151335312,0.008011869436201781,0.009198813056379821,0.0002967359050445104,0.004451038575667656,0.003264094955489614,0.0035608308605341245,0.004451038575667656,0.0020771513353115725,0.002373887240356083,0.0002967359050445104,0.0,0.0002967359050445104,0.0005934718100890207,0.0002967359050445104,0.0,0.0,0.0,0.0,0.0002967359050445104,0.0,0.0,0.0,0.0,0.0,0.0,0.0002967359050445104,0.0,0.0,0.0,0.0002967359050445104,0.0,0.0002967359050445104,0.0,0.0,0.0005934718100890207,0.0,0.0,0.0,0.0,0.0,0.0,0.0,0.0,0.0,0.0,0.0,0.0,0.0,0.0,0.0,0.0,0.0002967359050445104,0.0,0.0,0.0,0.0,0.0002967359050445104,0.0,0.0,0.0,0.0002967359050445104,0.0,0.0,0.0,0.0002967359050445104,0.0002967359050445104,0.0,0.0,0.0,0.0,0.0002967359050445104,0.0,0.0,0.0002967359050445104,0.0,0.0002967359050445104,0.0,0.0,0.0,0.0,0.0,0.0,0.0,0.0,0.0,0.0,0.0,0.0,0.0
151,151.0,1263.0,0.0,0.0,0.0,1.0,1.0,0.0,0.0,0.21773555027711797,1.0,0.0,0.0,0.000791765637371338,0.0,0.0,0.000791765637371338,0.0,0.0,0.0,0.0,0.0,0.0,0.001583531274742676,0.012668250197941409,0.017418844022169436,0.009501187648456057,0.009501187648456057,0.014251781472684084,0.025336500395882817,0.013460015835312747,0.01583531274742676,0.011084718923198733,0.011084718923198733,0.017418844022169436,0.022169437846397466,0.0,0.008709422011084718,0.00395882818685669,0.0055423594615993665,0.009501187648456057,0.00395882818685669,0.001583531274742676,0.0,0.0,0.0,0.000791765637371338,0.0,0.0,0.0,0.0,0.0,0.0,0.0,0.0,0.0,0.0,0.0,0.0,0.0,0.0,0.0,0.0,0.0,0.0,0.0,0.001583531274742676,0.0,0.000791765637371338,0.0,0.0,0.0,0.0,0.0,0.0,0.0,0.0,0.0,0.0,0.0,0.0,0.0,0.0,0.0,0.0,0.0,0.0,0.0,0.0,0.0,0.0,0.0,0.0,0.0,0.0,0.0,0.0,0.0,0.0,0.0,0.0,0.0,0.0,0.0,0.0,0.0,0.0,0.0,0.0,0.0,0.0,0.0,0.0,0.0,0.0,0.0,0.0,0.0,0.0,0.0,0.000791765637371338,0.0,0.0
152,152.0,1403.0,0.0,0.20454545454545456,0.18394886363636365,1.0,0.2059659090909091,0.19602272727272727,1.0,1.0,1.0,0.0007102272727272727,0.0007102272727272727,0.0,0.0007102272727272727,0.0,0.0007102272727272727,0.0,0.0,0.0,0.0,0.0,0.0,0.002840909090909091,0.02556818181818182,0.026988636363636364,0.040482954545454544,0.026988636363636364,0.019886363636363636,0.027698863636363636,0.033380681818181816,0.029829545454545456,0.03480113636363637,0.03125,0.02556818181818182,0.03622159090909091,0.0,0.022017045454545456,0.029119318181818184,0.020596590909090908,0.01278409090909091,0.0007102272727272727,0.005681818181818182,0.0007102272727272727,0.0,0.0007102272727272727,0.002130681818181818,0.0,0.0,0.0007102272727272727,0.0,0.0,0.0,0.0,0.0,0.0,0.0,0.0,0.0007102272727272727,0.0007102272727272727,0.0,0.0,0.0007102272727272727,0.0,0.0,0.0,0.0007102272727272727,0.0,0.0,0.0,0.0,0.0,0.0,0.0,0.0,0.0,0.0,0.0,0.0,0.0007102272727272727,0.0,0.0,0.0,0.0,0.0,0.0,0.0,0.0,0.0,0.0,0.0,0.0,0.0,0.0,0.0,0.0,0.0,0.0,0.0,0.0,0.0,0.0,0.0,0.0,0.0,0.0,0.0,0.0,0.0,0.0,0.0,0.0,0.0,0.0,0.0,0.0,0.0,0.0,0.0,0.0,0.0,0.0,0.0
153,153.0,6634.0,0.0,0.0,0.0,1.0,0.0,1.0,0.0,0.0,0.0,0.00015073861923424781,0.0,0.00015073861923424781,0.0,0.0,0.00030147723846849563,0.0,0.0,0.0,0.0,0.0,0.0,0.003919204100090443,0.00829062405788363,0.008139885438649382,0.00829062405788363,0.008592101296352125,0.007536930961712391,0.007838408200180886,0.005728067530901417,0.00829062405788363,0.009496533011757612,0.009345794392523364,0.009496533011757612,0.006481760627072656,0.00015073861923424781,0.0036177268616219473,0.003919204100090443,0.005426590292432921,0.0036177268616219473,0.0021103406692794696,0.004974374434730178,0.00015073861923424781,0.0,0.0,0.0012059089538739825,0.0,0.0,0.00015073861923424781,0.0,0.0,0.0,0.0,0.0,0.0,0.0,0.0,0.00015073861923424781,0.00015073861923424781,0.0,0.0,0.00015073861923424781,0.00015073861923424781,0.0,0.0,0.00015073861923424781,0.0,0.0,0.00015073861923424781,0.0,0.0,0.0,0.0,0.0,0.0,0.00015073861923424781,0.0,0.0,0.00015073861923424781,0.0,0.0,0.00015073861923424781,0.00015073861923424781,0.0,0.0,0.0,0.0,0.0,0.0,0.00015073861923424781,0.0,0.0,0.00015073861923424781,0.0,0.0,0.0,0.0,0.0,0.0,0.0,0.0,0.00015073861923424781,0.00015073861923424781,0.0,0.0,0.0,0.0,0.00015073861923424781,0.00015073861923424781,0.0,0.00015073861923424781,0.0,0.00015073861923424781,0.0,0.0,0.00015073861923424781,0.0,0.0,0.0,0.00015073861923424781,0.0,0.0
154,154.0,1259.0,0.0,0.9999999999999999,0.9999999999999999,0.0,0.9999999999999999,0.9999999999999999,0.0,0.43447180301826843,0.9999999999999999,0.0007942811755361397,0.0015885623510722795,0.0,0.0,0.0,0.0015885623510722795,0.0,0.0,0.0,0.0,0.0,0.0,0.0007942811755361397,0.03733121525019857,0.03415409054805401,0.040508339952343125,0.03415409054805401,0.03574265289912629,0.04209690230341541,0.03891977760127085,0.03177124702144559,0.051628276409849086,0.03653693407466243,0.040508339952343125,0.040508339952343125,0.0,0.015885623510722795,0.020651310563939634,0.020651310563939634,0.022239872915011914,0.002382843526608419,0.002382843526608419,0.0,0.0,0.0,0.0007942811755361397,0.0,0.0,0.0,0.0007942811755361397,0.0,0.0,0.0,0.0,0.0,0.0,0.0,0.0,0.0,0.0,0.0,0.0,0.0,0.0,0.0,0.0007942811755361397,0.0,0.0,0.0,0.0,0.0,0.0,0.0,0.0,0.0,0.0,0.0,0.0,0.0,0.0,0.0,0.0,0.0,0.0,0.0,0.0,0.0,0.0,0.0,0.0,0.0,0.0,0.0,0.0,0.0,0.0,0.0,0.0,0.0,0.0,0.0,0.0,0.0,0.0,0.0,0.0,0.0007942811755361397,0.0,0.0,0.0,0.0,0.0,0.0,0.0,0.0,0.0,0.0,0.0,0.0,0.0,0.0,0.0
155,155.0,7174.0,0.0,1.0,1.0,1.0,0.8502927237245609,0.8300808475048788,1.0,1.0,0.0,0.00027878449958182325,0.00027878449958182325,0.00027878449958182325,0.0,0.00013939224979091162,0.0004181767493727349,0.0,0.00027878449958182325,0.00013939224979091162,0.0,0.00013939224979091162,0.0,0.0015333147477000278,0.055059938667410095,0.044326735433509894,0.0563144689155283,0.013939224979091162,0.061471982157792024,0.0,0.05143574017284639,0.0,0.0,0.05868413716197379,0.04892667967660998,0.0,0.0004181767493727349,0.0,0.0,0.02927237245609144,0.013939224979091162,0.0009757457485363814,0.002369668246445498,0.0,0.0,0.0,0.0008363534987454698,0.0,0.00013939224979091162,0.0,0.0,0.0,0.0,0.0,0.00013939224979091162,0.0,0.0,0.0,0.0,0.0,0.0,0.0,0.0,0.0,0.00013939224979091162,0.0,0.0005575689991636465,0.0,0.0,0.0,0.0,0.0,0.0,0.0,0.0,0.0,0.0,0.0,0.0,0.0,0.00027878449958182325,0.0,0.0,0.0,0.0,0.0,0.0,0.0,0.0,0.0,0.00013939224979091162,0.0,0.0,0.0,0.0,0.0,0.0,0.0,0.0,0.0,0.0,0.0,0.0,0.0,0.0,0.0,0.0,0.00013939224979091162,0.00013939224979091162,0.0,0.0,0.0,0.0,0.0,0.0,0.0,0.0,0.0,0.0,0.0,0.0,0.0,0.0
156,156.0,2710.0,0.0,1.0,0.27121771217712176,1.0,1.0,0.26420664206642064,0.24280442804428043,0.0,1.0,0.002952029520295203,0.0025830258302583023,0.001107011070110701,0.001107011070110701,0.0,0.00036900369003690036,0.0,0.0,0.0,0.0,0.0,0.0,0.0018450184501845018,0.03062730627306273,0.024723247232472323,0.03616236162361623,0.032103321033210334,0.03025830258302583,0.03136531365313653,0.03505535055350553,0.032103321033210334,0.03690036900369004,0.023985239852398522,0.025092250922509225,0.025830258302583026,0.0,0.01845018450184502,0.015498154981549815,0.015498154981549815,0.014022140221402213,0.0033210332103321034,0.0025830258302583023,0.0,0.0,0.0,0.0014760147601476014,0.0,0.0,0.0,0.0,0.0,0.0,0.0,0.001107011070110701,0.0,0.0,0.0,0.00036900369003690036,0.0,0.0,0.0,0.0,0.0,0.0,0.0,0.0007380073800738007,0.0,0.0014760147601476014,0.0007380073800738007,0.0,0.0,0.0,0.0,0.0,0.0,0.0,0.00036900369003690036,0.0,0.0,0.0,0.0,0.0,0.0,0.0,0.0,0.0,0.0007380073800738007,0.0014760147601476014,0.001107011070110701,0.00036900369003690036,0.0,0.0,0.0,0.0,0.0,0.0007380073800738007,0.0,0.0,0.0,0.0,0.00036900369003690036,0.0007380073800738007,0.0,0.0,0.0,0.0,0.0,0.0,0.0,0.001107011070110701,0.0,0.0007380073800738007,0.0,0.0,0.001107011070110701,0.0,0.0014760147601476014,0.0,0.0,0.0,0.0,0.0
157,157.0,1499.0,0.00066711140760507,0.0,0.0,0.0,0.0006666666666666666,0.0,0.0,0.0,0.0,0.9666666666666667,0.9426666666666667,0.746,0.976,0.7873333333333333,0.7333333333333333,0.864,0.9126666666666666,0.214,0.2373333333333333,0.26066666666666666,0.9553333333333333,0.002,0.0,0.0,0.0,0.0,0.0,0.0,0.0,0.0,0.0,0.0,0.0,0.0,0.0,0.0,0.0,0.0,0.0,0.0006666666666666666,0.0006666666666666666,0.0006666666666666666,0.0,0.0,0.0,0.0013333333333333333,0.0026666666666666666,0.0013333333333333333,0.0,0.0,0.0,0.0006666666666666666,0.0013333333333333333,0.0013333333333333333,0.0,0.0013333333333333333,0.0006666666666666666,0.0,0.002,0.0,0.0,0.0,0.0,0.0006666666666666666,0.0,0.0,0.0,0.0,0.0,0.0,0.0,0.0,0.0,0.0,0.0,0.0,0.0,0.0,0.0,0.0013333333333333333,0.0,0.0,0.0,0.0,0.0,0.0,0.0,0.0,0.0,0.0,0.0,0.0,0.0,0.0006666666666666666,0.0,0.0,0.0,0.0,0.0,0.0,0.0,0.0006666666666666666,0.0,0.0,0.0,0.0,0.0,0.0,0.0,0.0,0.0,0.0,0.0,0.0,0.0,0.0,0.0,0.0,0.0,0.0,0.0
158,158.0,1224.0,0.0,0.0016326530612244899,0.0,0.0,0.0,0.0,0.0,0.0,0.0,0.969795918367347,0.9477551020408164,0.6097959183673469,0.9657142857142857,0.2473469387755102,0.8906122448979592,0.9216326530612245,0.9453061224489796,0.8351020408163266,0.8693877551020408,0.3069387755102041,0.1959183673469388,0.0024489795918367346,0.0,0.0,0.0,0.0,0.0,0.0,0.0,0.0,0.0,0.0,0.0,0.0,0.0,0.0,0.0,0.0,0.0,0.0016326530612244899,0.0008163265306122449,0.0,0.0,0.0,0.0,0.0016326530612244899,0.0,0.0008163265306122449,0.0,0.0008163265306122449,0.0008163265306122449,0.0016326530612244899,0.0,0.0024489795918367346,0.0,0.0,0.0,0.0,0.0,0.0,0.0008163265306122449,0.0,0.0,0.0,0.0,0.0,0.0,0.0,0.0,0.0,0.0,0.0,0.0,0.0,0.0,0.0,0.0,0.0,0.0,0.0,0.0,0.0,0.0,0.0,0.0,0.0,0.0,0.0,0.0,0.0,0.0,0.0,0.0,0.0,0.0,0.0,0.0,0.0,0.0,0.0,0.0,0.0,0.0,0.0,0.0,0.0,0.0,0.0,0.0,0.0,0.0,0.0,0.0,0.0,0.0,0.0,0.0,0.0,0.0,0.0,0.0
159,159.0,4464.0,0.0,0.0015681003584229391,0.0038082437275985663,0.002688172043010753,0.0015681003584229391,0.002240143369175627,0.00246415770609319,0.0008960573476702509,0.0015681003584229391,0.01478494623655914,0.014560931899641577,0.015008960573476702,0.00044802867383512545,0.0,0.0,0.0,0.00022401433691756272,0.00022401433691756272,0.0,0.0,0.0,0.07325268817204302,0.00022401433691756272,0.0,0.00022401433691756272,0.0,0.0,0.00022401433691756272,0.00022401433691756272,0.00022401433691756272,0.00022401433691756272,0.00022401433691756272,0.00044802867383512545,0.00022401433691756272,0.0029121863799283156,0.0,0.0,0.00022401433691756272,0.00022401433691756272,0.0,0.00044802867383512545,0.9583333333333334,0.972894265232975,0.9831989247311828,0.0006720430107526882,0.0,0.0,0.0,0.0,0.0,0.0,0.0,0.0,0.0,0.0,0.0,0.0,0.0,0.0,0.0,0.0,0.0,0.0,0.00022401433691756272,0.00022401433691756272,0.0,0.0006720430107526882,0.0006720430107526882,0.0,0.0,0.0,0.0,0.0,0.00022401433691756272,0.0,0.0,0.0,0.0,0.0,0.0,0.00022401433691756272,0.0,0.0,0.0,0.0,0.0,0.0,0.0,0.00022401433691756272,0.0,0.0,0.0,0.0,0.0,0.0,0.0,0.0,0.0,0.0,0.00022401433691756272,0.0,0.0,0.0,0.0,0.00022401433691756272,0.0,0.0,0.0,0.0,0.0,0.0,0.0,0.0,0.0,0.0,0.0,0.0,0.0,0.0,0.0,0.0
160,160.0,1983.0,0.0,0.0,0.0,0.0,1.0,1.0,1.0,0.0,0.0,0.0,0.0,0.0,0.0,0.0,0.0010085728693898135,0.0,0.0,0.0,0.0,0.0,0.0,0.002521432173474534,0.015632879475542108,0.016137165910237016,0.014120020171457389,0.015632879475542108,0.021684316691880992,0.013615733736762482,0.019162884518406458,0.016641452344931924,0.014120020171457389,0.016641452344931924,0.01260716086737267,0.017650025214321737,0.0010085728693898135,0.0045385779122541605,0.006051437216338881,0.009581442259203229,0.006051437216338881,0.003530005042864347,0.0045385779122541605,0.0,0.0,0.0,0.0005042864346949068,0.0,0.0,0.0,0.0,0.0,0.0,0.0,0.0,0.0,0.0,0.0,0.0,0.0,0.0,0.0,0.0,0.0,0.0,0.0,0.0010085728693898135,0.0,0.0,0.0,0.0,0.0,0.0,0.0,0.0,0.0,0.0,0.0,0.0,0.0,0.0,0.0,0.0,0.0,0.0,0.0,0.0,0.0,0.0,0.0,0.0005042864346949068,0.0,0.0,0.0,0.0,0.0,0.0,0.0,0.0,0.0,0.0,0.0,0.0,0.0,0.0,0.0,0.0,0.0,0.0005042864346949068,0.0,0.0,0.0,0.0,0.0,0.0,0.0,0.0,0.0,0.0,0.0,0.0,0.0,0.0
161,161.0,253.0,0.0,0.11857707509881422,0.11067193675889328,0.13438735177865613,0.15019762845849802,0.09486166007905138,0.15019762845849802,0.12648221343873517,0.13833992094861658,0.5098814229249011,0.5454545454545454,0.30039525691699603,0.4150197628458498,0.41897233201581024,0.18972332015810275,0.14229249011857706,0.3675889328063241,0.525691699604743,0.16205533596837943,0.1067193675889328,0.10276679841897232,0.09881422924901186,0.11462450592885375,0.12252964426877469,0.11857707509881422,0.13438735177865613,0.09486166007905138,0.11462450592885375,0.1067193675889328,0.13043478260869565,0.14624505928853754,0.15810276679841895,0.1541501976284585,0.12648221343873517,0.14624505928853754,0.12252964426877469,0.12252964426877469,0.09486166007905138,0.14229249011857706,0.2964426877470355,0.43083003952569165,0.49011857707509876,0.15019762845849802,0.17391304347826086,0.17786561264822134,0.4387351778656126,0.5810276679841897,0.3320158102766798,0.15019762845849802,0.3913043478260869,0.1818181818181818,0.41897233201581024,0.5375494071146245,0.19367588932806323,0.18972332015810275,0.21739130434782608,0.4624505928853755,0.30039525691699603,0.14229249011857706,0.1818181818181818,0.08695652173913043,0.14624505928853754,0.3794466403162055,0.11857707509881422,0.3913043478260869,0.450592885375494,0.4229249011857707,0.2608695652173913,0.17786561264822134,0.3794466403162055,0.3794466403162055,0.18577075098814227,0.13833992094861658,0.4980237154150197,0.37154150197628455,0.3320158102766798,0.1818181818181818,0.17786561264822134,0.07114624505928853,0.32411067193675885,0.13043478260869565,0.30039525691699603,0.3557312252964427,0.20553359683794464,0.15019762845849802,0.4703557312252964,0.3438735177865612,0.5217391304347826,0.11857707509881422,0.3438735177865612,0.3162055335968379,0.3992094861660079,0.20948616600790512,0.49407114624505927,0.5177865612648221,0.3992094861660079,0.308300395256917,0.14229249011857706,0.38339920948616596,0.4426877470355731,0.1976284584980237,0.13043478260869565,0.38735177865612647,0.3438735177865612,0.3320158102766798,0.1976284584980237,0.10276679841897232,0.4426877470355731,0.3675889328063241,0.37549407114624506,0.3675889328063241,0.13833992094861658,0.37549407114624506,0.33992094861660077,0.37549407114624506,0.308300395256917,0.34782608695652173,0.2845849802371541,0.1818181818181818,0.3043478260869565,0.11067193675889328
162,162.0,785.0,0.0,0.9923175416133162,0.9871959026888604,0.9910371318822022,0.9948783610755442,0.9910371318822022,0.9910371318822022,0.9603072983354674,0.9423815620998719,0.0,0.0,0.0,0.0,0.0,0.0,0.0,0.0,0.0,0.0,0.0,0.0,0.0,0.16517285531370038,0.14852752880921893,0.8732394366197183,0.20742637644046094,0.9001280409731114,0.9014084507042253,0.15492957746478872,0.1293213828425096,0.1434058898847631,0.20742637644046094,0.5749039692701664,0.11395646606914211,0.0,0.13060179257362356,0.14084507042253522,0.10627400768245839,0.07810499359795134,0.0012804097311139564,0.0012804097311139564,0.0,0.0,0.0,0.0,0.0,0.0,0.0,0.0,0.0,0.0,0.0,0.0,0.0,0.0,0.0,0.0,0.0,0.0,0.0,0.0,0.0,0.0,0.0,0.0,0.0,0.0,0.0,0.0,0.0,0.0,0.0,0.0,0.0,0.0,0.0,0.0,0.0,0.0,0.0,0.0,0.0,0.0,0.0,0.0,0.0,0.0,0.0,0.0012804097311139564,0.0,0.0,0.0,0.0,0.0,0.0,0.0,0.0,0.0,0.0,0.0,0.0,0.0,0.0,0.0,0.0,0.0,0.0,0.0,0.0,0.0,0.0,0.0,0.0,0.0,0.0,0.0,0.0,0.0,0.0,0.0,0.0
163,163.0,1222.0,0.0,1.0,0.0,0.0,0.5376432078559739,1.0,1.0,0.0,1.0,0.0008183306055646482,0.0016366612111292963,0.0008183306055646482,0.0,0.0,0.0,0.0,0.0,0.0,0.0,0.0,0.0,0.0016366612111292963,0.02618657937806874,0.03109656301145663,0.03518821603927987,0.03518821603927987,0.038461538461538464,0.01882160392798691,0.02700490998363339,0.02700490998363339,0.03109656301145663,0.023731587561374796,0.028641571194762686,0.027823240589198037,0.0,0.00900163666121113,0.01309328968903437,0.010638297872340425,0.01309328968903437,0.0,0.0032733224222585926,0.0,0.0,0.0,0.0016366612111292963,0.0,0.0,0.0,0.0,0.0,0.0,0.0,0.0008183306055646482,0.0,0.0,0.0,0.0,0.0,0.0,0.0,0.0,0.0,0.0,0.0,0.0,0.0,0.0,0.0008183306055646482,0.0,0.0,0.0,0.0,0.0,0.0,0.0,0.0,0.0,0.0,0.0008183306055646482,0.0,0.0,0.0,0.0,0.0,0.0,0.0016366612111292963,0.0,0.0,0.0,0.0,0.0,0.0,0.0,0.0,0.0,0.0,0.0,0.0,0.0,0.0,0.0,0.0,0.0,0.0,0.0,0.0,0.0,0.0,0.0,0.0,0.0,0.0,0.0,0.0,0.0,0.0008183306055646482,0.0,0.0,0.0,0.0,0.0
164,164.0,1999.0,0.0,0.9999999999999999,0.0,0.0,0.9999999999999999,0.3416708354177088,0.0,0.1345672836418209,0.9999999999999999,0.0010005002501250625,0.0,0.0,0.0005002501250625312,0.0,0.0,0.0,0.0,0.0,0.0,0.0,0.0,0.0015007503751875936,0.019009504752376186,0.018509254627313655,0.02151075537768884,0.017508754377188594,0.019009504752376186,0.015507753876938469,0.02001000500250125,0.01700850425212606,0.01650825412706353,0.01950975487743872,0.019009504752376186,0.013506753376688344,0.0,0.012006003001500749,0.010505252626313155,0.007003501750875437,0.014507253626813406,0.002001000500250125,0.0025012506253126563,0.0005002501250625312,0.0,0.0,0.0,0.0,0.0,0.0,0.0,0.0,0.0,0.0,0.0,0.0,0.0,0.0,0.0,0.0,0.0,0.0,0.0,0.0,0.0,0.0,0.0015007503751875936,0.0,0.0005002501250625312,0.0005002501250625312,0.0,0.0,0.0,0.0,0.0,0.0,0.0,0.0,0.0,0.0,0.0010005002501250625,0.0,0.0,0.0,0.0,0.0,0.0,0.0005002501250625312,0.0010005002501250625,0.0,0.0,0.0,0.0,0.0,0.0,0.0,0.0005002501250625312,0.0,0.0,0.0,0.0,0.0005002501250625312,0.0005002501250625312,0.0,0.0,0.0,0.0,0.0,0.0005002501250625312,0.0,0.0005002501250625312,0.0,0.0,0.0,0.0,0.0,0.0,0.0,0.0,0.0005002501250625312,0.0,0.0,0.0
165,165.0,772.0,0.0,0.9895287958115184,0.9882198952879582,0.9869109947643979,0.9856020942408378,0.9829842931937174,0.9803664921465969,0.9698952879581152,0.9515706806282723,0.0,0.0,0.0013089005235602095,0.0,0.0,0.0013089005235602095,0.0,0.0,0.0013089005235602095,0.0013089005235602095,0.0,0.0,0.0,0.12696335078534032,0.9384816753926702,0.17408376963350786,0.9136125654450262,0.8835078534031414,0.0824607329842932,0.17670157068062828,0.14528795811518325,0.22120418848167542,0.2081151832460733,0.47120418848167545,0.25130890052356025,0.0,0.17408376963350786,0.1544502617801047,0.10732984293193717,0.14136125654450263,0.0013089005235602095,0.003926701570680629,0.0013089005235602095,0.0,0.0013089005235602095,0.003926701570680629,0.0,0.0,0.0,0.0,0.0,0.0,0.0,0.0013089005235602095,0.0,0.0,0.0,0.0013089005235602095,0.0013089005235602095,0.0,0.0,0.0,0.0,0.0,0.0,0.002617801047120419,0.0,0.0,0.0,0.0,0.0,0.0,0.0013089005235602095,0.0,0.0,0.0,0.0,0.0,0.0013089005235602095,0.0,0.0,0.0013089005235602095,0.0,0.0,0.0,0.0,0.0013089005235602095,0.0,0.0,0.0013089005235602095,0.0,0.0,0.0,0.0,0.0,0.0,0.0,0.0,0.0,0.0,0.0,0.0013089005235602095,0.0,0.0,0.0,0.0,0.0,0.0013089005235602095,0.0,0.0,0.0,0.0,0.0,0.0013089005235602095,0.0,0.0,0.0,0.0,0.0013089005235602095,0.0,0.0,0.0
166,166.0,10190.0,0.0,0.6616290480863593,1.0,0.0,0.0,0.0,0.0,0.0,0.0,0.0,0.00019627085377821394,0.0007850834151128558,9.813542688910697e-05,0.0,0.0016683022571148186,0.0,9.813542688910697e-05,0.0,0.0,0.0,9.813542688910697e-05,0.0021589793915603533,0.02404317958783121,0.0,0.022865554465161923,0.02404317958783121,0.02306182531894014,0.027379784102060847,0.006575073601570167,0.02365063788027478,0.025318940137389598,0.023258096172718352,0.0061825318940137396,0.02453385672227674,9.813542688910697e-05,0.014425907752698724,0.011972522080471051,0.012365063788027479,0.01226692836113837,0.022473012757605496,0.0023552502453385673,0.00019627085377821394,0.0,0.0,0.005299313052011777,0.0,0.0,0.00019627085377821394,0.00019627085377821394,0.0,9.813542688910697e-05,0.0,0.0,0.0,0.0,0.0,9.813542688910697e-05,0.00019627085377821394,9.813542688910697e-05,0.0,0.0,0.0,0.0,0.0,0.0012757605495583907,0.0,0.0007850834151128558,0.0004906771344455349,0.0,0.0,0.0,0.0,0.0,0.0,0.0,0.0,0.0,0.0,0.0008832188420019628,0.0,0.00019627085377821394,0.0,0.0,0.0,9.813542688910697e-05,0.0,0.0,0.0,0.0009813542688910698,0.0,0.0,0.0,0.0,0.0,0.0,0.0,0.0,0.0,0.0,0.0,0.0,0.0,0.0,0.0,0.00019627085377821394,0.0,0.0004906771344455349,0.0,0.0,0.0,0.0,0.0,0.0,0.0,0.0,0.0,0.0,0.0,0.0,9.813542688910697e-05,0.0
167,167.0,873.0,0.0,0.0,0.3218785796105384,0.32875143184421535,0.0,0.0,0.436426116838488,0.018327605956471937,0.0,0.0,0.001145475372279496,0.0,0.0,0.0,0.0,0.0,0.0,0.0,0.0,0.002290950744558992,0.0,0.003436426116838488,0.019473081328751432,0.019473081328751432,0.012600229095074456,0.012600229095074456,0.019473081328751432,0.014891179839633449,0.009163802978235968,0.014891179839633449,0.02290950744558992,0.016036655211912946,1.0,0.01718213058419244,0.001145475372279496,0.006872852233676976,0.00572737686139748,0.010309278350515464,0.006872852233676976,0.003436426116838488,0.003436426116838488,0.0,0.0,0.003436426116838488,0.002290950744558992,0.0,0.0,0.0,0.0,0.0,0.002290950744558992,0.001145475372279496,0.0,0.0,0.001145475372279496,0.001145475372279496,0.0,0.0,0.001145475372279496,0.0,0.0,0.0,0.001145475372279496,0.0,0.002290950744558992,0.0,0.0,0.0,0.0,0.001145475372279496,0.001145475372279496,0.0,0.001145475372279496,0.0,0.0,0.0,0.001145475372279496,0.0,0.0,0.001145475372279496,0.0,0.001145475372279496,0.001145475372279496,0.001145475372279496,0.0,0.0,0.001145475372279496,0.0,0.002290950744558992,0.002290950744558992,0.001145475372279496,0.001145475372279496,0.001145475372279496,0.0,0.0,0.0,0.0,0.0,0.0,0.001145475372279496,0.001145475372279496,0.0,0.0,0.0,0.0,0.002290950744558992,0.0,0.0,0.0,0.0,0.0,0.0,0.0,0.001145475372279496,0.0,0.0,0.0,0.001145475372279496,0.0,0.0,0.0
168,168.0,961.0,0.0,0.9823834196891191,0.9823834196891191,0.9823834196891191,0.9844559585492227,0.9875647668393782,0.9917098445595854,0.9502590673575129,0.9668393782383419,0.0,0.0,0.0010362694300518134,0.0,0.0,0.0,0.0,0.0,0.0,0.0,0.0,0.0,0.002072538860103627,0.16373056994818652,0.15751295336787563,0.14611398963730568,0.16165803108808288,1.0,0.15854922279792746,0.24559585492227978,0.20207253886010362,0.1699481865284974,0.18445595854922278,0.1544041450777202,0.16580310880829013,0.0010362694300518134,0.10259067357512953,0.09015544041450776,0.11917098445595854,1.0,0.0,0.007253886010362694,0.0,0.0,0.0,0.0,0.0,0.0,0.0,0.0,0.0,0.0,0.0,0.0,0.0,0.0,0.0,0.0,0.0,0.0,0.0,0.0,0.0,0.0,0.0,0.0,0.0,0.0,0.0,0.0,0.0,0.0,0.0,0.0,0.0,0.0,0.0,0.0,0.0,0.0,0.0,0.0,0.0,0.0,0.0,0.0,0.0,0.0,0.0,0.0,0.0,0.0,0.0,0.0,0.0,0.0,0.0,0.0,0.0,0.0,0.0,0.0,0.0,0.0,0.0,0.0,0.0,0.0,0.0,0.0,0.0,0.0,0.0,0.0,0.0,0.0,0.0,0.0,0.0,0.0,0.0,0.0
169,169.0,1267.0,0.0,0.9789983844911148,0.9862681744749596,0.981421647819063,0.9822294022617125,0.9862681744749596,0.9725363489499192,0.9184168012924072,0.9345718901453959,0.0,0.0,0.0,0.0,0.0,0.0032310177705977385,0.0,0.0,0.0,0.0,0.0,0.0,0.0008077544426494346,0.1938610662358643,1.0,0.1324717285945073,0.16720516962843296,0.11550888529886916,0.09369951534733442,1.0,0.1308562197092084,0.17851373182552505,0.13489499192245558,0.0,0.1583198707592892,0.0,0.10177705977382877,0.1050080775444265,0.10581583198707593,0.11793214862681746,0.0008077544426494346,0.0016155088852988692,0.0,0.0,0.0,0.0016155088852988692,0.0,0.0,0.0,0.0,0.0,0.0,0.0,0.0,0.0,0.0,0.0,0.0,0.0,0.0,0.0,0.0,0.0,0.0,0.0,0.0008077544426494346,0.0,0.0,0.0,0.0,0.0,0.0,0.0,0.0,0.0,0.0,0.0,0.0,0.0,0.0008077544426494346,0.0,0.0,0.0,0.0,0.0,0.0,0.0,0.0,0.0,0.0,0.0,0.0,0.0,0.0,0.0,0.0,0.0,0.0,0.0,0.0,0.0,0.0,0.0,0.0,0.0,0.0008077544426494346,0.0,0.0008077544426494346,0.0,0.0,0.0,0.0,0.0008077544426494346,0.0,0.0,0.0,0.0,0.0,0.0,0.0,0.0,0.0
170,170.0,908.0,0.0,0.9888641425389755,0.9866369710467705,0.9888641425389755,0.9966592427616926,0.9855233853006681,0.9844097995545656,0.9755011135857461,0.9576837416481069,0.0,0.0,0.0011135857461024498,0.0,0.0,0.0033407572383073493,0.0,0.0,0.0,0.0,0.0,0.0,0.0011135857461024498,0.8106904231625834,0.841870824053452,0.18040089086859687,0.40089086859688194,0.11135857461024498,0.8485523385300667,0.12249443207126948,0.07906458797327394,0.08574610244988863,0.4766146993318485,0.035634743875278395,0.13808463251670378,0.0,0.11581291759465479,0.10244988864142539,0.12694877505567928,0.15367483296213807,0.0011135857461024498,0.006681514476614699,0.0,0.0,0.0,0.0011135857461024498,0.0,0.0,0.0,0.0,0.0,0.0,0.0,0.0011135857461024498,0.0,0.0,0.0,0.0,0.0,0.0,0.0,0.0,0.0,0.0,0.0,0.0022271714922048997,0.0,0.0,0.0,0.0,0.0,0.0,0.0,0.0,0.0,0.0,0.0,0.0,0.0,0.0,0.0,0.0,0.0,0.0,0.0,0.0,0.0,0.0,0.0,0.0,0.0,0.0,0.0,0.0,0.0,0.0,0.0,0.0,0.0,0.0,0.0,0.0,0.0,0.0,0.0,0.0,0.0,0.0,0.0,0.0,0.0,0.0,0.0,0.0,0.0,0.0,0.0,0.0,0.0,0.0,0.0,0.0
171,171.0,1434.0,0.0,0.9318023660403619,0.9464161447459987,0.9519832985386222,0.9387613082811413,0.9324982602644398,0.9297146833681281,0.0,0.7933194154488519,0.0006958942240779402,0.0006958942240779402,0.0,0.0006958942240779402,0.0,0.0,0.0,0.0,0.0,0.0,0.0,0.0,0.0,0.0675017397355602,0.0709812108559499,0.06332637439109255,0.06541405706332638,0.054975643702157274,1.0,0.06263048016701461,0.07515657620041755,0.07446068197633961,0.07376478775226165,0.07515657620041755,0.05915100904662492,0.0,0.03549060542797495,0.04105775922059847,0.03688239387613083,0.04384133611691023,0.0013917884481558804,0.006263048016701462,0.0,0.0,0.0,0.0006958942240779402,0.0,0.0,0.0,0.0,0.0,0.0006958942240779402,0.0,0.0,0.0,0.0,0.0,0.0,0.0,0.0,0.0006958942240779402,0.0006958942240779402,0.0006958942240779402,0.0,0.0,0.0006958942240779402,0.0,0.0,0.0,0.0,0.0,0.0,0.0,0.0,0.0,0.0,0.0,0.0,0.0013917884481558804,0.0,0.0,0.0,0.0,0.0,0.0,0.0,0.0006958942240779402,0.0,0.0,0.0,0.0,0.0,0.0,0.0,0.0,0.0,0.0,0.0,0.0,0.0,0.0,0.0,0.0,0.0,0.0,0.0006958942240779402,0.0,0.0006958942240779402,0.0,0.0,0.0,0.0,0.0,0.0,0.0,0.0,0.0,0.0,0.0,0.0,0.0,0.0
172,172.0,3425.0,0.0,1.0,0.0,0.0,1.0,1.0,0.3912408759124088,0.0,0.0,0.0005839416058394161,0.0037956204379562047,0.004087591240875913,0.0,0.0,0.0008759124087591242,0.0,0.0,0.0,0.0,0.0,0.0,0.0023357664233576644,0.02072992700729927,0.018686131386861315,0.01956204379562044,0.021605839416058398,0.019854014598540148,0.020437956204379562,0.015766423357664233,0.02072992700729927,0.017810218978102192,0.011386861313868613,0.02072992700729927,0.017810218978102192,0.00029197080291970805,0.007591240875912409,0.012554744525547445,0.011970802919708031,0.006715328467153285,0.0014598540145985403,0.004087591240875913,0.0,0.0,0.0,0.0017518248175182483,0.0,0.0,0.0,0.0,0.0,0.0,0.0,0.00029197080291970805,0.0,0.0,0.0,0.0,0.0,0.0,0.0,0.0,0.0,0.0,0.0,0.0005839416058394161,0.0,0.00029197080291970805,0.00029197080291970805,0.0,0.0,0.0,0.0,0.0,0.0,0.0,0.0,0.0,0.0,0.0,0.0,0.0,0.0,0.0,0.0,0.0,0.00029197080291970805,0.0005839416058394161,0.00029197080291970805,0.0,0.0,0.0,0.0,0.0,0.0,0.0,0.0,0.0,0.0,0.0,0.0,0.00029197080291970805,0.0,0.0,0.0,0.00029197080291970805,0.0,0.00029197080291970805,0.0,0.0,0.0,0.00029197080291970805,0.0,0.0,0.0005839416058394161,0.0,0.0005839416058394161,0.0,0.0,0.0,0.0,0.0
173,173.0,648.0,0.0,0.8657407407407407,0.8179012345679012,0.8719135802469136,0.8672839506172839,0.8580246913580246,0.9429012345679012,0.9984567901234568,0.0,0.0,0.0,0.0,0.0,0.0,0.0,0.0,0.0,0.0,0.0,0.0,0.0,0.0,0.06172839506172839,0.06635802469135801,0.06327160493827161,0.05246913580246913,0.07098765432098765,0.08641975308641975,0.06018518518518518,0.07407407407407407,0.018518518518518517,0.038580246913580245,0.06790123456790123,0.08179012345679013,0.0,0.012345679012345678,1.0,0.041666666666666664,0.032407407407407406,0.0015432098765432098,0.0015432098765432098,0.0,0.0,0.0,0.0,0.0,0.0,0.0,0.0,0.0,0.0,0.0,0.0,0.0,0.0,0.0,0.0,0.0,0.0,0.0,0.0,0.0,0.0,0.0,0.0,0.0,0.0,0.0,0.0,0.0,0.0,0.0,0.0,0.0,0.0,0.0,0.0,0.0,0.0,0.0,0.0,0.0,0.0,0.0,0.0,0.0,0.0,0.0,0.0,0.0,0.0,0.0,0.0,0.0,0.0,0.0,0.0,0.0,0.0,0.0,0.0,0.0,0.0,0.0,0.0,0.0,0.0,0.0,0.0,0.0,0.0,0.0,0.0,0.0,0.0,0.0,0.0,0.0,0.0,0.0,0.0
174,174.0,561.0,0.0,0.8674463937621832,0.668615984405458,0.7992202729044834,0.0,0.7875243664717348,0.8538011695906432,0.9493177387914229,0.3216374269005848,0.0,0.0,0.0,0.0,0.0,0.0,0.0,0.0,0.0,0.0,0.0,0.0,0.0,0.05458089668615984,1.0,0.02729044834307992,0.05458089668615984,0.04093567251461988,0.029239766081871343,0.03508771929824561,0.06237816764132553,0.02729044834307992,0.03508771929824561,0.037037037037037035,0.03898635477582846,0.0,0.031189083820662766,0.017543859649122806,0.01949317738791423,0.01364522417153996,0.001949317738791423,0.001949317738791423,0.0,0.0,0.0,0.001949317738791423,0.0,0.0,0.0,0.0,0.0,0.0,0.0,0.0,0.0,0.0,0.0,0.0,0.0,0.0,0.0,0.0,0.0,0.0,0.0,0.0,0.0,0.0,0.0,0.0,0.0,0.0,0.0,0.0,0.0,0.0,0.0,0.0,0.0,0.0,0.0,0.0,0.0,0.0,0.0,0.0,0.0,0.0,0.0,0.001949317738791423,0.0,0.0,0.0,0.0,0.0,0.0,0.0,0.0,0.0,0.0,0.0,0.0,0.0,0.0,0.0,0.0,0.0,0.0,0.0,0.0,0.0,0.0,0.0,0.0,0.0,0.0,0.0,0.0,0.0,0.0,0.0,0.0
175,175.0,2578.0,0.0,0.0,0.0,1.0,1.0,0.0,1.0,0.21644685802948022,0.0,0.0007757951900698216,0.0003878975950349108,0.0003878975950349108,0.0007757951900698216,0.0,0.0,0.0,0.0,0.0,0.0,0.0,0.0,0.0007757951900698216,0.017843289371605897,0.017455391776570985,0.017843289371605897,0.01900698215671063,0.017843289371605897,0.018231186966640806,0.013576415826221877,0.022110162916989914,0.016291698991466253,0.018231186966640806,0.017067494181536073,0.018231186966640806,0.0,0.007757951900698216,0.0069821567106283944,0.0069821567106283944,0.0058184639255236615,0.0011636927851047323,0.0023273855702094647,0.0,0.0,0.0003878975950349108,0.001939487975174554,0.0003878975950349108,0.0,0.0,0.0,0.0,0.0003878975950349108,0.0,0.0,0.0,0.0003878975950349108,0.0003878975950349108,0.0003878975950349108,0.0,0.0,0.0003878975950349108,0.0003878975950349108,0.0003878975950349108,0.0,0.0,0.0015515903801396431,0.0,0.0,0.0003878975950349108,0.0,0.0003878975950349108,0.0,0.0,0.0003878975950349108,0.0,0.0,0.0,0.0,0.0,0.0,0.0,0.0,0.0,0.0,0.0,0.0,0.0003878975950349108,0.0,0.0,0.0,0.0,0.0,0.0,0.0,0.0,0.0,0.0,0.0,0.0003878975950349108,0.0003878975950349108,0.0,0.0,0.0,0.0003878975950349108,0.0,0.0,0.0003878975950349108,0.0003878975950349108,0.0003878975950349108,0.0,0.0,0.0,0.0003878975950349108,0.0,0.0,0.0,0.0,0.0,0.0003878975950349108,0.0,0.0003878975950349108,0.0003878975950349108
176,176.0,1173.0,0.0,0.0,0.0,1.0,1.0,1.0,1.0,0.44207836456558774,1.0,0.0,0.0,0.0,0.0,0.0,0.0,0.0,0.0,0.0,0.0,0.0,0.0,0.0008517887563884157,0.05366269165247019,0.041737649063032366,0.03747870528109029,0.04514480408858603,0.028109028960817718,0.03747870528109029,0.03321976149914821,0.03833049403747871,0.04258943781942078,0.034071550255536626,0.03492333901192504,0.0434412265758092,0.0,0.02555366269165247,0.017035775127768313,0.013628620102214651,0.02385008517887564,0.0008517887563884157,0.0017035775127768314,0.0,0.0,0.0,0.0008517887563884157,0.0,0.0,0.0,0.0,0.0,0.0,0.0,0.0,0.0,0.0,0.0,0.0,0.0,0.0,0.0,0.0,0.0,0.0,0.0,0.0008517887563884157,0.0,0.0,0.0,0.0,0.0,0.0,0.0,0.0,0.0,0.0,0.0,0.0,0.0,0.0,0.0,0.0,0.0,0.0,0.0,0.0,0.0,0.0,0.0,0.0008517887563884157,0.0,0.0,0.0,0.0,0.0,0.0,0.0,0.0,0.0,0.0,0.0,0.0,0.0,0.0,0.0,0.0,0.0,0.0,0.0,0.0,0.0,0.0,0.0,0.0,0.0,0.0,0.0,0.0,0.0,0.0,0.0,0.0
177,177.0,2076.0,0.0,0.8516377649325626,0.8694605009633911,0.0,0.9990366088631984,0.0,0.8569364161849711,0.6671483622350675,1.0,0.0,0.001445086705202312,0.0019267822736030828,0.001445086705202312,0.0,0.0,0.0,0.0,0.0,0.0,0.0,0.0,0.001445086705202312,0.03709055876685934,0.03516377649325626,0.03468208092485549,0.038535645472061654,0.0313102119460501,0.044797687861271675,0.036608863198458574,0.028901734104046242,0.03420038535645472,0.030346820809248554,0.02697495183044316,0.03371868978805395,0.0,0.0197495183044316,0.016377649325626204,0.018304431599229287,0.02023121387283237,0.0024084778420038534,0.0024084778420038534,0.0009633911368015414,0.0004816955684007707,0.0004816955684007707,0.0004816955684007707,0.0,0.0,0.0,0.0,0.0,0.0,0.0,0.0009633911368015414,0.0,0.0,0.0,0.0,0.0,0.0,0.0,0.0,0.0,0.0,0.0,0.0019267822736030828,0.0,0.0004816955684007707,0.001445086705202312,0.0,0.0,0.0,0.0,0.0,0.0,0.0,0.0,0.0,0.0004816955684007707,0.0,0.0,0.0,0.0,0.0,0.0,0.0,0.0004816955684007707,0.0009633911368015414,0.0004816955684007707,0.0,0.0,0.0,0.0,0.0,0.0,0.0009633911368015414,0.0,0.0,0.0,0.0,0.0004816955684007707,0.0009633911368015414,0.0,0.0,0.0,0.0,0.0,0.0,0.0,0.0,0.0,0.0004816955684007707,0.0,0.0,0.0009633911368015414,0.0,0.0,0.0,0.0009633911368015414,0.0,0.0,0.0
178,178.0,1451.0,0.0027567195037904893,0.0006891798759476223,0.0,0.0,0.0006891798759476223,0.0,0.0,0.0,0.0006891798759476223,0.7512060647829083,0.6609235010337698,0.7615437629221227,0.9751895244658856,0.23638869745003446,0.15299793246037216,1.0,0.29427980702963474,0.0,0.3108201240523777,0.2674017918676775,0.1943487250172295,0.002067539627842867,0.0006891798759476223,0.0,0.0,0.0,0.0,0.0,0.0,0.0,0.0,0.0,0.0,0.0,0.0,0.0,0.0,0.0,0.0013783597518952446,0.0027567195037904893,0.0006891798759476223,0.0006891798759476223,0.0,0.0,0.0,0.002067539627842867,0.0006891798759476223,0.0013783597518952446,0.0,0.0013783597518952446,0.0013783597518952446,0.0,0.0,0.0006891798759476223,0.0006891798759476223,0.0006891798759476223,0.0,0.0006891798759476223,0.0006891798759476223,0.0,0.0,0.0,0.0,0.0,0.0,0.0013783597518952446,0.0,0.0,0.0,0.0,0.0,0.0,0.0,0.0,0.0,0.0,0.0,0.0,0.0006891798759476223,0.0006891798759476223,0.0006891798759476223,0.0,0.0,0.0006891798759476223,0.0,0.0,0.0,0.0,0.0,0.0,0.0006891798759476223,0.0,0.0,0.0,0.0,0.0006891798759476223,0.0,0.0,0.0,0.0,0.0006891798759476223,0.0006891798759476223,0.0,0.0006891798759476223,0.0,0.0,0.0,0.0006891798759476223,0.0,0.0,0.0,0.0,0.0006891798759476223,0.0,0.0006891798759476223,0.0,0.0006891798759476223,0.0,0.0,0.0,0.0006891798759476223
179,179.0,601.0,0.16805324459234608,0.0066555740432612314,0.0033277870216306157,0.0033277870216306157,0.0066555740432612314,0.0066555740432612314,0.013311148086522463,0.0033277870216306157,0.0033277870216306157,1.0,0.9584026622296173,0.8635607321131448,0.9966722129783694,0.0033277870216306157,0.0,0.0016638935108153079,0.0016638935108153079,0.0016638935108153079,0.0016638935108153079,0.0033277870216306157,0.0,0.0016638935108153079,0.004991680532445923,0.0033277870216306157,0.0,0.0016638935108153079,0.0,0.0,0.0,0.0033277870216306157,0.0016638935108153079,0.0016638935108153079,0.0,0.0,0.0016638935108153079,0.0033277870216306157,0.0,0.0,0.0016638935108153079,0.004991680532445923,0.008319467554076539,0.0033277870216306157,0.0016638935108153079,0.0033277870216306157,0.0033277870216306157,0.0016638935108153079,0.0016638935108153079,0.004991680532445923,0.004991680532445923,0.004991680532445923,0.004991680532445923,0.004991680532445923,0.0,0.0033277870216306157,0.0033277870216306157,0.0066555740432612314,0.0033277870216306157,0.0016638935108153079,0.0,0.004991680532445923,1.0,0.004991680532445923,0.0033277870216306157,0.0033277870216306157,0.0033277870216306157,0.0016638935108153079,0.0016638935108153079,0.0016638935108153079,0.0016638935108153079,0.0033277870216306157,0.0016638935108153079,0.0033277870216306157,0.0033277870216306157,0.0016638935108153079,0.0,0.0016638935108153079,0.0,0.0016638935108153079,0.0,0.0016638935108153079,0.0033277870216306157,0.0016638935108153079,0.0,0.0066555740432612314,0.0016638935108153079,0.0016638935108153079,0.0,0.0016638935108153079,0.0033277870216306157,0.0,0.0033277870216306157,0.0,0.0016638935108153079,0.0016638935108153079,0.0,0.0016638935108153079,0.0016638935108153079,0.0016638935108153079,0.0066555740432612314,0.0,0.0016638935108153079,0.0,0.0033277870216306157,0.0033277870216306157,0.0033277870216306157,0.004991680532445923,0.0066555740432612314,0.0,0.0,0.0016638935108153079,0.0,0.0033277870216306157,0.0016638935108153079,0.0016638935108153079,0.0,0.0033277870216306157,0.0033277870216306157,0.0,0.0,0.0,0.0
180,180.0,2056.0,0.0,1.0,1.0,0.0,0.9995136186770428,1.0,0.6653696498054474,1.0,0.0,0.00048638132295719845,0.0014591439688715954,0.0009727626459143969,0.0,0.0,0.00048638132295719845,0.0,0.0,0.0,0.0,0.0,0.0,0.0024319066147859923,0.038910505836575876,0.04426070038910506,0.04231517509727627,0.036478599221789886,0.04474708171206226,0.036478599221789886,0.04182879377431907,0.03988326848249027,0.013132295719844358,0.04815175097276265,0.034046692607003895,0.04328793774319066,0.0,0.005836575875486381,0.0048638132295719845,0.01799610894941634,0.02772373540856031,0.003404669260700389,0.00632295719844358,0.0,0.0,0.0,0.00048638132295719845,0.0,0.0,0.0,0.0,0.0,0.0,0.0,0.0,0.0,0.0,0.0,0.0,0.0,0.0,0.0,0.0,0.0,0.0,0.0,0.0009727626459143969,0.0,0.0,0.0,0.0,0.0,0.0,0.0,0.0,0.0,0.0,0.0,0.0,0.0014591439688715954,0.00048638132295719845,0.0,0.0,0.0,0.0,0.0,0.0,0.0,0.0,0.0,0.00048638132295719845,0.0,0.0,0.0,0.0,0.0,0.0,0.0,0.0,0.0,0.0,0.0,0.0,0.0,0.0,0.0,0.0,0.0,0.00048638132295719845,0.0,0.0,0.0,0.0,0.0,0.0,0.0,0.0,0.0,0.0,0.0,0.0,0.0,0.0
181,181.0,2772.0,0.0,0.00036075036075036075,0.0007215007215007215,0.0007215007215007215,0.0007215007215007215,0.0007215007215007215,0.0007215007215007215,0.0,0.00036075036075036075,0.9736652236652237,0.9033189033189033,0.0,0.00036075036075036075,0.0007215007215007215,0.0,0.0,0.0,0.002525252525252525,0.00036075036075036075,0.0,0.0,0.0010822510822510823,0.0,0.0,0.0,0.0,0.0,0.0,0.0,0.00036075036075036075,0.0,0.00036075036075036075,0.0,0.0,0.0,0.0,0.0,0.0,0.0,0.0007215007215007215,0.001443001443001443,0.0018037518037518038,0.0,0.0,0.0,0.0,0.0,0.0,1.0,0.0,0.0,0.0,0.0,0.0,0.0,0.0,0.0,0.0010822510822510823,0.0,0.0007215007215007215,0.0,0.0,0.0,0.0,0.00036075036075036075,0.0,0.0,0.0,0.0,0.0,0.0,0.0,0.0,0.0,0.0,0.0,0.0,0.0,0.0,0.0,0.0,0.0,0.00036075036075036075,0.0,0.0,0.0,0.0,0.0,0.0,0.0,0.00036075036075036075,0.0,0.0,0.0,0.0,0.0,0.0,0.0,0.0,0.0,0.0,0.0,0.0,0.0,0.0,0.0,0.0,0.0,0.0,0.0,0.0,0.0,0.0,0.0,0.0,0.0,0.0,0.0,0.0,0.0,0.0
182,182.0,2693.0,0.0,0.2050520059435364,0.23365527488855867,1.0,0.0,1.0,0.212481426448737,1.0,0.0,0.0,0.0014858841010401188,0.0014858841010401188,0.0,0.0,0.0014858841010401188,0.0,0.0,0.0,0.0,0.0,0.0,0.0007429420505200594,0.016716196136701337,0.009286775631500743,0.017459138187221397,0.017459138187221397,0.017087667161961365,0.018573551263001486,0.02414561664190193,0.017830609212481426,0.019316493313521546,0.014487369985141158,0.018945022288261514,0.017087667161961365,0.0003714710252600297,0.008915304606240713,0.008172362555720653,0.01114413075780089,0.007057949479940564,0.0014858841010401188,0.0029717682020802376,0.0,0.0,0.0,0.001114413075780089,0.0,0.0,0.0,0.0,0.0,0.0,0.0,0.0,0.0,0.0,0.0,0.0,0.0,0.0,0.0,0.0,0.0,0.0,0.0,0.0007429420505200594,0.0,0.0007429420505200594,0.0,0.0,0.0,0.0,0.0,0.0,0.0,0.0,0.0,0.0,0.0,0.0003714710252600297,0.0,0.0,0.0,0.0,0.0,0.0,0.0,0.0,0.0,0.0003714710252600297,0.0,0.0,0.0,0.0,0.0,0.0,0.0,0.0,0.0,0.0,0.0,0.0,0.0,0.0,0.0,0.0,0.0,0.0,0.0,0.0,0.0,0.0,0.0,0.0,0.0,0.0,0.0,0.0,0.0,0.0,0.0,0.0
183,183.0,1243.0,0.0,0.9887459807073955,0.9855305466237942,0.9911575562700965,0.8834405144694534,0.8882636655948553,0.995176848874598,0.97508038585209,0.0,0.0,0.0,0.0,0.0,0.0,0.0,0.0,0.0,0.0,0.0008038585209003215,0.0,0.0,0.001607717041800643,0.03697749196141479,0.0635048231511254,0.03697749196141479,0.04421221864951769,0.08681672025723472,0.07797427652733119,0.05466237942122187,0.6141479099678456,0.011254019292604502,0.07877813504823152,0.04340836012861736,0.5184887459807074,0.0,0.008038585209003215,0.00482315112540193,0.03858520900321544,0.0297427652733119,0.0008038585209003215,0.002411575562700965,0.001607717041800643,0.0,0.0,0.001607717041800643,0.0,0.0,0.0,0.0,0.0,0.0,0.0,0.0,0.0,0.0,0.0,0.001607717041800643,0.001607717041800643,0.0,0.0,0.0,0.0,0.0,0.0,0.0,0.0,0.0,0.0,0.0,0.0,0.0,0.0,0.0,0.0,0.0,0.0,0.0,0.0,0.0,0.0,0.0,0.0,0.0,0.0,0.0,0.0,0.0,0.0,0.0,0.0,0.0,0.0,0.0,0.0,0.0,0.0,0.0,0.0,0.0,0.0,0.0,0.0,0.0,0.0,0.0,0.0,0.0008038585209003215,0.0,0.0,0.0,0.0,0.0,0.0,0.0,0.0,0.0,0.0,0.0,0.0,0.0,0.0
184,184.0,737.0,0.4993215739484396,0.0,0.0027137042062415195,0.0,0.0013568521031207597,0.0,0.0,0.0,0.0,0.0,0.8548168249660786,0.5318860244233378,0.9728629579375847,0.03799185888738127,0.014925373134328356,0.0,0.012211668928086838,0.0,0.009497964721845317,0.021709633649932156,0.010854816824966078,0.0013568521031207597,0.0,0.0013568521031207597,0.0,0.0,0.0027137042062415195,0.0,0.0,0.0013568521031207597,0.0,0.0,0.0,0.0,0.0,0.0013568521031207597,0.0,0.0,0.0,0.0027137042062415195,0.0027137042062415195,0.0,0.0,0.0027137042062415195,0.0013568521031207597,0.021709633649932156,0.024423337856173677,0.0,0.0,0.0,0.0,0.023066485753052916,0.0027137042062415195,0.0013568521031207597,0.0,0.0,0.0027137042062415195,0.0,0.0,0.0,0.8683853459972862,0.0,0.0,0.0,0.0013568521031207597,0.0,0.0013568521031207597,0.0,0.0,0.023066485753052916,0.0,0.023066485753052916,0.0013568521031207597,0.0013568521031207597,0.0013568521031207597,0.0013568521031207597,0.0,0.0,0.0,0.0,0.0,0.0013568521031207597,0.0,0.0,0.0,0.004070556309362279,0.0,0.0013568521031207597,0.0013568521031207597,0.0,0.0013568521031207597,0.0,0.0,0.0,0.0,0.0,0.0,0.0,0.0027137042062415195,0.0,0.0,0.021709633649932156,0.0,0.0,0.0,0.0027137042062415195,0.0,0.0,0.0,0.0,0.0,0.0013568521031207597,0.0027137042062415195,0.0027137042062415195,0.0,0.0,0.0,0.0,0.0,0.0013568521031207597,0.0
185,185.0,2270.0,0.0,0.0,0.3052863436123348,1.0,1.0,1.0,0.29251101321585904,1.0,0.12466960352422908,0.0004405286343612335,0.000881057268722467,0.0013215859030837004,0.0,0.0,0.0,0.0,0.0,0.0,0.0,0.0,0.0,0.0026431718061674008,0.03039647577092511,0.02907488986784141,0.025991189427312777,0.024229074889867842,0.02775330396475771,0.028193832599118944,0.032158590308370046,0.028634361233480177,0.024669603524229075,0.023348017621145377,0.026872246696035242,0.025991189427312777,0.0004405286343612335,0.018061674008810574,0.007929515418502203,0.017180616740088108,0.018061674008810574,0.0013215859030837004,0.006167400881057269,0.0,0.0,0.0,0.001762114537444934,0.0,0.0,0.0,0.0,0.0,0.0,0.0,0.0,0.0,0.0,0.0,0.0,0.0,0.0,0.0,0.0,0.0,0.0,0.0,0.0004405286343612335,0.0,0.0004405286343612335,0.0,0.0,0.0,0.0,0.0,0.0,0.0,0.0,0.0,0.0,0.0,0.0004405286343612335,0.0,0.0,0.0,0.0,0.0,0.0,0.0,0.0,0.0,0.0004405286343612335,0.0,0.0,0.0,0.0,0.0,0.0,0.0,0.0,0.0,0.0,0.0,0.0,0.0,0.0,0.0,0.0,0.0,0.0,0.0,0.0,0.0,0.0,0.0,0.0,0.0,0.0,0.0,0.0,0.0,0.0,0.0,0.0
186,186.0,614.0,0.0,0.0,0.0016286644951140066,0.0,0.003257328990228013,0.003257328990228013,0.0016286644951140066,0.0,0.0016286644951140066,0.0,0.0016286644951140066,0.003257328990228013,0.0016286644951140066,0.0,0.0,0.0,0.0016286644951140066,0.0,0.0,0.0016286644951140066,0.0,0.05700325732899023,0.0,0.0,0.0,0.0,0.0,0.0,0.0,0.0,0.0,0.0,0.0,0.0,0.0,0.0,0.0,0.003257328990228013,0.0016286644951140066,1.0,0.006514657980456026,0.9381107491856678,0.9576547231270359,0.9560260586319219,0.0,0.0,0.0,0.0,0.0016286644951140066,0.0,0.0,0.0,0.0,0.0,0.0,0.0,0.0,0.003257328990228013,0.0,0.0016286644951140066,0.0,0.0,0.0,0.0016286644951140066,0.0,0.0,0.006514657980456026,0.0,0.0,0.0,0.0,0.0016286644951140066,0.0,0.0,0.0,0.0,0.0,0.0,0.0,0.0016286644951140066,0.0,0.0,0.0,0.0016286644951140066,0.0,0.0016286644951140066,0.0016286644951140066,0.0016286644951140066,0.0,0.0016286644951140066,0.0,0.003257328990228013,0.0,0.0,0.0016286644951140066,0.0,0.0,0.0016286644951140066,0.0,0.0,0.0,0.0,0.0,0.0,0.0,0.0,0.0,0.0016286644951140066,0.0016286644951140066,0.0,0.0,0.0016286644951140066,0.0,0.003257328990228013,0.0,0.0,0.0,0.0,0.0016286644951140066,0.0016286644951140066,0.0
187,187.0,834.0,0.0,0.9976442873969374,0.9999999999999999,0.9988221436984687,0.9964664310954063,0.9999999999999999,0.9988221436984687,0.9976442873969374,0.9999999999999999,0.0,0.0,0.0,0.0,0.0,0.0,0.0,0.0,0.0,0.0,0.0,0.0,0.0,0.6537102473498233,0.7726737338044758,0.5524146054181389,0.9705535924617196,0.8256772673733804,0.5394581861012956,0.6360424028268551,0.7915194346289752,0.7090694935217903,0.8527679623085983,0.7550058892815076,0.7373380447585394,0.0,0.22261484098939927,0.8833922261484098,0.22614840989399293,0.8881036513545347,0.0,0.007067137809187279,0.0,0.0,0.0,0.002355712603062426,0.0,0.0,0.0,0.0,0.0,0.0,0.0,0.0,0.0,0.0,0.0,0.0,0.0,0.0,0.0,0.0,0.0,0.0,0.0,0.0,0.0,0.0,0.0,0.0,0.0,0.0,0.0,0.0,0.0,0.0,0.0,0.0,0.0,0.0,0.0,0.0,0.0,0.0,0.0,0.0,0.0,0.0,0.0,0.0,0.0,0.0,0.0,0.0,0.0,0.0,0.0,0.0,0.0,0.0,0.0,0.0,0.0,0.0,0.0,0.0,0.0,0.0,0.0,0.0,0.0,0.0,0.0,0.0,0.0,0.0,0.0,0.0,0.0,0.0,0.0,0.0
188,188.0,1321.0,0.11884935654806965,0.0007587253414264037,0.0007587253414264037,0.0,0.0,0.0007587253414264037,0.0007587253414264037,0.0,0.0,0.9772382397572079,0.5417298937784523,0.8156297420333839,1.0,0.22003034901365706,0.22230652503793627,0.0,0.21927162367223066,0.0,0.03186646433990895,0.1858877086494689,0.19802731411229135,0.007587253414264037,0.0,0.0,0.0007587253414264037,0.0007587253414264037,0.0,0.0007587253414264037,0.0,0.002276176024279211,0.0007587253414264037,0.0007587253414264037,0.0,0.0,0.0007587253414264037,0.0,0.0007587253414264037,0.0,0.0007587253414264037,0.0007587253414264037,0.006828528072837633,0.002276176024279211,0.0,0.0015174506828528073,0.0,0.018209408194233688,0.051593323216995446,0.0007587253414264037,0.002276176024279211,0.0030349013657056147,0.002276176024279211,0.017450682852807285,0.03414264036418817,0.0007587253414264037,0.0030349013657056147,0.0015174506828528073,0.029590288315629744,0.0,0.002276176024279211,0.0,0.0,0.0007587253414264037,0.0,0.002276176024279211,0.0007587253414264037,0.0007587253414264037,0.0,0.0,0.0007587253414264037,0.0204855842185129,0.0007587253414264037,0.016691957511380882,0.0015174506828528073,0.0007587253414264037,0.0007587253414264037,0.0,0.0015174506828528073,0.0007587253414264037,0.0030349013657056147,0.03414264036418817,0.0,0.0015174506828528073,0.0,0.0007587253414264037,0.0007587253414264037,0.0007587253414264037,0.0,0.0007587253414264037,0.0,0.0,0.0007587253414264037,0.0,0.0,0.0007587253414264037,0.0015174506828528073,0.0,0.0,0.0007587253414264037,0.0,0.0007587253414264037,0.0,0.019726858877086494,0.0015174506828528073,0.0,0.0007587253414264037,0.0030349013657056147,0.0,0.0007587253414264037,0.0,0.0,0.0015174506828528073,0.0007587253414264037,0.0007587253414264037,0.0007587253414264037,0.0,0.0007587253414264037,0.0,0.0,0.0015174506828528073,0.0,0.0
189,189.0,1058.0,0.0,0.9990583804143126,1.0,0.9990583804143126,0.9971751412429378,1.0,0.9981167608286252,1.0,0.9990583804143126,0.0,0.0,0.0,0.0,0.0,0.0,0.0,0.0,0.0,0.0,0.0,0.0,0.0009416195856873823,0.8681732580037664,0.8625235404896422,0.8446327683615819,0.9406779661016949,0.8370998116760828,0.8681732580037664,0.8295668549905838,0.8615819209039548,0.8615819209039548,0.8615819209039548,0.8493408662900188,0.8709981167608286,0.0,1.0,0.0,0.6591337099811676,0.6610169491525424,0.0,0.003766478342749529,0.0,0.0,0.0,0.0009416195856873823,0.0,0.0,0.0,0.0,0.0,0.0,0.0,0.0,0.0,0.0,0.0,0.0,0.0,0.0,0.0,0.0,0.0,0.0,0.0,0.0009416195856873823,0.0,0.0,0.0,0.0,0.0,0.0,0.0,0.0,0.0,0.0,0.0,0.0,0.0,0.0009416195856873823,0.0,0.0,0.0,0.0,0.0,0.0,0.0,0.0,0.0,0.0,0.0,0.0,0.0,0.0,0.0,0.0,0.0,0.0,0.0,0.0,0.0,0.0,0.0,0.0,0.0,0.0,0.0,0.0018832391713747645,0.0,0.0,0.0,0.0,0.0,0.0,0.0,0.0,0.0,0.0,0.0,0.0,0.0,0.0
190,190.0,3743.0,0.009885118888592039,0.0029380341880341884,0.0029380341880341884,0.002403846153846154,0.002403846153846154,0.006410256410256411,0.0016025641025641027,0.0005341880341880342,0.0005341880341880342,0.0,1.0,1.0,0.0,0.015491452991452994,0.02216880341880342,0.008547008547008548,0.008814102564102566,0.009882478632478634,0.008012820512820514,0.011752136752136754,0.009615384615384616,0.04166666666666667,0.0,0.0,0.0,0.0,0.0002670940170940171,0.0,0.0,0.0008012820512820514,0.0,0.0,0.0,0.0005341880341880342,0.0010683760683760685,0.0,0.0,0.0,0.0,0.013354700854700856,0.0029380341880341884,0.002403846153846154,0.002403846153846154,0.004273504273504274,0.0,0.0002670940170940171,0.00186965811965812,0.0008012820512820514,0.0,0.0002670940170940171,0.0002670940170940171,0.0002670940170940171,0.0005341880341880342,0.0002670940170940171,0.0,0.0,0.0002670940170940171,0.0,0.0002670940170940171,0.0,0.002670940170940171,0.0,0.0,0.0002670940170940171,0.0,0.0002670940170940171,0.002403846153846154,0.00560897435897436,0.0,0.0,0.0,0.0,0.0,0.0,0.0,0.0,0.0,0.0,0.0,0.0008012820512820514,0.0,0.002670940170940171,0.0,0.0,0.0034722222222222225,0.0,0.0,0.0,0.0,0.0,0.0,0.0,0.0,0.0,0.0,0.0,0.0,0.0,0.0,0.0,0.0,0.0002670940170940171,0.0,0.0,0.0,0.0,0.0002670940170940171,0.0,0.0,0.0,0.0,0.0,0.0,0.0,0.0,0.0,0.0,0.0,0.0002670940170940171,0.0,0.0
191,191.0,1563.0,0.0,1.0,1.0,0.0,0.3659628918746001,0.0,0.0,0.0,1.0,0.0,0.0,0.0,0.0,0.0,0.0,0.0,0.0,0.0,0.0,0.0,0.0,0.0025591810620601407,0.01599488163787588,0.01599488163787588,0.02111324376199616,0.01727447216890595,0.013435700575815739,0.02495201535508637,0.015355086372360844,0.016634676903390915,0.0236724248240563,0.014715291106845808,0.01599488163787588,0.017914267434420983,0.0012795905310300703,0.007677543186180422,0.008957133717210491,0.006397952655150352,0.009596928982725527,0.0012795905310300703,0.005758157389635317,0.0,0.0,0.0,0.0019193857965451055,0.0,0.0,0.0,0.0,0.0,0.0,0.0,0.0,0.0,0.0,0.0,0.0,0.0,0.0,0.0,0.0,0.0006397952655150352,0.0,0.0,0.0,0.0,0.0006397952655150352,0.0,0.0,0.0,0.0,0.0,0.0,0.0,0.0,0.0,0.0,0.0,0.0012795905310300703,0.0,0.0,0.0,0.0006397952655150352,0.0,0.0,0.0,0.0,0.0,0.0,0.0,0.0,0.0,0.0,0.0,0.0,0.0,0.0,0.0,0.0,0.0,0.0,0.0,0.0,0.0,0.0,0.0,0.0006397952655150352,0.0,0.0,0.0,0.0,0.0,0.0,0.0,0.0,0.0,0.0,0.0,0.0,0.0,0.0
192,192.0,1761.0,0.0,1.0,1.0,1.0,0.0,1.0,1.0,0.0,0.0,0.0,0.0005678591709256105,0.0005678591709256105,0.0,0.0,0.0,0.0,0.0,0.0,0.0,0.0,0.0,0.0005678591709256105,0.03520726859738785,0.039182282793867124,0.032935831913685404,0.04315729699034639,0.03861442362294151,0.032935831913685404,0.03861442362294151,0.03861442362294151,0.044860874503123226,0.034071550255536626,0.040885860306643956,0.034639409426462237,0.0005678591709256105,0.019307211811470756,0.016467915956842702,0.019875070982396367,0.016467915956842702,0.001135718341851221,0.004542873367404884,0.0,0.0,0.0,0.0017035775127768314,0.0,0.0,0.0,0.0,0.0,0.0,0.0,0.0,0.0,0.0,0.0,0.0,0.0,0.0,0.0,0.0,0.0,0.0,0.0,0.0005678591709256105,0.0,0.0,0.0,0.0,0.0,0.0,0.0,0.0,0.0,0.0,0.0,0.0,0.0,0.0,0.0,0.0,0.0,0.0,0.0,0.0,0.0,0.0,0.0,0.0,0.0,0.0,0.0,0.0,0.0,0.0,0.0,0.0,0.0,0.0,0.0,0.0,0.0,0.0,0.0,0.0,0.0,0.0,0.0005678591709256105,0.0,0.0,0.0,0.0,0.0,0.0,0.0,0.0,0.0,0.0,0.0,0.0,0.0
193,193.0,992.0,0.0,0.9745098039215686,0.9833333333333333,0.9794117647058823,0.9774509803921568,0.9666666666666667,0.9823529411764705,0.9049019607843137,0.9313725490196079,0.00196078431372549,0.00196078431372549,0.00196078431372549,0.0,0.0,0.000980392156862745,0.0,0.0,0.0,0.0,0.0,0.0,0.000980392156862745,0.18823529411764706,0.03333333333333333,0.000980392156862745,0.20392156862745098,0.153921568627451,0.23529411764705882,1.0,0.14901960784313725,0.21176470588235294,0.18235294117647058,0.011764705882352941,1.0,0.0,0.08235294117647059,0.10196078431372549,0.10686274509803921,0.07745098039215687,0.00196078431372549,0.00392156862745098,0.0,0.0,0.0,0.00196078431372549,0.0,0.0,0.0,0.0,0.0,0.0,0.0,0.000980392156862745,0.0,0.0,0.0,0.0,0.0,0.0,0.0,0.0,0.0,0.0,0.0,0.00196078431372549,0.0,0.0,0.0,0.0,0.0,0.0,0.0,0.0,0.0,0.0,0.0,0.0,0.0,0.000980392156862745,0.0,0.0,0.0,0.0,0.0,0.0,0.0,0.0,0.0,0.0,0.0,0.0,0.0,0.0,0.0,0.0,0.0,0.0,0.0,0.0,0.0,0.0,0.0,0.0,0.0,0.0,0.0,0.0,0.0,0.0,0.0,0.0,0.0,0.0,0.0,0.0,0.0,0.0,0.0,0.0,0.0,0.0
194,194.0,1876.0,0.0,0.0,0.0,0.0,1.0,0.3192963752665245,1.0,1.0,0.14019189765458423,0.0005330490405117271,0.0005330490405117271,0.0005330490405117271,0.0,0.0,0.0005330490405117271,0.0,0.0,0.0,0.0005330490405117271,0.0,0.0,0.0026652452025586353,0.02025586353944563,0.017057569296375266,0.018656716417910446,0.019722814498933903,0.019189765458422173,0.02025586353944563,0.021321961620469083,0.019189765458422173,0.025053304904051173,0.017590618336886993,0.025053304904051173,0.01279317697228145,0.0,0.006396588486140725,0.010660980810234541,0.014392324093816631,0.007462686567164179,0.0026652452025586353,0.0015991471215351812,0.0005330490405117271,0.0,0.0,0.0010660980810234541,0.0,0.0,0.0,0.0,0.0,0.0,0.0,0.0,0.0,0.0,0.0,0.0,0.0,0.0,0.0,0.0,0.0,0.0,0.0,0.0005330490405117271,0.0,0.0,0.0,0.0,0.0,0.0,0.0,0.0,0.0,0.0,0.0,0.0,0.0,0.0,0.0,0.0005330490405117271,0.0,0.0,0.0,0.0,0.0,0.0,0.0,0.0015991471215351812,0.0,0.0,0.0,0.0,0.0,0.0,0.0,0.0,0.0,0.0,0.0,0.0,0.0,0.0,0.0,0.0,0.0,0.0005330490405117271,0.0,0.0,0.0,0.0,0.0,0.0,0.0,0.0,0.0,0.0,0.0,0.0,0.0,0.0
195,195.0,1511.0,0.0,0.9820836098208361,0.9820836098208361,0.9827471798274718,0.9807564698075647,0.9794293297942933,0.9887193098871931,0.9389515593895156,0.9435965494359655,0.0,0.0,0.0,0.0,0.0,0.0,0.0,0.0,0.0,0.0,0.0,0.0,0.0013271400132714001,0.18181818181818182,0.1619110816191108,1.0,0.18911745189117452,0.12873258128732581,0.12806901128069012,0.2116788321167883,0.126078301260783,0.10218978102189781,0.1320504313205043,0.13072329130723293,1.0,0.0,0.08891838088918382,0.0935633709356337,0.1353682813536828,0.07232913072329131,0.0,0.009953550099535502,0.0,0.0,0.0,0.0039814200398142,0.0,0.0,0.0,0.0,0.0,0.0,0.0,0.0,0.0,0.0,0.0,0.0,0.0,0.0,0.0,0.0,0.0,0.0,0.0,0.0006635700066357001,0.0,0.0,0.0,0.0,0.0,0.0,0.0,0.0,0.0,0.0,0.0,0.0,0.0,0.0,0.0,0.0,0.0,0.0,0.0,0.0,0.0,0.0,0.0,0.0,0.0,0.0,0.0,0.0,0.0,0.0,0.0,0.0,0.0,0.0,0.0,0.0,0.0,0.0,0.0,0.0,0.0,0.0,0.0,0.0,0.0,0.0,0.0,0.0,0.0,0.0,0.0,0.0,0.0,0.0,0.0,0.0
196,196.0,3424.0,0.0,0.9536443148688046,0.9507288629737609,0.9743440233236151,0.9673469387755101,0.9667638483965014,0.9612244897959183,0.8542274052478134,1.0,0.0002915451895043732,0.0002915451895043732,0.0,0.0,0.0,0.0002915451895043732,0.0,0.0,0.0,0.0,0.0,0.0,0.0014577259475218659,0.07492711370262391,0.08017492711370262,0.07055393586005831,0.009912536443148687,1.0,0.11049562682215744,0.07346938775510203,0.0,0.0,0.0,0.0478134110787172,0.080466472303207,0.0,0.0653061224489796,0.06618075801749271,0.06209912536443148,0.0,0.0002915451895043732,0.006122448979591836,0.0,0.0,0.0,0.0011661807580174927,0.0,0.0,0.0,0.0002915451895043732,0.0,0.0,0.0,0.0,0.0,0.0,0.0,0.0,0.0,0.0,0.0,0.0,0.0,0.0,0.0,0.0002915451895043732,0.0,0.0,0.0,0.0,0.0,0.0,0.0,0.0,0.0,0.0,0.0,0.0,0.0,0.0002915451895043732,0.0,0.0,0.0,0.0,0.0,0.0,0.0,0.0,0.0,0.0005830903790087463,0.0,0.0,0.0,0.0,0.0,0.0002915451895043732,0.0,0.0,0.0,0.0,0.0,0.0,0.0,0.0,0.0,0.0,0.0,0.0002915451895043732,0.0,0.0,0.0,0.0,0.0,0.0,0.0,0.0,0.0,0.0,0.0,0.0,0.0,0.0
197,197.0,232.0,0.0,0.0,0.0,0.0,0.0,0.0,0.0,0.0,0.0,0.9870689655172413,0.9913793103448276,0.9439655172413793,0.9353448275862069,0.8706896551724138,0.06034482758620689,0.6637931034482758,0.06896551724137931,0.12068965517241378,0.06465517241379311,0.06896551724137931,0.06034482758620689,0.004310344827586207,0.0,0.0,0.0,0.0,0.0,0.0,0.0,0.0,0.0,0.0,0.0,0.0,0.0,0.0,0.0,0.0,0.0,0.0,0.9181034482758621,0.0,0.0,0.0,0.0,0.9655172413793103,0.9698275862068966,0.9913793103448276,0.0,0.9741379310344828,0.9655172413793103,0.9870689655172413,0.0,0.978448275862069,0.9827586206896551,0.9741379310344828,0.0,0.0,0.9655172413793103,0.0,0.0,0.0,0.0,0.9612068965517241,0.0,0.9741379310344828,0.0,0.0,0.0,0.0,0.0,0.0,0.0,0.0,0.0,0.0,0.0,0.0,0.0,0.0,0.0,0.0,0.0,0.0,0.0,0.0,0.0,0.0,0.0,0.0,0.0,0.0,0.0,0.0,0.0,0.0,0.0,0.0,0.0,0.0,0.0,0.0,0.0,0.0,0.0,0.0,0.0,0.0,0.0,0.0,0.0,0.0,0.0,0.0,0.0,0.0,0.0,0.0,0.0,0.0,0.0
198,198.0,5573.0,0.0,0.0,0.0,0.0,0.0,0.5959088462228602,0.0,0.0,1.0,0.0,0.00017943656917279743,0.0010766194150367845,0.00017943656917279743,0.00017943656917279743,0.002512111968419164,0.0,0.0,0.0,0.00017943656917279743,0.0,0.00017943656917279743,0.03068365332854836,0.024762246545846044,0.021891261439081287,0.02242957114659968,0.023147317423290868,0.020994078593217298,0.023147317423290868,0.026736048806746817,0.02530055625336444,0.02009689574735331,0.027453795083438006,0.022250134577426882,0.020994078593217298,0.0,0.010766194150367846,0.015431544948860579,0.010945630719540644,0.015252108379687782,0.017764220348106947,0.0023326753992463666,0.00017943656917279743,0.00017943656917279743,0.0,0.005921406782702315,0.0,0.0,0.0005383097075183922,0.0,0.0,0.0,0.0,0.0,0.0,0.0,0.0,0.00017943656917279743,0.00017943656917279743,0.0,0.00017943656917279743,0.0,0.00017943656917279743,0.00017943656917279743,0.00017943656917279743,0.001256055984209582,0.0,0.001256055984209582,0.0005383097075183922,0.0,0.00035887313834559486,0.0,0.0,0.0,0.0,0.0,0.0,0.0,0.00017943656917279743,0.0005383097075183922,0.0,0.0,0.0,0.00017943656917279743,0.0,0.0,0.0,0.00017943656917279743,0.0,0.0007177462766911897,0.0,0.0,0.0,0.0,0.0,0.0,0.0,0.0,0.00017943656917279743,0.0,0.0,0.0,0.0,0.0,0.00017943656917279743,0.0,0.0,0.0008971828458639872,0.0,0.0,0.0,0.0,0.0,0.0,0.0,0.0,0.0,0.0,0.0,0.0,0.0,0.0
199,199.0,1056.0,0.0,0.9699248120300752,0.9896616541353382,0.9708646616541353,0.9755639097744361,0.9765037593984962,0.9699248120300752,0.912593984962406,0.912593984962406,0.0,0.0,0.0,0.0,0.0,0.0018796992481203006,0.0,0.0,0.0,0.0,0.0,0.0,0.0009398496240601503,0.07424812030075187,0.10808270676691728,0.12781954887218044,1.0,0.10714285714285714,0.1137218045112782,0.1287593984962406,0.0,0.11278195488721804,1.0,0.10432330827067668,0.09962406015037593,0.0,0.07706766917293233,0.09022556390977443,0.09116541353383459,0.07894736842105263,0.0009398496240601503,0.006578947368421052,0.0,0.0,0.0,0.0018796992481203006,0.0,0.0,0.0,0.0,0.0,0.0,0.0,0.0,0.0,0.0,0.0,0.0,0.0,0.0,0.0,0.0,0.0,0.0,0.0,0.0,0.0,0.0,0.0,0.0,0.0,0.0,0.0,0.0,0.0,0.0,0.0,0.0,0.0,0.002819548872180451,0.0,0.0,0.0,0.0,0.0,0.0,0.0,0.0,0.0,0.0,0.0,0.0,0.0,0.0,0.0,0.0,0.0,0.0,0.0,0.0,0.0,0.0,0.0,0.0,0.0,0.0,0.0,0.0,0.0,0.0,0.0,0.0,0.0,0.0,0.0,0.0,0.0,0.0,0.0,0.0,0.0,0.0
